relpath,split,label,label_name,width,height,mean_intensity,std_intensity
test/NORMAL/IM-0001-0001.jpeg,test,0,NORMAL,1857,1317,149.6504364013672,38.845706939697266
test/NORMAL/IM-0003-0001.jpeg,test,0,NORMAL,2111,1509,162.7799835205078,41.388160705566406
test/NORMAL/IM-0005-0001.jpeg,test,0,NORMAL,2031,1837,155.5662841796875,37.66473388671875
test/NORMAL/IM-0006-0001.jpeg,test,0,NORMAL,1663,1326,170.07998657226562,28.588010787963867
test/NORMAL/IM-0007-0001.jpeg,test,0,NORMAL,2053,1818,157.62319946289062,36.68102264404297
test/NORMAL/IM-0009-0001.jpeg,test,0,NORMAL,1852,1443,164.37451171875,33.01648712158203
test/NORMAL/IM-0010-0001.jpeg,test,0,NORMAL,1873,1478,151.6845245361328,40.109683990478516
test/NORMAL/IM-0011-0001-0001.jpeg,test,0,NORMAL,2144,1916,156.7250213623047,36.03477478027344
test/NORMAL/IM-0011-0001-0002.jpeg,test,0,NORMAL,2214,1945,152.36184692382812,39.52798843383789
test/NORMAL/IM-0011-0001.jpeg,test,0,NORMAL,1863,1785,144.06100463867188,35.92136001586914
test/NORMAL/IM-0013-0001.jpeg,test,0,NORMAL,2444,2155,155.54803466796875,38.20504379272461
test/NORMAL/IM-0015-0001.jpeg,test,0,NORMAL,1803,1238,156.29261779785156,32.193153381347656
test/NORMAL/IM-0016-0001.jpeg,test,0,NORMAL,2498,2057,153.30642700195312,42.47832489013672
test/NORMAL/IM-0017-0001.jpeg,test,0,NORMAL,1984,1559,159.04058837890625,32.75999450683594
test/NORMAL/IM-0019-0001.jpeg,test,0,NORMAL,1917,1432,154.2092742919922,35.22531509399414
test/NORMAL/IM-0021-0001.jpeg,test,0,NORMAL,2624,1893,173.0140838623047,30.057106018066406
test/NORMAL/IM-0022-0001.jpeg,test,0,NORMAL,1300,617,98.29737091064453,21.98076057434082
test/NORMAL/IM-0023-0001.jpeg,test,0,NORMAL,2022,1384,151.7334442138672,37.01689910888672
test/NORMAL/IM-0025-0001.jpeg,test,0,NORMAL,2720,2458,152.17176818847656,45.372169494628906
test/NORMAL/IM-0027-0001.jpeg,test,0,NORMAL,2271,1827,163.54885864257812,36.56291198730469
test/NORMAL/IM-0028-0001.jpeg,test,0,NORMAL,2522,2124,146.11712646484375,40.33794403076172
test/NORMAL/IM-0029-0001.jpeg,test,0,NORMAL,2343,2139,171.33578491210938,30.985633850097656
test/NORMAL/IM-0030-0001.jpeg,test,0,NORMAL,1647,1314,125.31592559814453,34.65617370605469
test/NORMAL/IM-0031-0001.jpeg,test,0,NORMAL,1949,1632,158.53773498535156,39.66813659667969
test/NORMAL/IM-0033-0001-0001.jpeg,test,0,NORMAL,2170,1953,173.90992736816406,44.669097900390625
test/NORMAL/IM-0033-0001-0002.jpeg,test,0,NORMAL,2024,1836,168.91542053222656,37.39052200317383
test/NORMAL/IM-0033-0001.jpeg,test,0,NORMAL,1658,1534,163.74655151367188,35.16530990600586
test/NORMAL/IM-0035-0001.jpeg,test,0,NORMAL,2480,2329,149.61180114746094,40.01808547973633
test/NORMAL/IM-0036-0001.jpeg,test,0,NORMAL,2096,1709,176.39878845214844,47.66404724121094
test/NORMAL/IM-0037-0001.jpeg,test,0,NORMAL,1741,1504,160.2120361328125,33.46535873413086
test/NORMAL/IM-0039-0001.jpeg,test,0,NORMAL,2153,1793,153.3597412109375,39.11765670776367
test/NORMAL/IM-0041-0001.jpeg,test,0,NORMAL,2022,2071,123.25642395019531,36.583187103271484
test/NORMAL/IM-0043-0001.jpeg,test,0,NORMAL,2297,2032,163.8771514892578,33.88682174682617
test/NORMAL/IM-0045-0001.jpeg,test,0,NORMAL,2746,2382,165.88426208496094,39.803836822509766
test/NORMAL/IM-0046-0001.jpeg,test,0,NORMAL,2001,1725,163.101806640625,33.79909133911133
test/NORMAL/IM-0049-0001.jpeg,test,0,NORMAL,1762,1060,137.9480743408203,40.3704948425293
test/NORMAL/IM-0050-0001.jpeg,test,0,NORMAL,2752,1882,150.12997436523438,36.73982620239258
test/NORMAL/IM-0059-0001.jpeg,test,0,NORMAL,1616,1041,158.9875946044922,42.5542106628418
test/NORMAL/IM-0061-0001.jpeg,test,0,NORMAL,1754,1318,157.99093627929688,49.818119049072266
test/NORMAL/IM-0063-0001.jpeg,test,0,NORMAL,2034,1761,129.79595947265625,40.44826126098633
test/NORMAL/IM-0065-0001.jpeg,test,0,NORMAL,1562,1021,121.21813201904297,43.58720397949219
test/NORMAL/IM-0067-0001.jpeg,test,0,NORMAL,1572,1125,124.43167114257812,42.1310920715332
test/NORMAL/IM-0069-0001.jpeg,test,0,NORMAL,1974,1226,142.63819885253906,43.79476547241211
test/NORMAL/IM-0070-0001.jpeg,test,0,NORMAL,2034,1392,120.66837310791016,43.9561767578125
test/NORMAL/IM-0071-0001.jpeg,test,0,NORMAL,2060,1558,148.89491271972656,40.8463249206543
test/NORMAL/IM-0073-0001.jpeg,test,0,NORMAL,1322,650,150.60134887695312,36.63745880126953
test/NORMAL/IM-0075-0001.jpeg,test,0,NORMAL,1786,1068,150.61160278320312,40.57802963256836
test/NORMAL/IM-0077-0001.jpeg,test,0,NORMAL,1740,1246,148.60861206054688,39.08009338378906
test/NORMAL/IM-0079-0001.jpeg,test,0,NORMAL,1774,1230,157.49192810058594,41.54251480102539
test/NORMAL/IM-0081-0001.jpeg,test,0,NORMAL,1260,767,141.64324951171875,39.5546760559082
test/NORMAL/IM-0083-0001.jpeg,test,0,NORMAL,1240,925,146.2675018310547,37.9421272277832
test/NORMAL/IM-0084-0001.jpeg,test,0,NORMAL,1754,1187,148.4202423095703,43.961551666259766
test/NORMAL/IM-0085-0001.jpeg,test,0,NORMAL,1558,1014,146.2013702392578,38.98818588256836
test/NORMAL/IM-0086-0001.jpeg,test,0,NORMAL,2006,1461,124.3268051147461,44.132835388183594
test/NORMAL/IM-0087-0001.jpeg,test,0,NORMAL,1890,1357,134.5920867919922,43.4879150390625
test/NORMAL/IM-0089-0001.jpeg,test,0,NORMAL,2426,2076,155.73974609375,42.18862533569336
test/NORMAL/IM-0091-0001.jpeg,test,0,NORMAL,1754,1036,136.7607421875,41.042179107666016
test/NORMAL/IM-0093-0001.jpeg,test,0,NORMAL,1788,1282,169.41981506347656,37.472251892089844
test/NORMAL/IM-0095-0001.jpeg,test,0,NORMAL,1866,1311,136.84568786621094,47.297447204589844
test/NORMAL/IM-0097-0001.jpeg,test,0,NORMAL,1558,925,139.4603271484375,46.61521911621094
test/NORMAL/IM-0099-0001.jpeg,test,0,NORMAL,1862,1326,125.37300872802734,43.75156784057617
test/NORMAL/IM-0101-0001.jpeg,test,0,NORMAL,1460,906,115.22587585449219,42.068809509277344
test/NORMAL/IM-0102-0001.jpeg,test,0,NORMAL,1472,863,106.36148071289062,37.403594970703125
test/NORMAL/IM-0103-0001.jpeg,test,0,NORMAL,1970,2085,153.3927001953125,42.45614242553711
test/NORMAL/IM-0105-0001.jpeg,test,0,NORMAL,2022,1299,150.02276611328125,43.67627716064453
test/NORMAL/IM-0107-0001.jpeg,test,0,NORMAL,1824,1125,137.1016082763672,44.79186248779297
test/NORMAL/IM-0109-0001.jpeg,test,0,NORMAL,1802,1110,145.0660400390625,46.279518127441406
test/NORMAL/IM-0110-0001.jpeg,test,0,NORMAL,1542,871,140.4989471435547,43.79941177368164
test/NORMAL/IM-0111-0001.jpeg,test,0,NORMAL,1910,1303,146.10784912109375,38.959083557128906
test/NORMAL/NORMAL2-IM-0007-0001.jpeg,test,0,NORMAL,2165,1907,159.03419494628906,43.906558990478516
test/NORMAL/NORMAL2-IM-0012-0001.jpeg,test,0,NORMAL,1784,1440,115.42839813232422,41.87614822387695
test/NORMAL/NORMAL2-IM-0013-0001.jpeg,test,0,NORMAL,2165,1749,151.14117431640625,48.71925735473633
test/NORMAL/NORMAL2-IM-0019-0001.jpeg,test,0,NORMAL,2043,2087,129.28599548339844,40.71686553955078
test/NORMAL/NORMAL2-IM-0023-0001.jpeg,test,0,NORMAL,2071,1296,121.0018081665039,42.666587829589844
test/NORMAL/NORMAL2-IM-0027-0001.jpeg,test,0,NORMAL,1856,1418,123.18600463867188,43.731056213378906
test/NORMAL/NORMAL2-IM-0028-0001.jpeg,test,0,NORMAL,2381,1965,163.91326904296875,48.289100646972656
test/NORMAL/NORMAL2-IM-0029-0001.jpeg,test,0,NORMAL,1928,1756,119.85631561279297,43.48237609863281
test/NORMAL/NORMAL2-IM-0030-0001.jpeg,test,0,NORMAL,2517,2713,132.5451202392578,34.502567291259766
test/NORMAL/NORMAL2-IM-0033-0001.jpeg,test,0,NORMAL,2431,2195,125.6341323852539,40.064632415771484
test/NORMAL/NORMAL2-IM-0035-0001.jpeg,test,0,NORMAL,1762,1224,125.72559356689453,46.572505950927734
test/NORMAL/NORMAL2-IM-0041-0001.jpeg,test,0,NORMAL,2187,1332,131.2536163330078,49.332698822021484
test/NORMAL/NORMAL2-IM-0045-0001.jpeg,test,0,NORMAL,1733,1044,119.90632629394531,46.4359245300293
test/NORMAL/NORMAL2-IM-0051-0001.jpeg,test,0,NORMAL,2028,1742,115.31541442871094,47.29908752441406
test/NORMAL/NORMAL2-IM-0052-0001.jpeg,test,0,NORMAL,2446,2224,118.80499267578125,32.599571228027344
test/NORMAL/NORMAL2-IM-0058-0001.jpeg,test,0,NORMAL,1683,1361,123.06291198730469,43.2982292175293
test/NORMAL/NORMAL2-IM-0059-0001.jpeg,test,0,NORMAL,2244,2030,132.48333740234375,44.12985610961914
test/NORMAL/NORMAL2-IM-0060-0001.jpeg,test,0,NORMAL,2323,1893,120.82782745361328,43.26856231689453
test/NORMAL/NORMAL2-IM-0066-0001.jpeg,test,0,NORMAL,2194,2094,123.28495788574219,43.42921447753906
test/NORMAL/NORMAL2-IM-0072-0001.jpeg,test,0,NORMAL,1992,1620,154.21067810058594,45.491546630859375
test/NORMAL/NORMAL2-IM-0073-0001.jpeg,test,0,NORMAL,2496,2296,116.69075012207031,30.83160400390625
test/NORMAL/NORMAL2-IM-0079-0001.jpeg,test,0,NORMAL,2345,1936,119.86746215820312,38.91392517089844
test/NORMAL/NORMAL2-IM-0081-0001.jpeg,test,0,NORMAL,2517,2310,150.88058471679688,45.60763931274414
test/NORMAL/NORMAL2-IM-0086-0001.jpeg,test,0,NORMAL,2474,2224,160.48617553710938,53.10219192504883
test/NORMAL/NORMAL2-IM-0092-0001.jpeg,test,0,NORMAL,2143,1576,146.09996032714844,46.88594436645508
test/NORMAL/NORMAL2-IM-0095-0001.jpeg,test,0,NORMAL,2517,1979,148.86997985839844,46.19723892211914
test/NORMAL/NORMAL2-IM-0096-0001.jpeg,test,0,NORMAL,2517,1979,148.86997985839844,46.19723892211914
test/NORMAL/NORMAL2-IM-0098-0001.jpeg,test,0,NORMAL,1266,1044,112.52520751953125,48.93814468383789
test/NORMAL/NORMAL2-IM-0102-0001.jpeg,test,0,NORMAL,2366,2152,120.97653198242188,41.65984344482422
test/NORMAL/NORMAL2-IM-0105-0001.jpeg,test,0,NORMAL,2352,2166,163.70448303222656,47.95201110839844
test/NORMAL/NORMAL2-IM-0107-0001.jpeg,test,0,NORMAL,1741,1706,131.16561889648438,42.099552154541016
test/NORMAL/NORMAL2-IM-0110-0001.jpeg,test,0,NORMAL,2251,1828,114.4248046875,41.082218170166016
test/NORMAL/NORMAL2-IM-0111-0001.jpeg,test,0,NORMAL,2035,1526,160.29942321777344,43.60383605957031
test/NORMAL/NORMAL2-IM-0112-0001.jpeg,test,0,NORMAL,2266,1843,118.51068878173828,39.210018157958984
test/NORMAL/NORMAL2-IM-0117-0001.jpeg,test,0,NORMAL,1971,1526,148.256591796875,47.05375671386719
test/NORMAL/NORMAL2-IM-0120-0001.jpeg,test,0,NORMAL,2093,1764,127.67613983154297,42.47340774536133
test/NORMAL/NORMAL2-IM-0123-0001.jpeg,test,0,NORMAL,2043,1217,140.20059204101562,45.366214752197266
test/NORMAL/NORMAL2-IM-0129-0001.jpeg,test,0,NORMAL,2302,1663,112.62639617919922,44.30205154418945
test/NORMAL/NORMAL2-IM-0130-0001.jpeg,test,0,NORMAL,1827,1641,129.17169189453125,40.38536071777344
test/NORMAL/NORMAL2-IM-0131-0001.jpeg,test,0,NORMAL,1784,1389,133.69595336914062,43.75261306762695
test/NORMAL/NORMAL2-IM-0132-0001.jpeg,test,0,NORMAL,2115,1792,169.6492462158203,43.04598617553711
test/NORMAL/NORMAL2-IM-0135-0001.jpeg,test,0,NORMAL,2136,1713,134.8448028564453,51.63839340209961
test/NORMAL/NORMAL2-IM-0139-0001.jpeg,test,0,NORMAL,2014,1375,144.20704650878906,46.43150329589844
test/NORMAL/NORMAL2-IM-0141-0001.jpeg,test,0,NORMAL,1712,1519,126.8652572631836,43.06864547729492
test/NORMAL/NORMAL2-IM-0145-0001.jpeg,test,0,NORMAL,1726,1505,162.1592254638672,44.74100112915039
test/NORMAL/NORMAL2-IM-0146-0001.jpeg,test,0,NORMAL,1827,1375,131.41387939453125,47.24580001831055
test/NORMAL/NORMAL2-IM-0150-0001.jpeg,test,0,NORMAL,1611,1454,150.7270965576172,48.508201599121094
test/NORMAL/NORMAL2-IM-0171-0001.jpeg,test,0,NORMAL,1752,1224,152.08285522460938,42.78863525390625
test/NORMAL/NORMAL2-IM-0173-0001-0001.jpeg,test,0,NORMAL,1304,952,128.7255859375,36.61865234375
test/NORMAL/NORMAL2-IM-0173-0001-0002.jpeg,test,0,NORMAL,1304,952,128.7255859375,36.61865234375
test/NORMAL/NORMAL2-IM-0195-0001.jpeg,test,0,NORMAL,1432,1016,161.36427307128906,40.49166488647461
test/NORMAL/NORMAL2-IM-0196-0001.jpeg,test,0,NORMAL,1720,1568,178.49163818359375,44.593353271484375
test/NORMAL/NORMAL2-IM-0198-0001.jpeg,test,0,NORMAL,1960,1688,184.15174865722656,36.35304641723633
test/NORMAL/NORMAL2-IM-0199-0001.jpeg,test,0,NORMAL,1584,1168,173.92799377441406,41.30745315551758
test/NORMAL/NORMAL2-IM-0201-0001.jpeg,test,0,NORMAL,1800,1456,168.92019653320312,43.07003402709961
test/NORMAL/NORMAL2-IM-0206-0001.jpeg,test,0,NORMAL,1536,1064,132.17037963867188,46.5652961730957
test/NORMAL/NORMAL2-IM-0207-0001.jpeg,test,0,NORMAL,1454,1079,152.17832946777344,31.93630599975586
test/NORMAL/NORMAL2-IM-0210-0001.jpeg,test,0,NORMAL,1680,984,159.21682739257812,47.63423538208008
test/NORMAL/NORMAL2-IM-0213-0001.jpeg,test,0,NORMAL,1952,1600,182.20201110839844,38.759132385253906
test/NORMAL/NORMAL2-IM-0217-0001.jpeg,test,0,NORMAL,1408,1040,156.9537811279297,44.48703384399414
test/NORMAL/NORMAL2-IM-0219-0001.jpeg,test,0,NORMAL,1248,680,150.01998901367188,42.179039001464844
test/NORMAL/NORMAL2-IM-0221-0001.jpeg,test,0,NORMAL,1336,936,125.52056121826172,45.421512603759766
test/NORMAL/NORMAL2-IM-0222-0001.jpeg,test,0,NORMAL,1504,1056,162.43699645996094,45.17198181152344
test/NORMAL/NORMAL2-IM-0229-0001.jpeg,test,0,NORMAL,1488,1168,169.4889678955078,39.72591018676758
test/NORMAL/NORMAL2-IM-0232-0001.jpeg,test,0,NORMAL,1392,912,147.05104064941406,48.97322082519531
test/NORMAL/NORMAL2-IM-0233-0001.jpeg,test,0,NORMAL,1560,1008,139.16751098632812,43.76160430908203
test/NORMAL/NORMAL2-IM-0237-0001.jpeg,test,0,NORMAL,1392,1168,179.38262939453125,34.47319030761719
test/NORMAL/NORMAL2-IM-0238-0001.jpeg,test,0,NORMAL,1440,1064,165.65716552734375,46.72622299194336
test/NORMAL/NORMAL2-IM-0241-0001.jpeg,test,0,NORMAL,1248,880,167.94676208496094,39.16236114501953
test/NORMAL/NORMAL2-IM-0246-0001-0001.jpeg,test,0,NORMAL,1168,824,129.00070190429688,35.41749954223633
test/NORMAL/NORMAL2-IM-0246-0001-0002.jpeg,test,0,NORMAL,1168,824,129.00070190429688,35.41749954223633
test/NORMAL/NORMAL2-IM-0246-0001.jpeg,test,0,NORMAL,1368,904,158.5961151123047,38.118770599365234
test/NORMAL/NORMAL2-IM-0249-0001.jpeg,test,0,NORMAL,1426,832,98.25944519042969,38.157588958740234
test/NORMAL/NORMAL2-IM-0251-0001.jpeg,test,0,NORMAL,1744,1168,132.7105712890625,36.24374771118164
test/NORMAL/NORMAL2-IM-0252-0001.jpeg,test,0,NORMAL,1264,832,167.81057739257812,42.65000915527344
test/NORMAL/NORMAL2-IM-0256-0001.jpeg,test,0,NORMAL,984,496,130.0106658935547,39.86370849609375
test/NORMAL/NORMAL2-IM-0259-0001.jpeg,test,0,NORMAL,1448,1136,182.89944458007812,30.827232360839844
test/NORMAL/NORMAL2-IM-0267-0001.jpeg,test,0,NORMAL,1560,1016,173.52476501464844,44.18980026245117
test/NORMAL/NORMAL2-IM-0271-0001.jpeg,test,0,NORMAL,1564,1010,179.5023193359375,36.78882598876953
test/NORMAL/NORMAL2-IM-0272-0001.jpeg,test,0,NORMAL,1340,917,127.73140716552734,31.754051208496094
test/NORMAL/NORMAL2-IM-0273-0001.jpeg,test,0,NORMAL,1720,1303,120.70419311523438,36.78469467163086
test/NORMAL/NORMAL2-IM-0274-0001.jpeg,test,0,NORMAL,1646,1214,128.7249755859375,44.06576156616211
test/NORMAL/NORMAL2-IM-0275-0001.jpeg,test,0,NORMAL,1748,1079,137.3133087158203,41.210323333740234
test/NORMAL/NORMAL2-IM-0276-0001.jpeg,test,0,NORMAL,1604,1334,147.28782653808594,37.60231018066406
test/NORMAL/NORMAL2-IM-0277-0001.jpeg,test,0,NORMAL,1754,1377,140.29246520996094,37.69783020019531
test/NORMAL/NORMAL2-IM-0278-0001.jpeg,test,0,NORMAL,1700,1113,123.4984130859375,43.74798583984375
test/NORMAL/NORMAL2-IM-0279-0001.jpeg,test,0,NORMAL,1376,1040,135.80992126464844,38.51472091674805
test/NORMAL/NORMAL2-IM-0280-0001.jpeg,test,0,NORMAL,1460,1071,144.8317413330078,40.90367889404297
test/NORMAL/NORMAL2-IM-0281-0001.jpeg,test,0,NORMAL,2040,1619,135.87738037109375,45.760738372802734
test/NORMAL/NORMAL2-IM-0282-0001.jpeg,test,0,NORMAL,2667,2280,175.066162109375,46.23831558227539
test/NORMAL/NORMAL2-IM-0283-0001.jpeg,test,0,NORMAL,1400,882,155.8075714111328,35.95723342895508
test/NORMAL/NORMAL2-IM-0285-0001.jpeg,test,0,NORMAL,1456,839,100.03639221191406,38.7177848815918
test/NORMAL/NORMAL2-IM-0286-0001.jpeg,test,0,NORMAL,1692,1214,140.3029327392578,39.02062225341797
test/NORMAL/NORMAL2-IM-0287-0001.jpeg,test,0,NORMAL,1785,1585,156.48513793945312,45.074771881103516
test/NORMAL/NORMAL2-IM-0288-0001.jpeg,test,0,NORMAL,1348,812,139.31153869628906,41.55119705200195
test/NORMAL/NORMAL2-IM-0289-0001.jpeg,test,0,NORMAL,1894,1597,147.48255920410156,41.827392578125
test/NORMAL/NORMAL2-IM-0290-0001.jpeg,test,0,NORMAL,1396,897,151.96707153320312,33.14972686767578
test/NORMAL/NORMAL2-IM-0292-0001.jpeg,test,0,NORMAL,2380,2074,173.65194702148438,45.4074821472168
test/NORMAL/NORMAL2-IM-0294-0001.jpeg,test,0,NORMAL,1530,994,117.8422622680664,34.985130310058594
test/NORMAL/NORMAL2-IM-0297-0001.jpeg,test,0,NORMAL,1890,1334,127.78821563720703,47.825927734375
test/NORMAL/NORMAL2-IM-0300-0001.jpeg,test,0,NORMAL,1508,1260,142.65956115722656,38.22721481323242
test/NORMAL/NORMAL2-IM-0301-0001.jpeg,test,0,NORMAL,1816,1157,135.1229705810547,44.565189361572266
test/NORMAL/NORMAL2-IM-0302-0001.jpeg,test,0,NORMAL,1596,1087,123.09508514404297,42.55907440185547
test/NORMAL/NORMAL2-IM-0303-0001.jpeg,test,0,NORMAL,1504,948,127.87932586669922,42.70281219482422
test/NORMAL/NORMAL2-IM-0304-0001.jpeg,test,0,NORMAL,1532,986,140.4583282470703,44.58123016357422
test/NORMAL/NORMAL2-IM-0305-0001.jpeg,test,0,NORMAL,1612,1179,139.5762176513672,39.7135009765625
test/NORMAL/NORMAL2-IM-0307-0001.jpeg,test,0,NORMAL,1816,1435,148.23641967773438,43.24418258666992
test/NORMAL/NORMAL2-IM-0309-0001.jpeg,test,0,NORMAL,1724,1442,152.02783203125,42.120025634765625
test/NORMAL/NORMAL2-IM-0310-0001.jpeg,test,0,NORMAL,1646,1346,147.2342987060547,40.47315216064453
test/NORMAL/NORMAL2-IM-0311-0001.jpeg,test,0,NORMAL,1844,1504,132.47787475585938,41.4927978515625
test/NORMAL/NORMAL2-IM-0312-0001.jpeg,test,0,NORMAL,2028,1538,136.10708618164062,34.436614990234375
test/NORMAL/NORMAL2-IM-0313-0001.jpeg,test,0,NORMAL,1620,1110,139.68312072753906,41.843544006347656
test/NORMAL/NORMAL2-IM-0315-0001.jpeg,test,0,NORMAL,1442,770,124.17756652832031,43.1504020690918
test/NORMAL/NORMAL2-IM-0316-0001.jpeg,test,0,NORMAL,1464,925,124.35296630859375,38.209266662597656
test/NORMAL/NORMAL2-IM-0317-0001.jpeg,test,0,NORMAL,1624,1187,121.23867797851562,42.14194869995117
test/NORMAL/NORMAL2-IM-0319-0001.jpeg,test,0,NORMAL,1678,1195,145.99293518066406,40.7617301940918
test/NORMAL/NORMAL2-IM-0321-0001.jpeg,test,0,NORMAL,2026,1412,137.02540588378906,45.943206787109375
test/NORMAL/NORMAL2-IM-0322-0001.jpeg,test,0,NORMAL,1256,813,129.1500244140625,35.540672302246094
test/NORMAL/NORMAL2-IM-0323-0001.jpeg,test,0,NORMAL,1796,1372,129.05909729003906,43.90230178833008
test/NORMAL/NORMAL2-IM-0325-0001.jpeg,test,0,NORMAL,1612,1164,129.8570098876953,45.89495086669922
test/NORMAL/NORMAL2-IM-0326-0001.jpeg,test,0,NORMAL,1522,1183,127.8709487915039,44.03322219848633
test/NORMAL/NORMAL2-IM-0327-0001.jpeg,test,0,NORMAL,1384,824,135.654541015625,42.79684829711914
test/NORMAL/NORMAL2-IM-0328-0001.jpeg,test,0,NORMAL,1338,967,135.63975524902344,39.46309280395508
test/NORMAL/NORMAL2-IM-0329-0001.jpeg,test,0,NORMAL,2216,1953,171.4486846923828,47.85459899902344
test/NORMAL/NORMAL2-IM-0330-0001.jpeg,test,0,NORMAL,1226,747,155.81661987304688,42.28411865234375
test/NORMAL/NORMAL2-IM-0331-0001.jpeg,test,0,NORMAL,1674,1064,137.2084197998047,38.39933776855469
test/NORMAL/NORMAL2-IM-0332-0001.jpeg,test,0,NORMAL,1802,1226,142.66539001464844,36.83113098144531
test/NORMAL/NORMAL2-IM-0333-0001.jpeg,test,0,NORMAL,2226,1731,137.4873504638672,42.46540832519531
test/NORMAL/NORMAL2-IM-0335-0001.jpeg,test,0,NORMAL,1300,821,142.6295928955078,36.87373352050781
test/NORMAL/NORMAL2-IM-0336-0001.jpeg,test,0,NORMAL,1612,941,117.3191909790039,42.55573654174805
test/NORMAL/NORMAL2-IM-0337-0001.jpeg,test,0,NORMAL,1766,1349,123.14676666259766,50.101192474365234
test/NORMAL/NORMAL2-IM-0338-0001.jpeg,test,0,NORMAL,1450,890,104.72299194335938,41.24921798706055
test/NORMAL/NORMAL2-IM-0339-0001.jpeg,test,0,NORMAL,1898,1403,145.2828369140625,40.16839599609375
test/NORMAL/NORMAL2-IM-0340-0001.jpeg,test,0,NORMAL,1292,751,129.2985076904297,39.82500076293945
test/NORMAL/NORMAL2-IM-0341-0001.jpeg,test,0,NORMAL,1670,1319,150.95213317871094,34.562843322753906
test/NORMAL/NORMAL2-IM-0343-0001.jpeg,test,0,NORMAL,1778,1168,91.12749481201172,34.68925476074219
test/NORMAL/NORMAL2-IM-0345-0001.jpeg,test,0,NORMAL,1538,1202,147.49656677246094,48.059783935546875
test/NORMAL/NORMAL2-IM-0346-0001.jpeg,test,0,NORMAL,1288,917,127.75748443603516,49.20325469970703
test/NORMAL/NORMAL2-IM-0347-0001.jpeg,test,0,NORMAL,1542,963,142.55709838867188,37.42900466918945
test/NORMAL/NORMAL2-IM-0348-0001.jpeg,test,0,NORMAL,1762,1249,133.75131225585938,41.78700256347656
test/NORMAL/NORMAL2-IM-0349-0001.jpeg,test,0,NORMAL,1214,662,149.6587371826172,36.87156677246094
test/NORMAL/NORMAL2-IM-0350-0001.jpeg,test,0,NORMAL,1570,1164,139.56825256347656,44.343563079833984
test/NORMAL/NORMAL2-IM-0351-0001.jpeg,test,0,NORMAL,1550,1033,122.16300964355469,39.48442840576172
test/NORMAL/NORMAL2-IM-0352-0001.jpeg,test,0,NORMAL,1638,1323,147.19029235839844,39.01249313354492
test/NORMAL/NORMAL2-IM-0353-0001.jpeg,test,0,NORMAL,1782,1434,153.05389404296875,39.404823303222656
test/NORMAL/NORMAL2-IM-0354-0001.jpeg,test,0,NORMAL,1470,1072,128.7418670654297,43.249534606933594
test/NORMAL/NORMAL2-IM-0357-0001.jpeg,test,0,NORMAL,1936,1554,109.32487487792969,46.669212341308594
test/NORMAL/NORMAL2-IM-0359-0001.jpeg,test,0,NORMAL,1450,1149,133.78465270996094,36.65612030029297
test/NORMAL/NORMAL2-IM-0360-0001.jpeg,test,0,NORMAL,1094,898,145.9567108154297,36.28908157348633
test/NORMAL/NORMAL2-IM-0361-0001.jpeg,test,0,NORMAL,1778,1337,167.8762969970703,30.6890926361084
test/NORMAL/NORMAL2-IM-0362-0001.jpeg,test,0,NORMAL,1592,921,124.16600036621094,39.12739181518555
test/NORMAL/NORMAL2-IM-0364-0001.jpeg,test,0,NORMAL,1472,921,111.54011535644531,41.004356384277344
test/NORMAL/NORMAL2-IM-0366-0001.jpeg,test,0,NORMAL,1298,747,122.0928726196289,41.694725036621094
test/NORMAL/NORMAL2-IM-0368-0001.jpeg,test,0,NORMAL,1686,1122,132.3433837890625,42.0160026550293
test/NORMAL/NORMAL2-IM-0369-0001.jpeg,test,0,NORMAL,1434,906,126.48928833007812,40.69576644897461
test/NORMAL/NORMAL2-IM-0370-0001.jpeg,test,0,NORMAL,1742,1392,132.2346954345703,41.68076705932617
test/NORMAL/NORMAL2-IM-0372-0001.jpeg,test,0,NORMAL,2198,1485,141.88392639160156,43.20208740234375
test/NORMAL/NORMAL2-IM-0373-0001.jpeg,test,0,NORMAL,1454,979,101.18048095703125,35.50200653076172
test/NORMAL/NORMAL2-IM-0374-0001-0001.jpeg,test,0,NORMAL,1968,1484,141.39984130859375,40.017913818359375
test/NORMAL/NORMAL2-IM-0374-0001-0002.jpeg,test,0,NORMAL,1516,982,133.7055206298828,41.35403823852539
test/NORMAL/NORMAL2-IM-0374-0001.jpeg,test,0,NORMAL,2148,1600,120.1147232055664,47.64924240112305
test/NORMAL/NORMAL2-IM-0376-0001.jpeg,test,0,NORMAL,1124,716,129.01889038085938,43.381683349609375
test/NORMAL/NORMAL2-IM-0378-0001.jpeg,test,0,NORMAL,1586,1048,107.95867156982422,38.46226501464844
test/NORMAL/NORMAL2-IM-0380-0001.jpeg,test,0,NORMAL,1940,1489,147.31788635253906,41.93764877319336
test/NORMAL/NORMAL2-IM-0381-0001.jpeg,test,0,NORMAL,2010,1705,148.8228302001953,37.98802185058594
test/PNEUMONIA/person100_bacteria_475.jpeg,test,1,PNEUMONIA,1106,762,126.40152740478516,37.951229095458984
test/PNEUMONIA/person100_bacteria_477.jpeg,test,1,PNEUMONIA,1024,680,83.05489349365234,27.528411865234375
test/PNEUMONIA/person100_bacteria_478.jpeg,test,1,PNEUMONIA,1128,624,154.51756286621094,35.2665901184082
test/PNEUMONIA/person100_bacteria_479.jpeg,test,1,PNEUMONIA,904,552,128.04327392578125,30.926244735717773
test/PNEUMONIA/person100_bacteria_480.jpeg,test,1,PNEUMONIA,880,536,130.4122314453125,33.38357925415039
test/PNEUMONIA/person100_bacteria_481.jpeg,test,1,PNEUMONIA,952,624,123.2841567993164,32.733253479003906
test/PNEUMONIA/person100_bacteria_482.jpeg,test,1,PNEUMONIA,1040,696,121.74043273925781,37.93870162963867
test/PNEUMONIA/person101_bacteria_483.jpeg,test,1,PNEUMONIA,1064,720,178.5414581298828,30.212488174438477
test/PNEUMONIA/person101_bacteria_484.jpeg,test,1,PNEUMONIA,1064,840,163.23776245117188,35.71648406982422
test/PNEUMONIA/person101_bacteria_485.jpeg,test,1,PNEUMONIA,1032,752,129.3284149169922,29.6536808013916
test/PNEUMONIA/person101_bacteria_486.jpeg,test,1,PNEUMONIA,1136,680,155.69410705566406,32.201324462890625
test/PNEUMONIA/person102_bacteria_487.jpeg,test,1,PNEUMONIA,1240,936,140.65194702148438,37.42302703857422
test/PNEUMONIA/person103_bacteria_488.jpeg,test,1,PNEUMONIA,904,656,135.7373809814453,37.796634674072266
test/PNEUMONIA/person103_bacteria_489.jpeg,test,1,PNEUMONIA,1000,744,125.81172180175781,39.716251373291016
test/PNEUMONIA/person103_bacteria_490.jpeg,test,1,PNEUMONIA,1206,871,102.27274322509766,47.45486068725586
test/PNEUMONIA/person104_bacteria_491.jpeg,test,1,PNEUMONIA,1144,784,128.79800415039062,38.684024810791016
test/PNEUMONIA/person104_bacteria_492.jpeg,test,1,PNEUMONIA,992,592,141.57664489746094,34.893497467041016
test/PNEUMONIA/person108_bacteria_504.jpeg,test,1,PNEUMONIA,1336,1040,161.3953399658203,43.921630859375
test/PNEUMONIA/person108_bacteria_506.jpeg,test,1,PNEUMONIA,1184,1032,171.30099487304688,37.660133361816406
test/PNEUMONIA/person108_bacteria_507.jpeg,test,1,PNEUMONIA,1176,1032,143.77427673339844,39.428314208984375
test/PNEUMONIA/person108_bacteria_511.jpeg,test,1,PNEUMONIA,1438,1260,137.3941650390625,42.572208404541016
test/PNEUMONIA/person109_bacteria_512.jpeg,test,1,PNEUMONIA,1256,808,170.48553466796875,44.95197677612305
test/PNEUMONIA/person109_bacteria_513.jpeg,test,1,PNEUMONIA,976,696,138.22360229492188,35.549713134765625
test/PNEUMONIA/person109_bacteria_517.jpeg,test,1,PNEUMONIA,1024,752,116.498046875,35.955894470214844
test/PNEUMONIA/person109_bacteria_519.jpeg,test,1,PNEUMONIA,1080,776,120.6932601928711,35.16679382324219
test/PNEUMONIA/person109_bacteria_522.jpeg,test,1,PNEUMONIA,1112,736,108.31886291503906,42.4428596496582
test/PNEUMONIA/person109_bacteria_523.jpeg,test,1,PNEUMONIA,952,640,143.13955688476562,35.45284652709961
test/PNEUMONIA/person109_bacteria_526.jpeg,test,1,PNEUMONIA,1088,576,123.2103042602539,37.82067108154297
test/PNEUMONIA/person109_bacteria_527.jpeg,test,1,PNEUMONIA,968,536,154.05601501464844,36.3999137878418
test/PNEUMONIA/person109_bacteria_528.jpeg,test,1,PNEUMONIA,1322,736,88.91790008544922,44.17655563354492
test/PNEUMONIA/person10_virus_35.jpeg,test,1,PNEUMONIA,1488,1136,163.20790100097656,31.69976043701172
test/PNEUMONIA/person110_bacteria_531.jpeg,test,1,PNEUMONIA,1160,688,137.05152893066406,32.619964599609375
test/PNEUMONIA/person111_bacteria_533.jpeg,test,1,PNEUMONIA,992,600,120.81710815429688,37.77101135253906
test/PNEUMONIA/person111_bacteria_534.jpeg,test,1,PNEUMONIA,976,712,134.8734588623047,34.57966232299805
test/PNEUMONIA/person111_bacteria_535.jpeg,test,1,PNEUMONIA,888,536,138.46937561035156,34.73427200317383
test/PNEUMONIA/person111_bacteria_536.jpeg,test,1,PNEUMONIA,1008,648,146.33522033691406,36.45263671875
test/PNEUMONIA/person111_bacteria_537.jpeg,test,1,PNEUMONIA,1130,666,149.61764526367188,38.430973052978516
test/PNEUMONIA/person112_bacteria_538.jpeg,test,1,PNEUMONIA,952,640,141.93560791015625,35.76836013793945
test/PNEUMONIA/person112_bacteria_539.jpeg,test,1,PNEUMONIA,936,712,147.3843536376953,37.228023529052734
test/PNEUMONIA/person113_bacteria_540.jpeg,test,1,PNEUMONIA,1160,776,149.75970458984375,37.57082748413086
test/PNEUMONIA/person113_bacteria_541.jpeg,test,1,PNEUMONIA,1080,824,155.63209533691406,37.518226623535156
test/PNEUMONIA/person113_bacteria_542.jpeg,test,1,PNEUMONIA,1088,768,152.1269989013672,35.46491241455078
test/PNEUMONIA/person113_bacteria_543.jpeg,test,1,PNEUMONIA,1388,1013,145.35264587402344,43.59726333618164
test/PNEUMONIA/person114_bacteria_544.jpeg,test,1,PNEUMONIA,1144,672,149.552978515625,36.88958740234375
test/PNEUMONIA/person114_bacteria_545.jpeg,test,1,PNEUMONIA,1328,920,124.1109619140625,39.06834411621094
test/PNEUMONIA/person114_bacteria_546.jpeg,test,1,PNEUMONIA,1080,696,139.41200256347656,33.68754577636719
test/PNEUMONIA/person117_bacteria_553.jpeg,test,1,PNEUMONIA,952,624,132.30960083007812,35.35609436035156
test/PNEUMONIA/person117_bacteria_556.jpeg,test,1,PNEUMONIA,904,648,124.31731414794922,36.55121612548828
test/PNEUMONIA/person117_bacteria_557.jpeg,test,1,PNEUMONIA,1086,739,105.96086883544922,45.155426025390625
test/PNEUMONIA/person118_bacteria_559.jpeg,test,1,PNEUMONIA,952,680,119.46661376953125,31.78509521484375
test/PNEUMONIA/person118_bacteria_560.jpeg,test,1,PNEUMONIA,1088,600,88.55506896972656,29.721738815307617
test/PNEUMONIA/person119_bacteria_565.jpeg,test,1,PNEUMONIA,1072,608,129.24884033203125,34.428165435791016
test/PNEUMONIA/person119_bacteria_566.jpeg,test,1,PNEUMONIA,1088,784,145.14306640625,38.90618896484375
test/PNEUMONIA/person119_bacteria_567.jpeg,test,1,PNEUMONIA,1210,859,117.28047180175781,40.64011764526367
test/PNEUMONIA/person119_bacteria_568.jpeg,test,1,PNEUMONIA,1222,878,116.06768035888672,42.95016098022461
test/PNEUMONIA/person11_virus_38.jpeg,test,1,PNEUMONIA,1496,960,120.96936798095703,33.838172912597656
test/PNEUMONIA/person120_bacteria_570.jpeg,test,1,PNEUMONIA,1112,736,116.25076293945312,35.52109909057617
test/PNEUMONIA/person120_bacteria_571.jpeg,test,1,PNEUMONIA,1120,592,134.5315704345703,38.32768249511719
test/PNEUMONIA/person120_bacteria_572.jpeg,test,1,PNEUMONIA,1024,688,168.3814697265625,32.01169967651367
test/PNEUMONIA/person120_bacteria_573.jpeg,test,1,PNEUMONIA,1272,813,127.89119720458984,47.11963653564453
test/PNEUMONIA/person121_bacteria_575.jpeg,test,1,PNEUMONIA,1072,632,154.6029815673828,34.23971939086914
test/PNEUMONIA/person121_bacteria_576.jpeg,test,1,PNEUMONIA,1088,584,142.55972290039062,32.24055480957031
test/PNEUMONIA/person121_bacteria_578.jpeg,test,1,PNEUMONIA,1032,520,134.4500732421875,36.0050048828125
test/PNEUMONIA/person121_bacteria_579.jpeg,test,1,PNEUMONIA,1112,600,130.3114013671875,34.028934478759766
test/PNEUMONIA/person121_bacteria_580.jpeg,test,1,PNEUMONIA,1198,701,132.09059143066406,39.10533905029297
test/PNEUMONIA/person122_bacteria_581.jpeg,test,1,PNEUMONIA,1206,875,122.00321960449219,49.81724548339844
test/PNEUMONIA/person122_bacteria_582.jpeg,test,1,PNEUMONIA,984,520,124.42670440673828,35.40208053588867
test/PNEUMONIA/person122_bacteria_583.jpeg,test,1,PNEUMONIA,936,632,124.51986694335938,32.3530158996582
test/PNEUMONIA/person122_bacteria_584.jpeg,test,1,PNEUMONIA,832,640,98.83643341064453,23.781185150146484
test/PNEUMONIA/person122_bacteria_585.jpeg,test,1,PNEUMONIA,928,624,136.22604370117188,37.169921875
test/PNEUMONIA/person122_bacteria_586.jpeg,test,1,PNEUMONIA,864,496,132.26097106933594,38.99860382080078
test/PNEUMONIA/person123_bacteria_587.jpeg,test,1,PNEUMONIA,1232,808,120.6235122680664,35.233856201171875
test/PNEUMONIA/person124_bacteria_589.jpeg,test,1,PNEUMONIA,976,608,128.06646728515625,35.676719665527344
test/PNEUMONIA/person124_bacteria_590.jpeg,test,1,PNEUMONIA,992,696,120.99693298339844,34.530155181884766
test/PNEUMONIA/person124_bacteria_591.jpeg,test,1,PNEUMONIA,1072,696,132.24465942382812,40.33020782470703
test/PNEUMONIA/person124_bacteria_592.jpeg,test,1,PNEUMONIA,1094,709,127.92267608642578,37.179500579833984
test/PNEUMONIA/person125_bacteria_594.jpeg,test,1,PNEUMONIA,1072,704,121.78370666503906,31.163610458374023
test/PNEUMONIA/person125_bacteria_595.jpeg,test,1,PNEUMONIA,1336,744,133.8776092529297,39.31072998046875
test/PNEUMONIA/person126_bacteria_598.jpeg,test,1,PNEUMONIA,912,648,140.3230438232422,37.63726043701172
test/PNEUMONIA/person126_bacteria_599.jpeg,test,1,PNEUMONIA,856,592,147.3717041015625,36.585540771484375
test/PNEUMONIA/person126_bacteria_600.jpeg,test,1,PNEUMONIA,840,600,165.82037353515625,33.11784362792969
test/PNEUMONIA/person127_bacteria_602.jpeg,test,1,PNEUMONIA,992,608,153.15061950683594,35.386322021484375
test/PNEUMONIA/person127_bacteria_603.jpeg,test,1,PNEUMONIA,1032,648,145.2777099609375,38.90652847290039
test/PNEUMONIA/person127_bacteria_604.jpeg,test,1,PNEUMONIA,1300,812,120.7289047241211,45.277976989746094
test/PNEUMONIA/person128_bacteria_605.jpeg,test,1,PNEUMONIA,1000,600,135.87510681152344,37.24440383911133
test/PNEUMONIA/person128_bacteria_606.jpeg,test,1,PNEUMONIA,1160,736,117.54727172851562,38.505638122558594
test/PNEUMONIA/person128_bacteria_607.jpeg,test,1,PNEUMONIA,1160,736,117.54727172851562,38.505638122558594
test/PNEUMONIA/person128_bacteria_608.jpeg,test,1,PNEUMONIA,1086,874,119.94832611083984,35.58474349975586
test/PNEUMONIA/person130_bacteria_623.jpeg,test,1,PNEUMONIA,1310,882,124.37359619140625,42.093467712402344
test/PNEUMONIA/person130_bacteria_625.jpeg,test,1,PNEUMONIA,1040,656,141.89486694335938,36.12282943725586
test/PNEUMONIA/person130_bacteria_626.jpeg,test,1,PNEUMONIA,1000,704,140.5213165283203,36.22031021118164
test/PNEUMONIA/person130_bacteria_627.jpeg,test,1,PNEUMONIA,1080,720,131.1339874267578,35.69312286376953
test/PNEUMONIA/person130_bacteria_628.jpeg,test,1,PNEUMONIA,1330,797,103.7674789428711,33.17866516113281
test/PNEUMONIA/person131_bacteria_629.jpeg,test,1,PNEUMONIA,1184,648,143.1548614501953,32.04098129272461
test/PNEUMONIA/person132_bacteria_632.jpeg,test,1,PNEUMONIA,1120,704,160.23483276367188,31.933841705322266
test/PNEUMONIA/person133_bacteria_633.jpeg,test,1,PNEUMONIA,976,632,104.53172302246094,32.2006950378418
test/PNEUMONIA/person133_bacteria_634.jpeg,test,1,PNEUMONIA,936,696,125.32213592529297,37.15776824951172
test/PNEUMONIA/person133_bacteria_635.jpeg,test,1,PNEUMONIA,936,704,119.95157623291016,36.31367874145508
test/PNEUMONIA/person133_bacteria_637.jpeg,test,1,PNEUMONIA,992,640,124.5250015258789,38.45359420776367
test/PNEUMONIA/person133_bacteria_638.jpeg,test,1,PNEUMONIA,944,616,101.33219146728516,34.17047882080078
test/PNEUMONIA/person134_bacteria_640.jpeg,test,1,PNEUMONIA,1256,856,135.8246307373047,34.817649841308594
test/PNEUMONIA/person134_bacteria_641.jpeg,test,1,PNEUMONIA,1280,872,174.8430633544922,34.328060150146484
test/PNEUMONIA/person134_bacteria_642.jpeg,test,1,PNEUMONIA,1280,848,139.70654296875,32.03434753417969
test/PNEUMONIA/person134_bacteria_643.jpeg,test,1,PNEUMONIA,1184,792,162.5959014892578,29.01093864440918
test/PNEUMONIA/person134_bacteria_644.jpeg,test,1,PNEUMONIA,1184,792,162.5959014892578,29.01093864440918
test/PNEUMONIA/person135_bacteria_646.jpeg,test,1,PNEUMONIA,1056,616,127.0179214477539,28.668359756469727
test/PNEUMONIA/person135_bacteria_647.jpeg,test,1,PNEUMONIA,1008,600,143.14242553710938,31.664518356323242
test/PNEUMONIA/person136_bacteria_648.jpeg,test,1,PNEUMONIA,1068,720,109.66111755371094,33.33252716064453
test/PNEUMONIA/person136_bacteria_649.jpeg,test,1,PNEUMONIA,840,648,163.67422485351562,33.668495178222656
test/PNEUMONIA/person136_bacteria_650.jpeg,test,1,PNEUMONIA,936,528,128.82928466796875,32.67276382446289
test/PNEUMONIA/person136_bacteria_652.jpeg,test,1,PNEUMONIA,920,608,141.3748016357422,39.233001708984375
test/PNEUMONIA/person136_bacteria_654.jpeg,test,1,PNEUMONIA,1082,720,115.1630859375,33.81343460083008
test/PNEUMONIA/person137_bacteria_655.jpeg,test,1,PNEUMONIA,1168,712,135.9293975830078,34.67982482910156
test/PNEUMONIA/person138_bacteria_657.jpeg,test,1,PNEUMONIA,1296,888,115.4190673828125,35.329498291015625
test/PNEUMONIA/person138_bacteria_658.jpeg,test,1,PNEUMONIA,1200,944,142.68902587890625,35.64230728149414
test/PNEUMONIA/person138_bacteria_659.jpeg,test,1,PNEUMONIA,1248,816,168.43020629882812,38.64231491088867
test/PNEUMONIA/person139_bacteria_661.jpeg,test,1,PNEUMONIA,1040,856,125.3284683227539,36.500732421875
test/PNEUMONIA/person139_bacteria_662.jpeg,test,1,PNEUMONIA,1000,776,133.43997192382812,38.01808166503906
test/PNEUMONIA/person139_bacteria_663.jpeg,test,1,PNEUMONIA,920,920,140.58714294433594,36.47872543334961
test/PNEUMONIA/person139_bacteria_664.jpeg,test,1,PNEUMONIA,976,664,129.27735900878906,36.55259323120117
test/PNEUMONIA/person139_bacteria_665.jpeg,test,1,PNEUMONIA,928,736,134.8414764404297,36.4813117980957
test/PNEUMONIA/person139_bacteria_666.jpeg,test,1,PNEUMONIA,1260,1029,132.29586791992188,48.15609359741211
test/PNEUMONIA/person140_bacteria_667.jpeg,test,1,PNEUMONIA,992,792,113.92433166503906,31.91669273376465
test/PNEUMONIA/person140_bacteria_668.jpeg,test,1,PNEUMONIA,1344,824,130.37460327148438,49.117462158203125
test/PNEUMONIA/person141_bacteria_670.jpeg,test,1,PNEUMONIA,944,536,147.710205078125,40.89608383178711
test/PNEUMONIA/person141_bacteria_676.jpeg,test,1,PNEUMONIA,920,568,154.0095977783203,35.48469161987305
test/PNEUMONIA/person141_bacteria_677.jpeg,test,1,PNEUMONIA,848,632,106.04519653320312,24.84375762939453
test/PNEUMONIA/person141_bacteria_678.jpeg,test,1,PNEUMONIA,856,536,153.38890075683594,31.64955711364746
test/PNEUMONIA/person141_bacteria_681.jpeg,test,1,PNEUMONIA,920,624,134.82241821289062,33.91800308227539
test/PNEUMONIA/person142_bacteria_682.jpeg,test,1,PNEUMONIA,1088,776,101.43222045898438,33.13670349121094
test/PNEUMONIA/person142_bacteria_683.jpeg,test,1,PNEUMONIA,904,576,131.38690185546875,31.480670928955078
test/PNEUMONIA/person142_bacteria_684.jpeg,test,1,PNEUMONIA,1096,712,128.03451538085938,38.7991828918457
test/PNEUMONIA/person143_bacteria_687.jpeg,test,1,PNEUMONIA,944,744,101.72747039794922,32.046451568603516
test/PNEUMONIA/person143_bacteria_688.jpeg,test,1,PNEUMONIA,872,696,169.49623107910156,33.11384582519531
test/PNEUMONIA/person143_bacteria_689.jpeg,test,1,PNEUMONIA,1190,925,121.81509399414062,48.941951751708984
test/PNEUMONIA/person144_bacteria_690.jpeg,test,1,PNEUMONIA,1016,648,148.8527069091797,33.789894104003906
test/PNEUMONIA/person145_bacteria_696.jpeg,test,1,PNEUMONIA,984,672,129.27406311035156,31.944259643554688
test/PNEUMONIA/person146_bacteria_700.jpeg,test,1,PNEUMONIA,1168,776,127.62821960449219,33.290184020996094
test/PNEUMONIA/person146_bacteria_703.jpeg,test,1,PNEUMONIA,976,616,155.59483337402344,29.892393112182617
test/PNEUMONIA/person146_bacteria_704.jpeg,test,1,PNEUMONIA,1410,720,108.51173400878906,36.153282165527344
test/PNEUMONIA/person147_bacteria_705.jpeg,test,1,PNEUMONIA,1008,704,147.4180908203125,36.713134765625
test/PNEUMONIA/person147_bacteria_706.jpeg,test,1,PNEUMONIA,1120,808,124.08987426757812,37.501949310302734
test/PNEUMONIA/person147_bacteria_707.jpeg,test,1,PNEUMONIA,1088,856,109.29013061523438,37.080013275146484
test/PNEUMONIA/person147_bacteria_711.jpeg,test,1,PNEUMONIA,1268,816,141.77586364746094,42.63686752319336
test/PNEUMONIA/person149_bacteria_713.jpeg,test,1,PNEUMONIA,1224,1008,138.21726989746094,32.84207534790039
test/PNEUMONIA/person14_virus_44.jpeg,test,1,PNEUMONIA,1568,1184,66.72789001464844,16.991519927978516
test/PNEUMONIA/person150_bacteria_715.jpeg,test,1,PNEUMONIA,968,584,140.8233642578125,31.594146728515625
test/PNEUMONIA/person150_bacteria_716.jpeg,test,1,PNEUMONIA,992,608,132.78953552246094,29.9880313873291
test/PNEUMONIA/person150_bacteria_717.jpeg,test,1,PNEUMONIA,1260,816,125.8749771118164,43.2088623046875
test/PNEUMONIA/person151_bacteria_718.jpeg,test,1,PNEUMONIA,824,424,128.86038208007812,31.43301773071289
test/PNEUMONIA/person152_bacteria_720.jpeg,test,1,PNEUMONIA,1192,760,140.48715209960938,36.46323013305664
test/PNEUMONIA/person152_bacteria_721.jpeg,test,1,PNEUMONIA,1232,824,149.9364471435547,38.64498519897461
test/PNEUMONIA/person152_bacteria_722.jpeg,test,1,PNEUMONIA,1120,648,158.04183959960938,31.561649322509766
test/PNEUMONIA/person152_bacteria_723.jpeg,test,1,PNEUMONIA,1136,752,153.32127380371094,33.85319519042969
test/PNEUMONIA/person152_bacteria_724.jpeg,test,1,PNEUMONIA,1350,936,150.6796417236328,41.461029052734375
test/PNEUMONIA/person153_bacteria_725.jpeg,test,1,PNEUMONIA,1464,808,114.89591217041016,32.445281982421875
test/PNEUMONIA/person153_bacteria_726.jpeg,test,1,PNEUMONIA,1720,1095,108.15174102783203,38.73081970214844
test/PNEUMONIA/person154_bacteria_728.jpeg,test,1,PNEUMONIA,1558,1218,135.7202911376953,39.96152114868164
test/PNEUMONIA/person155_bacteria_729.jpeg,test,1,PNEUMONIA,1224,976,167.29380798339844,31.294832229614258
test/PNEUMONIA/person155_bacteria_730.jpeg,test,1,PNEUMONIA,1184,1128,125.45635986328125,32.61824417114258
test/PNEUMONIA/person155_bacteria_731.jpeg,test,1,PNEUMONIA,1312,792,156.68797302246094,36.49849319458008
test/PNEUMONIA/person157_bacteria_735.jpeg,test,1,PNEUMONIA,1008,728,122.27434539794922,35.96833801269531
test/PNEUMONIA/person157_bacteria_739.jpeg,test,1,PNEUMONIA,1232,792,123.06988525390625,40.616600036621094
test/PNEUMONIA/person157_bacteria_740.jpeg,test,1,PNEUMONIA,1152,832,109.6858139038086,37.559200286865234
test/PNEUMONIA/person158_bacteria_742.jpeg,test,1,PNEUMONIA,936,680,148.3053741455078,32.42965316772461
test/PNEUMONIA/person158_bacteria_743.jpeg,test,1,PNEUMONIA,992,784,142.92849731445312,32.57004165649414
test/PNEUMONIA/person158_bacteria_744.jpeg,test,1,PNEUMONIA,968,656,145.4100799560547,33.32704544067383
test/PNEUMONIA/person158_bacteria_745.jpeg,test,1,PNEUMONIA,1406,913,117.92147827148438,49.17608642578125
test/PNEUMONIA/person159_bacteria_746.jpeg,test,1,PNEUMONIA,1032,648,144.8231658935547,29.879924774169922
test/PNEUMONIA/person159_bacteria_747.jpeg,test,1,PNEUMONIA,1144,704,122.16093444824219,32.21510314941406
test/PNEUMONIA/person15_virus_46.jpeg,test,1,PNEUMONIA,1314,1145,127.84038543701172,40.99874496459961
test/PNEUMONIA/person1608_virus_2786.jpeg,test,1,PNEUMONIA,1072,800,172.4600830078125,43.41408920288086
test/PNEUMONIA/person1610_virus_2793.jpeg,test,1,PNEUMONIA,1120,880,127.5525894165039,44.46551513671875
test/PNEUMONIA/person1612_virus_2797.jpeg,test,1,PNEUMONIA,832,448,128.93783569335938,36.484073638916016
test/PNEUMONIA/person1612_virus_2798.jpeg,test,1,PNEUMONIA,1040,576,150.8715057373047,51.4601936340332
test/PNEUMONIA/person1613_virus_2799.jpeg,test,1,PNEUMONIA,1112,600,142.5793914794922,40.59861373901367
test/PNEUMONIA/person1614_virus_2800.jpeg,test,1,PNEUMONIA,1216,936,169.09732055664062,41.825347900390625
test/PNEUMONIA/person1615_virus_2801.jpeg,test,1,PNEUMONIA,1400,1048,140.43052673339844,49.8157844543457
test/PNEUMONIA/person1616_virus_2802.jpeg,test,1,PNEUMONIA,1288,920,137.95594787597656,48.51124572753906
test/PNEUMONIA/person1618_virus_2805.jpeg,test,1,PNEUMONIA,1072,640,157.89535522460938,34.127525329589844
test/PNEUMONIA/person1619_virus_2806.jpeg,test,1,PNEUMONIA,1304,816,172.7198028564453,45.1178092956543
test/PNEUMONIA/person161_bacteria_757.jpeg,test,1,PNEUMONIA,856,696,85.62916564941406,21.570262908935547
test/PNEUMONIA/person161_bacteria_759.jpeg,test,1,PNEUMONIA,856,480,150.7667694091797,32.13249588012695
test/PNEUMONIA/person161_bacteria_762.jpeg,test,1,PNEUMONIA,1164,801,89.68980407714844,37.684146881103516
test/PNEUMONIA/person1620_virus_2807.jpeg,test,1,PNEUMONIA,1112,736,143.9651641845703,47.33962631225586
test/PNEUMONIA/person1622_virus_2810.jpeg,test,1,PNEUMONIA,1184,648,145.21983337402344,48.42979049682617
test/PNEUMONIA/person1623_virus_2813.jpeg,test,1,PNEUMONIA,1344,1152,171.5553436279297,44.540340423583984
test/PNEUMONIA/person1625_virus_2817.jpeg,test,1,PNEUMONIA,1112,704,142.878662109375,46.75163650512695
test/PNEUMONIA/person1626_virus_2818.jpeg,test,1,PNEUMONIA,1344,968,161.06565856933594,37.730224609375
test/PNEUMONIA/person1627_virus_2819.jpeg,test,1,PNEUMONIA,1000,448,117.80701446533203,45.95203399658203
test/PNEUMONIA/person1628_virus_2821.jpeg,test,1,PNEUMONIA,1024,608,140.7763671875,38.345542907714844
test/PNEUMONIA/person1628_virus_2822.jpeg,test,1,PNEUMONIA,1096,472,120.94227600097656,41.88050842285156
test/PNEUMONIA/person1629_virus_2823.jpeg,test,1,PNEUMONIA,1072,616,117.84526824951172,47.40319061279297
test/PNEUMONIA/person1631_virus_2826.jpeg,test,1,PNEUMONIA,1120,784,141.99391174316406,43.92515182495117
test/PNEUMONIA/person1632_virus_2827.jpeg,test,1,PNEUMONIA,1592,1000,177.32254028320312,42.6125602722168
test/PNEUMONIA/person1633_virus_2829.jpeg,test,1,PNEUMONIA,1120,528,111.49551391601562,38.93767166137695
test/PNEUMONIA/person1634_virus_2830.jpeg,test,1,PNEUMONIA,1336,1024,158.84359741210938,44.20180892944336
test/PNEUMONIA/person1635_virus_2831.jpeg,test,1,PNEUMONIA,1056,840,140.7578582763672,44.91035461425781
test/PNEUMONIA/person1637_virus_2834.jpeg,test,1,PNEUMONIA,1080,672,125.66545867919922,44.916996002197266
test/PNEUMONIA/person1640_virus_2839.jpeg,test,1,PNEUMONIA,1248,768,142.8311309814453,42.05628204345703
test/PNEUMONIA/person1641_virus_2840.jpeg,test,1,PNEUMONIA,1088,712,146.12672424316406,41.26449966430664
test/PNEUMONIA/person1642_virus_2842.jpeg,test,1,PNEUMONIA,1312,1000,147.3270263671875,47.774330139160156
test/PNEUMONIA/person1643_virus_2843.jpeg,test,1,PNEUMONIA,1432,1288,170.27999877929688,39.639957427978516
test/PNEUMONIA/person1644_virus_2844.jpeg,test,1,PNEUMONIA,1400,1048,139.2265167236328,44.44285583496094
test/PNEUMONIA/person1645_virus_2845.jpeg,test,1,PNEUMONIA,1144,680,142.9195556640625,41.45777893066406
test/PNEUMONIA/person1647_virus_2848.jpeg,test,1,PNEUMONIA,1168,768,153.1915283203125,46.813602447509766
test/PNEUMONIA/person1649_virus_2850.jpeg,test,1,PNEUMONIA,1360,920,135.07412719726562,53.623291015625
test/PNEUMONIA/person1650_virus_2852.jpeg,test,1,PNEUMONIA,1120,784,135.6598663330078,41.31910705566406
test/PNEUMONIA/person1650_virus_2854.jpeg,test,1,PNEUMONIA,1120,680,116.37763977050781,37.91083526611328
test/PNEUMONIA/person1651_virus_2855.jpeg,test,1,PNEUMONIA,888,464,95.61981201171875,36.6855354309082
test/PNEUMONIA/person1653_virus_2858.jpeg,test,1,PNEUMONIA,1008,592,136.12570190429688,44.2136344909668
test/PNEUMONIA/person1653_virus_2859.jpeg,test,1,PNEUMONIA,1096,760,126.85794830322266,48.46587371826172
test/PNEUMONIA/person1655_virus_2861.jpeg,test,1,PNEUMONIA,1544,1264,182.20614624023438,41.011878967285156
test/PNEUMONIA/person1656_virus_2862.jpeg,test,1,PNEUMONIA,1160,960,167.0260467529297,41.20838928222656
test/PNEUMONIA/person1657_virus_2864.jpeg,test,1,PNEUMONIA,1624,1288,159.13702392578125,44.15746307373047
test/PNEUMONIA/person1659_virus_2867.jpeg,test,1,PNEUMONIA,1264,744,136.8758544921875,48.77431869506836
test/PNEUMONIA/person1660_virus_2869.jpeg,test,1,PNEUMONIA,1024,568,106.85975646972656,43.922210693359375
test/PNEUMONIA/person1661_virus_2872.jpeg,test,1,PNEUMONIA,1600,992,89.57839965820312,32.26350784301758
test/PNEUMONIA/person1661_virus_2873.jpeg,test,1,PNEUMONIA,1600,992,89.57839965820312,32.26350784301758
test/PNEUMONIA/person1662_virus_2875.jpeg,test,1,PNEUMONIA,1160,672,137.35177612304688,46.90515899658203
test/PNEUMONIA/person1663_virus_2876.jpeg,test,1,PNEUMONIA,944,528,115.43922424316406,39.405635833740234
test/PNEUMONIA/person1664_virus_2877.jpeg,test,1,PNEUMONIA,1280,984,134.5523681640625,48.73447799682617
test/PNEUMONIA/person1665_virus_2878.jpeg,test,1,PNEUMONIA,1432,1024,160.3856964111328,40.5047721862793
test/PNEUMONIA/person1667_virus_2881.jpeg,test,1,PNEUMONIA,952,664,121.21507263183594,43.28571701049805
test/PNEUMONIA/person1668_virus_2882.jpeg,test,1,PNEUMONIA,1168,728,128.0426025390625,46.101383209228516
test/PNEUMONIA/person1669_virus_2884.jpeg,test,1,PNEUMONIA,1288,736,147.4553985595703,42.32729721069336
test/PNEUMONIA/person1669_virus_2885.jpeg,test,1,PNEUMONIA,1248,728,150.03053283691406,39.69886779785156
test/PNEUMONIA/person1670_virus_2886.jpeg,test,1,PNEUMONIA,1120,552,118.84101867675781,38.90458297729492
test/PNEUMONIA/person1671_virus_2887.jpeg,test,1,PNEUMONIA,1512,888,138.44691467285156,53.412776947021484
test/PNEUMONIA/person1672_virus_2888.jpeg,test,1,PNEUMONIA,1456,1080,157.77566528320312,38.4797248840332
test/PNEUMONIA/person1673_virus_2889.jpeg,test,1,PNEUMONIA,1168,840,153.41317749023438,44.343563079833984
test/PNEUMONIA/person1674_virus_2890.jpeg,test,1,PNEUMONIA,1960,1416,176.28240966796875,41.34025573730469
test/PNEUMONIA/person1675_virus_2891.jpeg,test,1,PNEUMONIA,952,520,119.60050201416016,51.712852478027344
test/PNEUMONIA/person1676_virus_2892.jpeg,test,1,PNEUMONIA,1624,1104,166.78872680664062,40.392669677734375
test/PNEUMONIA/person1678_virus_2895.jpeg,test,1,PNEUMONIA,1408,840,135.73011779785156,50.37821960449219
test/PNEUMONIA/person1679_virus_2896.jpeg,test,1,PNEUMONIA,1248,840,134.5806427001953,44.22947311401367
test/PNEUMONIA/person1680_virus_2897.jpeg,test,1,PNEUMONIA,1624,968,128.05563354492188,48.784549713134766
test/PNEUMONIA/person1682_virus_2899.jpeg,test,1,PNEUMONIA,1712,1392,161.54966735839844,33.533199310302734
test/PNEUMONIA/person1685_virus_2903.jpeg,test,1,PNEUMONIA,792,560,167.0450897216797,34.95887756347656
test/PNEUMONIA/person16_virus_47.jpeg,test,1,PNEUMONIA,1582,1333,150.65721130371094,37.53791046142578
test/PNEUMONIA/person171_bacteria_826.jpeg,test,1,PNEUMONIA,1088,672,137.13214111328125,40.28713607788086
test/PNEUMONIA/person172_bacteria_827.jpeg,test,1,PNEUMONIA,1088,752,131.09381103515625,30.814807891845703
test/PNEUMONIA/person172_bacteria_828.jpeg,test,1,PNEUMONIA,1458,990,107.32360076904297,35.81484603881836
test/PNEUMONIA/person173_bacteria_829.jpeg,test,1,PNEUMONIA,1192,992,124.64783477783203,33.6343994140625
test/PNEUMONIA/person173_bacteria_830.jpeg,test,1,PNEUMONIA,1208,792,133.3907012939453,37.60923385620117
test/PNEUMONIA/person173_bacteria_831.jpeg,test,1,PNEUMONIA,1368,1002,117.27812194824219,37.394859313964844
test/PNEUMONIA/person174_bacteria_832.jpeg,test,1,PNEUMONIA,1365,1118,149.77853393554688,40.731285095214844
test/PNEUMONIA/person175_bacteria_833.jpeg,test,1,PNEUMONIA,1096,880,136.142578125,37.4992561340332
test/PNEUMONIA/person175_bacteria_834.jpeg,test,1,PNEUMONIA,1184,960,125.22969818115234,40.14470672607422
test/PNEUMONIA/person175_bacteria_835.jpeg,test,1,PNEUMONIA,1208,640,122.36373138427734,39.423709869384766
test/PNEUMONIA/person17_virus_48.jpeg,test,1,PNEUMONIA,1224,856,134.68997192382812,36.972686767578125
test/PNEUMONIA/person18_virus_49.jpeg,test,1,PNEUMONIA,1198,654,124.5871810913086,38.89360809326172
test/PNEUMONIA/person19_virus_50.jpeg,test,1,PNEUMONIA,1462,1010,100.16190338134766,38.79107666015625
test/PNEUMONIA/person1_virus_11.jpeg,test,1,PNEUMONIA,872,560,146.53317260742188,32.83402633666992
test/PNEUMONIA/person1_virus_12.jpeg,test,1,PNEUMONIA,1080,624,119.82369232177734,35.66543960571289
test/PNEUMONIA/person1_virus_13.jpeg,test,1,PNEUMONIA,1136,654,104.6443862915039,38.100799560546875
test/PNEUMONIA/person1_virus_6.jpeg,test,1,PNEUMONIA,944,640,134.82261657714844,35.844608306884766
test/PNEUMONIA/person1_virus_7.jpeg,test,1,PNEUMONIA,1000,544,165.7172088623047,39.26522445678711
test/PNEUMONIA/person1_virus_8.jpeg,test,1,PNEUMONIA,960,544,122.43058013916016,32.23638916015625
test/PNEUMONIA/person1_virus_9.jpeg,test,1,PNEUMONIA,856,552,137.88230895996094,31.34625816345215
test/PNEUMONIA/person20_virus_51.jpeg,test,1,PNEUMONIA,1320,1208,159.94715881347656,33.42474365234375
test/PNEUMONIA/person21_virus_52.jpeg,test,1,PNEUMONIA,1952,1296,159.02273559570312,37.273223876953125
test/PNEUMONIA/person21_virus_53.jpeg,test,1,PNEUMONIA,2000,1456,170.34255981445312,39.980674743652344
test/PNEUMONIA/person22_virus_54.jpeg,test,1,PNEUMONIA,1216,584,124.41516876220703,43.65252685546875
test/PNEUMONIA/person22_virus_55.jpeg,test,1,PNEUMONIA,1096,712,159.7513427734375,42.61493682861328
test/PNEUMONIA/person23_virus_56.jpeg,test,1,PNEUMONIA,1520,872,152.3227081298828,48.52102279663086
test/PNEUMONIA/person24_virus_58.jpeg,test,1,PNEUMONIA,1352,792,147.5625762939453,34.721466064453125
test/PNEUMONIA/person25_virus_59.jpeg,test,1,PNEUMONIA,960,616,167.002685546875,51.456756591796875
test/PNEUMONIA/person26_virus_60.jpeg,test,1,PNEUMONIA,1152,720,150.71908569335938,42.34700012207031
test/PNEUMONIA/person28_virus_62.jpeg,test,1,PNEUMONIA,1216,872,128.69969177246094,42.91859817504883
test/PNEUMONIA/person28_virus_63.jpeg,test,1,PNEUMONIA,1232,864,159.8239288330078,48.079463958740234
test/PNEUMONIA/person29_virus_64.jpeg,test,1,PNEUMONIA,1024,600,126.5414047241211,41.035831451416016
test/PNEUMONIA/person30_virus_69.jpeg,test,1,PNEUMONIA,1576,1216,146.23316955566406,38.3997688293457
test/PNEUMONIA/person31_virus_70.jpeg,test,1,PNEUMONIA,896,544,158.0052947998047,42.35984802246094
test/PNEUMONIA/person32_virus_71.jpeg,test,1,PNEUMONIA,1288,952,166.87142944335938,46.96908187866211
test/PNEUMONIA/person33_virus_72.jpeg,test,1,PNEUMONIA,1024,552,129.05343627929688,43.357479095458984
test/PNEUMONIA/person34_virus_76.jpeg,test,1,PNEUMONIA,1648,1400,148.7433319091797,43.85420608520508
test/PNEUMONIA/person35_virus_80.jpeg,test,1,PNEUMONIA,1552,1016,145.23831176757812,48.05630874633789
test/PNEUMONIA/person36_virus_81.jpeg,test,1,PNEUMONIA,1264,824,143.71287536621094,51.245948791503906
test/PNEUMONIA/person37_virus_82.jpeg,test,1,PNEUMONIA,1080,752,137.1863555908203,40.010215759277344
test/PNEUMONIA/person38_virus_83.jpeg,test,1,PNEUMONIA,1400,1136,174.1320343017578,48.47090530395508
test/PNEUMONIA/person38_virus_84.jpeg,test,1,PNEUMONIA,1488,976,156.6961212158203,51.85698699951172
test/PNEUMONIA/person39_virus_85.jpeg,test,1,PNEUMONIA,1120,696,127.8561782836914,40.81813430786133
test/PNEUMONIA/person3_virus_15.jpeg,test,1,PNEUMONIA,1304,968,120.90863800048828,32.91603088378906
test/PNEUMONIA/person3_virus_16.jpeg,test,1,PNEUMONIA,1256,848,171.53073120117188,29.99451446533203
test/PNEUMONIA/person3_virus_17.jpeg,test,1,PNEUMONIA,1344,1120,127.90568542480469,36.74092483520508
test/PNEUMONIA/person40_virus_87.jpeg,test,1,PNEUMONIA,1040,768,131.0071563720703,45.35515213012695
test/PNEUMONIA/person41_virus_88.jpeg,test,1,PNEUMONIA,1328,984,167.1204376220703,41.8112678527832
test/PNEUMONIA/person42_virus_89.jpeg,test,1,PNEUMONIA,1016,616,128.8685302734375,45.829551696777344
test/PNEUMONIA/person43_virus_92.jpeg,test,1,PNEUMONIA,1192,752,138.15394592285156,39.55979919433594
test/PNEUMONIA/person44_virus_93.jpeg,test,1,PNEUMONIA,1192,920,171.4873809814453,37.979976654052734
test/PNEUMONIA/person44_virus_94.jpeg,test,1,PNEUMONIA,1392,1008,158.69219970703125,47.0385627746582
test/PNEUMONIA/person45_virus_95.jpeg,test,1,PNEUMONIA,1376,912,144.75302124023438,47.74884796142578
test/PNEUMONIA/person46_virus_96.jpeg,test,1,PNEUMONIA,1192,872,125.27124786376953,40.87989044189453
test/PNEUMONIA/person47_virus_99.jpeg,test,1,PNEUMONIA,1344,864,139.31515502929688,47.29949188232422
test/PNEUMONIA/person48_virus_100.jpeg,test,1,PNEUMONIA,1352,1064,159.1301727294922,42.025360107421875
test/PNEUMONIA/person49_virus_101.jpeg,test,1,PNEUMONIA,1336,1032,152.05322265625,44.096378326416016
test/PNEUMONIA/person50_virus_102.jpeg,test,1,PNEUMONIA,1280,760,126.69371795654297,41.76239776611328
test/PNEUMONIA/person51_virus_105.jpeg,test,1,PNEUMONIA,1160,696,135.7708740234375,39.85828399658203
test/PNEUMONIA/person52_virus_106.jpeg,test,1,PNEUMONIA,1048,688,153.25083923339844,43.55656433105469
test/PNEUMONIA/person53_virus_107.jpeg,test,1,PNEUMONIA,1168,712,140.65518188476562,43.81032943725586
test/PNEUMONIA/person53_virus_108.jpeg,test,1,PNEUMONIA,1152,728,142.51580810546875,41.66035461425781
test/PNEUMONIA/person54_virus_109.jpeg,test,1,PNEUMONIA,1184,816,146.42193603515625,40.39847183227539
test/PNEUMONIA/person55_virus_110.jpeg,test,1,PNEUMONIA,1464,744,148.8790283203125,40.10821533203125
test/PNEUMONIA/person56_virus_112.jpeg,test,1,PNEUMONIA,1088,576,135.6073760986328,41.01902770996094
test/PNEUMONIA/person57_virus_113.jpeg,test,1,PNEUMONIA,1192,856,124.5531997680664,41.374942779541016
test/PNEUMONIA/person59_virus_116.jpeg,test,1,PNEUMONIA,1072,616,155.69236755371094,48.85111618041992
test/PNEUMONIA/person60_virus_117.jpeg,test,1,PNEUMONIA,1072,880,151.71458435058594,34.51506805419922
test/PNEUMONIA/person61_virus_118.jpeg,test,1,PNEUMONIA,1088,696,141.35174560546875,37.52655029296875
test/PNEUMONIA/person62_virus_119.jpeg,test,1,PNEUMONIA,1544,872,154.4752197265625,40.62633514404297
test/PNEUMONIA/person63_virus_121.jpeg,test,1,PNEUMONIA,1504,1032,137.44447326660156,44.579246520996094
test/PNEUMONIA/person64_virus_122.jpeg,test,1,PNEUMONIA,1112,592,149.85830688476562,47.08030700683594
test/PNEUMONIA/person65_virus_123.jpeg,test,1,PNEUMONIA,1320,768,141.32395935058594,50.153770446777344
test/PNEUMONIA/person66_virus_125.jpeg,test,1,PNEUMONIA,1432,976,148.87364196777344,39.9356689453125
test/PNEUMONIA/person67_virus_126.jpeg,test,1,PNEUMONIA,1296,880,155.23175048828125,39.34404754638672
test/PNEUMONIA/person69_virus_129.jpeg,test,1,PNEUMONIA,1048,440,124.44864654541016,45.0333137512207
test/PNEUMONIA/person70_virus_130.jpeg,test,1,PNEUMONIA,1160,624,129.89926147460938,43.41675567626953
test/PNEUMONIA/person71_virus_131.jpeg,test,1,PNEUMONIA,1232,888,149.8062286376953,41.80837631225586
test/PNEUMONIA/person71_virus_132.jpeg,test,1,PNEUMONIA,1368,904,146.0850067138672,50.95594787597656
test/PNEUMONIA/person72_virus_133.jpeg,test,1,PNEUMONIA,1528,968,150.8269500732422,41.14034652709961
test/PNEUMONIA/person74_virus_135.jpeg,test,1,PNEUMONIA,840,560,120.99125671386719,38.48948669433594
test/PNEUMONIA/person75_virus_136.jpeg,test,1,PNEUMONIA,960,576,139.22897338867188,37.384395599365234
test/PNEUMONIA/person76_virus_138.jpeg,test,1,PNEUMONIA,1224,744,138.232177734375,46.69114303588867
test/PNEUMONIA/person77_virus_139.jpeg,test,1,PNEUMONIA,1240,784,112.8923110961914,43.46281433105469
test/PNEUMONIA/person78_bacteria_378.jpeg,test,1,PNEUMONIA,728,368,164.36703491210938,28.85678482055664
test/PNEUMONIA/person78_bacteria_380.jpeg,test,1,PNEUMONIA,864,464,150.98365783691406,33.79854965209961
test/PNEUMONIA/person78_bacteria_381.jpeg,test,1,PNEUMONIA,824,536,124.1334457397461,28.701492309570312
test/PNEUMONIA/person78_bacteria_382.jpeg,test,1,PNEUMONIA,1016,544,139.66842651367188,39.164798736572266
test/PNEUMONIA/person78_bacteria_384.jpeg,test,1,PNEUMONIA,744,424,132.40216064453125,31.945194244384766
test/PNEUMONIA/person78_bacteria_385.jpeg,test,1,PNEUMONIA,936,568,106.32174682617188,34.831390380859375
test/PNEUMONIA/person78_bacteria_386.jpeg,test,1,PNEUMONIA,744,416,132.215576171875,30.829355239868164
test/PNEUMONIA/person78_bacteria_387.jpeg,test,1,PNEUMONIA,1022,643,105.83751678466797,43.32366943359375
test/PNEUMONIA/person78_virus_140.jpeg,test,1,PNEUMONIA,1592,1144,154.34805297851562,44.76892852783203
test/PNEUMONIA/person79_virus_148.jpeg,test,1,PNEUMONIA,1632,1312,155.7703399658203,36.47229766845703
test/PNEUMONIA/person80_bacteria_389.jpeg,test,1,PNEUMONIA,1144,824,84.9876480102539,27.19228172302246
test/PNEUMONIA/person80_bacteria_390.jpeg,test,1,PNEUMONIA,1104,640,136.78466796875,37.02671432495117
test/PNEUMONIA/person80_bacteria_391.jpeg,test,1,PNEUMONIA,1032,744,111.9151611328125,29.159706115722656
test/PNEUMONIA/person80_bacteria_392.jpeg,test,1,PNEUMONIA,1152,832,108.02362823486328,34.44071960449219
test/PNEUMONIA/person80_bacteria_393.jpeg,test,1,PNEUMONIA,1310,844,140.4813232421875,43.7991943359375
test/PNEUMONIA/person81_bacteria_395.jpeg,test,1,PNEUMONIA,912,584,147.6766815185547,36.525596618652344
test/PNEUMONIA/person81_bacteria_396.jpeg,test,1,PNEUMONIA,1048,480,89.06456756591797,27.469778060913086
test/PNEUMONIA/person81_bacteria_397.jpeg,test,1,PNEUMONIA,888,344,133.93490600585938,30.326108932495117
test/PNEUMONIA/person81_bacteria_398.jpeg,test,1,PNEUMONIA,848,600,161.4529266357422,30.64708709716797
test/PNEUMONIA/person82_bacteria_402.jpeg,test,1,PNEUMONIA,928,536,116.38469696044922,36.53472900390625
test/PNEUMONIA/person82_bacteria_403.jpeg,test,1,PNEUMONIA,936,496,76.99394989013672,24.519596099853516
test/PNEUMONIA/person82_bacteria_404.jpeg,test,1,PNEUMONIA,840,464,117.30289459228516,32.56623458862305
test/PNEUMONIA/person82_bacteria_405.jpeg,test,1,PNEUMONIA,952,568,153.03335571289062,36.21259689331055
test/PNEUMONIA/person83_bacteria_407.jpeg,test,1,PNEUMONIA,1148,897,100.29593658447266,38.52678298950195
test/PNEUMONIA/person83_bacteria_409.jpeg,test,1,PNEUMONIA,968,712,129.20391845703125,35.75203323364258
test/PNEUMONIA/person83_bacteria_410.jpeg,test,1,PNEUMONIA,912,648,131.5269775390625,35.24662780761719
test/PNEUMONIA/person83_bacteria_411.jpeg,test,1,PNEUMONIA,1016,832,128.7904510498047,42.70814895629883
test/PNEUMONIA/person83_bacteria_412.jpeg,test,1,PNEUMONIA,864,560,166.93960571289062,31.954282760620117
test/PNEUMONIA/person83_bacteria_414.jpeg,test,1,PNEUMONIA,1010,717,143.90211486816406,37.43495178222656
test/PNEUMONIA/person85_bacteria_417.jpeg,test,1,PNEUMONIA,1048,568,127.58460998535156,37.9775390625
test/PNEUMONIA/person85_bacteria_419.jpeg,test,1,PNEUMONIA,952,672,115.44916534423828,35.323490142822266
test/PNEUMONIA/person85_bacteria_421.jpeg,test,1,PNEUMONIA,952,632,143.07395935058594,36.67991638183594
test/PNEUMONIA/person85_bacteria_422.jpeg,test,1,PNEUMONIA,904,480,143.9493408203125,37.99286651611328
test/PNEUMONIA/person85_bacteria_423.jpeg,test,1,PNEUMONIA,872,504,126.56421661376953,32.12726974487305
test/PNEUMONIA/person85_bacteria_424.jpeg,test,1,PNEUMONIA,1032,632,139.51644897460938,37.659637451171875
test/PNEUMONIA/person86_bacteria_428.jpeg,test,1,PNEUMONIA,832,552,135.77687072753906,33.58941650390625
test/PNEUMONIA/person86_bacteria_429.jpeg,test,1,PNEUMONIA,784,552,145.11328125,31.134695053100586
test/PNEUMONIA/person87_bacteria_433.jpeg,test,1,PNEUMONIA,1064,808,154.51593017578125,34.82341766357422
test/PNEUMONIA/person87_bacteria_434.jpeg,test,1,PNEUMONIA,1032,760,156.51199340820312,36.982940673828125
test/PNEUMONIA/person88_bacteria_437.jpeg,test,1,PNEUMONIA,1144,848,154.08506774902344,37.54966354370117
test/PNEUMONIA/person88_bacteria_438.jpeg,test,1,PNEUMONIA,1144,760,150.55601501464844,33.32128143310547
test/PNEUMONIA/person88_bacteria_439.jpeg,test,1,PNEUMONIA,1512,991,121.81600952148438,46.64369583129883
test/PNEUMONIA/person89_bacteria_440.jpeg,test,1,PNEUMONIA,1280,1000,168.36639404296875,34.69203186035156
test/PNEUMONIA/person8_virus_27.jpeg,test,1,PNEUMONIA,1008,696,124.33485412597656,33.06136703491211
test/PNEUMONIA/person8_virus_28.jpeg,test,1,PNEUMONIA,992,688,94.79124450683594,24.46988868713379
test/PNEUMONIA/person90_bacteria_442.jpeg,test,1,PNEUMONIA,1232,888,140.36822509765625,41.02103805541992
test/PNEUMONIA/person90_bacteria_443.jpeg,test,1,PNEUMONIA,904,664,145.34144592285156,31.097087860107422
test/PNEUMONIA/person91_bacteria_445.jpeg,test,1,PNEUMONIA,1110,870,108.0559310913086,38.75878143310547
test/PNEUMONIA/person91_bacteria_446.jpeg,test,1,PNEUMONIA,864,664,155.24728393554688,37.922706604003906
test/PNEUMONIA/person91_bacteria_447.jpeg,test,1,PNEUMONIA,936,656,108.34264373779297,35.51552963256836
test/PNEUMONIA/person91_bacteria_448.jpeg,test,1,PNEUMONIA,1128,817,117.7884750366211,48.25507354736328
test/PNEUMONIA/person91_bacteria_449.jpeg,test,1,PNEUMONIA,1006,740,131.2801971435547,38.2771110534668
test/PNEUMONIA/person92_bacteria_450.jpeg,test,1,PNEUMONIA,1072,560,116.16854858398438,33.92240524291992
test/PNEUMONIA/person92_bacteria_451.jpeg,test,1,PNEUMONIA,1040,568,103.98835754394531,26.310529708862305
test/PNEUMONIA/person93_bacteria_453.jpeg,test,1,PNEUMONIA,952,656,171.67233276367188,31.1439266204834
test/PNEUMONIA/person93_bacteria_454.jpeg,test,1,PNEUMONIA,1056,592,124.45586395263672,29.374544143676758
test/PNEUMONIA/person94_bacteria_456.jpeg,test,1,PNEUMONIA,1008,704,82.08373260498047,27.015138626098633
test/PNEUMONIA/person94_bacteria_457.jpeg,test,1,PNEUMONIA,1016,688,151.86997985839844,35.077335357666016
test/PNEUMONIA/person94_bacteria_458.jpeg,test,1,PNEUMONIA,952,560,116.18561553955078,33.60400390625
test/PNEUMONIA/person95_bacteria_463.jpeg,test,1,PNEUMONIA,1000,704,124.69284057617188,34.75849914550781
test/PNEUMONIA/person96_bacteria_464.jpeg,test,1,PNEUMONIA,936,800,159.18753051757812,34.45246887207031
test/PNEUMONIA/person96_bacteria_465.jpeg,test,1,PNEUMONIA,1120,856,143.0057830810547,43.3023567199707
test/PNEUMONIA/person96_bacteria_466.jpeg,test,1,PNEUMONIA,1064,856,142.6400604248047,40.09540939331055
test/PNEUMONIA/person97_bacteria_468.jpeg,test,1,PNEUMONIA,1400,1024,159.961181640625,42.00199508666992
test/PNEUMONIA/person99_bacteria_473.jpeg,test,1,PNEUMONIA,1264,1016,150.6390838623047,33.7387809753418
test/PNEUMONIA/person99_bacteria_474.jpeg,test,1,PNEUMONIA,1704,1122,143.65524291992188,43.073158264160156
train/NORMAL/IM-0115-0001.jpeg,train,0,NORMAL,2090,1858,147.4713592529297,42.56594467163086
train/NORMAL/IM-0119-0001.jpeg,train,0,NORMAL,1810,1434,139.31553649902344,47.166099548339844
train/NORMAL/IM-0122-0001.jpeg,train,0,NORMAL,1618,1279,152.00692749023438,44.498497009277344
train/NORMAL/IM-0125-0001.jpeg,train,0,NORMAL,1600,1125,121.12934112548828,44.25363540649414
train/NORMAL/IM-0127-0001.jpeg,train,0,NORMAL,1974,1306,148.8412322998047,38.899070739746094
train/NORMAL/IM-0128-0001.jpeg,train,0,NORMAL,1528,1013,110.64791870117188,40.16111755371094
train/NORMAL/IM-0129-0001.jpeg,train,0,NORMAL,1384,1167,132.17193603515625,42.63209533691406
train/NORMAL/IM-0131-0001.jpeg,train,0,NORMAL,1450,1144,125.26837158203125,37.38261795043945
train/NORMAL/IM-0133-0001.jpeg,train,0,NORMAL,1468,993,125.34274291992188,44.23097610473633
train/NORMAL/IM-0135-0001.jpeg,train,0,NORMAL,1724,1581,137.32508850097656,45.117061614990234
train/NORMAL/IM-0137-0001.jpeg,train,0,NORMAL,1346,1044,146.06727600097656,35.8228759765625
train/NORMAL/IM-0140-0001.jpeg,train,0,NORMAL,1156,1237,170.32809448242188,35.43512725830078
train/NORMAL/IM-0145-0001.jpeg,train,0,NORMAL,1596,1156,136.2408447265625,41.002830505371094
train/NORMAL/IM-0147-0001.jpeg,train,0,NORMAL,2102,1974,133.66432189941406,44.403282165527344
train/NORMAL/IM-0149-0001.jpeg,train,0,NORMAL,1542,1152,136.89462280273438,45.41557693481445
train/NORMAL/IM-0151-0001.jpeg,train,0,NORMAL,1518,1156,116.22442626953125,45.76444625854492
train/NORMAL/IM-0152-0001.jpeg,train,0,NORMAL,1612,1133,147.41751098632812,40.50760269165039
train/NORMAL/IM-0158-0001.jpeg,train,0,NORMAL,994,758,120.67217254638672,38.44838333129883
train/NORMAL/IM-0160-0001.jpeg,train,0,NORMAL,1750,1314,147.1055145263672,37.229637145996094
train/NORMAL/IM-0162-0001.jpeg,train,0,NORMAL,1762,1430,133.28558349609375,37.875213623046875
train/NORMAL/IM-0164-0001.jpeg,train,0,NORMAL,1202,808,151.70675659179688,34.81890106201172
train/NORMAL/IM-0166-0001.jpeg,train,0,NORMAL,1972,1719,135.158447265625,45.09413528442383
train/NORMAL/IM-0168-0001.jpeg,train,0,NORMAL,1534,1187,136.1034393310547,46.47718811035156
train/NORMAL/IM-0170-0001.jpeg,train,0,NORMAL,2148,1496,170.4712371826172,40.94590377807617
train/NORMAL/IM-0172-0001.jpeg,train,0,NORMAL,1876,1893,161.2289276123047,39.13060760498047
train/NORMAL/IM-0176-0001.jpeg,train,0,NORMAL,1680,1557,177.25270080566406,35.44911193847656
train/NORMAL/IM-0177-0001.jpeg,train,0,NORMAL,2172,1615,102.64298248291016,48.934173583984375
train/NORMAL/IM-0178-0001.jpeg,train,0,NORMAL,1646,1124,162.46170043945312,40.31553268432617
train/NORMAL/IM-0180-0001.jpeg,train,0,NORMAL,2136,1650,158.1864776611328,39.8377685546875
train/NORMAL/IM-0183-0001.jpeg,train,0,NORMAL,2338,2025,136.24021911621094,45.471370697021484
train/NORMAL/IM-0185-0001.jpeg,train,0,NORMAL,1458,1190,148.3348388671875,44.754188537597656
train/NORMAL/IM-0187-0001.jpeg,train,0,NORMAL,1854,1572,143.73037719726562,40.91300582885742
train/NORMAL/IM-0189-0001.jpeg,train,0,NORMAL,1466,1109,140.55673217773438,41.476524353027344
train/NORMAL/IM-0191-0001.jpeg,train,0,NORMAL,2164,1746,155.44354248046875,42.892181396484375
train/NORMAL/IM-0195-0001.jpeg,train,0,NORMAL,1774,1546,150.6513671875,41.46141815185547
train/NORMAL/IM-0199-0001.jpeg,train,0,NORMAL,1506,833,138.47164916992188,43.913352966308594
train/NORMAL/IM-0201-0001.jpeg,train,0,NORMAL,1446,1310,117.51249694824219,42.28522491455078
train/NORMAL/IM-0203-0001.jpeg,train,0,NORMAL,1434,1260,139.0206756591797,41.93277359008789
train/NORMAL/IM-0205-0001.jpeg,train,0,NORMAL,1554,1075,119.53327941894531,43.202117919921875
train/NORMAL/IM-0206-0001.jpeg,train,0,NORMAL,1040,747,133.7993621826172,37.0466194152832
train/NORMAL/IM-0207-0001.jpeg,train,0,NORMAL,1426,1049,128.86981201171875,40.66366195678711
train/NORMAL/IM-0209-0001.jpeg,train,0,NORMAL,1164,1021,144.18753051757812,39.57508850097656
train/NORMAL/IM-0210-0001.jpeg,train,0,NORMAL,1688,1105,126.54661560058594,45.42721939086914
train/NORMAL/IM-0211-0001.jpeg,train,0,NORMAL,1642,1245,139.51455688476562,40.326995849609375
train/NORMAL/IM-0213-0001.jpeg,train,0,NORMAL,1928,1303,137.42144775390625,42.950347900390625
train/NORMAL/IM-0214-0001.jpeg,train,0,NORMAL,1522,1221,147.54489135742188,39.690650939941406
train/NORMAL/IM-0215-0001.jpeg,train,0,NORMAL,1666,1209,125.3511734008789,44.8015022277832
train/NORMAL/IM-0216-0001.jpeg,train,0,NORMAL,1944,1367,123.43621826171875,47.233116149902344
train/NORMAL/IM-0217-0001.jpeg,train,0,NORMAL,1654,1275,112.5224609375,45.727970123291016
train/NORMAL/IM-0218-0001.jpeg,train,0,NORMAL,1678,1654,142.7648468017578,39.44199752807617
train/NORMAL/IM-0219-0001.jpeg,train,0,NORMAL,1592,1272,154.1080322265625,37.74522018432617
train/NORMAL/IM-0220-0001.jpeg,train,0,NORMAL,1484,1399,140.45849609375,45.2033576965332
train/NORMAL/IM-0221-0001.jpeg,train,0,NORMAL,1804,1480,157.738037109375,43.303836822509766
train/NORMAL/IM-0222-0001.jpeg,train,0,NORMAL,1604,1179,124.66817474365234,51.58291244506836
train/NORMAL/IM-0223-0001.jpeg,train,0,NORMAL,1852,1433,126.69302368164062,43.218345642089844
train/NORMAL/IM-0224-0001.jpeg,train,0,NORMAL,1766,1287,179.90353393554688,29.8670597076416
train/NORMAL/IM-0225-0001.jpeg,train,0,NORMAL,2214,1974,130.5562286376953,43.44400405883789
train/NORMAL/IM-0227-0001.jpeg,train,0,NORMAL,1870,1612,130.34107971191406,42.078704833984375
train/NORMAL/IM-0228-0001.jpeg,train,0,NORMAL,1608,1175,138.43284606933594,56.672542572021484
train/NORMAL/IM-0229-0001.jpeg,train,0,NORMAL,1442,1101,132.1815948486328,43.62099838256836
train/NORMAL/IM-0230-0001.jpeg,train,0,NORMAL,1624,1256,142.53636169433594,42.80277633666992
train/NORMAL/IM-0231-0001.jpeg,train,0,NORMAL,1650,1437,151.1287384033203,37.03418731689453
train/NORMAL/IM-0234-0001.jpeg,train,0,NORMAL,1550,1075,118.74275970458984,47.75602340698242
train/NORMAL/IM-0235-0001.jpeg,train,0,NORMAL,1816,1500,131.5595703125,43.76008987426758
train/NORMAL/IM-0236-0001.jpeg,train,0,NORMAL,1442,974,113.98812103271484,44.902713775634766
train/NORMAL/IM-0237-0001.jpeg,train,0,NORMAL,1790,1140,125.5506820678711,46.556488037109375
train/NORMAL/IM-0238-0001.jpeg,train,0,NORMAL,1464,1051,125.88812255859375,38.99123764038086
train/NORMAL/IM-0239-0001.jpeg,train,0,NORMAL,1690,1314,105.95645904541016,44.11090087890625
train/NORMAL/IM-0240-0001.jpeg,train,0,NORMAL,1944,1708,137.34518432617188,42.60699462890625
train/NORMAL/IM-0241-0001.jpeg,train,0,NORMAL,1806,1392,136.8956756591797,42.46952438354492
train/NORMAL/IM-0242-0001.jpeg,train,0,NORMAL,1844,1468,152.217041015625,37.95726776123047
train/NORMAL/IM-0243-0001.jpeg,train,0,NORMAL,1936,1677,133.66415405273438,45.168800354003906
train/NORMAL/IM-0244-0001.jpeg,train,0,NORMAL,1354,1024,126.57637023925781,43.803565979003906
train/NORMAL/IM-0245-0001.jpeg,train,0,NORMAL,1724,1480,143.8999481201172,39.29998779296875
train/NORMAL/IM-0248-0001.jpeg,train,0,NORMAL,1608,1228,99.27001953125,40.31544494628906
train/NORMAL/IM-0249-0001.jpeg,train,0,NORMAL,2396,1990,135.7069549560547,49.089412689208984
train/NORMAL/IM-0250-0001.jpeg,train,0,NORMAL,1550,1368,143.8953094482422,36.286033630371094
train/NORMAL/IM-0251-0001.jpeg,train,0,NORMAL,1812,1206,144.27333068847656,42.4654655456543
train/NORMAL/IM-0253-0001.jpeg,train,0,NORMAL,1720,1306,139.15664672851562,47.054466247558594
train/NORMAL/IM-0256-0001.jpeg,train,0,NORMAL,1562,1086,117.39826202392578,46.163841247558594
train/NORMAL/IM-0257-0001.jpeg,train,0,NORMAL,1682,1418,132.15382385253906,43.0482292175293
train/NORMAL/IM-0261-0001.jpeg,train,0,NORMAL,1596,1330,152.33880615234375,39.213619232177734
train/NORMAL/IM-0264-0001.jpeg,train,0,NORMAL,1810,1545,112.43624114990234,50.89652633666992
train/NORMAL/IM-0265-0001.jpeg,train,0,NORMAL,1616,1109,102.68893432617188,43.763790130615234
train/NORMAL/IM-0266-0001.jpeg,train,0,NORMAL,1848,1495,130.0,46.493377685546875
train/NORMAL/IM-0269-0001.jpeg,train,0,NORMAL,2002,1786,168.9722900390625,38.4368896484375
train/NORMAL/IM-0270-0001.jpeg,train,0,NORMAL,1346,1109,140.37742614746094,37.786773681640625
train/NORMAL/IM-0273-0001.jpeg,train,0,NORMAL,1522,1093,130.07716369628906,39.154014587402344
train/NORMAL/IM-0274-0001.jpeg,train,0,NORMAL,1704,1449,153.15963745117188,37.82476043701172
train/NORMAL/IM-0275-0001.jpeg,train,0,NORMAL,1866,1595,120.86933135986328,44.36251449584961
train/NORMAL/IM-0276-0001.jpeg,train,0,NORMAL,1828,1654,159.2008514404297,41.714576721191406
train/NORMAL/IM-0277-0001.jpeg,train,0,NORMAL,1608,1345,147.3435516357422,41.542442321777344
train/NORMAL/IM-0278-0001.jpeg,train,0,NORMAL,1766,1503,148.57090759277344,41.210784912109375
train/NORMAL/IM-0279-0001.jpeg,train,0,NORMAL,1616,1121,132.36866760253906,48.55949401855469
train/NORMAL/IM-0280-0001.jpeg,train,0,NORMAL,1728,1222,117.38715362548828,44.272945404052734
train/NORMAL/IM-0282-0001.jpeg,train,0,NORMAL,1588,1372,132.22189331054688,40.5688362121582
train/NORMAL/IM-0283-0001.jpeg,train,0,NORMAL,1936,1612,125.65550994873047,39.209171295166016
train/NORMAL/IM-0285-0001.jpeg,train,0,NORMAL,1426,1101,144.94415283203125,41.48883056640625
train/NORMAL/IM-0286-0001.jpeg,train,0,NORMAL,1982,1804,144.03346252441406,43.270748138427734
train/NORMAL/IM-0288-0001.jpeg,train,0,NORMAL,1438,1140,146.0546112060547,38.37023162841797
train/NORMAL/IM-0290-0001.jpeg,train,0,NORMAL,1708,1434,104.7340087890625,46.125308990478516
train/NORMAL/IM-0291-0001.jpeg,train,0,NORMAL,1518,1005,121.9197998046875,47.26536560058594
train/NORMAL/IM-0292-0001.jpeg,train,0,NORMAL,1858,1500,137.9726104736328,42.14514923095703
train/NORMAL/IM-0293-0001.jpeg,train,0,NORMAL,1438,1059,131.2893524169922,37.830177307128906
train/NORMAL/IM-0294-0001.jpeg,train,0,NORMAL,1700,1383,154.15261840820312,43.5869026184082
train/NORMAL/IM-0295-0001.jpeg,train,0,NORMAL,1828,1511,123.38490295410156,40.63375473022461
train/NORMAL/IM-0297-0001.jpeg,train,0,NORMAL,1708,1415,163.60060119628906,41.778900146484375
train/NORMAL/IM-0298-0001.jpeg,train,0,NORMAL,1704,1487,158.57827758789062,38.29884338378906
train/NORMAL/IM-0301-0001.jpeg,train,0,NORMAL,1708,1267,116.69676971435547,41.4249382019043
train/NORMAL/IM-0302-0001.jpeg,train,0,NORMAL,1430,1128,162.61314392089844,38.093170166015625
train/NORMAL/IM-0303-0001.jpeg,train,0,NORMAL,1762,1264,112.9449691772461,48.7037467956543
train/NORMAL/IM-0304-0001.jpeg,train,0,NORMAL,1472,978,113.08309936523438,42.07817459106445
train/NORMAL/IM-0305-0001.jpeg,train,0,NORMAL,1304,1097,138.1096649169922,39.18385314941406
train/NORMAL/IM-0306-0001.jpeg,train,0,NORMAL,1380,1040,147.5972442626953,35.56481170654297
train/NORMAL/IM-0307-0001.jpeg,train,0,NORMAL,1766,1557,144.8273162841797,42.42334747314453
train/NORMAL/IM-0309-0001.jpeg,train,0,NORMAL,2144,1805,137.0955047607422,41.02012634277344
train/NORMAL/IM-0311-0001.jpeg,train,0,NORMAL,1268,885,135.15122985839844,44.16781234741211
train/NORMAL/IM-0312-0001.jpeg,train,0,NORMAL,1508,1093,128.8605194091797,42.88648986816406
train/NORMAL/IM-0314-0001.jpeg,train,0,NORMAL,1014,846,150.58070373535156,39.7404670715332
train/NORMAL/IM-0315-0001.jpeg,train,0,NORMAL,1268,959,157.81773376464844,33.19126510620117
train/NORMAL/IM-0316-0001.jpeg,train,0,NORMAL,1368,1009,137.25994873046875,35.01942825317383
train/NORMAL/IM-0317-0001.jpeg,train,0,NORMAL,2106,1719,132.6389923095703,45.83536911010742
train/NORMAL/IM-0318-0001.jpeg,train,0,NORMAL,1634,1210,148.29888916015625,41.11272048950195
train/NORMAL/IM-0319-0001.jpeg,train,0,NORMAL,1292,1225,142.53427124023438,34.66384506225586
train/NORMAL/IM-0320-0001.jpeg,train,0,NORMAL,1700,1271,128.72012329101562,42.70418167114258
train/NORMAL/IM-0323-0001.jpeg,train,0,NORMAL,1824,1430,150.6884765625,37.80157470703125
train/NORMAL/IM-0325-0001.jpeg,train,0,NORMAL,1504,1174,135.83860778808594,44.620601654052734
train/NORMAL/IM-0326-0001.jpeg,train,0,NORMAL,1520,1306,136.75302124023438,35.835689544677734
train/NORMAL/IM-0329-0001.jpeg,train,0,NORMAL,1196,974,145.20301818847656,32.457496643066406
train/NORMAL/IM-0330-0001.jpeg,train,0,NORMAL,1422,1191,147.44357299804688,41.42398452758789
train/NORMAL/IM-0331-0001.jpeg,train,0,NORMAL,1360,1341,149.54217529296875,49.56105422973633
train/NORMAL/IM-0332-0001.jpeg,train,0,NORMAL,1512,1202,147.045166015625,37.61988830566406
train/NORMAL/IM-0333-0001.jpeg,train,0,NORMAL,1114,843,133.71836853027344,35.994728088378906
train/NORMAL/IM-0335-0001.jpeg,train,0,NORMAL,2538,1897,113.09774780273438,51.065673828125
train/NORMAL/IM-0337-0001.jpeg,train,0,NORMAL,1584,1237,146.2270965576172,41.173954010009766
train/NORMAL/IM-0338-0001.jpeg,train,0,NORMAL,1746,1392,116.66009521484375,41.926300048828125
train/NORMAL/IM-0339-0001.jpeg,train,0,NORMAL,1792,1623,146.39459228515625,39.923309326171875
train/NORMAL/IM-0340-0001.jpeg,train,0,NORMAL,1840,1480,135.8841552734375,46.44009780883789
train/NORMAL/IM-0341-0001.jpeg,train,0,NORMAL,1654,1364,140.5929412841797,39.65040969848633
train/NORMAL/IM-0343-0001.jpeg,train,0,NORMAL,1588,1217,134.86700439453125,38.622657775878906
train/NORMAL/IM-0345-0001.jpeg,train,0,NORMAL,1310,1071,154.0615692138672,35.94440841674805
train/NORMAL/IM-0346-0001.jpeg,train,0,NORMAL,1592,1411,131.25704956054688,42.833038330078125
train/NORMAL/IM-0348-0001.jpeg,train,0,NORMAL,1388,1063,152.15345764160156,39.8585090637207
train/NORMAL/IM-0349-0001.jpeg,train,0,NORMAL,1592,1329,142.9212646484375,45.45977020263672
train/NORMAL/IM-0350-0001.jpeg,train,0,NORMAL,1392,998,137.15069580078125,52.31591033935547
train/NORMAL/IM-0351-0001.jpeg,train,0,NORMAL,1774,1588,138.50804138183594,42.162193298339844
train/NORMAL/IM-0354-0001.jpeg,train,0,NORMAL,1538,986,128.95494079589844,49.81620788574219
train/NORMAL/IM-0355-0001.jpeg,train,0,NORMAL,1372,1109,140.4503631591797,37.02864074707031
train/NORMAL/IM-0356-0001.jpeg,train,0,NORMAL,1300,974,118.54150390625,34.70897674560547
train/NORMAL/IM-0357-0001.jpeg,train,0,NORMAL,2064,1951,139.44631958007812,42.262691497802734
train/NORMAL/IM-0358-0001.jpeg,train,0,NORMAL,1646,1299,125.48873901367188,39.906402587890625
train/NORMAL/IM-0359-0001.jpeg,train,0,NORMAL,1634,1272,134.8574676513672,43.9745979309082
train/NORMAL/IM-0361-0001.jpeg,train,0,NORMAL,1570,1156,138.44642639160156,44.9055061340332
train/NORMAL/IM-0362-0001.jpeg,train,0,NORMAL,1582,1183,143.15602111816406,41.968563079833984
train/NORMAL/IM-0363-0001.jpeg,train,0,NORMAL,1580,1402,123.52271270751953,44.694313049316406
train/NORMAL/IM-0364-0001.jpeg,train,0,NORMAL,1396,1001,135.1660919189453,44.09923553466797
train/NORMAL/IM-0365-0001.jpeg,train,0,NORMAL,1600,1229,132.652099609375,40.42900085449219
train/NORMAL/IM-0367-0001.jpeg,train,0,NORMAL,1472,1171,138.379638671875,46.329139709472656
train/NORMAL/IM-0368-0001.jpeg,train,0,NORMAL,1426,1164,140.34326171875,39.2385368347168
train/NORMAL/IM-0369-0001.jpeg,train,0,NORMAL,1396,1024,154.40963745117188,39.34176254272461
train/NORMAL/IM-0370-0001.jpeg,train,0,NORMAL,1114,832,142.8282928466797,37.2979621887207
train/NORMAL/IM-0371-0001.jpeg,train,0,NORMAL,2024,2036,158.88414001464844,41.33523178100586
train/NORMAL/IM-0372-0001.jpeg,train,0,NORMAL,1790,1654,148.30540466308594,38.535301208496094
train/NORMAL/IM-0374-0001.jpeg,train,0,NORMAL,1744,1402,176.0563507080078,45.25233840942383
train/NORMAL/IM-0375-0001.jpeg,train,0,NORMAL,1816,1627,129.1416015625,40.843902587890625
train/NORMAL/IM-0381-0001.jpeg,train,0,NORMAL,1744,1388,135.971435546875,41.138633728027344
train/NORMAL/IM-0383-0001.jpeg,train,0,NORMAL,1472,1318,147.24591064453125,44.163917541503906
train/NORMAL/IM-0384-0001.jpeg,train,0,NORMAL,1608,1226,149.94932556152344,49.914306640625
train/NORMAL/IM-0385-0001.jpeg,train,0,NORMAL,1712,1330,138.48960876464844,43.574737548828125
train/NORMAL/IM-0386-0001.jpeg,train,0,NORMAL,1550,1302,134.76165771484375,41.6087760925293
train/NORMAL/IM-0387-0001.jpeg,train,0,NORMAL,1920,1801,137.22760009765625,42.7556266784668
train/NORMAL/IM-0388-0001.jpeg,train,0,NORMAL,1680,1353,136.17922973632812,39.224456787109375
train/NORMAL/IM-0389-0001.jpeg,train,0,NORMAL,1530,1028,149.5526885986328,45.89693069458008
train/NORMAL/IM-0392-0001.jpeg,train,0,NORMAL,1442,1059,116.34416198730469,42.27223587036133
train/NORMAL/IM-0393-0001.jpeg,train,0,NORMAL,1754,1221,104.5145263671875,50.887210845947266
train/NORMAL/IM-0400-0001.jpeg,train,0,NORMAL,1446,1082,131.0115966796875,43.7838020324707
train/NORMAL/IM-0401-0001.jpeg,train,0,NORMAL,1820,1670,155.3678741455078,38.67049026489258
train/NORMAL/IM-0405-0001.jpeg,train,0,NORMAL,1952,1619,140.741455078125,43.850337982177734
train/NORMAL/IM-0408-0001.jpeg,train,0,NORMAL,1442,1148,150.56849670410156,39.66837692260742
train/NORMAL/IM-0409-0001.jpeg,train,0,NORMAL,1090,793,165.52069091796875,32.31966018676758
train/NORMAL/IM-0410-0001.jpeg,train,0,NORMAL,1632,1375,144.02137756347656,41.433475494384766
train/NORMAL/IM-0411-0001.jpeg,train,0,NORMAL,1728,1518,129.0441436767578,45.706298828125
train/NORMAL/IM-0413-0001.jpeg,train,0,NORMAL,2318,2411,131.5512237548828,42.28791427612305
train/NORMAL/IM-0414-0001.jpeg,train,0,NORMAL,1450,1287,135.6865997314453,39.60154342651367
train/NORMAL/IM-0416-0001.jpeg,train,0,NORMAL,1808,1418,146.50418090820312,35.05704879760742
train/NORMAL/IM-0417-0001.jpeg,train,0,NORMAL,1786,1500,130.15928649902344,44.72758102416992
train/NORMAL/IM-0420-0001.jpeg,train,0,NORMAL,1558,1352,136.10072326660156,33.44662094116211
train/NORMAL/IM-0421-0001.jpeg,train,0,NORMAL,1574,1129,122.18553924560547,40.44237518310547
train/NORMAL/IM-0424-0001.jpeg,train,0,NORMAL,1368,1078,144.78945922851562,44.06439208984375
train/NORMAL/IM-0425-0001.jpeg,train,0,NORMAL,1850,1314,121.24073028564453,42.15495681762695
train/NORMAL/IM-0427-0001.jpeg,train,0,NORMAL,1828,1357,153.0978546142578,44.78859329223633
train/NORMAL/IM-0428-0001.jpeg,train,0,NORMAL,1562,1348,169.0059051513672,42.194374084472656
train/NORMAL/IM-0429-0001-0001.jpeg,train,0,NORMAL,1918,1569,140.53102111816406,44.01784133911133
train/NORMAL/IM-0429-0001-0002.jpeg,train,0,NORMAL,1858,1380,137.3886260986328,42.96025085449219
train/NORMAL/IM-0429-0001.jpeg,train,0,NORMAL,1964,1692,129.32162475585938,37.1850471496582
train/NORMAL/IM-0430-0001.jpeg,train,0,NORMAL,1438,1082,144.91683959960938,42.47477722167969
train/NORMAL/IM-0431-0001.jpeg,train,0,NORMAL,1678,1414,143.85601806640625,41.68853759765625
train/NORMAL/IM-0432-0001.jpeg,train,0,NORMAL,1480,1228,155.48263549804688,46.290653228759766
train/NORMAL/IM-0434-0001.jpeg,train,0,NORMAL,2214,1715,153.49061584472656,39.930381774902344
train/NORMAL/IM-0435-0001-0001.jpeg,train,0,NORMAL,1512,1209,103.59508514404297,39.0041389465332
train/NORMAL/IM-0435-0001.jpeg,train,0,NORMAL,1130,831,143.07081604003906,37.40816879272461
train/NORMAL/IM-0437-0001-0001.jpeg,train,0,NORMAL,2022,1445,153.45896911621094,39.398372650146484
train/NORMAL/IM-0437-0001-0002.jpeg,train,0,NORMAL,1508,1152,146.0034637451172,42.78498077392578
train/NORMAL/IM-0437-0001.jpeg,train,0,NORMAL,1410,1179,122.18888092041016,36.47627258300781
train/NORMAL/IM-0438-0001.jpeg,train,0,NORMAL,1904,1422,144.72386169433594,44.391170501708984
train/NORMAL/IM-0439-0001-0001.jpeg,train,0,NORMAL,1766,1380,147.3292236328125,41.97282028198242
train/NORMAL/IM-0439-0001-0002.jpeg,train,0,NORMAL,1368,1032,134.61866760253906,42.32212829589844
train/NORMAL/IM-0439-0001.jpeg,train,0,NORMAL,1816,1558,155.72666931152344,41.603214263916016
train/NORMAL/IM-0441-0001.jpeg,train,0,NORMAL,1472,1171,125.8773422241211,43.33619689941406
train/NORMAL/IM-0442-0001.jpeg,train,0,NORMAL,1510,1352,155.3123321533203,41.38872528076172
train/NORMAL/IM-0444-0001.jpeg,train,0,NORMAL,1928,1754,126.52323913574219,42.66337203979492
train/NORMAL/IM-0445-0001.jpeg,train,0,NORMAL,1762,1506,143.86192321777344,41.76872634887695
train/NORMAL/IM-0447-0001.jpeg,train,0,NORMAL,1840,1499,133.36802673339844,42.38925552368164
train/NORMAL/IM-0448-0001.jpeg,train,0,NORMAL,1954,1279,112.4874496459961,41.07908630371094
train/NORMAL/IM-0449-0001.jpeg,train,0,NORMAL,1638,1236,147.4608612060547,41.566001892089844
train/NORMAL/IM-0450-0001.jpeg,train,0,NORMAL,1678,1480,134.92710876464844,40.70604705810547
train/NORMAL/IM-0451-0001.jpeg,train,0,NORMAL,1850,1746,129.26849365234375,41.44126892089844
train/NORMAL/IM-0453-0001-0002.jpeg,train,0,NORMAL,2088,2074,139.43988037109375,43.79581069946289
train/NORMAL/IM-0453-0001.jpeg,train,0,NORMAL,1762,1715,102.6923599243164,46.64006042480469
train/NORMAL/IM-0455-0001.jpeg,train,0,NORMAL,1364,1148,154.1591033935547,38.57949447631836
train/NORMAL/IM-0456-0001.jpeg,train,0,NORMAL,1812,1693,129.9897918701172,36.08504867553711
train/NORMAL/IM-0457-0001.jpeg,train,0,NORMAL,2090,1785,144.20016479492188,45.02053451538086
train/NORMAL/IM-0458-0001.jpeg,train,0,NORMAL,1226,955,141.3507843017578,40.78000259399414
train/NORMAL/IM-0459-0001.jpeg,train,0,NORMAL,2338,1970,155.68502807617188,43.83103561401367
train/NORMAL/IM-0460-0001.jpeg,train,0,NORMAL,1654,1259,141.48458862304688,40.15147399902344
train/NORMAL/IM-0461-0001.jpeg,train,0,NORMAL,1704,1341,135.6266326904297,44.55656814575195
train/NORMAL/IM-0463-0001.jpeg,train,0,NORMAL,1804,1758,144.86068725585938,40.40239715576172
train/NORMAL/IM-0464-0001.jpeg,train,0,NORMAL,1770,1353,126.8941421508789,48.46258544921875
train/NORMAL/IM-0465-0001.jpeg,train,0,NORMAL,1750,1334,142.7291259765625,44.12372970581055
train/NORMAL/IM-0466-0001.jpeg,train,0,NORMAL,1600,1264,147.06053161621094,35.58700180053711
train/NORMAL/IM-0467-0001-0001.jpeg,train,0,NORMAL,1912,1739,119.8718490600586,47.34531784057617
train/NORMAL/IM-0467-0001-0002.jpeg,train,0,NORMAL,1634,1372,142.67486572265625,46.495994567871094
train/NORMAL/IM-0467-0001.jpeg,train,0,NORMAL,2114,1866,122.09710693359375,46.75672149658203
train/NORMAL/IM-0471-0001.jpeg,train,0,NORMAL,2080,1781,159.2449493408203,40.577354431152344
train/NORMAL/IM-0472-0001.jpeg,train,0,NORMAL,1616,1318,165.83518981933594,34.91170883178711
train/NORMAL/IM-0473-0001.jpeg,train,0,NORMAL,1558,1179,150.8391876220703,41.93749237060547
train/NORMAL/IM-0474-0001.jpeg,train,0,NORMAL,1472,1013,151.91766357421875,45.82000732421875
train/NORMAL/IM-0475-0001.jpeg,train,0,NORMAL,1736,1345,143.97817993164062,42.003326416015625
train/NORMAL/IM-0476-0001.jpeg,train,0,NORMAL,1558,1048,143.9831085205078,44.67597198486328
train/NORMAL/IM-0478-0001.jpeg,train,0,NORMAL,1676,1561,146.60171508789062,40.62504196166992
train/NORMAL/IM-0479-0001.jpeg,train,0,NORMAL,1438,927,144.8898162841797,47.719730377197266
train/NORMAL/IM-0481-0001.jpeg,train,0,NORMAL,1222,970,126.78619384765625,37.16353225708008
train/NORMAL/IM-0482-0001.jpeg,train,0,NORMAL,1252,1028,134.70880126953125,38.4845085144043
train/NORMAL/IM-0483-0001.jpeg,train,0,NORMAL,1690,1167,155.17022705078125,39.811492919921875
train/NORMAL/IM-0484-0001.jpeg,train,0,NORMAL,1506,1121,143.688232421875,42.500885009765625
train/NORMAL/IM-0485-0001.jpeg,train,0,NORMAL,1404,1059,148.77426147460938,37.1690788269043
train/NORMAL/IM-0486-0001.jpeg,train,0,NORMAL,1808,1488,138.25408935546875,45.605690002441406
train/NORMAL/IM-0487-0001.jpeg,train,0,NORMAL,1778,1461,154.4510498046875,46.53445053100586
train/NORMAL/IM-0488-0001.jpeg,train,0,NORMAL,1280,909,138.29367065429688,40.95149230957031
train/NORMAL/IM-0490-0001.jpeg,train,0,NORMAL,2226,2013,144.93746948242188,39.12448501586914
train/NORMAL/IM-0491-0001-0001.jpeg,train,0,NORMAL,1584,1295,148.55911254882812,43.61129379272461
train/NORMAL/IM-0491-0001-0002.jpeg,train,0,NORMAL,1604,1414,148.6179962158203,50.60911178588867
train/NORMAL/IM-0491-0001.jpeg,train,0,NORMAL,2304,2086,120.12035369873047,41.00749588012695
train/NORMAL/IM-0493-0001.jpeg,train,0,NORMAL,2260,2237,106.45209503173828,37.82220458984375
train/NORMAL/IM-0495-0001.jpeg,train,0,NORMAL,2064,1750,139.54835510253906,46.537105560302734
train/NORMAL/IM-0496-0001.jpeg,train,0,NORMAL,1824,1426,171.71820068359375,36.571590423583984
train/NORMAL/IM-0497-0001-0001.jpeg,train,0,NORMAL,1284,1013,149.72195434570312,38.9991455078125
train/NORMAL/IM-0497-0001-0002.jpeg,train,0,NORMAL,1932,1561,135.64463806152344,40.93863296508789
train/NORMAL/IM-0497-0001.jpeg,train,0,NORMAL,1338,1194,149.8426513671875,37.536285400390625
train/NORMAL/IM-0499-0001-0001.jpeg,train,0,NORMAL,1582,1056,133.71237182617188,42.982749938964844
train/NORMAL/IM-0499-0001-0002.jpeg,train,0,NORMAL,1446,1391,144.28048706054688,40.80466842651367
train/NORMAL/IM-0499-0001.jpeg,train,0,NORMAL,1674,1493,151.18441772460938,40.045570373535156
train/NORMAL/IM-0500-0001.jpeg,train,0,NORMAL,1400,1239,145.3019256591797,47.79475021362305
train/NORMAL/IM-0501-0001-0001.jpeg,train,0,NORMAL,1364,1051,140.8876953125,44.06945037841797
train/NORMAL/IM-0501-0001-0002.jpeg,train,0,NORMAL,1562,1059,114.22176361083984,32.6967887878418
train/NORMAL/IM-0501-0001.jpeg,train,0,NORMAL,1870,1905,140.20204162597656,39.802391052246094
train/NORMAL/IM-0502-0001.jpeg,train,0,NORMAL,2156,1936,182.9107666015625,44.320289611816406
train/NORMAL/IM-0503-0001.jpeg,train,0,NORMAL,1504,1171,140.42428588867188,41.234092712402344
train/NORMAL/IM-0504-0001.jpeg,train,0,NORMAL,1554,1449,126.6791000366211,46.66438674926758
train/NORMAL/IM-0505-0001-0001.jpeg,train,0,NORMAL,1400,1221,151.04385375976562,42.61888122558594
train/NORMAL/IM-0505-0001-0002.jpeg,train,0,NORMAL,1314,1171,118.64845275878906,35.430198669433594
train/NORMAL/IM-0505-0001.jpeg,train,0,NORMAL,1696,1330,151.09532165527344,42.017051696777344
train/NORMAL/IM-0506-0001.jpeg,train,0,NORMAL,1700,1368,139.45233154296875,40.32269287109375
train/NORMAL/IM-0508-0001.jpeg,train,0,NORMAL,1936,1669,131.6453857421875,45.62272262573242
train/NORMAL/IM-0509-0001-0002.jpeg,train,0,NORMAL,1306,920,160.17213439941406,41.15089416503906
train/NORMAL/IM-0509-0001.jpeg,train,0,NORMAL,1248,1044,144.06756591796875,47.38090896606445
train/NORMAL/IM-0510-0001.jpeg,train,0,NORMAL,1616,1147,137.95413208007812,48.59358596801758
train/NORMAL/IM-0511-0001-0001.jpeg,train,0,NORMAL,1302,1187,137.26422119140625,35.13698959350586
train/NORMAL/IM-0511-0001-0002.jpeg,train,0,NORMAL,1870,1495,128.77308654785156,40.99921417236328
train/NORMAL/IM-0511-0001.jpeg,train,0,NORMAL,2060,1839,137.23507690429688,46.21720886230469
train/NORMAL/IM-0512-0001.jpeg,train,0,NORMAL,1558,1279,149.6742706298828,46.636924743652344
train/NORMAL/IM-0513-0001.jpeg,train,0,NORMAL,1492,1024,128.0575408935547,42.58786392211914
train/NORMAL/IM-0514-0001.jpeg,train,0,NORMAL,1866,1302,137.02548217773438,49.14140319824219
train/NORMAL/IM-0515-0001.jpeg,train,0,NORMAL,1644,1167,117.49725341796875,40.90019607543945
train/NORMAL/IM-0516-0001.jpeg,train,0,NORMAL,1496,981,121.78382110595703,48.86715316772461
train/NORMAL/IM-0517-0001-0001.jpeg,train,0,NORMAL,2102,1654,158.91891479492188,41.85444641113281
train/NORMAL/IM-0519-0001-0001.jpeg,train,0,NORMAL,1742,1322,146.19068908691406,37.13889694213867
train/NORMAL/IM-0519-0001-0002.jpeg,train,0,NORMAL,2014,1577,129.95249938964844,46.485198974609375
train/NORMAL/IM-0519-0001.jpeg,train,0,NORMAL,1822,1705,149.95021057128906,43.86103439331055
train/NORMAL/IM-0520-0001.jpeg,train,0,NORMAL,1642,1545,122.36044311523438,44.2742805480957
train/NORMAL/IM-0521-0001.jpeg,train,0,NORMAL,2890,2534,154.74478149414062,39.99179458618164
train/NORMAL/IM-0522-0001.jpeg,train,0,NORMAL,1636,1074,123.569580078125,47.95926284790039
train/NORMAL/IM-0523-0001-0002.jpeg,train,0,NORMAL,1762,1480,138.5219268798828,41.04997634887695
train/NORMAL/IM-0523-0001-0003.jpeg,train,0,NORMAL,1628,1167,148.63072204589844,41.541446685791016
train/NORMAL/IM-0523-0001.jpeg,train,0,NORMAL,1492,1106,161.2389678955078,42.11511993408203
train/NORMAL/IM-0524-0001.jpeg,train,0,NORMAL,1964,1611,160.1427764892578,41.66891860961914
train/NORMAL/IM-0525-0001-0001.jpeg,train,0,NORMAL,1268,1017,151.91481018066406,33.62260818481445
train/NORMAL/IM-0525-0001.jpeg,train,0,NORMAL,1418,1024,132.76419067382812,33.244468688964844
train/NORMAL/IM-0526-0001.jpeg,train,0,NORMAL,1576,1395,135.1439666748047,47.333160400390625
train/NORMAL/IM-0527-0001.jpeg,train,0,NORMAL,1728,1175,123.5270767211914,46.1269645690918
train/NORMAL/IM-0528-0001.jpeg,train,0,NORMAL,1426,1128,130.98216247558594,42.182071685791016
train/NORMAL/IM-0529-0001.jpeg,train,0,NORMAL,1484,1267,139.00836181640625,39.23991775512695
train/NORMAL/IM-0530-0001.jpeg,train,0,NORMAL,1458,1128,147.19912719726562,39.235069274902344
train/NORMAL/IM-0531-0001-0001.jpeg,train,0,NORMAL,1882,1353,131.24188232421875,45.860008239746094
train/NORMAL/IM-0531-0001.jpeg,train,0,NORMAL,1626,1600,148.8272705078125,40.6683464050293
train/NORMAL/IM-0532-0001.jpeg,train,0,NORMAL,1466,1140,140.2444305419922,44.40940856933594
train/NORMAL/IM-0533-0001-0001.jpeg,train,0,NORMAL,1908,1476,128.90597534179688,41.159156799316406
train/NORMAL/IM-0533-0001-0002.jpeg,train,0,NORMAL,1756,1484,155.30422973632812,42.63481903076172
train/NORMAL/IM-0533-0001.jpeg,train,0,NORMAL,2518,2364,149.74542236328125,40.676883697509766
train/NORMAL/IM-0534-0001.jpeg,train,0,NORMAL,1624,1375,120.61051177978516,40.67892074584961
train/NORMAL/IM-0535-0001.jpeg,train,0,NORMAL,1522,1109,154.39950561523438,43.30923080444336
train/NORMAL/IM-0536-0001.jpeg,train,0,NORMAL,1670,1344,135.65838623046875,49.96308898925781
train/NORMAL/IM-0537-0001.jpeg,train,0,NORMAL,1550,1059,153.38133239746094,42.86469268798828
train/NORMAL/IM-0538-0001.jpeg,train,0,NORMAL,1902,1595,139.2567138671875,43.624507904052734
train/NORMAL/IM-0539-0001-0001.jpeg,train,0,NORMAL,2110,1700,131.34437561035156,39.254295349121094
train/NORMAL/IM-0539-0001-0002.jpeg,train,0,NORMAL,1526,1195,145.32313537597656,37.45269012451172
train/NORMAL/IM-0539-0001.jpeg,train,0,NORMAL,1724,1476,149.58041381835938,42.22334289550781
train/NORMAL/IM-0540-0001.jpeg,train,0,NORMAL,1496,1333,143.06581115722656,45.14505386352539
train/NORMAL/IM-0541-0001.jpeg,train,0,NORMAL,1940,1522,124.37252807617188,49.55604934692383
train/NORMAL/IM-0542-0001.jpeg,train,0,NORMAL,1886,1406,149.47801208496094,41.82431411743164
train/NORMAL/IM-0543-0001-0002.jpeg,train,0,NORMAL,1640,1410,140.7443084716797,37.976524353027344
train/NORMAL/IM-0543-0001.jpeg,train,0,NORMAL,1778,1318,128.09588623046875,42.7776985168457
train/NORMAL/IM-0544-0001.jpeg,train,0,NORMAL,1542,1286,137.09347534179688,39.51188659667969
train/NORMAL/IM-0545-0001-0001.jpeg,train,0,NORMAL,1924,1580,133.31326293945312,44.47029495239258
train/NORMAL/IM-0545-0001-0002.jpeg,train,0,NORMAL,1940,1503,138.3009033203125,43.45935821533203
train/NORMAL/IM-0545-0001.jpeg,train,0,NORMAL,1658,1183,121.84066009521484,47.728660583496094
train/NORMAL/IM-0546-0001.jpeg,train,0,NORMAL,1854,1457,124.08189392089844,47.698204040527344
train/NORMAL/IM-0547-0001.jpeg,train,0,NORMAL,1296,1074,182.0731658935547,41.20645523071289
train/NORMAL/IM-0548-0001.jpeg,train,0,NORMAL,1790,1132,134.81985473632812,51.359962463378906
train/NORMAL/IM-0549-0001-0001.jpeg,train,0,NORMAL,1696,1349,143.8137664794922,42.70713806152344
train/NORMAL/IM-0549-0001-0002.jpeg,train,0,NORMAL,1912,1708,144.2290802001953,43.86043930053711
train/NORMAL/IM-0551-0001-0002.jpeg,train,0,NORMAL,1624,1341,140.2447509765625,39.87250518798828
train/NORMAL/IM-0551-0001.jpeg,train,0,NORMAL,1944,1746,167.14373779296875,30.84819984436035
train/NORMAL/IM-0552-0001.jpeg,train,0,NORMAL,1924,1623,139.34547424316406,43.543861389160156
train/NORMAL/IM-0553-0001-0001.jpeg,train,0,NORMAL,1632,1206,129.8201446533203,40.930511474609375
train/NORMAL/IM-0553-0001.jpeg,train,0,NORMAL,2264,1900,153.0259246826172,44.461849212646484
train/NORMAL/IM-0555-0001-0001.jpeg,train,0,NORMAL,1902,1854,135.02508544921875,43.120845794677734
train/NORMAL/IM-0555-0001-0002.jpeg,train,0,NORMAL,1446,1171,145.10455322265625,41.04542541503906
train/NORMAL/IM-0555-0001.jpeg,train,0,NORMAL,1646,1476,147.35055541992188,40.868350982666016
train/NORMAL/IM-0559-0001.jpeg,train,0,NORMAL,1346,1024,152.14059448242188,42.97156524658203
train/NORMAL/IM-0560-0001.jpeg,train,0,NORMAL,1778,1356,137.48960876464844,46.14456558227539
train/NORMAL/IM-0561-0001.jpeg,train,0,NORMAL,2172,1963,149.63755798339844,38.052799224853516
train/NORMAL/IM-0562-0001.jpeg,train,0,NORMAL,1330,1133,135.09771728515625,38.604774475097656
train/NORMAL/IM-0564-0001.jpeg,train,0,NORMAL,1472,1360,151.18341064453125,36.891258239746094
train/NORMAL/IM-0565-0001.jpeg,train,0,NORMAL,1940,1755,136.1645050048828,42.14588928222656
train/NORMAL/IM-0570-0001.jpeg,train,0,NORMAL,1816,1554,147.20480346679688,41.36527633666992
train/NORMAL/IM-0571-0001.jpeg,train,0,NORMAL,1746,1445,135.15652465820312,40.83988571166992
train/NORMAL/IM-0574-0001.jpeg,train,0,NORMAL,1736,1553,154.26206970214844,41.61817932128906
train/NORMAL/IM-0577-0001.jpeg,train,0,NORMAL,1376,1210,143.116455078125,39.470947265625
train/NORMAL/IM-0578-0001.jpeg,train,0,NORMAL,1630,1353,157.7665557861328,42.6656494140625
train/NORMAL/IM-0579-0001.jpeg,train,0,NORMAL,1604,1117,133.49212646484375,45.958396911621094
train/NORMAL/IM-0580-0001.jpeg,train,0,NORMAL,1728,1522,141.57110595703125,41.44253158569336
train/NORMAL/IM-0581-0001.jpeg,train,0,NORMAL,1338,1433,139.1335906982422,40.0052604675293
train/NORMAL/IM-0582-0001.jpeg,train,0,NORMAL,2180,1955,122.34432983398438,39.28987503051758
train/NORMAL/IM-0583-0001.jpeg,train,0,NORMAL,1692,1341,138.55027770996094,45.185916900634766
train/NORMAL/IM-0584-0001.jpeg,train,0,NORMAL,1148,908,132.38465881347656,42.47202682495117
train/NORMAL/IM-0586-0001.jpeg,train,0,NORMAL,1812,1476,124.71526336669922,33.9452018737793
train/NORMAL/IM-0588-0001.jpeg,train,0,NORMAL,1488,1017,135.79090881347656,43.75273132324219
train/NORMAL/IM-0590-0001.jpeg,train,0,NORMAL,2056,1673,154.41465759277344,38.43436050415039
train/NORMAL/IM-0592-0001.jpeg,train,0,NORMAL,1932,1712,149.7946319580078,42.29366683959961
train/NORMAL/IM-0593-0001.jpeg,train,0,NORMAL,1728,1333,178.38623046875,50.283729553222656
train/NORMAL/IM-0595-0001.jpeg,train,0,NORMAL,1924,2102,133.7490692138672,42.20018005371094
train/NORMAL/IM-0596-0001.jpeg,train,0,NORMAL,1430,1141,126.54926300048828,47.49683380126953
train/NORMAL/IM-0598-0001.jpeg,train,0,NORMAL,1518,1302,123.58905029296875,45.53245162963867
train/NORMAL/IM-0599-0001.jpeg,train,0,NORMAL,1550,1144,139.13160705566406,37.1466064453125
train/NORMAL/IM-0600-0001.jpeg,train,0,NORMAL,1832,1488,153.24916076660156,42.35251235961914
train/NORMAL/IM-0601-0001.jpeg,train,0,NORMAL,1858,1680,143.86241149902344,41.071895599365234
train/NORMAL/IM-0602-0001.jpeg,train,0,NORMAL,1350,1062,158.80264282226562,42.480445861816406
train/NORMAL/IM-0604-0001.jpeg,train,0,NORMAL,1724,1353,141.4646759033203,40.64338302612305
train/NORMAL/IM-0605-0001.jpeg,train,0,NORMAL,1396,955,132.25303649902344,43.480690002441406
train/NORMAL/IM-0606-0001.jpeg,train,0,NORMAL,1850,1445,145.01434326171875,43.196651458740234
train/NORMAL/IM-0607-0001.jpeg,train,0,NORMAL,1518,1121,125.47665405273438,44.61378860473633
train/NORMAL/IM-0608-0001-0001.jpeg,train,0,NORMAL,1300,928,144.0260772705078,41.035003662109375
train/NORMAL/IM-0608-0001-0002.jpeg,train,0,NORMAL,1580,1604,163.6130828857422,41.764854431152344
train/NORMAL/IM-0608-0001.jpeg,train,0,NORMAL,1852,1403,147.1023712158203,43.53334426879883
train/NORMAL/IM-0609-0001.jpeg,train,0,NORMAL,1394,1257,139.6731719970703,43.44303512573242
train/NORMAL/IM-0612-0001-0001.jpeg,train,0,NORMAL,1488,1094,124.11502838134766,47.178768157958984
train/NORMAL/IM-0612-0001-0002.jpeg,train,0,NORMAL,1466,1175,125.72383880615234,43.46845245361328
train/NORMAL/IM-0612-0001.jpeg,train,0,NORMAL,1460,1279,137.98623657226562,44.1772346496582
train/NORMAL/IM-0613-0001.jpeg,train,0,NORMAL,1732,1662,135.02981567382812,46.28564453125
train/NORMAL/IM-0614-0001.jpeg,train,0,NORMAL,1750,1480,125.54878997802734,44.232887268066406
train/NORMAL/IM-0616-0001.jpeg,train,0,NORMAL,1792,1422,143.99269104003906,45.809906005859375
train/NORMAL/IM-0617-0001.jpeg,train,0,NORMAL,1622,1383,125.2611083984375,37.8077507019043
train/NORMAL/IM-0618-0001-0001.jpeg,train,0,NORMAL,2292,1893,121.19723510742188,39.26485824584961
train/NORMAL/IM-0618-0001-0002.jpeg,train,0,NORMAL,2178,1970,124.64167785644531,38.75468826293945
train/NORMAL/IM-0618-0001.jpeg,train,0,NORMAL,2078,2047,143.13992309570312,43.85878372192383
train/NORMAL/IM-0619-0001.jpeg,train,0,NORMAL,1554,1345,158.0246124267578,42.55350112915039
train/NORMAL/IM-0620-0001-0001.jpeg,train,0,NORMAL,1832,1472,147.52232360839844,41.01253128051758
train/NORMAL/IM-0620-0001-0002.jpeg,train,0,NORMAL,1512,1302,150.5728759765625,38.613399505615234
train/NORMAL/IM-0620-0001.jpeg,train,0,NORMAL,1514,1395,144.83316040039062,38.844425201416016
train/NORMAL/IM-0621-0001.jpeg,train,0,NORMAL,1524,1171,104.58738708496094,32.570030212402344
train/NORMAL/IM-0622-0001-0001.jpeg,train,0,NORMAL,1598,1197,136.0353240966797,43.598636627197266
train/NORMAL/IM-0622-0001-0002.jpeg,train,0,NORMAL,1626,1268,135.7435302734375,44.06365203857422
train/NORMAL/IM-0622-0001.jpeg,train,0,NORMAL,1840,1507,130.14707946777344,48.10312271118164
train/NORMAL/IM-0624-0001-0002.jpeg,train,0,NORMAL,1690,1334,124.15828704833984,40.67263412475586
train/NORMAL/IM-0624-0001.jpeg,train,0,NORMAL,1630,1333,129.99632263183594,42.64021301269531
train/NORMAL/IM-0625-0001.jpeg,train,0,NORMAL,1678,1229,152.78338623046875,39.99681854248047
train/NORMAL/IM-0626-0001-0002.jpeg,train,0,NORMAL,1728,1249,128.84445190429688,40.787635803222656
train/NORMAL/IM-0627-0001.jpeg,train,0,NORMAL,1802,1514,139.44866943359375,42.48851013183594
train/NORMAL/IM-0628-0001.jpeg,train,0,NORMAL,2012,1457,165.66644287109375,35.89268112182617
train/NORMAL/IM-0629-0001-0002.jpeg,train,0,NORMAL,1804,1510,134.8779754638672,41.83253860473633
train/NORMAL/IM-0629-0001-0003.jpeg,train,0,NORMAL,1874,1735,140.64535522460938,38.74909591674805
train/NORMAL/IM-0630-0001.jpeg,train,0,NORMAL,1956,1634,147.54257202148438,33.52438735961914
train/NORMAL/IM-0631-0001-0001.jpeg,train,0,NORMAL,1744,1337,147.47093200683594,45.98911666870117
train/NORMAL/IM-0631-0001-0002.jpeg,train,0,NORMAL,1738,1430,141.67636108398438,45.826576232910156
train/NORMAL/IM-0631-0001.jpeg,train,0,NORMAL,1746,1279,156.63002014160156,42.615020751953125
train/NORMAL/IM-0632-0001.jpeg,train,0,NORMAL,1438,1067,142.7563018798828,42.065311431884766
train/NORMAL/IM-0633-0001.jpeg,train,0,NORMAL,1836,1719,137.9855194091797,42.69292449951172
train/NORMAL/IM-0634-0001.jpeg,train,0,NORMAL,1500,1051,163.3037109375,40.415077209472656
train/NORMAL/IM-0636-0001.jpeg,train,0,NORMAL,1766,1611,148.31497192382812,39.8321647644043
train/NORMAL/IM-0637-0001.jpeg,train,0,NORMAL,1746,1442,128.13539123535156,39.74604415893555
train/NORMAL/IM-0640-0001-0001.jpeg,train,0,NORMAL,1462,1140,127.632080078125,38.22378158569336
train/NORMAL/IM-0640-0001-0002.jpeg,train,0,NORMAL,1470,1248,145.1072235107422,40.367454528808594
train/NORMAL/IM-0640-0001.jpeg,train,0,NORMAL,1642,1221,149.95518493652344,42.32294845581055
train/NORMAL/IM-0641-0001.jpeg,train,0,NORMAL,1858,1480,151.06764221191406,41.727577209472656
train/NORMAL/IM-0642-0001.jpeg,train,0,NORMAL,1508,1052,148.6453094482422,41.640159606933594
train/NORMAL/IM-0643-0001.jpeg,train,0,NORMAL,2348,1851,150.84999084472656,49.5475959777832
train/NORMAL/IM-0644-0001-0001.jpeg,train,0,NORMAL,1284,1020,148.46742248535156,41.90284729003906
train/NORMAL/IM-0644-0001.jpeg,train,0,NORMAL,1414,1086,143.95379638671875,45.890357971191406
train/NORMAL/IM-0645-0001.jpeg,train,0,NORMAL,2048,1777,160.1722412109375,42.766624450683594
train/NORMAL/IM-0646-0001.jpeg,train,0,NORMAL,1630,1179,148.67149353027344,44.43920135498047
train/NORMAL/IM-0648-0001.jpeg,train,0,NORMAL,1604,1279,159.02928161621094,38.39573669433594
train/NORMAL/IM-0649-0001.jpeg,train,0,NORMAL,1512,1005,134.59405517578125,44.12420654296875
train/NORMAL/IM-0650-0001-0001.jpeg,train,0,NORMAL,1682,1341,125.80572509765625,44.901302337646484
train/NORMAL/IM-0650-0001.jpeg,train,0,NORMAL,1620,1159,154.52305603027344,45.14720916748047
train/NORMAL/IM-0651-0001.jpeg,train,0,NORMAL,1126,1012,131.60403442382812,39.66706466674805
train/NORMAL/IM-0652-0001-0002.jpeg,train,0,NORMAL,1512,1237,149.677490234375,44.591278076171875
train/NORMAL/IM-0652-0001.jpeg,train,0,NORMAL,2480,1924,104.03044128417969,38.64311981201172
train/NORMAL/IM-0654-0001.jpeg,train,0,NORMAL,1790,1519,167.2079620361328,39.831993103027344
train/NORMAL/IM-0655-0001.jpeg,train,0,NORMAL,2134,1827,137.2752685546875,46.54119873046875
train/NORMAL/IM-0656-0001-0001.jpeg,train,0,NORMAL,2194,1966,169.47349548339844,40.960323333740234
train/NORMAL/IM-0656-0001-0002.jpeg,train,0,NORMAL,1624,1299,130.1049041748047,46.55385208129883
train/NORMAL/IM-0656-0001.jpeg,train,0,NORMAL,1504,1395,148.35658264160156,44.583892822265625
train/NORMAL/IM-0658-0001.jpeg,train,0,NORMAL,1800,1723,157.4702911376953,45.27350616455078
train/NORMAL/IM-0659-0001.jpeg,train,0,NORMAL,1566,1271,139.05650329589844,42.38465118408203
train/NORMAL/IM-0660-0001-0001.jpeg,train,0,NORMAL,1330,1132,143.82203674316406,37.64625930786133
train/NORMAL/IM-0660-0001-0002.jpeg,train,0,NORMAL,1654,1688,118.93791961669922,46.07649612426758
train/NORMAL/IM-0660-0001.jpeg,train,0,NORMAL,1680,1642,141.3334503173828,41.15208435058594
train/NORMAL/IM-0662-0001.jpeg,train,0,NORMAL,1538,1179,144.71046447753906,46.63746643066406
train/NORMAL/IM-0664-0001.jpeg,train,0,NORMAL,2016,1603,132.71865844726562,48.59823989868164
train/NORMAL/IM-0665-0001.jpeg,train,0,NORMAL,1364,1179,141.91673278808594,34.61582946777344
train/NORMAL/IM-0666-0001-0001.jpeg,train,0,NORMAL,1748,1442,142.5890350341797,45.825904846191406
train/NORMAL/IM-0666-0001-0002.jpeg,train,0,NORMAL,1480,1306,152.81275939941406,37.95050811767578
train/NORMAL/IM-0666-0001.jpeg,train,0,NORMAL,2418,2260,135.0244598388672,44.6625862121582
train/NORMAL/IM-0667-0001.jpeg,train,0,NORMAL,1754,1615,136.96743774414062,42.19017028808594
train/NORMAL/IM-0668-0001.jpeg,train,0,NORMAL,1596,1306,145.27915954589844,46.18250274658203
train/NORMAL/IM-0669-0001.jpeg,train,0,NORMAL,1458,1074,128.8157501220703,42.093814849853516
train/NORMAL/IM-0670-0001.jpeg,train,0,NORMAL,2434,2418,138.01519775390625,44.16793441772461
train/NORMAL/IM-0672-0001.jpeg,train,0,NORMAL,2018,1920,133.26010131835938,40.6372184753418
train/NORMAL/IM-0673-0001.jpeg,train,0,NORMAL,1364,1136,154.2535400390625,33.806068420410156
train/NORMAL/IM-0674-0001.jpeg,train,0,NORMAL,1870,1380,136.13568115234375,39.31334686279297
train/NORMAL/IM-0676-0001.jpeg,train,0,NORMAL,1752,1160,136.24945068359375,41.26814651489258
train/NORMAL/IM-0677-0001.jpeg,train,0,NORMAL,1604,1202,155.45030212402344,44.625282287597656
train/NORMAL/IM-0678-0001.jpeg,train,0,NORMAL,1792,1611,156.66275024414062,37.533180236816406
train/NORMAL/IM-0679-0001.jpeg,train,0,NORMAL,1368,1151,128.80606079101562,42.54018783569336
train/NORMAL/IM-0680-0001.jpeg,train,0,NORMAL,1530,1078,115.26023864746094,37.850215911865234
train/NORMAL/IM-0681-0001.jpeg,train,0,NORMAL,1496,1074,136.1151885986328,39.478599548339844
train/NORMAL/IM-0682-0001.jpeg,train,0,NORMAL,1948,1670,148.67251586914062,40.96380615234375
train/NORMAL/IM-0683-0001.jpeg,train,0,NORMAL,1674,1144,146.016845703125,53.39259719848633
train/NORMAL/IM-0684-0001.jpeg,train,0,NORMAL,2078,1801,135.88180541992188,37.95821762084961
train/NORMAL/IM-0685-0001.jpeg,train,0,NORMAL,1530,1279,108.37236785888672,38.711181640625
train/NORMAL/IM-0686-0001.jpeg,train,0,NORMAL,1160,897,127.81690979003906,34.66997528076172
train/NORMAL/IM-0687-0001.jpeg,train,0,NORMAL,1554,1298,146.02976989746094,33.46208190917969
train/NORMAL/IM-0688-0001.jpeg,train,0,NORMAL,1514,1310,130.14952087402344,41.95313262939453
train/NORMAL/IM-0689-0001.jpeg,train,0,NORMAL,1454,1229,134.5504608154297,37.3538818359375
train/NORMAL/IM-0691-0001.jpeg,train,0,NORMAL,1284,893,144.03834533691406,40.50872802734375
train/NORMAL/IM-0693-0001.jpeg,train,0,NORMAL,1118,932,131.36949157714844,36.23047637939453
train/NORMAL/IM-0694-0001.jpeg,train,0,NORMAL,1820,1410,139.23806762695312,42.040283203125
train/NORMAL/IM-0695-0001.jpeg,train,0,NORMAL,1828,1437,135.00282287597656,38.948974609375
train/NORMAL/IM-0696-0001.jpeg,train,0,NORMAL,1064,842,119.416259765625,43.087486267089844
train/NORMAL/IM-0697-0001.jpeg,train,0,NORMAL,1538,1353,128.89479064941406,41.68941116333008
train/NORMAL/IM-0698-0001.jpeg,train,0,NORMAL,1952,1777,136.12266540527344,43.78876495361328
train/NORMAL/IM-0700-0001.jpeg,train,0,NORMAL,1994,1865,127.60676574707031,43.09114074707031
train/NORMAL/IM-0701-0001.jpeg,train,0,NORMAL,1576,1272,123.49290466308594,42.22364044189453
train/NORMAL/IM-0702-0001.jpeg,train,0,NORMAL,1968,1484,140.86422729492188,43.819149017333984
train/NORMAL/IM-0704-0001.jpeg,train,0,NORMAL,1596,1248,146.57408142089844,43.15007019042969
train/NORMAL/IM-0705-0001.jpeg,train,0,NORMAL,1734,1426,131.51275634765625,44.67107391357422
train/NORMAL/IM-0706-0001.jpeg,train,0,NORMAL,1454,1160,148.82327270507812,40.972843170166016
train/NORMAL/IM-0707-0001.jpeg,train,0,NORMAL,1712,1430,151.09085083007812,42.51365661621094
train/NORMAL/IM-0709-0001.jpeg,train,0,NORMAL,1570,1272,144.27342224121094,43.890960693359375
train/NORMAL/IM-0711-0001.jpeg,train,0,NORMAL,1596,1306,125.76134490966797,41.255924224853516
train/NORMAL/IM-0712-0001.jpeg,train,0,NORMAL,1882,1557,136.1332244873047,43.85448455810547
train/NORMAL/IM-0713-0001.jpeg,train,0,NORMAL,1636,1329,122.09451293945312,40.316287994384766
train/NORMAL/IM-0714-0001.jpeg,train,0,NORMAL,1728,1260,111.42780303955078,46.86162185668945
train/NORMAL/IM-0715-0001.jpeg,train,0,NORMAL,1546,1105,119.81744384765625,44.34538650512695
train/NORMAL/IM-0721-0001.jpeg,train,0,NORMAL,1434,1310,139.07855224609375,39.227806091308594
train/NORMAL/IM-0722-0001.jpeg,train,0,NORMAL,1662,1403,135.77725219726562,43.83259582519531
train/NORMAL/IM-0724-0001.jpeg,train,0,NORMAL,1840,1341,125.37621307373047,43.443302154541016
train/NORMAL/IM-0727-0001.jpeg,train,0,NORMAL,1400,1190,139.316162109375,33.739688873291016
train/NORMAL/IM-0728-0001.jpeg,train,0,NORMAL,1574,1229,132.2165985107422,35.84203338623047
train/NORMAL/IM-0729-0001.jpeg,train,0,NORMAL,1572,1194,139.2691192626953,39.75163650512695
train/NORMAL/IM-0730-0001.jpeg,train,0,NORMAL,1310,951,113.94416046142578,37.62424087524414
train/NORMAL/IM-0732-0001.jpeg,train,0,NORMAL,1296,800,110.56393432617188,37.909393310546875
train/NORMAL/IM-0733-0001.jpeg,train,0,NORMAL,1430,1194,139.34718322753906,41.63602828979492
train/NORMAL/IM-0734-0001.jpeg,train,0,NORMAL,2572,2476,138.3023223876953,41.159332275390625
train/NORMAL/IM-0735-0001.jpeg,train,0,NORMAL,1654,1051,126.49884796142578,40.35007858276367
train/NORMAL/IM-0737-0001.jpeg,train,0,NORMAL,1384,1121,145.41661071777344,41.0894660949707
train/NORMAL/IM-0738-0001.jpeg,train,0,NORMAL,1546,1314,133.33505249023438,43.4559440612793
train/NORMAL/IM-0739-0001.jpeg,train,0,NORMAL,1114,815,133.3942108154297,34.40614700317383
train/NORMAL/IM-0740-0001.jpeg,train,0,NORMAL,1840,1283,113.77751159667969,40.67158126831055
train/NORMAL/IM-0741-0001.jpeg,train,0,NORMAL,1256,1097,109.452392578125,44.272281646728516
train/NORMAL/IM-0742-0001.jpeg,train,0,NORMAL,1670,1302,111.72588348388672,37.87226486206055
train/NORMAL/IM-0746-0001.jpeg,train,0,NORMAL,1712,1259,134.79745483398438,42.73415756225586
train/NORMAL/IM-0747-0001.jpeg,train,0,NORMAL,1604,1171,129.90753173828125,35.430721282958984
train/NORMAL/IM-0748-0001.jpeg,train,0,NORMAL,1844,1573,148.4588623046875,40.94417190551758
train/NORMAL/IM-0750-0001.jpeg,train,0,NORMAL,1198,978,109.45750427246094,40.15885543823242
train/NORMAL/IM-0751-0001.jpeg,train,0,NORMAL,1488,1136,136.00897216796875,40.74094772338867
train/NORMAL/IM-0752-0001.jpeg,train,0,NORMAL,1438,1144,139.27865600585938,39.94379425048828
train/NORMAL/IM-0753-0001.jpeg,train,0,NORMAL,1518,1097,134.61611938476562,39.5906867980957
train/NORMAL/IM-0754-0001.jpeg,train,0,NORMAL,1782,1460,142.94891357421875,38.626808166503906
train/NORMAL/IM-0757-0001.jpeg,train,0,NORMAL,1284,1086,138.3579559326172,42.276649475097656
train/NORMAL/IM-0761-0001.jpeg,train,0,NORMAL,1348,1028,140.64991760253906,36.97628402709961
train/NORMAL/IM-0764-0001.jpeg,train,0,NORMAL,1620,1480,96.92668151855469,42.63947296142578
train/NORMAL/IM-0766-0001.jpeg,train,0,NORMAL,2252,1913,154.6144256591797,41.82329559326172
train/NORMAL/NORMAL2-IM-0383-0001.jpeg,train,0,NORMAL,1882,1480,116.04228973388672,45.72447204589844
train/NORMAL/NORMAL2-IM-0384-0001.jpeg,train,0,NORMAL,1268,924,129.0280303955078,39.293113708496094
train/NORMAL/NORMAL2-IM-0385-0001.jpeg,train,0,NORMAL,1676,1391,143.7588348388672,41.48233413696289
train/NORMAL/NORMAL2-IM-0388-0001.jpeg,train,0,NORMAL,1388,1009,157.80079650878906,38.488250732421875
train/NORMAL/NORMAL2-IM-0389-0001.jpeg,train,0,NORMAL,1484,1136,141.8172607421875,35.648170471191406
train/NORMAL/NORMAL2-IM-0390-0001.jpeg,train,0,NORMAL,2434,2376,124.1598892211914,45.831668853759766
train/NORMAL/NORMAL2-IM-0391-0001.jpeg,train,0,NORMAL,1582,1582,98.84840393066406,48.34720993041992
train/NORMAL/NORMAL2-IM-0392-0001.jpeg,train,0,NORMAL,1546,1414,137.2986297607422,44.19756317138672
train/NORMAL/NORMAL2-IM-0393-0001.jpeg,train,0,NORMAL,1410,1106,129.27008056640625,38.38344192504883
train/NORMAL/NORMAL2-IM-0394-0001.jpeg,train,0,NORMAL,1588,1144,151.1162567138672,36.94607162475586
train/NORMAL/NORMAL2-IM-0395-0001-0002.jpeg,train,0,NORMAL,1416,1148,130.30906677246094,43.44010925292969
train/NORMAL/NORMAL2-IM-0395-0001.jpeg,train,0,NORMAL,1464,1167,109.59119415283203,38.712032318115234
train/NORMAL/NORMAL2-IM-0396-0001.jpeg,train,0,NORMAL,1882,1653,113.76322937011719,34.92979049682617
train/NORMAL/NORMAL2-IM-0399-0001.jpeg,train,0,NORMAL,1546,1399,154.353515625,38.10889434814453
train/NORMAL/NORMAL2-IM-0401-0001.jpeg,train,0,NORMAL,1898,1854,150.736328125,42.29124069213867
train/NORMAL/NORMAL2-IM-0402-0001.jpeg,train,0,NORMAL,1666,1252,120.97404479980469,43.06898498535156
train/NORMAL/NORMAL2-IM-0403-0001.jpeg,train,0,NORMAL,1476,1013,133.52894592285156,44.499446868896484
train/NORMAL/NORMAL2-IM-0404-0001.jpeg,train,0,NORMAL,1532,1256,155.2713165283203,38.31011962890625
train/NORMAL/NORMAL2-IM-0406-0001.jpeg,train,0,NORMAL,1470,1043,103.54109954833984,32.699737548828125
train/NORMAL/NORMAL2-IM-0407-0001.jpeg,train,0,NORMAL,1690,1368,121.29391479492188,44.59370803833008
train/NORMAL/NORMAL2-IM-0408-0001.jpeg,train,0,NORMAL,1978,1766,131.365478515625,45.99009704589844
train/NORMAL/NORMAL2-IM-0409-0001.jpeg,train,0,NORMAL,1542,1310,146.28273010253906,42.14677810668945
train/NORMAL/NORMAL2-IM-0410-0001.jpeg,train,0,NORMAL,1372,1070,149.54299926757812,44.49551010131836
train/NORMAL/NORMAL2-IM-0412-0001.jpeg,train,0,NORMAL,1450,1210,143.0431365966797,30.083364486694336
train/NORMAL/NORMAL2-IM-0413-0001.jpeg,train,0,NORMAL,2106,1986,151.1324462890625,44.36130142211914
train/NORMAL/NORMAL2-IM-0414-0001.jpeg,train,0,NORMAL,1778,1754,132.46615600585938,40.81779098510742
train/NORMAL/NORMAL2-IM-0415-0001.jpeg,train,0,NORMAL,1524,1410,150.6160430908203,39.22903823852539
train/NORMAL/NORMAL2-IM-0416-0001-0002.jpeg,train,0,NORMAL,1844,1272,132.70091247558594,35.027095794677734
train/NORMAL/NORMAL2-IM-0416-0001.jpeg,train,0,NORMAL,1624,1341,142.7826690673828,44.90969467163086
train/NORMAL/NORMAL2-IM-0417-0001.jpeg,train,0,NORMAL,2302,1514,128.0153350830078,44.33464431762695
train/NORMAL/NORMAL2-IM-0418-0001.jpeg,train,0,NORMAL,1530,1299,117.7918472290039,42.2436637878418
train/NORMAL/NORMAL2-IM-0421-0001.jpeg,train,0,NORMAL,1804,1453,154.1705780029297,43.18690490722656
train/NORMAL/NORMAL2-IM-0423-0001.jpeg,train,0,NORMAL,1816,1534,140.5184783935547,45.60183334350586
train/NORMAL/NORMAL2-IM-0424-0001.jpeg,train,0,NORMAL,1538,1205,149.50416564941406,38.38808059692383
train/NORMAL/NORMAL2-IM-0425-0001.jpeg,train,0,NORMAL,2101,1606,156.9721221923828,48.67771911621094
train/NORMAL/NORMAL2-IM-0427-0001.jpeg,train,0,NORMAL,1574,1225,142.7238006591797,43.49623107910156
train/NORMAL/NORMAL2-IM-0428-0001.jpeg,train,0,NORMAL,1692,1221,123.20811462402344,41.30242156982422
train/NORMAL/NORMAL2-IM-0429-0001.jpeg,train,0,NORMAL,1572,1389,177.0718994140625,41.23910903930664
train/NORMAL/NORMAL2-IM-0433-0001.jpeg,train,0,NORMAL,1546,1255,135.6307830810547,41.597503662109375
train/NORMAL/NORMAL2-IM-0439-0001.jpeg,train,0,NORMAL,1808,1666,152.08120727539062,37.42037582397461
train/NORMAL/NORMAL2-IM-0440-0001.jpeg,train,0,NORMAL,1516,1295,150.71363830566406,37.1142578125
train/NORMAL/NORMAL2-IM-0448-0001.jpeg,train,0,NORMAL,1774,1225,148.5919952392578,45.344268798828125
train/NORMAL/NORMAL2-IM-0449-0001.jpeg,train,0,NORMAL,1284,1013,127.90892791748047,40.8699836730957
train/NORMAL/NORMAL2-IM-0450-0001.jpeg,train,0,NORMAL,1622,1422,136.1502685546875,44.60401916503906
train/NORMAL/NORMAL2-IM-0451-0001.jpeg,train,0,NORMAL,1574,1043,121.83390808105469,46.31467056274414
train/NORMAL/NORMAL2-IM-0452-0001.jpeg,train,0,NORMAL,1454,978,142.75405883789062,44.93824005126953
train/NORMAL/NORMAL2-IM-0453-0001.jpeg,train,0,NORMAL,1434,1179,127.5637435913086,40.475337982177734
train/NORMAL/NORMAL2-IM-0454-0001.jpeg,train,0,NORMAL,1650,1341,139.14736938476562,43.57693099975586
train/NORMAL/NORMAL2-IM-0455-0001.jpeg,train,0,NORMAL,1928,1631,139.26206970214844,41.70513916015625
train/NORMAL/NORMAL2-IM-0456-0001.jpeg,train,0,NORMAL,1368,1079,128.0167236328125,38.54682159423828
train/NORMAL/NORMAL2-IM-0458-0001.jpeg,train,0,NORMAL,1558,1106,115.2521743774414,41.163143157958984
train/NORMAL/NORMAL2-IM-0462-0001.jpeg,train,0,NORMAL,1684,1240,146.40145874023438,41.19483947753906
train/NORMAL/NORMAL2-IM-0463-0001.jpeg,train,0,NORMAL,1646,1121,140.69705200195312,43.82105255126953
train/NORMAL/NORMAL2-IM-0464-0001.jpeg,train,0,NORMAL,1662,1214,142.784423828125,43.455936431884766
train/NORMAL/NORMAL2-IM-0466-0001.jpeg,train,0,NORMAL,2346,2032,115.25708770751953,47.1330680847168
train/NORMAL/NORMAL2-IM-0468-0001.jpeg,train,0,NORMAL,1114,850,141.87059020996094,41.64645004272461
train/NORMAL/NORMAL2-IM-0472-0001.jpeg,train,0,NORMAL,1670,1330,140.72364807128906,42.293251037597656
train/NORMAL/NORMAL2-IM-0473-0001.jpeg,train,0,NORMAL,1418,1121,132.2737579345703,45.65697479248047
train/NORMAL/NORMAL2-IM-0474-0001.jpeg,train,0,NORMAL,1728,1619,159.1715850830078,39.04149627685547
train/NORMAL/NORMAL2-IM-0475-0001.jpeg,train,0,NORMAL,1512,1225,159.88427734375,35.32658386230469
train/NORMAL/NORMAL2-IM-0476-0001.jpeg,train,0,NORMAL,1588,1337,142.82994079589844,34.567054748535156
train/NORMAL/NORMAL2-IM-0478-0001.jpeg,train,0,NORMAL,1724,1638,129.95314025878906,42.679969787597656
train/NORMAL/NORMAL2-IM-0479-0001.jpeg,train,0,NORMAL,1480,1256,124.4034423828125,43.881431579589844
train/NORMAL/NORMAL2-IM-0480-0001.jpeg,train,0,NORMAL,1878,1729,161.11631774902344,45.94210433959961
train/NORMAL/NORMAL2-IM-0481-0001.jpeg,train,0,NORMAL,1956,1596,149.81109619140625,42.656776428222656
train/NORMAL/NORMAL2-IM-0482-0001.jpeg,train,0,NORMAL,2048,1804,133.97308349609375,44.26696014404297
train/NORMAL/NORMAL2-IM-0485-0001.jpeg,train,0,NORMAL,1120,904,144.28138732910156,39.57169723510742
train/NORMAL/NORMAL2-IM-0486-0001.jpeg,train,0,NORMAL,1214,1106,130.11277770996094,38.506935119628906
train/NORMAL/NORMAL2-IM-0487-0001.jpeg,train,0,NORMAL,1238,874,124.06288146972656,37.39472198486328
train/NORMAL/NORMAL2-IM-0488-0001.jpeg,train,0,NORMAL,1298,959,148.58192443847656,33.25998306274414
train/NORMAL/NORMAL2-IM-0489-0001.jpeg,train,0,NORMAL,1700,1302,149.40267944335938,41.052188873291016
train/NORMAL/NORMAL2-IM-0491-0001.jpeg,train,0,NORMAL,1808,1604,126.89808654785156,45.395774841308594
train/NORMAL/NORMAL2-IM-0496-0001.jpeg,train,0,NORMAL,1716,1202,137.04014587402344,42.59514617919922
train/NORMAL/NORMAL2-IM-0497-0001.jpeg,train,0,NORMAL,1434,1411,147.4412384033203,39.40385818481445
train/NORMAL/NORMAL2-IM-0500-0001.jpeg,train,0,NORMAL,1442,1152,124.1609115600586,42.50477981567383
train/NORMAL/NORMAL2-IM-0501-0001.jpeg,train,0,NORMAL,1782,1503,146.25942993164062,40.09813690185547
train/NORMAL/NORMAL2-IM-0502-0001.jpeg,train,0,NORMAL,1454,1183,141.7438507080078,40.858402252197266
train/NORMAL/NORMAL2-IM-0503-0001.jpeg,train,0,NORMAL,1658,1465,146.04542541503906,37.005184173583984
train/NORMAL/NORMAL2-IM-0506-0001.jpeg,train,0,NORMAL,1762,1399,158.79188537597656,40.59726333618164
train/NORMAL/NORMAL2-IM-0507-0001.jpeg,train,0,NORMAL,1658,1407,140.86219787597656,47.34745788574219
train/NORMAL/NORMAL2-IM-0508-0001.jpeg,train,0,NORMAL,1422,1066,125.652587890625,45.51356887817383
train/NORMAL/NORMAL2-IM-0509-0001.jpeg,train,0,NORMAL,1904,1534,132.08348083496094,49.11528778076172
train/NORMAL/NORMAL2-IM-0511-0001.jpeg,train,0,NORMAL,1924,1356,123.21173858642578,35.27412414550781
train/NORMAL/NORMAL2-IM-0512-0001.jpeg,train,0,NORMAL,1376,1229,151.91055297851562,38.261940002441406
train/NORMAL/NORMAL2-IM-0513-0001.jpeg,train,0,NORMAL,1986,1604,147.10707092285156,43.00310134887695
train/NORMAL/NORMAL2-IM-0517-0001.jpeg,train,0,NORMAL,1542,1032,128.0454559326172,43.78218460083008
train/NORMAL/NORMAL2-IM-0518-0001.jpeg,train,0,NORMAL,1650,1217,143.111083984375,45.83721160888672
train/NORMAL/NORMAL2-IM-0521-0001.jpeg,train,0,NORMAL,1952,1496,125.73626708984375,44.46894073486328
train/NORMAL/NORMAL2-IM-0522-0001.jpeg,train,0,NORMAL,1198,1032,133.22146606445312,41.8001594543457
train/NORMAL/NORMAL2-IM-0523-0001.jpeg,train,0,NORMAL,1914,1581,163.70608520507812,40.17253112792969
train/NORMAL/NORMAL2-IM-0525-0001.jpeg,train,0,NORMAL,1929,1802,164.52151489257812,51.97642135620117
train/NORMAL/NORMAL2-IM-0526-0001.jpeg,train,0,NORMAL,1422,1128,135.9925079345703,35.21282196044922
train/NORMAL/NORMAL2-IM-0528-0001.jpeg,train,0,NORMAL,1628,1314,137.9967803955078,44.65828323364258
train/NORMAL/NORMAL2-IM-0530-0001.jpeg,train,0,NORMAL,2186,2086,148.4905548095703,41.167076110839844
train/NORMAL/NORMAL2-IM-0531-0001.jpeg,train,0,NORMAL,1744,1345,109.56317138671875,33.95366668701172
train/NORMAL/NORMAL2-IM-0533-0001.jpeg,train,0,NORMAL,1924,1797,139.06661987304688,40.696327209472656
train/NORMAL/NORMAL2-IM-0535-0001-0002.jpeg,train,0,NORMAL,1192,862,138.09092712402344,41.24588394165039
train/NORMAL/NORMAL2-IM-0535-0001.jpeg,train,0,NORMAL,1682,1519,128.6776123046875,42.235809326171875
train/NORMAL/NORMAL2-IM-0536-0001.jpeg,train,0,NORMAL,1400,1120,150.80535888671875,44.50230026245117
train/NORMAL/NORMAL2-IM-0537-0001.jpeg,train,0,NORMAL,2458,1870,131.62359619140625,46.94341278076172
train/NORMAL/NORMAL2-IM-0539-0001.jpeg,train,0,NORMAL,1845,1761,177.2714080810547,40.311038970947266
train/NORMAL/NORMAL2-IM-0540-0001.jpeg,train,0,NORMAL,1970,1554,152.9154510498047,40.950584411621094
train/NORMAL/NORMAL2-IM-0543-0001.jpeg,train,0,NORMAL,1410,1244,148.26626586914062,40.14302444458008
train/NORMAL/NORMAL2-IM-0545-0001.jpeg,train,0,NORMAL,2006,1878,148.58424377441406,46.14989471435547
train/NORMAL/NORMAL2-IM-0547-0001.jpeg,train,0,NORMAL,2068,1982,132.7666778564453,44.798824310302734
train/NORMAL/NORMAL2-IM-0550-0001.jpeg,train,0,NORMAL,1404,1333,136.23655700683594,40.124691009521484
train/NORMAL/NORMAL2-IM-0551-0001.jpeg,train,0,NORMAL,1729,1668,151.77113342285156,45.960636138916016
train/NORMAL/NORMAL2-IM-0553-0001.jpeg,train,0,NORMAL,1708,1248,134.98187255859375,38.6699333190918
train/NORMAL/NORMAL2-IM-0554-0001.jpeg,train,0,NORMAL,1180,885,150.9983673095703,42.62134552001953
train/NORMAL/NORMAL2-IM-0555-0001-0001.jpeg,train,0,NORMAL,2056,2206,132.51055908203125,42.90251541137695
train/NORMAL/NORMAL2-IM-0555-0001.jpeg,train,0,NORMAL,1302,958,160.16578674316406,43.24305725097656
train/NORMAL/NORMAL2-IM-0557-0001.jpeg,train,0,NORMAL,1812,1325,140.20211791992188,41.50494384765625
train/NORMAL/NORMAL2-IM-0558-0001.jpeg,train,0,NORMAL,1110,944,140.26707458496094,38.259586334228516
train/NORMAL/NORMAL2-IM-0559-0001.jpeg,train,0,NORMAL,1767,1869,148.6135711669922,39.12615966796875
train/NORMAL/NORMAL2-IM-0561-0001.jpeg,train,0,NORMAL,1650,1214,126.93275451660156,46.918399810791016
train/NORMAL/NORMAL2-IM-0563-0001.jpeg,train,0,NORMAL,1546,1425,146.42630004882812,40.20899963378906
train/NORMAL/NORMAL2-IM-0564-0001.jpeg,train,0,NORMAL,1554,1198,129.22689819335938,42.504913330078125
train/NORMAL/NORMAL2-IM-0566-0001.jpeg,train,0,NORMAL,1608,1195,145.04156494140625,39.82833480834961
train/NORMAL/NORMAL2-IM-0567-0001.jpeg,train,0,NORMAL,1962,2169,121.17503356933594,41.51630401611328
train/NORMAL/NORMAL2-IM-0568-0001.jpeg,train,0,NORMAL,1796,1696,143.13998413085938,40.948875427246094
train/NORMAL/NORMAL2-IM-0569-0001.jpeg,train,0,NORMAL,1724,1160,150.8820037841797,38.91242599487305
train/NORMAL/NORMAL2-IM-0571-0001.jpeg,train,0,NORMAL,2124,1630,139.7149658203125,46.702945709228516
train/NORMAL/NORMAL2-IM-0573-0001.jpeg,train,0,NORMAL,1696,1568,153.1693572998047,38.39755630493164
train/NORMAL/NORMAL2-IM-0575-0001.jpeg,train,0,NORMAL,1688,1469,157.8885955810547,38.62181854248047
train/NORMAL/NORMAL2-IM-0576-0001.jpeg,train,0,NORMAL,1688,1422,143.81724548339844,38.75491714477539
train/NORMAL/NORMAL2-IM-0577-0001.jpeg,train,0,NORMAL,1866,1654,143.0316162109375,41.95232009887695
train/NORMAL/NORMAL2-IM-0580-0001.jpeg,train,0,NORMAL,1724,1588,149.56289672851562,35.90717697143555
train/NORMAL/NORMAL2-IM-0582-0001.jpeg,train,0,NORMAL,1484,1190,133.552490234375,44.37274932861328
train/NORMAL/NORMAL2-IM-0585-0001.jpeg,train,0,NORMAL,1848,1848,106.80960083007812,44.753028869628906
train/NORMAL/NORMAL2-IM-0587-0001-0001.jpeg,train,0,NORMAL,2428,2540,187.6577911376953,45.87028121948242
train/NORMAL/NORMAL2-IM-0587-0001-0002.jpeg,train,0,NORMAL,2428,2540,187.6577911376953,45.87028121948242
train/NORMAL/NORMAL2-IM-0587-0001.jpeg,train,0,NORMAL,1504,1206,149.5671844482422,38.89558792114258
train/NORMAL/NORMAL2-IM-0588-0001.jpeg,train,0,NORMAL,1218,808,118.37088775634766,39.602210998535156
train/NORMAL/NORMAL2-IM-0589-0001.jpeg,train,0,NORMAL,1622,1272,113.76885986328125,44.99050521850586
train/NORMAL/NORMAL2-IM-0592-0001.jpeg,train,0,NORMAL,1450,1210,157.6749725341797,42.9301643371582
train/NORMAL/NORMAL2-IM-0594-0001.jpeg,train,0,NORMAL,1852,1442,143.04209899902344,49.128517150878906
train/NORMAL/NORMAL2-IM-0595-0001.jpeg,train,0,NORMAL,1318,1082,154.25100708007812,38.6030158996582
train/NORMAL/NORMAL2-IM-0596-0001.jpeg,train,0,NORMAL,1496,1314,152.884033203125,39.03533172607422
train/NORMAL/NORMAL2-IM-0599-0001.jpeg,train,0,NORMAL,1484,1036,143.02621459960938,41.01071548461914
train/NORMAL/NORMAL2-IM-0601-0001.jpeg,train,0,NORMAL,1906,1909,133.19403076171875,43.52046585083008
train/NORMAL/NORMAL2-IM-0602-0001.jpeg,train,0,NORMAL,2619,2628,157.5099639892578,47.75235366821289
train/NORMAL/NORMAL2-IM-0604-0001.jpeg,train,0,NORMAL,1700,1437,130.4340362548828,43.14799880981445
train/NORMAL/NORMAL2-IM-0609-0001.jpeg,train,0,NORMAL,1852,1943,137.4273223876953,42.70798110961914
train/NORMAL/NORMAL2-IM-0616-0001.jpeg,train,0,NORMAL,1456,1279,165.82379150390625,32.55546951293945
train/NORMAL/NORMAL2-IM-0617-0001.jpeg,train,0,NORMAL,1692,1383,144.1043243408203,33.128177642822266
train/NORMAL/NORMAL2-IM-0618-0001.jpeg,train,0,NORMAL,1534,1121,137.12445068359375,43.00825881958008
train/NORMAL/NORMAL2-IM-0619-0001.jpeg,train,0,NORMAL,1566,1465,115.2830581665039,35.93753433227539
train/NORMAL/NORMAL2-IM-0620-0001.jpeg,train,0,NORMAL,1736,1785,148.8505859375,43.682823181152344
train/NORMAL/NORMAL2-IM-0623-0001.jpeg,train,0,NORMAL,1808,1542,125.43260192871094,37.88728713989258
train/NORMAL/NORMAL2-IM-0626-0001.jpeg,train,0,NORMAL,1820,1476,126.65560913085938,41.43568801879883
train/NORMAL/NORMAL2-IM-0629-0001.jpeg,train,0,NORMAL,1558,1380,131.3912353515625,45.10444641113281
train/NORMAL/NORMAL2-IM-0630-0001.jpeg,train,0,NORMAL,1600,1329,139.4100341796875,43.78773498535156
train/NORMAL/NORMAL2-IM-0633-0001.jpeg,train,0,NORMAL,1670,1279,136.04844665527344,45.18272399902344
train/NORMAL/NORMAL2-IM-0634-0001.jpeg,train,0,NORMAL,1418,1048,121.32514190673828,46.9114875793457
train/NORMAL/NORMAL2-IM-0635-0001.jpeg,train,0,NORMAL,1400,1070,146.35552978515625,40.670291900634766
train/NORMAL/NORMAL2-IM-0636-0001.jpeg,train,0,NORMAL,1376,1051,150.983154296875,37.836463928222656
train/NORMAL/NORMAL2-IM-0637-0001.jpeg,train,0,NORMAL,1604,1248,155.6420440673828,37.37853240966797
train/NORMAL/NORMAL2-IM-0640-0001.jpeg,train,0,NORMAL,1510,1136,134.91775512695312,39.75444030761719
train/NORMAL/NORMAL2-IM-0641-0001.jpeg,train,0,NORMAL,1920,1816,141.99281311035156,39.07478332519531
train/NORMAL/NORMAL2-IM-0642-0001.jpeg,train,0,NORMAL,1546,1368,126.39599609375,43.462337493896484
train/NORMAL/NORMAL2-IM-0643-0001.jpeg,train,0,NORMAL,1902,1495,148.23406982421875,42.51327896118164
train/NORMAL/NORMAL2-IM-0647-0001.jpeg,train,0,NORMAL,1682,1619,131.59573364257812,43.75615692138672
train/NORMAL/NORMAL2-IM-0648-0001.jpeg,train,0,NORMAL,1462,1245,127.91423034667969,42.622867584228516
train/NORMAL/NORMAL2-IM-0651-0001.jpeg,train,0,NORMAL,1955,1672,174.7692413330078,43.27358627319336
train/NORMAL/NORMAL2-IM-0651-0004.jpeg,train,0,NORMAL,1686,1231,161.0074005126953,35.33446502685547
train/NORMAL/NORMAL2-IM-0652-0001.jpeg,train,0,NORMAL,1422,1125,123.24342346191406,42.217506408691406
train/NORMAL/NORMAL2-IM-0653-0001.jpeg,train,0,NORMAL,1966,1499,148.65805053710938,39.9796028137207
train/NORMAL/NORMAL2-IM-0654-0001.jpeg,train,0,NORMAL,1670,1144,126.79631805419922,40.8222541809082
train/NORMAL/NORMAL2-IM-0655-0001.jpeg,train,0,NORMAL,1802,1407,143.88059997558594,37.31981658935547
train/NORMAL/NORMAL2-IM-0657-0001.jpeg,train,0,NORMAL,1524,1295,139.0934295654297,39.1524543762207
train/NORMAL/NORMAL2-IM-0659-0001.jpeg,train,0,NORMAL,1438,1187,157.4848175048828,37.32377243041992
train/NORMAL/NORMAL2-IM-0662-0001.jpeg,train,0,NORMAL,1418,1020,124.41674041748047,37.81046676635742
train/NORMAL/NORMAL2-IM-0663-0001.jpeg,train,0,NORMAL,2090,1932,154.21658325195312,41.909156799316406
train/NORMAL/NORMAL2-IM-0664-0001.jpeg,train,0,NORMAL,1878,1647,166.5085906982422,43.96260452270508
train/NORMAL/NORMAL2-IM-0665-0001.jpeg,train,0,NORMAL,1186,769,113.65924072265625,39.12509536743164
train/NORMAL/NORMAL2-IM-0666-0001.jpeg,train,0,NORMAL,1920,1750,168.2471923828125,35.422935485839844
train/NORMAL/NORMAL2-IM-0667-0001.jpeg,train,0,NORMAL,1566,1210,117.6123046875,46.28253936767578
train/NORMAL/NORMAL2-IM-0668-0001.jpeg,train,0,NORMAL,1600,1542,151.8126220703125,40.172637939453125
train/NORMAL/NORMAL2-IM-0669-0001.jpeg,train,0,NORMAL,1692,1735,141.49386596679688,40.21240234375
train/NORMAL/NORMAL2-IM-0671-0001.jpeg,train,0,NORMAL,1546,1205,120.93822479248047,42.71174621582031
train/NORMAL/NORMAL2-IM-0673-0001.jpeg,train,0,NORMAL,1616,1318,148.51785278320312,47.50394821166992
train/NORMAL/NORMAL2-IM-0675-0001.jpeg,train,0,NORMAL,1460,1233,122.24952697753906,39.94844055175781
train/NORMAL/NORMAL2-IM-0678-0001.jpeg,train,0,NORMAL,1634,1183,127.4457778930664,42.293601989746094
train/NORMAL/NORMAL2-IM-0680-0001.jpeg,train,0,NORMAL,1592,1344,132.54373168945312,46.10448455810547
train/NORMAL/NORMAL2-IM-0682-0001.jpeg,train,0,NORMAL,1778,1492,148.67002868652344,42.783756256103516
train/NORMAL/NORMAL2-IM-0683-0001.jpeg,train,0,NORMAL,1538,1222,135.14459228515625,40.183746337890625
train/NORMAL/NORMAL2-IM-0684-0001-0001.jpeg,train,0,NORMAL,1857,1815,178.5789337158203,43.20705032348633
train/NORMAL/NORMAL2-IM-0686-0001.jpeg,train,0,NORMAL,1512,1325,135.09823608398438,40.996421813964844
train/NORMAL/NORMAL2-IM-0687-0001.jpeg,train,0,NORMAL,1504,1244,130.26699829101562,38.438716888427734
train/NORMAL/NORMAL2-IM-0689-0001.jpeg,train,0,NORMAL,1244,1097,130.9921875,34.32150650024414
train/NORMAL/NORMAL2-IM-0690-0001.jpeg,train,0,NORMAL,1198,897,135.83126831054688,41.94586181640625
train/NORMAL/NORMAL2-IM-0692-0001.jpeg,train,0,NORMAL,1724,1534,132.2245635986328,40.987831115722656
train/NORMAL/NORMAL2-IM-0693-0001.jpeg,train,0,NORMAL,2020,1700,145.97291564941406,52.48816680908203
train/NORMAL/NORMAL2-IM-0694-0001.jpeg,train,0,NORMAL,2018,1881,154.4798126220703,40.31173324584961
train/NORMAL/NORMAL2-IM-0695-0001.jpeg,train,0,NORMAL,1500,1294,142.9944610595703,43.272377014160156
train/NORMAL/NORMAL2-IM-0698-0001.jpeg,train,0,NORMAL,1554,1245,141.43565368652344,39.25232696533203
train/NORMAL/NORMAL2-IM-0699-0001.jpeg,train,0,NORMAL,1920,1920,139.61114501953125,41.74159240722656
train/NORMAL/NORMAL2-IM-0700-0001.jpeg,train,0,NORMAL,1874,1774,136.21876525878906,45.66881561279297
train/NORMAL/NORMAL2-IM-0705-0001.jpeg,train,0,NORMAL,1960,1648,144.09359741210938,39.0180549621582
train/NORMAL/NORMAL2-IM-0707-0001.jpeg,train,0,NORMAL,1384,1208,192.5685577392578,47.05101776123047
train/NORMAL/NORMAL2-IM-0718-0001.jpeg,train,0,NORMAL,1248,1136,180.9844970703125,27.48899269104004
train/NORMAL/NORMAL2-IM-0719-0001.jpeg,train,0,NORMAL,1616,1408,160.28590393066406,47.010032653808594
train/NORMAL/NORMAL2-IM-0725-0001.jpeg,train,0,NORMAL,1088,824,130.29330444335938,37.89068603515625
train/NORMAL/NORMAL2-IM-0727-0001.jpeg,train,0,NORMAL,1672,1432,171.3614044189453,38.24385452270508
train/NORMAL/NORMAL2-IM-0730-0001.jpeg,train,0,NORMAL,1672,1328,169.30032348632812,43.8029899597168
train/NORMAL/NORMAL2-IM-0736-0001.jpeg,train,0,NORMAL,1432,1184,158.14306640625,42.17072677612305
train/NORMAL/NORMAL2-IM-0741-0001.jpeg,train,0,NORMAL,1240,1064,145.3765411376953,44.82028579711914
train/NORMAL/NORMAL2-IM-0744-0001.jpeg,train,0,NORMAL,1416,1296,135.98831176757812,37.84769058227539
train/NORMAL/NORMAL2-IM-0746-0001.jpeg,train,0,NORMAL,1456,1272,161.20025634765625,48.5545768737793
train/NORMAL/NORMAL2-IM-0749-0001.jpeg,train,0,NORMAL,1412,1066,137.22068786621094,43.07620620727539
train/NORMAL/NORMAL2-IM-0753-0001.jpeg,train,0,NORMAL,1088,968,118.9713363647461,34.231014251708984
train/NORMAL/NORMAL2-IM-0757-0001.jpeg,train,0,NORMAL,1160,904,141.87408447265625,37.370513916015625
train/NORMAL/NORMAL2-IM-0765-0001.jpeg,train,0,NORMAL,1264,984,133.5630645751953,38.49933624267578
train/NORMAL/NORMAL2-IM-0771-0001.jpeg,train,0,NORMAL,1336,1128,83.22325134277344,25.92156410217285
train/NORMAL/NORMAL2-IM-0772-0001.jpeg,train,0,NORMAL,1376,1048,117.35736846923828,36.75554656982422
train/NORMAL/NORMAL2-IM-0775-0001.jpeg,train,0,NORMAL,1310,1136,131.2691650390625,42.12522888183594
train/NORMAL/NORMAL2-IM-0777-0001.jpeg,train,0,NORMAL,1522,1407,138.57127380371094,42.972938537597656
train/NORMAL/NORMAL2-IM-0780-0001.jpeg,train,0,NORMAL,1709,1787,173.57159423828125,48.73017120361328
train/NORMAL/NORMAL2-IM-0781-0001.jpeg,train,0,NORMAL,2276,2221,149.52027893066406,42.88832092285156
train/NORMAL/NORMAL2-IM-0793-0001.jpeg,train,0,NORMAL,2179,1604,114.2591781616211,52.04640579223633
train/NORMAL/NORMAL2-IM-0796-0001.jpeg,train,0,NORMAL,1554,1136,132.15872192382812,38.42412185668945
train/NORMAL/NORMAL2-IM-0798-0001.jpeg,train,0,NORMAL,1450,1051,110.6550064086914,42.38050842285156
train/NORMAL/NORMAL2-IM-0799-0001.jpeg,train,0,NORMAL,1856,1333,140.34312438964844,38.930877685546875
train/NORMAL/NORMAL2-IM-0803-0001.jpeg,train,0,NORMAL,1740,1279,126.43792724609375,47.78608703613281
train/NORMAL/NORMAL2-IM-0804-0001.jpeg,train,0,NORMAL,1646,1391,124.04072570800781,39.486446380615234
train/NORMAL/NORMAL2-IM-0806-0001.jpeg,train,0,NORMAL,1508,1337,135.84373474121094,43.72856521606445
train/NORMAL/NORMAL2-IM-0807-0001.jpeg,train,0,NORMAL,1496,1337,133.8478240966797,41.18743896484375
train/NORMAL/NORMAL2-IM-0810-0001.jpeg,train,0,NORMAL,1638,1279,139.00901794433594,40.05720520019531
train/NORMAL/NORMAL2-IM-0811-0001.jpeg,train,0,NORMAL,1678,1368,165.62515258789062,42.9942741394043
train/NORMAL/NORMAL2-IM-0812-0001.jpeg,train,0,NORMAL,1754,1341,156.92803955078125,42.25615692138672
train/NORMAL/NORMAL2-IM-0814-0001.jpeg,train,0,NORMAL,1736,1399,149.62814331054688,40.8206672668457
train/NORMAL/NORMAL2-IM-0815-0001.jpeg,train,0,NORMAL,1554,1067,140.28233337402344,46.7104377746582
train/NORMAL/NORMAL2-IM-0816-0001.jpeg,train,0,NORMAL,1642,1422,124.56655883789062,35.522945404052734
train/NORMAL/NORMAL2-IM-0818-0001.jpeg,train,0,NORMAL,1874,1670,153.32347106933594,41.339996337890625
train/NORMAL/NORMAL2-IM-0819-0001.jpeg,train,0,NORMAL,1796,1283,153.09373474121094,44.299537658691406
train/NORMAL/NORMAL2-IM-0820-0001.jpeg,train,0,NORMAL,1620,1438,133.4287567138672,48.181251525878906
train/NORMAL/NORMAL2-IM-0821-0001.jpeg,train,0,NORMAL,1836,1487,130.0201873779297,40.43327331542969
train/NORMAL/NORMAL2-IM-0824-0001.jpeg,train,0,NORMAL,1230,993,131.0734100341797,45.585140228271484
train/NORMAL/NORMAL2-IM-0825-0001.jpeg,train,0,NORMAL,1720,1507,135.05755615234375,41.4730339050293
train/NORMAL/NORMAL2-IM-0826-0001.jpeg,train,0,NORMAL,1450,1020,135.961669921875,45.05782699584961
train/NORMAL/NORMAL2-IM-0827-0001.jpeg,train,0,NORMAL,1646,1588,116.53640747070312,37.51335525512695
train/NORMAL/NORMAL2-IM-0828-0001.jpeg,train,0,NORMAL,2553,2305,161.1548614501953,51.75233840942383
train/NORMAL/NORMAL2-IM-0829-0001.jpeg,train,0,NORMAL,1144,966,147.69869995117188,39.588321685791016
train/NORMAL/NORMAL2-IM-0830-0001.jpeg,train,0,NORMAL,1386,1158,166.8859100341797,37.95185470581055
train/NORMAL/NORMAL2-IM-0832-0001-0001.jpeg,train,0,NORMAL,1632,1186,133.45680236816406,49.79914474487305
train/NORMAL/NORMAL2-IM-0832-0001-0002.jpeg,train,0,NORMAL,1426,1206,140.58523559570312,41.76611328125
train/NORMAL/NORMAL2-IM-0832-0001.jpeg,train,0,NORMAL,1538,1164,156.50819396972656,39.8380126953125
train/NORMAL/NORMAL2-IM-0833-0001.jpeg,train,0,NORMAL,1800,1499,129.8763885498047,41.93760299682617
train/NORMAL/NORMAL2-IM-0834-0001.jpeg,train,0,NORMAL,2031,1693,129.94776916503906,47.91624069213867
train/NORMAL/NORMAL2-IM-0837-0001.jpeg,train,0,NORMAL,1566,1248,146.2758331298828,45.03580856323242
train/NORMAL/NORMAL2-IM-0838-0001.jpeg,train,0,NORMAL,1300,1051,147.14244079589844,34.73716354370117
train/NORMAL/NORMAL2-IM-0839-0001.jpeg,train,0,NORMAL,1882,1855,138.46170043945312,43.011070251464844
train/NORMAL/NORMAL2-IM-0840-0001.jpeg,train,0,NORMAL,1786,1175,128.96963500976562,51.12383270263672
train/NORMAL/NORMAL2-IM-0841-0001.jpeg,train,0,NORMAL,2132,2017,137.06201171875,42.83341598510742
train/NORMAL/NORMAL2-IM-0842-0001.jpeg,train,0,NORMAL,1658,1294,125.51183319091797,45.22355270385742
train/NORMAL/NORMAL2-IM-0843-0001.jpeg,train,0,NORMAL,1708,1468,161.45703125,35.450862884521484
train/NORMAL/NORMAL2-IM-0845-0001.jpeg,train,0,NORMAL,1698,1473,112.7396011352539,45.91522216796875
train/NORMAL/NORMAL2-IM-0846-0001.jpeg,train,0,NORMAL,1952,1967,145.83058166503906,39.25740051269531
train/NORMAL/NORMAL2-IM-0847-0001.jpeg,train,0,NORMAL,1566,1353,140.3677215576172,38.25164794921875
train/NORMAL/NORMAL2-IM-0848-0001.jpeg,train,0,NORMAL,1514,1032,143.72189331054688,43.399349212646484
train/NORMAL/NORMAL2-IM-0849-0001.jpeg,train,0,NORMAL,1704,1283,132.50570678710938,40.41114807128906
train/NORMAL/NORMAL2-IM-0851-0001-0001.jpeg,train,0,NORMAL,1562,1164,138.32708740234375,38.22504806518555
train/NORMAL/NORMAL2-IM-0851-0001-0002.jpeg,train,0,NORMAL,1782,1437,154.05409240722656,39.80461120605469
train/NORMAL/NORMAL2-IM-0851-0001.jpeg,train,0,NORMAL,1442,1229,144.11595153808594,41.03548049926758
train/NORMAL/NORMAL2-IM-0852-0001.jpeg,train,0,NORMAL,1360,1167,140.333984375,36.58917999267578
train/NORMAL/NORMAL2-IM-0853-0001.jpeg,train,0,NORMAL,1554,1151,144.96153259277344,44.72090148925781
train/NORMAL/NORMAL2-IM-0854-0001.jpeg,train,0,NORMAL,1662,1194,162.1361846923828,42.88182067871094
train/NORMAL/NORMAL2-IM-0855-0001.jpeg,train,0,NORMAL,1675,1428,175.01312255859375,41.74374008178711
train/NORMAL/NORMAL2-IM-0856-0001.jpeg,train,0,NORMAL,1395,1312,185.45457458496094,35.176658630371094
train/NORMAL/NORMAL2-IM-0857-0001.jpeg,train,0,NORMAL,1586,1306,119.44136810302734,42.88247299194336
train/NORMAL/NORMAL2-IM-0858-0001.jpeg,train,0,NORMAL,1558,1259,115.19119262695312,45.407405853271484
train/NORMAL/NORMAL2-IM-0859-0001.jpeg,train,0,NORMAL,1906,1527,143.99185180664062,43.854820251464844
train/NORMAL/NORMAL2-IM-0860-0001.jpeg,train,0,NORMAL,1704,1553,119.00466918945312,43.0564079284668
train/NORMAL/NORMAL2-IM-0862-0001.jpeg,train,0,NORMAL,1570,1310,142.58128356933594,40.84429931640625
train/NORMAL/NORMAL2-IM-0863-0001.jpeg,train,0,NORMAL,1770,1472,137.9445037841797,36.974063873291016
train/NORMAL/NORMAL2-IM-0865-0001.jpeg,train,0,NORMAL,2180,2085,168.1228790283203,48.98125076293945
train/NORMAL/NORMAL2-IM-0866-0001.jpeg,train,0,NORMAL,1414,1206,124.60935974121094,38.89756774902344
train/NORMAL/NORMAL2-IM-0867-0001.jpeg,train,0,NORMAL,1334,994,128.9917755126953,46.306358337402344
train/NORMAL/NORMAL2-IM-0868-0001.jpeg,train,0,NORMAL,1504,1283,150.9301300048828,35.99164581298828
train/NORMAL/NORMAL2-IM-0871-0001.jpeg,train,0,NORMAL,1632,1260,139.38861083984375,47.31577682495117
train/NORMAL/NORMAL2-IM-0872-0001.jpeg,train,0,NORMAL,1156,804,133.34349060058594,39.58035659790039
train/NORMAL/NORMAL2-IM-0873-0001.jpeg,train,0,NORMAL,1210,1017,164.60467529296875,38.024139404296875
train/NORMAL/NORMAL2-IM-0874-0001.jpeg,train,0,NORMAL,1748,1299,129.77572631835938,43.178871154785156
train/NORMAL/NORMAL2-IM-0875-0001.jpeg,train,0,NORMAL,2094,1912,131.1894989013672,44.88669204711914
train/NORMAL/NORMAL2-IM-0876-0001.jpeg,train,0,NORMAL,1874,1187,151.6561737060547,46.62310791015625
train/NORMAL/NORMAL2-IM-0877-0001.jpeg,train,0,NORMAL,1584,1407,140.5560760498047,39.1542854309082
train/NORMAL/NORMAL2-IM-0879-0001.jpeg,train,0,NORMAL,1454,1078,129.91079711914062,37.482234954833984
train/NORMAL/NORMAL2-IM-0880-0001.jpeg,train,0,NORMAL,1426,1055,108.33722686767578,45.30636215209961
train/NORMAL/NORMAL2-IM-0881-0001.jpeg,train,0,NORMAL,1600,1464,146.4645233154297,38.829307556152344
train/NORMAL/NORMAL2-IM-0882-0001.jpeg,train,0,NORMAL,2090,1743,132.87802124023438,42.18097686767578
train/NORMAL/NORMAL2-IM-0885-0001.jpeg,train,0,NORMAL,1268,900,140.53884887695312,39.17017364501953
train/NORMAL/NORMAL2-IM-0886-0001.jpeg,train,0,NORMAL,1816,1607,137.0780029296875,44.06428527832031
train/NORMAL/NORMAL2-IM-0887-0001.jpeg,train,0,NORMAL,1496,1094,127.75050354003906,45.55972671508789
train/NORMAL/NORMAL2-IM-0888-0001.jpeg,train,0,NORMAL,2450,2145,145.46119689941406,46.37002944946289
train/NORMAL/NORMAL2-IM-0890-0001.jpeg,train,0,NORMAL,1744,1532,178.5406494140625,39.9718132019043
train/NORMAL/NORMAL2-IM-0892-0001.jpeg,train,0,NORMAL,2022,1947,127.63075256347656,44.5665168762207
train/NORMAL/NORMAL2-IM-0893-0001.jpeg,train,0,NORMAL,1292,885,156.32650756835938,32.20058059692383
train/NORMAL/NORMAL2-IM-0894-0001.jpeg,train,0,NORMAL,1808,1383,142.94471740722656,42.14962387084961
train/NORMAL/NORMAL2-IM-0895-0001.jpeg,train,0,NORMAL,1434,1036,131.27447509765625,39.1857795715332
train/NORMAL/NORMAL2-IM-0896-0001.jpeg,train,0,NORMAL,1732,1666,131.5736846923828,39.98147201538086
train/NORMAL/NORMAL2-IM-0898-0001.jpeg,train,0,NORMAL,1418,1078,134.67149353027344,40.51372146606445
train/NORMAL/NORMAL2-IM-0899-0001.jpeg,train,0,NORMAL,2427,2374,194.35159301757812,36.598995208740234
train/NORMAL/NORMAL2-IM-0904-0001.jpeg,train,0,NORMAL,2534,2169,183.47348022460938,43.45083999633789
train/NORMAL/NORMAL2-IM-0906-0001.jpeg,train,0,NORMAL,1824,1565,144.07672119140625,40.31351852416992
train/NORMAL/NORMAL2-IM-0907-0001.jpeg,train,0,NORMAL,1720,1642,133.78851318359375,42.69271469116211
train/NORMAL/NORMAL2-IM-0909-0001.jpeg,train,0,NORMAL,1948,1905,161.3255615234375,41.876556396484375
train/NORMAL/NORMAL2-IM-0910-0001.jpeg,train,0,NORMAL,1754,1179,153.30050659179688,43.54220962524414
train/NORMAL/NORMAL2-IM-0911-0001.jpeg,train,0,NORMAL,2251,1853,179.84735107421875,39.72472381591797
train/NORMAL/NORMAL2-IM-0912-0001.jpeg,train,0,NORMAL,1244,1005,159.07589721679688,33.826351165771484
train/NORMAL/NORMAL2-IM-0913-0001.jpeg,train,0,NORMAL,1508,1240,132.5162811279297,42.84188461303711
train/NORMAL/NORMAL2-IM-0914-0001.jpeg,train,0,NORMAL,1430,1113,158.0022735595703,34.94045639038086
train/NORMAL/NORMAL2-IM-0915-0001.jpeg,train,0,NORMAL,1276,1036,156.83282470703125,34.76234436035156
train/NORMAL/NORMAL2-IM-0917-0001.jpeg,train,0,NORMAL,1492,1148,160.3865966796875,38.773197174072266
train/NORMAL/NORMAL2-IM-0918-0001.jpeg,train,0,NORMAL,1450,1275,155.37535095214844,36.86252212524414
train/NORMAL/NORMAL2-IM-0919-0001.jpeg,train,0,NORMAL,2148,1773,140.54489135742188,44.87413787841797
train/NORMAL/NORMAL2-IM-0922-0001.jpeg,train,0,NORMAL,1508,1140,143.1781768798828,46.258209228515625
train/NORMAL/NORMAL2-IM-0924-0001.jpeg,train,0,NORMAL,1692,1364,116.22465515136719,38.505191802978516
train/NORMAL/NORMAL2-IM-0925-0001.jpeg,train,0,NORMAL,1886,1916,111.77413177490234,46.22443771362305
train/NORMAL/NORMAL2-IM-0927-0001.jpeg,train,0,NORMAL,2359,2234,142.02499389648438,37.711124420166016
train/NORMAL/NORMAL2-IM-0929-0001.jpeg,train,0,NORMAL,1906,1627,130.0882568359375,42.72574234008789
train/NORMAL/NORMAL2-IM-0930-0001.jpeg,train,0,NORMAL,1666,1171,132.28416442871094,44.52356719970703
train/NORMAL/NORMAL2-IM-0931-0001.jpeg,train,0,NORMAL,1774,1662,139.10507202148438,34.359947204589844
train/NORMAL/NORMAL2-IM-0932-0001.jpeg,train,0,NORMAL,1650,1078,117.33103942871094,45.75806427001953
train/NORMAL/NORMAL2-IM-0934-0001.jpeg,train,0,NORMAL,1508,1349,135.9713897705078,42.24138259887695
train/NORMAL/NORMAL2-IM-0935-0001.jpeg,train,0,NORMAL,1662,1276,137.35504150390625,41.99117660522461
train/NORMAL/NORMAL2-IM-0936-0001.jpeg,train,0,NORMAL,1582,1418,117.68043518066406,44.60617446899414
train/NORMAL/NORMAL2-IM-0937-0001.jpeg,train,0,NORMAL,1642,1496,140.40884399414062,41.53251647949219
train/NORMAL/NORMAL2-IM-0939-0001.jpeg,train,0,NORMAL,2342,2399,143.07887268066406,45.52231216430664
train/NORMAL/NORMAL2-IM-0941-0001.jpeg,train,0,NORMAL,1704,1499,162.22555541992188,43.7220458984375
train/NORMAL/NORMAL2-IM-0942-0001.jpeg,train,0,NORMAL,1746,1812,141.6671905517578,44.045387268066406
train/NORMAL/NORMAL2-IM-0944-0001.jpeg,train,0,NORMAL,2566,2321,155.34547424316406,36.68239212036133
train/NORMAL/NORMAL2-IM-0945-0001.jpeg,train,0,NORMAL,1268,924,170.52212524414062,41.59939193725586
train/NORMAL/NORMAL2-IM-0946-0001.jpeg,train,0,NORMAL,1654,1313,126.890625,44.47471237182617
train/NORMAL/NORMAL2-IM-0947-0001.jpeg,train,0,NORMAL,1662,1241,148.839111328125,43.04090118408203
train/NORMAL/NORMAL2-IM-0948-0001.jpeg,train,0,NORMAL,1994,1839,127.55648803710938,44.36647033691406
train/NORMAL/NORMAL2-IM-0949-0001.jpeg,train,0,NORMAL,1646,1410,149.6516876220703,38.07190704345703
train/NORMAL/NORMAL2-IM-0951-0001.jpeg,train,0,NORMAL,1558,1279,124.2602310180664,38.115055084228516
train/NORMAL/NORMAL2-IM-0952-0001.jpeg,train,0,NORMAL,1554,1229,149.7033233642578,39.25295639038086
train/NORMAL/NORMAL2-IM-0954-0001.jpeg,train,0,NORMAL,1570,1499,120.98827362060547,41.046146392822266
train/NORMAL/NORMAL2-IM-0955-0001.jpeg,train,0,NORMAL,1770,1325,136.02862548828125,47.26683044433594
train/NORMAL/NORMAL2-IM-0956-0001.jpeg,train,0,NORMAL,1334,1171,135.81610107421875,37.83778762817383
train/NORMAL/NORMAL2-IM-0957-0001.jpeg,train,0,NORMAL,2633,2578,164.32492065429688,51.68145751953125
train/NORMAL/NORMAL2-IM-0959-0001.jpeg,train,0,NORMAL,1128,966,129.9761505126953,36.88421630859375
train/NORMAL/NORMAL2-IM-0960-0001.jpeg,train,0,NORMAL,1862,1429,140.47093200683594,41.740177154541016
train/NORMAL/NORMAL2-IM-0961-0001.jpeg,train,0,NORMAL,1840,1642,152.78070068359375,40.850128173828125
train/NORMAL/NORMAL2-IM-0962-0001.jpeg,train,0,NORMAL,1496,1137,145.05470275878906,38.987056732177734
train/NORMAL/NORMAL2-IM-0965-0001.jpeg,train,0,NORMAL,1500,1249,148.44232177734375,43.23829650878906
train/NORMAL/NORMAL2-IM-0966-0001.jpeg,train,0,NORMAL,1518,1071,129.10813903808594,43.4736213684082
train/NORMAL/NORMAL2-IM-0967-0001.jpeg,train,0,NORMAL,1844,1256,137.1375274658203,48.053348541259766
train/NORMAL/NORMAL2-IM-0969-0001.jpeg,train,0,NORMAL,1790,1472,150.60552978515625,43.220489501953125
train/NORMAL/NORMAL2-IM-0970-0001.jpeg,train,0,NORMAL,1546,1294,148.52780151367188,36.633819580078125
train/NORMAL/NORMAL2-IM-0971-0001-0001.jpeg,train,0,NORMAL,1850,1785,137.40577697753906,45.030208587646484
train/NORMAL/NORMAL2-IM-0974-0001.jpeg,train,0,NORMAL,1642,1507,122.28858184814453,43.2786750793457
train/NORMAL/NORMAL2-IM-0975-0001.jpeg,train,0,NORMAL,1566,1383,150.69300842285156,37.23969268798828
train/NORMAL/NORMAL2-IM-0976-0001.jpeg,train,0,NORMAL,1546,1236,110.6557846069336,43.653282165527344
train/NORMAL/NORMAL2-IM-0979-0001.jpeg,train,0,NORMAL,1416,1079,133.24044799804688,46.7739372253418
train/NORMAL/NORMAL2-IM-0980-0001.jpeg,train,0,NORMAL,1236,1013,139.3383026123047,40.662471771240234
train/NORMAL/NORMAL2-IM-0983-0001-0002.jpeg,train,0,NORMAL,1466,1178,134.84605407714844,43.74306106567383
train/NORMAL/NORMAL2-IM-0983-0001.jpeg,train,0,NORMAL,1846,1676,133.74008178710938,43.62862777709961
train/NORMAL/NORMAL2-IM-0986-0001.jpeg,train,0,NORMAL,1786,1449,126.9123306274414,47.46593475341797
train/NORMAL/NORMAL2-IM-0988-0001.jpeg,train,0,NORMAL,1960,1920,141.65809631347656,46.40705108642578
train/NORMAL/NORMAL2-IM-0989-0001.jpeg,train,0,NORMAL,1450,1160,146.28216552734375,46.9504280090332
train/NORMAL/NORMAL2-IM-0993-0001.jpeg,train,0,NORMAL,1846,1488,148.66046142578125,44.24577713012695
train/NORMAL/NORMAL2-IM-0994-0001.jpeg,train,0,NORMAL,2373,2663,171.59022521972656,47.35818862915039
train/NORMAL/NORMAL2-IM-0995-0001-0001.jpeg,train,0,NORMAL,1172,967,154.37474060058594,37.38875198364258
train/NORMAL/NORMAL2-IM-0995-0001-0002.jpeg,train,0,NORMAL,1692,1878,149.8297119140625,41.629051208496094
train/NORMAL/NORMAL2-IM-0995-0001.jpeg,train,0,NORMAL,1774,1318,164.60781860351562,46.553958892822266
train/NORMAL/NORMAL2-IM-0997-0001.jpeg,train,0,NORMAL,1338,1102,123.37005615234375,46.14784622192383
train/NORMAL/NORMAL2-IM-0998-0001.jpeg,train,0,NORMAL,1276,1059,107.22696685791016,37.062416076660156
train/NORMAL/NORMAL2-IM-0999-0001.jpeg,train,0,NORMAL,1916,2059,122.1741714477539,46.431358337402344
train/NORMAL/NORMAL2-IM-1001-0001.jpeg,train,0,NORMAL,1808,1665,152.33364868164062,38.497135162353516
train/NORMAL/NORMAL2-IM-1004-0001.jpeg,train,0,NORMAL,1402,1117,148.42222595214844,38.40861511230469
train/NORMAL/NORMAL2-IM-1005-0001.jpeg,train,0,NORMAL,1716,1569,148.42442321777344,43.672523498535156
train/NORMAL/NORMAL2-IM-1006-0001.jpeg,train,0,NORMAL,1754,1352,140.611083984375,36.62361526489258
train/NORMAL/NORMAL2-IM-1008-0001.jpeg,train,0,NORMAL,1882,1329,113.09265899658203,51.1221809387207
train/NORMAL/NORMAL2-IM-1010-0001.jpeg,train,0,NORMAL,1720,1348,147.72337341308594,42.67575454711914
train/NORMAL/NORMAL2-IM-1014-0001.jpeg,train,0,NORMAL,1696,1542,148.86135864257812,41.479949951171875
train/NORMAL/NORMAL2-IM-1015-0001.jpeg,train,0,NORMAL,1422,1066,124.1878662109375,39.836334228515625
train/NORMAL/NORMAL2-IM-1016-0001.jpeg,train,0,NORMAL,1458,1233,148.5424346923828,42.07513427734375
train/NORMAL/NORMAL2-IM-1017-0001.jpeg,train,0,NORMAL,1364,1067,130.1254425048828,41.97032165527344
train/NORMAL/NORMAL2-IM-1018-0001.jpeg,train,0,NORMAL,2694,2625,163.4441375732422,50.280357360839844
train/NORMAL/NORMAL2-IM-1019-0001.jpeg,train,0,NORMAL,1414,1020,119.54183959960938,39.52573776245117
train/NORMAL/NORMAL2-IM-1020-0001-0002.jpeg,train,0,NORMAL,1870,1785,141.74984741210938,45.22568130493164
train/NORMAL/NORMAL2-IM-1020-0001.jpeg,train,0,NORMAL,1720,1380,146.43272399902344,43.14636993408203
train/NORMAL/NORMAL2-IM-1022-0001.jpeg,train,0,NORMAL,1804,1314,143.20443725585938,43.23296356201172
train/NORMAL/NORMAL2-IM-1023-0001.jpeg,train,0,NORMAL,1974,1627,169.14117431640625,35.90733337402344
train/NORMAL/NORMAL2-IM-1025-0001.jpeg,train,0,NORMAL,1740,1291,111.99562072753906,36.49480056762695
train/NORMAL/NORMAL2-IM-1026-0001.jpeg,train,0,NORMAL,1836,1604,140.42921447753906,44.75392532348633
train/NORMAL/NORMAL2-IM-1028-0001.jpeg,train,0,NORMAL,1850,1793,121.90467071533203,44.242122650146484
train/NORMAL/NORMAL2-IM-1030-0001.jpeg,train,0,NORMAL,1646,1395,130.28604125976562,37.21880340576172
train/NORMAL/NORMAL2-IM-1033-0001.jpeg,train,0,NORMAL,1530,1272,129.9039764404297,38.676883697509766
train/NORMAL/NORMAL2-IM-1035-0001.jpeg,train,0,NORMAL,1812,1446,138.54083251953125,43.24260711669922
train/NORMAL/NORMAL2-IM-1038-0001.jpeg,train,0,NORMAL,2309,2601,169.08023071289062,49.25371551513672
train/NORMAL/NORMAL2-IM-1039-0001.jpeg,train,0,NORMAL,1384,1090,145.93508911132812,39.73160171508789
train/NORMAL/NORMAL2-IM-1040-0001.jpeg,train,0,NORMAL,1318,951,113.16616821289062,37.69767761230469
train/NORMAL/NORMAL2-IM-1041-0001.jpeg,train,0,NORMAL,1654,1541,131.08157348632812,45.655025482177734
train/NORMAL/NORMAL2-IM-1043-0001.jpeg,train,0,NORMAL,1804,1612,135.1205596923828,45.01124572753906
train/NORMAL/NORMAL2-IM-1044-0001.jpeg,train,0,NORMAL,1458,1248,118.77796936035156,43.44403076171875
train/NORMAL/NORMAL2-IM-1046-0001.jpeg,train,0,NORMAL,1542,1461,145.3280029296875,48.49591064453125
train/NORMAL/NORMAL2-IM-1047-0001.jpeg,train,0,NORMAL,1596,1233,137.0302276611328,40.2907600402832
train/NORMAL/NORMAL2-IM-1048-0001.jpeg,train,0,NORMAL,1496,1012,116.45538330078125,43.06644821166992
train/NORMAL/NORMAL2-IM-1049-0001.jpeg,train,0,NORMAL,1812,1627,146.56344604492188,44.14762496948242
train/NORMAL/NORMAL2-IM-1051-0001.jpeg,train,0,NORMAL,1400,1125,138.18797302246094,41.68779754638672
train/NORMAL/NORMAL2-IM-1052-0001.jpeg,train,0,NORMAL,2340,2431,179.96458435058594,50.1221809387207
train/NORMAL/NORMAL2-IM-1053-0001.jpeg,train,0,NORMAL,1692,1372,124.04877471923828,47.4497184753418
train/NORMAL/NORMAL2-IM-1054-0001.jpeg,train,0,NORMAL,1468,1163,132.25975036621094,38.024662017822266
train/NORMAL/NORMAL2-IM-1055-0001.jpeg,train,0,NORMAL,2126,1345,157.59100341796875,44.30752182006836
train/NORMAL/NORMAL2-IM-1058-0001.jpeg,train,0,NORMAL,1608,1469,131.263427734375,43.719024658203125
train/NORMAL/NORMAL2-IM-1059-0001.jpeg,train,0,NORMAL,1592,1337,123.08404541015625,38.857364654541016
train/NORMAL/NORMAL2-IM-1060-0001.jpeg,train,0,NORMAL,1546,1271,138.4160614013672,44.01179504394531
train/NORMAL/NORMAL2-IM-1064-0001.jpeg,train,0,NORMAL,1880,1552,155.50894165039062,55.02198028564453
train/NORMAL/NORMAL2-IM-1067-0001-0001.jpeg,train,0,NORMAL,1304,968,133.5961151123047,39.018741607666016
train/NORMAL/NORMAL2-IM-1067-0001.jpeg,train,0,NORMAL,1416,1160,154.11080932617188,38.98366165161133
train/NORMAL/NORMAL2-IM-1073-0001.jpeg,train,0,NORMAL,1568,1560,152.3252410888672,44.986114501953125
train/NORMAL/NORMAL2-IM-1084-0001.jpeg,train,0,NORMAL,1360,1128,158.93724060058594,49.453617095947266
train/NORMAL/NORMAL2-IM-1086-0001.jpeg,train,0,NORMAL,1288,1008,140.8857421875,45.761146545410156
train/NORMAL/NORMAL2-IM-1088-0001.jpeg,train,0,NORMAL,1546,1152,131.07171630859375,41.36150360107422
train/NORMAL/NORMAL2-IM-1089-0001.jpeg,train,0,NORMAL,1350,1152,137.88771057128906,42.44949722290039
train/NORMAL/NORMAL2-IM-1091-0001.jpeg,train,0,NORMAL,1512,1164,114.96753692626953,43.17067337036133
train/NORMAL/NORMAL2-IM-1093-0001.jpeg,train,0,NORMAL,1422,1186,148.5946807861328,32.8454475402832
train/NORMAL/NORMAL2-IM-1094-0001-0001.jpeg,train,0,NORMAL,1638,1634,132.60202026367188,38.254024505615234
train/NORMAL/NORMAL2-IM-1094-0001-0002.jpeg,train,0,NORMAL,1674,1337,102.77613067626953,35.384525299072266
train/NORMAL/NORMAL2-IM-1094-0001.jpeg,train,0,NORMAL,1522,1256,152.85400390625,38.250030517578125
train/NORMAL/NORMAL2-IM-1096-0001-0001.jpeg,train,0,NORMAL,1674,1291,149.51113891601562,45.18273162841797
train/NORMAL/NORMAL2-IM-1096-0001-0003.jpeg,train,0,NORMAL,1840,1511,138.36073303222656,47.65179443359375
train/NORMAL/NORMAL2-IM-1096-0001.jpeg,train,0,NORMAL,1580,1329,125.54181671142578,39.474918365478516
train/NORMAL/NORMAL2-IM-1100-0001.jpeg,train,0,NORMAL,2098,1770,135.1127166748047,46.36925506591797
train/NORMAL/NORMAL2-IM-1102-0001-0001.jpeg,train,0,NORMAL,2114,1758,160.380615234375,37.85292434692383
train/NORMAL/NORMAL2-IM-1102-0001-0002.jpeg,train,0,NORMAL,1230,1136,143.6727294921875,34.90360641479492
train/NORMAL/NORMAL2-IM-1102-0001.jpeg,train,0,NORMAL,1790,1441,150.6124725341797,40.35380935668945
train/NORMAL/NORMAL2-IM-1104-0001.jpeg,train,0,NORMAL,2268,1959,133.42715454101562,36.43226623535156
train/NORMAL/NORMAL2-IM-1105-0001.jpeg,train,0,NORMAL,1248,936,175.9227752685547,33.212425231933594
train/NORMAL/NORMAL2-IM-1106-0001.jpeg,train,0,NORMAL,1778,1542,140.53982543945312,42.00717544555664
train/NORMAL/NORMAL2-IM-1108-0001.jpeg,train,0,NORMAL,1620,1310,148.733154296875,40.77628707885742
train/NORMAL/NORMAL2-IM-1109-0001.jpeg,train,0,NORMAL,1500,1268,135.00955200195312,41.307010650634766
train/NORMAL/NORMAL2-IM-1110-0001.jpeg,train,0,NORMAL,1902,1665,101.45990753173828,45.376625061035156
train/NORMAL/NORMAL2-IM-1111-0001.jpeg,train,0,NORMAL,1496,1201,125.57749938964844,40.852455139160156
train/NORMAL/NORMAL2-IM-1112-0001.jpeg,train,0,NORMAL,2148,1820,130.0055694580078,44.38792419433594
train/NORMAL/NORMAL2-IM-1113-0001.jpeg,train,0,NORMAL,2128,1630,133.69146728515625,43.947689056396484
train/NORMAL/NORMAL2-IM-1114-0001.jpeg,train,0,NORMAL,1570,1286,141.9126434326172,45.019596099853516
train/NORMAL/NORMAL2-IM-1116-0001-0001.jpeg,train,0,NORMAL,2272,1989,140.65599060058594,41.62098693847656
train/NORMAL/NORMAL2-IM-1116-0001-0002.jpeg,train,0,NORMAL,1940,1761,144.8873291015625,41.03229904174805
train/NORMAL/NORMAL2-IM-1116-0001.jpeg,train,0,NORMAL,1878,1654,147.19107055664062,40.663368225097656
train/NORMAL/NORMAL2-IM-1118-0001.jpeg,train,0,NORMAL,1304,1028,134.9425811767578,38.61764144897461
train/NORMAL/NORMAL2-IM-1120-0001.jpeg,train,0,NORMAL,1500,1113,166.1223602294922,41.62835693359375
train/NORMAL/NORMAL2-IM-1123-0001.jpeg,train,0,NORMAL,1384,950,140.4288330078125,39.873741149902344
train/NORMAL/NORMAL2-IM-1124-0001.jpeg,train,0,NORMAL,1687,1595,175.8627166748047,42.74810028076172
train/NORMAL/NORMAL2-IM-1127-0001.jpeg,train,0,NORMAL,1654,1291,114.2072525024414,46.06135940551758
train/NORMAL/NORMAL2-IM-1128-0001-0001.jpeg,train,0,NORMAL,1860,1569,171.607421875,34.94881820678711
train/NORMAL/NORMAL2-IM-1128-0001-0002.jpeg,train,0,NORMAL,1414,1164,147.17721557617188,43.73316955566406
train/NORMAL/NORMAL2-IM-1128-0001.jpeg,train,0,NORMAL,1666,1290,126.72576141357422,46.884979248046875
train/NORMAL/NORMAL2-IM-1130-0001.jpeg,train,0,NORMAL,2056,1793,141.7501678466797,41.693153381347656
train/NORMAL/NORMAL2-IM-1132-0001.jpeg,train,0,NORMAL,1500,1194,125.60331726074219,45.047027587890625
train/NORMAL/NORMAL2-IM-1134-0001.jpeg,train,0,NORMAL,1724,1410,129.8546142578125,42.79094696044922
train/NORMAL/NORMAL2-IM-1135-0001.jpeg,train,0,NORMAL,1550,1194,155.164306640625,32.36677551269531
train/NORMAL/NORMAL2-IM-1136-0001.jpeg,train,0,NORMAL,1778,1473,152.9441375732422,43.124515533447266
train/NORMAL/NORMAL2-IM-1138-0001.jpeg,train,0,NORMAL,1778,1356,128.6979522705078,47.35589599609375
train/NORMAL/NORMAL2-IM-1141-0001.jpeg,train,0,NORMAL,1824,1090,159.24473571777344,43.811317443847656
train/NORMAL/NORMAL2-IM-1142-0001-0001.jpeg,train,0,NORMAL,1604,1442,135.64697265625,42.269588470458984
train/NORMAL/NORMAL2-IM-1142-0001-0002.jpeg,train,0,NORMAL,1516,1283,135.655517578125,42.12434387207031
train/NORMAL/NORMAL2-IM-1142-0001.jpeg,train,0,NORMAL,1666,1433,153.0701141357422,42.43716049194336
train/NORMAL/NORMAL2-IM-1144-0001.jpeg,train,0,NORMAL,1682,1241,149.99334716796875,40.983768463134766
train/NORMAL/NORMAL2-IM-1147-0001.jpeg,train,0,NORMAL,1890,1615,121.04004669189453,29.983478546142578
train/NORMAL/NORMAL2-IM-1148-0001.jpeg,train,0,NORMAL,1852,1453,141.92921447753906,45.85026550292969
train/NORMAL/NORMAL2-IM-1149-0001.jpeg,train,0,NORMAL,1098,955,146.57891845703125,33.633201599121094
train/NORMAL/NORMAL2-IM-1150-0001.jpeg,train,0,NORMAL,1696,1310,147.59202575683594,39.601715087890625
train/NORMAL/NORMAL2-IM-1152-0001.jpeg,train,0,NORMAL,1472,1175,151.94879150390625,40.87661361694336
train/NORMAL/NORMAL2-IM-1153-0001.jpeg,train,0,NORMAL,1628,1283,139.58482360839844,41.45930099487305
train/NORMAL/NORMAL2-IM-1154-0001-0001.jpeg,train,0,NORMAL,2026,1468,129.9840850830078,48.34005355834961
train/NORMAL/NORMAL2-IM-1154-0001-0002.jpeg,train,0,NORMAL,1644,1487,142.7356719970703,41.102699279785156
train/NORMAL/NORMAL2-IM-1154-0001.jpeg,train,0,NORMAL,1744,1422,146.09603881835938,43.7384147644043
train/NORMAL/NORMAL2-IM-1155-0001.jpeg,train,0,NORMAL,1364,1114,148.2821044921875,40.24513626098633
train/NORMAL/NORMAL2-IM-1156-0001.jpeg,train,0,NORMAL,1592,1148,137.1746063232422,46.6199836730957
train/NORMAL/NORMAL2-IM-1158-0001.jpeg,train,0,NORMAL,1716,1504,133.34695434570312,45.59482192993164
train/NORMAL/NORMAL2-IM-1160-0001.jpeg,train,0,NORMAL,2091,2326,168.41407775878906,48.424560546875
train/NORMAL/NORMAL2-IM-1161-0001.jpeg,train,0,NORMAL,1600,1380,125.34613800048828,43.192466735839844
train/NORMAL/NORMAL2-IM-1162-0001.jpeg,train,0,NORMAL,1670,1348,153.28384399414062,37.02714920043945
train/NORMAL/NORMAL2-IM-1163-0001.jpeg,train,0,NORMAL,1616,1283,147.56393432617188,42.44383239746094
train/NORMAL/NORMAL2-IM-1164-0001.jpeg,train,0,NORMAL,1492,1190,138.54550170898438,39.21094512939453
train/NORMAL/NORMAL2-IM-1167-0001.jpeg,train,0,NORMAL,1870,1638,159.18881225585938,35.90362548828125
train/NORMAL/NORMAL2-IM-1168-0001.jpeg,train,0,NORMAL,1982,1603,131.07562255859375,46.34914016723633
train/NORMAL/NORMAL2-IM-1169-0001.jpeg,train,0,NORMAL,1782,1433,162.41702270507812,38.18680953979492
train/NORMAL/NORMAL2-IM-1170-0001.jpeg,train,0,NORMAL,1666,1360,167.18943786621094,38.49490737915039
train/NORMAL/NORMAL2-IM-1171-0001.jpeg,train,0,NORMAL,1790,1600,148.7920684814453,45.915794372558594
train/NORMAL/NORMAL2-IM-1173-0001.jpeg,train,0,NORMAL,1310,1306,168.05470275878906,37.66053009033203
train/NORMAL/NORMAL2-IM-1174-0001.jpeg,train,0,NORMAL,1716,1523,148.62911987304688,45.76848220825195
train/NORMAL/NORMAL2-IM-1175-0001.jpeg,train,0,NORMAL,1516,1291,131.39918518066406,44.054874420166016
train/NORMAL/NORMAL2-IM-1176-0001.jpeg,train,0,NORMAL,2362,2187,148.41043090820312,45.59676742553711
train/NORMAL/NORMAL2-IM-1177-0001.jpeg,train,0,NORMAL,1518,1310,158.61807250976562,40.80715560913086
train/NORMAL/NORMAL2-IM-1178-0001.jpeg,train,0,NORMAL,1588,1438,149.97952270507812,42.42622756958008
train/NORMAL/NORMAL2-IM-1180-0001.jpeg,train,0,NORMAL,1696,1287,124.34758758544922,43.5804557800293
train/NORMAL/NORMAL2-IM-1181-0001.jpeg,train,0,NORMAL,1862,1441,144.8917694091797,44.20295715332031
train/NORMAL/NORMAL2-IM-1184-0001.jpeg,train,0,NORMAL,1464,1205,122.30963897705078,37.88979721069336
train/NORMAL/NORMAL2-IM-1185-0001.jpeg,train,0,NORMAL,1754,1499,133.7896728515625,51.832218170166016
train/NORMAL/NORMAL2-IM-1187-0001.jpeg,train,0,NORMAL,1692,1360,142.66445922851562,44.279598236083984
train/NORMAL/NORMAL2-IM-1188-0001.jpeg,train,0,NORMAL,2078,2067,140.74241638183594,41.76844787597656
train/NORMAL/NORMAL2-IM-1190-0001.jpeg,train,0,NORMAL,1746,1576,128.76808166503906,41.865966796875
train/NORMAL/NORMAL2-IM-1191-0001.jpeg,train,0,NORMAL,1616,1187,131.21543884277344,44.89583969116211
train/NORMAL/NORMAL2-IM-1192-0001.jpeg,train,0,NORMAL,1882,1418,126.70622253417969,48.28669357299805
train/NORMAL/NORMAL2-IM-1194-0001.jpeg,train,0,NORMAL,1350,1090,162.34371948242188,38.77745056152344
train/NORMAL/NORMAL2-IM-1197-0001.jpeg,train,0,NORMAL,1608,1348,156.7242431640625,40.88386154174805
train/NORMAL/NORMAL2-IM-1198-0001.jpeg,train,0,NORMAL,2040,2059,143.80467224121094,42.557010650634766
train/NORMAL/NORMAL2-IM-1200-0001.jpeg,train,0,NORMAL,1828,1781,125.75788879394531,39.50687789916992
train/NORMAL/NORMAL2-IM-1201-0001.jpeg,train,0,NORMAL,1636,1218,131.55462646484375,40.01732635498047
train/NORMAL/NORMAL2-IM-1202-0001.jpeg,train,0,NORMAL,1898,1565,148.71664428710938,41.41805648803711
train/NORMAL/NORMAL2-IM-1203-0001.jpeg,train,0,NORMAL,1376,1105,139.38475036621094,43.46943664550781
train/NORMAL/NORMAL2-IM-1204-0001.jpeg,train,0,NORMAL,1592,1392,122.14803314208984,46.03163528442383
train/NORMAL/NORMAL2-IM-1205-0001.jpeg,train,0,NORMAL,1558,1167,128.9160614013672,41.015869140625
train/NORMAL/NORMAL2-IM-1206-0001.jpeg,train,0,NORMAL,1692,1245,125.55089569091797,44.515289306640625
train/NORMAL/NORMAL2-IM-1209-0001.jpeg,train,0,NORMAL,1434,978,139.5851593017578,40.25063705444336
train/NORMAL/NORMAL2-IM-1214-0001.jpeg,train,0,NORMAL,1392,1232,163.5416259765625,45.945770263671875
train/NORMAL/NORMAL2-IM-1218-0001.jpeg,train,0,NORMAL,1982,1751,147.3237762451172,41.94144058227539
train/NORMAL/NORMAL2-IM-1219-0001.jpeg,train,0,NORMAL,2566,1909,149.9506072998047,47.34994125366211
train/NORMAL/NORMAL2-IM-1220-0001.jpeg,train,0,NORMAL,1596,1510,140.60833740234375,43.738121032714844
train/NORMAL/NORMAL2-IM-1221-0001.jpeg,train,0,NORMAL,1500,1206,135.60305786132812,41.909332275390625
train/NORMAL/NORMAL2-IM-1222-0001.jpeg,train,0,NORMAL,1364,1148,127.7360610961914,42.132545471191406
train/NORMAL/NORMAL2-IM-1223-0001.jpeg,train,0,NORMAL,1716,1530,133.7855987548828,44.017311096191406
train/NORMAL/NORMAL2-IM-1224-0001.jpeg,train,0,NORMAL,1786,1360,141.3660888671875,45.221187591552734
train/NORMAL/NORMAL2-IM-1225-0001.jpeg,train,0,NORMAL,1676,1129,134.75518798828125,38.778438568115234
train/NORMAL/NORMAL2-IM-1226-0001.jpeg,train,0,NORMAL,1902,1608,128.08535766601562,40.86191177368164
train/NORMAL/NORMAL2-IM-1228-0001.jpeg,train,0,NORMAL,1306,994,133.24713134765625,43.39186477661133
train/NORMAL/NORMAL2-IM-1232-0001.jpeg,train,0,NORMAL,1302,927,134.82691955566406,40.08598709106445
train/NORMAL/NORMAL2-IM-1236-0001.jpeg,train,0,NORMAL,1886,1573,113.72550201416016,46.462066650390625
train/NORMAL/NORMAL2-IM-1237-0001.jpeg,train,0,NORMAL,1762,1341,125.46994018554688,45.42891311645508
train/NORMAL/NORMAL2-IM-1240-0001.jpeg,train,0,NORMAL,1570,1460,144.9595184326172,42.70008087158203
train/NORMAL/NORMAL2-IM-1241-0001.jpeg,train,0,NORMAL,1056,792,124.31634521484375,38.363094329833984
train/NORMAL/NORMAL2-IM-1242-0001.jpeg,train,0,NORMAL,1354,1078,149.9741668701172,30.62381362915039
train/NORMAL/NORMAL2-IM-1243-0001.jpeg,train,0,NORMAL,2024,1963,163.55230712890625,39.54877471923828
train/NORMAL/NORMAL2-IM-1244-0001.jpeg,train,0,NORMAL,1362,1093,128.07913208007812,37.76291275024414
train/NORMAL/NORMAL2-IM-1247-0001.jpeg,train,0,NORMAL,1316,1067,168.31686401367188,34.57061004638672
train/NORMAL/NORMAL2-IM-1250-0001.jpeg,train,0,NORMAL,1416,992,140.7161865234375,48.995975494384766
train/NORMAL/NORMAL2-IM-1252-0001.jpeg,train,0,NORMAL,1873,1764,168.09776306152344,38.16605758666992
train/NORMAL/NORMAL2-IM-1253-0001.jpeg,train,0,NORMAL,1522,1090,135.01336669921875,45.1104736328125
train/NORMAL/NORMAL2-IM-1254-0001.jpeg,train,0,NORMAL,1828,1515,143.94227600097656,40.07063293457031
train/NORMAL/NORMAL2-IM-1256-0001.jpeg,train,0,NORMAL,1720,1465,149.4552764892578,39.16876983642578
train/NORMAL/NORMAL2-IM-1258-0001-0001.jpeg,train,0,NORMAL,2048,1882,149.07232666015625,43.28221893310547
train/NORMAL/NORMAL2-IM-1258-0001-0002.jpeg,train,0,NORMAL,1654,1446,151.13685607910156,42.22964096069336
train/NORMAL/NORMAL2-IM-1258-0001.jpeg,train,0,NORMAL,2482,2570,170.48135375976562,48.71347427368164
train/NORMAL/NORMAL2-IM-1261-0001.jpeg,train,0,NORMAL,1682,1380,130.03895568847656,42.881221771240234
train/NORMAL/NORMAL2-IM-1262-0001.jpeg,train,0,NORMAL,1392,1148,118.72407531738281,34.91559600830078
train/NORMAL/NORMAL2-IM-1264-0001.jpeg,train,0,NORMAL,1206,978,113.76227569580078,35.51975631713867
train/NORMAL/NORMAL2-IM-1266-0001-0001.jpeg,train,0,NORMAL,1654,1171,148.8025665283203,44.35832977294922
train/NORMAL/NORMAL2-IM-1266-0001-0002.jpeg,train,0,NORMAL,1562,1156,136.01895141601562,43.18425750732422
train/NORMAL/NORMAL2-IM-1266-0001.jpeg,train,0,NORMAL,1686,1337,139.4220733642578,42.46816635131836
train/NORMAL/NORMAL2-IM-1269-0001-0001.jpeg,train,0,NORMAL,1902,1499,144.09156799316406,41.4597053527832
train/NORMAL/NORMAL2-IM-1269-0001-0002.jpeg,train,0,NORMAL,1372,1047,127.7978744506836,47.70219421386719
train/NORMAL/NORMAL2-IM-1270-0001.jpeg,train,0,NORMAL,1246,951,131.390380859375,39.962100982666016
train/NORMAL/NORMAL2-IM-1271-0001.jpeg,train,0,NORMAL,2414,1731,159.9852294921875,43.02090835571289
train/NORMAL/NORMAL2-IM-1272-0001.jpeg,train,0,NORMAL,1738,1296,137.0195770263672,45.26802062988281
train/NORMAL/NORMAL2-IM-1273-0001.jpeg,train,0,NORMAL,1484,993,149.42724609375,44.71822738647461
train/NORMAL/NORMAL2-IM-1274-0001.jpeg,train,0,NORMAL,1322,1125,155.29432678222656,37.30684280395508
train/NORMAL/NORMAL2-IM-1275-0001.jpeg,train,0,NORMAL,1740,1735,181.9488983154297,42.04950714111328
train/NORMAL/NORMAL2-IM-1276-0001.jpeg,train,0,NORMAL,1990,1666,166.14962768554688,37.691062927246094
train/NORMAL/NORMAL2-IM-1277-0001-0001.jpeg,train,0,NORMAL,1514,1152,136.91004943847656,42.549835205078125
train/NORMAL/NORMAL2-IM-1277-0001-0002.jpeg,train,0,NORMAL,1742,1422,150.8028564453125,43.88526153564453
train/NORMAL/NORMAL2-IM-1277-0001.jpeg,train,0,NORMAL,1724,1248,130.02597045898438,42.85114288330078
train/NORMAL/NORMAL2-IM-1278-0001.jpeg,train,0,NORMAL,1570,1318,154.3793487548828,39.02289962768555
train/NORMAL/NORMAL2-IM-1279-0001.jpeg,train,0,NORMAL,1956,1476,117.36829376220703,43.24431228637695
train/NORMAL/NORMAL2-IM-1280-0001.jpeg,train,0,NORMAL,1720,1449,152.92784118652344,38.964813232421875
train/NORMAL/NORMAL2-IM-1281-0001.jpeg,train,0,NORMAL,1766,1468,131.34625244140625,44.44926071166992
train/NORMAL/NORMAL2-IM-1282-0001.jpeg,train,0,NORMAL,1480,1302,130.40237426757812,39.928531646728516
train/NORMAL/NORMAL2-IM-1285-0001.jpeg,train,0,NORMAL,1962,2169,149.8472900390625,41.942344665527344
train/NORMAL/NORMAL2-IM-1286-0001.jpeg,train,0,NORMAL,1526,1356,122.30858612060547,38.589683532714844
train/NORMAL/NORMAL2-IM-1289-0001.jpeg,train,0,NORMAL,1944,1518,141.55078125,43.68871307373047
train/NORMAL/NORMAL2-IM-1291-0001.jpeg,train,0,NORMAL,1978,1777,114.24444580078125,45.40796661376953
train/NORMAL/NORMAL2-IM-1293-0001.jpeg,train,0,NORMAL,1530,1144,109.49694061279297,40.228389739990234
train/NORMAL/NORMAL2-IM-1294-0001-0001.jpeg,train,0,NORMAL,1442,1399,146.03948974609375,38.713226318359375
train/NORMAL/NORMAL2-IM-1294-0001-0002.jpeg,train,0,NORMAL,1400,1260,156.77178955078125,45.40388870239258
train/NORMAL/NORMAL2-IM-1294-0001.jpeg,train,0,NORMAL,1642,1364,139.2496795654297,45.25704574584961
train/NORMAL/NORMAL2-IM-1295-0001.jpeg,train,0,NORMAL,1690,1306,138.0056610107422,47.952274322509766
train/NORMAL/NORMAL2-IM-1296-0001.jpeg,train,0,NORMAL,1462,1171,145.98565673828125,40.86118698120117
train/NORMAL/NORMAL2-IM-1300-0001.jpeg,train,0,NORMAL,1612,1437,143.8463897705078,39.95332717895508
train/NORMAL/NORMAL2-IM-1301-0001.jpeg,train,0,NORMAL,1690,1383,133.18563842773438,40.85504913330078
train/NORMAL/NORMAL2-IM-1302-0001.jpeg,train,0,NORMAL,2721,2438,172.8366241455078,46.59402084350586
train/NORMAL/NORMAL2-IM-1304-0001.jpeg,train,0,NORMAL,1898,1739,159.7888946533203,40.64695358276367
train/NORMAL/NORMAL2-IM-1305-0001.jpeg,train,0,NORMAL,1140,846,105.6991195678711,33.92137145996094
train/NORMAL/NORMAL2-IM-1306-0001.jpeg,train,0,NORMAL,1858,1692,139.1767120361328,40.901729583740234
train/NORMAL/NORMAL2-IM-1307-0001.jpeg,train,0,NORMAL,1442,1214,141.85704040527344,47.16953659057617
train/NORMAL/NORMAL2-IM-1308-0001.jpeg,train,0,NORMAL,1774,1804,123.62325286865234,48.00308609008789
train/NORMAL/NORMAL2-IM-1310-0001.jpeg,train,0,NORMAL,1608,1468,158.8234405517578,39.11158752441406
train/NORMAL/NORMAL2-IM-1314-0001.jpeg,train,0,NORMAL,1978,1619,138.22003173828125,47.378562927246094
train/NORMAL/NORMAL2-IM-1315-0001.jpeg,train,0,NORMAL,1858,1295,132.30503845214844,45.08259201049805
train/NORMAL/NORMAL2-IM-1316-0001.jpeg,train,0,NORMAL,1928,1738,160.41693115234375,37.65666961669922
train/NORMAL/NORMAL2-IM-1317-0001.jpeg,train,0,NORMAL,1242,1083,136.0693359375,39.970149993896484
train/NORMAL/NORMAL2-IM-1318-0001.jpeg,train,0,NORMAL,2358,1959,121.07344055175781,47.28581619262695
train/NORMAL/NORMAL2-IM-1320-0001.jpeg,train,0,NORMAL,1430,1198,124.39372253417969,44.70414733886719
train/NORMAL/NORMAL2-IM-1321-0001.jpeg,train,0,NORMAL,1530,1399,134.7680206298828,45.394039154052734
train/NORMAL/NORMAL2-IM-1323-0001.jpeg,train,0,NORMAL,1588,1248,140.40321350097656,40.006229400634766
train/NORMAL/NORMAL2-IM-1326-0001.jpeg,train,0,NORMAL,1188,885,126.44424438476562,38.91357421875
train/NORMAL/NORMAL2-IM-1327-0001.jpeg,train,0,NORMAL,1456,1264,148.7828369140625,38.61049270629883
train/NORMAL/NORMAL2-IM-1328-0001.jpeg,train,0,NORMAL,2176,1658,149.73269653320312,43.024925231933594
train/NORMAL/NORMAL2-IM-1329-0001.jpeg,train,0,NORMAL,1438,1175,150.62725830078125,33.79545974731445
train/NORMAL/NORMAL2-IM-1330-0001.jpeg,train,0,NORMAL,1488,1206,112.94288635253906,38.30305099487305
train/NORMAL/NORMAL2-IM-1332-0001.jpeg,train,0,NORMAL,1620,1527,149.5898895263672,43.8206672668457
train/NORMAL/NORMAL2-IM-1333-0001.jpeg,train,0,NORMAL,1364,1456,129.85443115234375,35.62641525268555
train/NORMAL/NORMAL2-IM-1334-0001.jpeg,train,0,NORMAL,2056,1866,135.06369018554688,42.52838134765625
train/NORMAL/NORMAL2-IM-1335-0001.jpeg,train,0,NORMAL,1450,1106,118.82056427001953,41.63737106323242
train/NORMAL/NORMAL2-IM-1336-0001.jpeg,train,0,NORMAL,1462,1124,137.00039672851562,44.51500701904297
train/NORMAL/NORMAL2-IM-1337-0001.jpeg,train,0,NORMAL,1360,1097,125.53376770019531,40.58544158935547
train/NORMAL/NORMAL2-IM-1338-0001.jpeg,train,0,NORMAL,2252,1936,124.55009460449219,45.46977615356445
train/NORMAL/NORMAL2-IM-1341-0001.jpeg,train,0,NORMAL,2134,2376,117.53321075439453,41.10036849975586
train/NORMAL/NORMAL2-IM-1342-0001.jpeg,train,0,NORMAL,1284,1078,148.5303955078125,38.28911590576172
train/NORMAL/NORMAL2-IM-1343-0001.jpeg,train,0,NORMAL,1742,1684,144.2774200439453,39.61627197265625
train/NORMAL/NORMAL2-IM-1345-0001-0002.jpeg,train,0,NORMAL,1294,959,126.79444122314453,42.96063232421875
train/NORMAL/NORMAL2-IM-1345-0001.jpeg,train,0,NORMAL,1464,1183,133.7513885498047,35.483238220214844
train/NORMAL/NORMAL2-IM-1346-0001.jpeg,train,0,NORMAL,1802,1333,139.26821899414062,34.10536193847656
train/NORMAL/NORMAL2-IM-1347-0001.jpeg,train,0,NORMAL,1932,1743,144.043212890625,43.488739013671875
train/NORMAL/NORMAL2-IM-1348-0001.jpeg,train,0,NORMAL,1782,1391,132.3299560546875,37.544471740722656
train/NORMAL/NORMAL2-IM-1349-0001.jpeg,train,0,NORMAL,1620,1175,134.49887084960938,41.92217254638672
train/NORMAL/NORMAL2-IM-1350-0001.jpeg,train,0,NORMAL,1704,1256,138.40579223632812,44.17888641357422
train/NORMAL/NORMAL2-IM-1351-0001.jpeg,train,0,NORMAL,1874,1836,153.0714111328125,41.862735748291016
train/NORMAL/NORMAL2-IM-1356-0001.jpeg,train,0,NORMAL,912,672,148.3839111328125,45.88678741455078
train/NORMAL/NORMAL2-IM-1357-0001.jpeg,train,0,NORMAL,1600,1304,150.74610900878906,48.059146881103516
train/NORMAL/NORMAL2-IM-1360-0001.jpeg,train,0,NORMAL,1184,984,153.1274871826172,40.33469009399414
train/NORMAL/NORMAL2-IM-1362-0001.jpeg,train,0,NORMAL,992,816,124.45904541015625,35.805381774902344
train/NORMAL/NORMAL2-IM-1371-0001.jpeg,train,0,NORMAL,1496,1304,139.11251831054688,45.811614990234375
train/NORMAL/NORMAL2-IM-1376-0001.jpeg,train,0,NORMAL,1296,1200,154.2784423828125,42.576866149902344
train/NORMAL/NORMAL2-IM-1379-0001.jpeg,train,0,NORMAL,1440,1328,155.7972412109375,39.03498840332031
train/NORMAL/NORMAL2-IM-1396-0001.jpeg,train,0,NORMAL,1256,1032,139.38897705078125,37.6778564453125
train/NORMAL/NORMAL2-IM-1400-0001.jpeg,train,0,NORMAL,1440,992,142.81155395507812,49.085567474365234
train/NORMAL/NORMAL2-IM-1401-0001.jpeg,train,0,NORMAL,1272,1048,162.46649169921875,44.81455993652344
train/NORMAL/NORMAL2-IM-1406-0001.jpeg,train,0,NORMAL,1376,936,147.34571838378906,50.23967361450195
train/NORMAL/NORMAL2-IM-1412-0001.jpeg,train,0,NORMAL,1784,1216,129.99227905273438,44.4825553894043
train/NORMAL/NORMAL2-IM-1419-0001.jpeg,train,0,NORMAL,976,800,121.77975463867188,39.30496597290039
train/NORMAL/NORMAL2-IM-1422-0001.jpeg,train,0,NORMAL,1460,951,141.41229248046875,43.29402542114258
train/PNEUMONIA/person1000_bacteria_2931.jpeg,train,1,PNEUMONIA,1152,760,130.97886657714844,38.46062088012695
train/PNEUMONIA/person1002_bacteria_2933.jpeg,train,1,PNEUMONIA,1242,940,105.70413970947266,29.905630111694336
train/PNEUMONIA/person1003_bacteria_2934.jpeg,train,1,PNEUMONIA,1488,1280,123.38805389404297,40.45060729980469
train/PNEUMONIA/person1003_virus_1685.jpeg,train,1,PNEUMONIA,1008,616,168.0415802001953,33.45131301879883
train/PNEUMONIA/person1004_bacteria_2935.jpeg,train,1,PNEUMONIA,1184,816,142.9206085205078,37.21228790283203
train/PNEUMONIA/person1004_virus_1686.jpeg,train,1,PNEUMONIA,856,480,116.32491302490234,40.72830581665039
train/PNEUMONIA/person1005_bacteria_2936.jpeg,train,1,PNEUMONIA,1048,888,139.2046356201172,36.94962692260742
train/PNEUMONIA/person1005_virus_1688.jpeg,train,1,PNEUMONIA,1216,792,136.24725341796875,42.452392578125
train/PNEUMONIA/person1007_bacteria_2938.jpeg,train,1,PNEUMONIA,992,776,179.94134521484375,30.354534149169922
train/PNEUMONIA/person1007_virus_1690.jpeg,train,1,PNEUMONIA,1048,664,149.58029174804688,39.01955795288086
train/PNEUMONIA/person1008_virus_1691.jpeg,train,1,PNEUMONIA,1576,1328,143.8680877685547,41.75224304199219
train/PNEUMONIA/person100_virus_184.jpeg,train,1,PNEUMONIA,1104,792,121.2779312133789,33.939422607421875
train/PNEUMONIA/person1010_bacteria_2941.jpeg,train,1,PNEUMONIA,1328,1368,169.29464721679688,37.5008430480957
train/PNEUMONIA/person1010_virus_1695.jpeg,train,1,PNEUMONIA,502,307,132.31573486328125,41.66859817504883
train/PNEUMONIA/person1011_bacteria_2942.jpeg,train,1,PNEUMONIA,1128,520,186.42233276367188,19.94032096862793
train/PNEUMONIA/person1015_virus_1701.jpeg,train,1,PNEUMONIA,1664,1496,150.83790588378906,45.59103775024414
train/PNEUMONIA/person1015_virus_1702.jpeg,train,1,PNEUMONIA,1680,1600,132.13868713378906,43.33118438720703
train/PNEUMONIA/person1016_bacteria_2947.jpeg,train,1,PNEUMONIA,968,656,173.04196166992188,33.30519485473633
train/PNEUMONIA/person1016_virus_1704.jpeg,train,1,PNEUMONIA,1336,944,156.8827667236328,42.0673713684082
train/PNEUMONIA/person1017_bacteria_2948.jpeg,train,1,PNEUMONIA,1048,716,102.38801574707031,37.39615249633789
train/PNEUMONIA/person1018_bacteria_2949.jpeg,train,1,PNEUMONIA,992,760,140.70655822753906,32.60913848876953
train/PNEUMONIA/person1019_bacteria_2950.jpeg,train,1,PNEUMONIA,904,624,133.614501953125,29.585824966430664
train/PNEUMONIA/person1019_virus_1707.jpeg,train,1,PNEUMONIA,1752,1408,154.26475524902344,42.62020492553711
train/PNEUMONIA/person1019_virus_1708.jpeg,train,1,PNEUMONIA,1848,1448,103.60340118408203,39.605628967285156
train/PNEUMONIA/person101_virus_187.jpeg,train,1,PNEUMONIA,1592,1312,156.91421508789062,37.58320236206055
train/PNEUMONIA/person101_virus_188.jpeg,train,1,PNEUMONIA,1736,1752,83.82644653320312,36.49342727661133
train/PNEUMONIA/person1020_virus_1710.jpeg,train,1,PNEUMONIA,1272,728,153.33087158203125,46.40907669067383
train/PNEUMONIA/person1023_virus_1714.jpeg,train,1,PNEUMONIA,1232,720,150.854248046875,49.44497299194336
train/PNEUMONIA/person1024_bacteria_2955.jpeg,train,1,PNEUMONIA,1136,704,131.35501098632812,34.640419006347656
train/PNEUMONIA/person1024_virus_1716.jpeg,train,1,PNEUMONIA,1288,816,135.0833282470703,45.856529235839844
train/PNEUMONIA/person1026_bacteria_2957.jpeg,train,1,PNEUMONIA,1128,832,119.70365142822266,36.78363800048828
train/PNEUMONIA/person1026_virus_1718.jpeg,train,1,PNEUMONIA,1368,872,149.99142456054688,37.51991653442383
train/PNEUMONIA/person1028_bacteria_2959.jpeg,train,1,PNEUMONIA,1008,728,105.92489624023438,34.2462043762207
train/PNEUMONIA/person1029_bacteria_2961.jpeg,train,1,PNEUMONIA,1056,656,127.8567123413086,34.14631652832031
train/PNEUMONIA/person1029_virus_1721.jpeg,train,1,PNEUMONIA,1296,696,127.68666076660156,41.00309753417969
train/PNEUMONIA/person102_virus_189.jpeg,train,1,PNEUMONIA,1612,1086,126.34590911865234,43.759521484375
train/PNEUMONIA/person1030_virus_1722.jpeg,train,1,PNEUMONIA,1784,1184,136.1007080078125,40.51002502441406
train/PNEUMONIA/person1031_bacteria_2963.jpeg,train,1,PNEUMONIA,1096,744,126.8415298461914,35.13114929199219
train/PNEUMONIA/person1031_bacteria_2964.jpeg,train,1,PNEUMONIA,1032,680,175.92782592773438,32.955318450927734
train/PNEUMONIA/person1033_bacteria_2966.jpeg,train,1,PNEUMONIA,848,704,134.83395385742188,34.80704116821289
train/PNEUMONIA/person1034_bacteria_2968.jpeg,train,1,PNEUMONIA,1088,712,137.11474609375,35.656829833984375
train/PNEUMONIA/person1034_virus_1728.jpeg,train,1,PNEUMONIA,1144,928,136.7239990234375,33.69414520263672
train/PNEUMONIA/person1035_bacteria_2969.jpeg,train,1,PNEUMONIA,860,500,152.19114685058594,23.632335662841797
train/PNEUMONIA/person1035_virus_1729.jpeg,train,1,PNEUMONIA,1248,840,127.72810363769531,34.49216079711914
train/PNEUMONIA/person1036_bacteria_2970.jpeg,train,1,PNEUMONIA,920,736,140.30172729492188,32.88251495361328
train/PNEUMONIA/person1036_virus_1730.jpeg,train,1,PNEUMONIA,1136,840,154.33070373535156,36.68577194213867
train/PNEUMONIA/person1037_bacteria_2971.jpeg,train,1,PNEUMONIA,1152,672,137.33766174316406,30.50330924987793
train/PNEUMONIA/person1038_bacteria_2972.jpeg,train,1,PNEUMONIA,2093,1404,125.46969604492188,49.34949493408203
train/PNEUMONIA/person1038_virus_1733.jpeg,train,1,PNEUMONIA,1368,928,131.6388397216797,46.239444732666016
train/PNEUMONIA/person1039_bacteria_2973.jpeg,train,1,PNEUMONIA,1532,1066,125.43409729003906,49.38991928100586
train/PNEUMONIA/person103_virus_190.jpeg,train,1,PNEUMONIA,1328,912,154.16851806640625,39.61638641357422
train/PNEUMONIA/person1040_bacteria_2974.jpeg,train,1,PNEUMONIA,1467,1044,117.235107421875,45.13246154785156
train/PNEUMONIA/person1040_virus_1735.jpeg,train,1,PNEUMONIA,1040,520,147.39910888671875,44.60884475708008
train/PNEUMONIA/person1041_bacteria_2975.jpeg,train,1,PNEUMONIA,1000,728,147.5824432373047,36.70701217651367
train/PNEUMONIA/person1041_virus_1736.jpeg,train,1,PNEUMONIA,1304,760,133.64344787597656,49.13185119628906
train/PNEUMONIA/person1042_virus_1737.jpeg,train,1,PNEUMONIA,1408,1056,170.71734619140625,41.01630783081055
train/PNEUMONIA/person1043_virus_1738.jpeg,train,1,PNEUMONIA,1160,768,122.10588073730469,47.31652069091797
train/PNEUMONIA/person1044_bacteria_2978.jpeg,train,1,PNEUMONIA,1168,828,134.69729614257812,41.64751434326172
train/PNEUMONIA/person1044_virus_1740.jpeg,train,1,PNEUMONIA,1488,1088,148.5869598388672,44.946937561035156
train/PNEUMONIA/person1045_bacteria_2979.jpeg,train,1,PNEUMONIA,1008,760,101.17608642578125,33.85175704956055
train/PNEUMONIA/person1045_virus_1741.jpeg,train,1,PNEUMONIA,1120,872,157.83335876464844,42.885528564453125
train/PNEUMONIA/person1046_bacteria_2980.jpeg,train,1,PNEUMONIA,1088,872,123.5433120727539,38.11691665649414
train/PNEUMONIA/person1046_virus_1742.jpeg,train,1,PNEUMONIA,1128,648,131.1988525390625,46.48749923706055
train/PNEUMONIA/person1048_bacteria_2982.jpeg,train,1,PNEUMONIA,976,608,132.230224609375,33.526100158691406
train/PNEUMONIA/person1048_virus_1744.jpeg,train,1,PNEUMONIA,1344,1040,154.58067321777344,50.60981369018555
train/PNEUMONIA/person1049_bacteria_2983.jpeg,train,1,PNEUMONIA,1464,967,133.6464080810547,39.80348587036133
train/PNEUMONIA/person1049_virus_1746.jpeg,train,1,PNEUMONIA,1016,704,125.44812774658203,42.29932403564453
train/PNEUMONIA/person1050_bacteria_2984.jpeg,train,1,PNEUMONIA,944,616,133.4045867919922,33.145442962646484
train/PNEUMONIA/person1051_bacteria_2985.jpeg,train,1,PNEUMONIA,1088,728,170.31736755371094,28.5865478515625
train/PNEUMONIA/person1051_virus_1750.jpeg,train,1,PNEUMONIA,1616,1352,142.63645935058594,40.222930908203125
train/PNEUMONIA/person1052_bacteria_2986.jpeg,train,1,PNEUMONIA,1048,856,149.5944366455078,37.602745056152344
train/PNEUMONIA/person1052_virus_1751.jpeg,train,1,PNEUMONIA,836,521,181.06581115722656,25.033533096313477
train/PNEUMONIA/person1054_bacteria_2988.jpeg,train,1,PNEUMONIA,1344,1072,174.97549438476562,37.87213134765625
train/PNEUMONIA/person1055_bacteria_2989.jpeg,train,1,PNEUMONIA,1064,880,150.92742919921875,38.04328155517578
train/PNEUMONIA/person1056_bacteria_2990.jpeg,train,1,PNEUMONIA,1016,664,149.92999267578125,36.80247116088867
train/PNEUMONIA/person1056_virus_1755.jpeg,train,1,PNEUMONIA,1816,1184,147.0804901123047,46.319461822509766
train/PNEUMONIA/person1057_bacteria_2991.jpeg,train,1,PNEUMONIA,1400,910,118.93453216552734,41.760650634765625
train/PNEUMONIA/person1057_virus_1756.jpeg,train,1,PNEUMONIA,1016,664,121.00344848632812,35.16514587402344
train/PNEUMONIA/person1058_bacteria_2992.jpeg,train,1,PNEUMONIA,1112,728,107.4269027709961,32.287574768066406
train/PNEUMONIA/person1058_virus_1757.jpeg,train,1,PNEUMONIA,1376,952,155.63784790039062,45.525875091552734
train/PNEUMONIA/person1059_bacteria_2993.jpeg,train,1,PNEUMONIA,1088,688,109.54295349121094,33.18342208862305
train/PNEUMONIA/person1059_virus_1758.jpeg,train,1,PNEUMONIA,936,568,140.4689483642578,46.8809814453125
train/PNEUMONIA/person105_virus_192.jpeg,train,1,PNEUMONIA,1096,650,186.5601043701172,43.843116760253906
train/PNEUMONIA/person1060_virus_1760.jpeg,train,1,PNEUMONIA,1312,920,143.18898010253906,49.13063430786133
train/PNEUMONIA/person1062_bacteria_2996.jpeg,train,1,PNEUMONIA,952,800,115.38739013671875,36.647132873535156
train/PNEUMONIA/person1062_virus_1762.jpeg,train,1,PNEUMONIA,1104,632,158.68312072753906,38.28947448730469
train/PNEUMONIA/person1063_virus_1765.jpeg,train,1,PNEUMONIA,1072,728,154.6305694580078,33.5955924987793
train/PNEUMONIA/person1065_bacteria_2999.jpeg,train,1,PNEUMONIA,1000,720,155.5128936767578,33.35139465332031
train/PNEUMONIA/person1065_virus_1768.jpeg,train,1,PNEUMONIA,1344,912,172.71775817871094,33.93739318847656
train/PNEUMONIA/person1066_bacteria_3000.jpeg,train,1,PNEUMONIA,1272,1128,156.54153442382812,29.9003849029541
train/PNEUMONIA/person1067_bacteria_3001.jpeg,train,1,PNEUMONIA,1136,904,149.99696350097656,33.096065521240234
train/PNEUMONIA/person1067_virus_1770.jpeg,train,1,PNEUMONIA,992,624,137.4051971435547,32.3010368347168
train/PNEUMONIA/person1068_bacteria_3002.jpeg,train,1,PNEUMONIA,1368,1120,163.5073699951172,37.10408401489258
train/PNEUMONIA/person1068_virus_1771.jpeg,train,1,PNEUMONIA,952,560,150.80551147460938,40.44591522216797
train/PNEUMONIA/person1069_bacteria_3003.jpeg,train,1,PNEUMONIA,1248,1016,165.80215454101562,38.5153923034668
train/PNEUMONIA/person106_virus_194.jpeg,train,1,PNEUMONIA,1541,881,176.39724731445312,39.428306579589844
train/PNEUMONIA/person1070_virus_1773.jpeg,train,1,PNEUMONIA,1376,752,128.6783447265625,45.888973236083984
train/PNEUMONIA/person1071_bacteria_3005.jpeg,train,1,PNEUMONIA,1056,840,140.83941650390625,43.8118782043457
train/PNEUMONIA/person1071_virus_1774.jpeg,train,1,PNEUMONIA,1024,640,155.61412048339844,46.67806625366211
train/PNEUMONIA/person1072_bacteria_3006.jpeg,train,1,PNEUMONIA,1008,680,162.33824157714844,39.852046966552734
train/PNEUMONIA/person1072_bacteria_3007.jpeg,train,1,PNEUMONIA,1072,664,104.0412826538086,36.02094268798828
train/PNEUMONIA/person1072_virus_1775.jpeg,train,1,PNEUMONIA,1288,760,104.9125747680664,48.589698791503906
train/PNEUMONIA/person1073_bacteria_3008.jpeg,train,1,PNEUMONIA,978,626,152.13693237304688,38.87416458129883
train/PNEUMONIA/person1073_bacteria_3011.jpeg,train,1,PNEUMONIA,1016,680,176.18899536132812,35.013397216796875
train/PNEUMONIA/person1073_virus_1776.jpeg,train,1,PNEUMONIA,1152,736,107.41542053222656,46.73834228515625
train/PNEUMONIA/person1074_bacteria_3012.jpeg,train,1,PNEUMONIA,1338,1044,131.64845275878906,52.222747802734375
train/PNEUMONIA/person1074_bacteria_3014.jpeg,train,1,PNEUMONIA,992,520,176.0740509033203,33.94374465942383
train/PNEUMONIA/person1075_bacteria_3015.jpeg,train,1,PNEUMONIA,1690,1267,116.5011978149414,44.200111389160156
train/PNEUMONIA/person1077_bacteria_3017.jpeg,train,1,PNEUMONIA,1048,640,160.33131408691406,28.189599990844727
train/PNEUMONIA/person1077_virus_1787.jpeg,train,1,PNEUMONIA,1696,1320,159.83963012695312,49.8328742980957
train/PNEUMONIA/person1078_bacteria_3018.jpeg,train,1,PNEUMONIA,1072,840,148.2457733154297,40.30808639526367
train/PNEUMONIA/person1078_virus_1788.jpeg,train,1,PNEUMONIA,1176,704,149.77008056640625,48.50460433959961
train/PNEUMONIA/person1079_bacteria_3019.jpeg,train,1,PNEUMONIA,1248,832,131.12359619140625,33.60188674926758
train/PNEUMONIA/person107_virus_197.jpeg,train,1,PNEUMONIA,1616,1024,150.0564422607422,37.57378387451172
train/PNEUMONIA/person1080_bacteria_3020.jpeg,train,1,PNEUMONIA,1432,800,185.5038604736328,37.24342727661133
train/PNEUMONIA/person1080_virus_1791.jpeg,train,1,PNEUMONIA,1568,1016,134.7394256591797,50.95579528808594
train/PNEUMONIA/person1081_bacteria_3021.jpeg,train,1,PNEUMONIA,944,560,160.9277801513672,30.337770462036133
train/PNEUMONIA/person1081_virus_1793.jpeg,train,1,PNEUMONIA,976,576,131.10797119140625,43.583335876464844
train/PNEUMONIA/person1082_virus_1794.jpeg,train,1,PNEUMONIA,1232,688,121.10266876220703,42.65214920043945
train/PNEUMONIA/person1083_bacteria_3023.jpeg,train,1,PNEUMONIA,1104,752,172.88739013671875,30.13223648071289
train/PNEUMONIA/person1084_bacteria_3024.jpeg,train,1,PNEUMONIA,1096,776,156.6026611328125,35.972232818603516
train/PNEUMONIA/person1084_virus_1796.jpeg,train,1,PNEUMONIA,1544,1080,146.08212280273438,44.94596862792969
train/PNEUMONIA/person1085_bacteria_3025.jpeg,train,1,PNEUMONIA,1080,752,134.57656860351562,34.30778121948242
train/PNEUMONIA/person1085_virus_1797.jpeg,train,1,PNEUMONIA,1320,776,149.5212860107422,41.51233673095703
train/PNEUMONIA/person1086_bacteria_3026.jpeg,train,1,PNEUMONIA,1468,821,137.27322387695312,39.59185791015625
train/PNEUMONIA/person1086_virus_1798.jpeg,train,1,PNEUMONIA,1128,728,127.62979125976562,43.7862663269043
train/PNEUMONIA/person1087_bacteria_3027.jpeg,train,1,PNEUMONIA,1160,752,137.15518188476562,32.17951965332031
train/PNEUMONIA/person1087_virus_1799.jpeg,train,1,PNEUMONIA,904,472,140.67538452148438,36.81222915649414
train/PNEUMONIA/person1088_bacteria_3028.jpeg,train,1,PNEUMONIA,1000,824,161.37762451171875,33.16715621948242
train/PNEUMONIA/person1088_virus_1800.jpeg,train,1,PNEUMONIA,2080,1736,180.80079650878906,27.73478126525879
train/PNEUMONIA/person1089_bacteria_3029.jpeg,train,1,PNEUMONIA,1136,688,126.55337524414062,39.775604248046875
train/PNEUMONIA/person1089_virus_1808.jpeg,train,1,PNEUMONIA,1064,576,134.8228759765625,48.21260452270508
train/PNEUMONIA/person108_virus_199.jpeg,train,1,PNEUMONIA,2064,1632,198.3101043701172,16.59823226928711
train/PNEUMONIA/person108_virus_201.jpeg,train,1,PNEUMONIA,1968,1688,158.9790496826172,26.197551727294922
train/PNEUMONIA/person1090_virus_1809.jpeg,train,1,PNEUMONIA,1136,656,142.6227569580078,44.361637115478516
train/PNEUMONIA/person1091_bacteria_3031.jpeg,train,1,PNEUMONIA,1112,784,115.16055297851562,34.10215377807617
train/PNEUMONIA/person1091_virus_1810.jpeg,train,1,PNEUMONIA,976,512,126.74927520751953,42.47406768798828
train/PNEUMONIA/person1092_bacteria_3032.jpeg,train,1,PNEUMONIA,1216,760,148.67648315429688,36.8133659362793
train/PNEUMONIA/person1093_bacteria_3033.jpeg,train,1,PNEUMONIA,1208,856,185.32875061035156,27.104808807373047
train/PNEUMONIA/person1094_virus_1814.jpeg,train,1,PNEUMONIA,952,584,118.4234390258789,37.51209259033203
train/PNEUMONIA/person1095_virus_1815.jpeg,train,1,PNEUMONIA,1088,712,127.9655990600586,46.085845947265625
train/PNEUMONIA/person1096_virus_1816.jpeg,train,1,PNEUMONIA,1000,608,116.15177917480469,43.73386764526367
train/PNEUMONIA/person1097_bacteria_3038.jpeg,train,1,PNEUMONIA,936,792,127.98075103759766,35.7904167175293
train/PNEUMONIA/person1097_virus_1817.jpeg,train,1,PNEUMONIA,1288,840,149.6617889404297,47.7244987487793
train/PNEUMONIA/person1098_bacteria_3039.jpeg,train,1,PNEUMONIA,1480,1137,124.34619140625,48.24336242675781
train/PNEUMONIA/person1098_virus_1818.jpeg,train,1,PNEUMONIA,1000,488,119.50727844238281,40.9669303894043
train/PNEUMONIA/person1099_bacteria_3040.jpeg,train,1,PNEUMONIA,1662,1099,138.3967742919922,45.0096549987793
train/PNEUMONIA/person1099_virus_1819.jpeg,train,1,PNEUMONIA,759,504,196.0679473876953,24.56808090209961
train/PNEUMONIA/person109_virus_203.jpeg,train,1,PNEUMONIA,1380,844,116.41802978515625,41.888694763183594
train/PNEUMONIA/person10_bacteria_43.jpeg,train,1,PNEUMONIA,1028,650,103.93024444580078,38.15299606323242
train/PNEUMONIA/person1100_bacteria_3041.jpeg,train,1,PNEUMONIA,1256,816,129.1348114013672,45.200775146484375
train/PNEUMONIA/person1100_virus_1820.jpeg,train,1,PNEUMONIA,1152,616,125.39598846435547,32.83624267578125
train/PNEUMONIA/person1101_bacteria_3042.jpeg,train,1,PNEUMONIA,1072,624,128.11729431152344,31.948673248291016
train/PNEUMONIA/person1102_virus_1822.jpeg,train,1,PNEUMONIA,1096,664,100.63532257080078,47.973392486572266
train/PNEUMONIA/person1103_bacteria_3044.jpeg,train,1,PNEUMONIA,1336,848,194.60595703125,36.18772888183594
train/PNEUMONIA/person1103_virus_1825.jpeg,train,1,PNEUMONIA,1616,872,112.90962982177734,49.50606155395508
train/PNEUMONIA/person1104_virus_1826.jpeg,train,1,PNEUMONIA,858,522,151.7910919189453,32.45357131958008
train/PNEUMONIA/person1105_bacteria_3046.jpeg,train,1,PNEUMONIA,1136,760,106.83656311035156,33.67142105102539
train/PNEUMONIA/person1106_virus_1829.jpeg,train,1,PNEUMONIA,1624,1208,141.6356201171875,42.20706558227539
train/PNEUMONIA/person1107_bacteria_3048.jpeg,train,1,PNEUMONIA,1482,1044,124.27191925048828,50.86333084106445
train/PNEUMONIA/person1107_virus_1832.jpeg,train,1,PNEUMONIA,1392,832,115.1886215209961,53.99833679199219
train/PNEUMONIA/person1108_bacteria_3049.jpeg,train,1,PNEUMONIA,1467,1044,122.03172302246094,50.34217071533203
train/PNEUMONIA/person1108_virus_1833.jpeg,train,1,PNEUMONIA,869,563,148.5123748779297,36.85062789916992
train/PNEUMONIA/person1109_bacteria_3050.jpeg,train,1,PNEUMONIA,1128,752,170.7525634765625,31.976381301879883
train/PNEUMONIA/person110_virus_205.jpeg,train,1,PNEUMONIA,1192,864,102.39505004882812,31.91604995727539
train/PNEUMONIA/person110_virus_206.jpeg,train,1,PNEUMONIA,1192,840,115.33154296875,33.199317932128906
train/PNEUMONIA/person110_virus_207.jpeg,train,1,PNEUMONIA,1168,784,154.11378479003906,36.311988830566406
train/PNEUMONIA/person110_virus_208.jpeg,train,1,PNEUMONIA,1353,835,176.45132446289062,39.80771255493164
train/PNEUMONIA/person1110_bacteria_3051.jpeg,train,1,PNEUMONIA,1232,952,148.87606811523438,37.07286071777344
train/PNEUMONIA/person1110_virus_1835.jpeg,train,1,PNEUMONIA,1328,784,137.45945739746094,48.198097229003906
train/PNEUMONIA/person1111_bacteria_3052.jpeg,train,1,PNEUMONIA,1192,752,211.949951171875,21.340328216552734
train/PNEUMONIA/person1111_virus_1836.jpeg,train,1,PNEUMONIA,1072,664,160.2411346435547,44.27785110473633
train/PNEUMONIA/person1112_bacteria_3053.jpeg,train,1,PNEUMONIA,1224,792,134.62982177734375,40.17644500732422
train/PNEUMONIA/person1112_virus_1837.jpeg,train,1,PNEUMONIA,1352,792,141.3426513671875,39.25954055786133
train/PNEUMONIA/person1113_virus_1838.jpeg,train,1,PNEUMONIA,1232,712,131.2762908935547,48.44120788574219
train/PNEUMONIA/person1114_bacteria_3055.jpeg,train,1,PNEUMONIA,1218,739,100.5577621459961,35.43867111206055
train/PNEUMONIA/person1115_virus_1840.jpeg,train,1,PNEUMONIA,1072,520,161.46939086914062,35.78355026245117
train/PNEUMONIA/person1116_virus_1841.jpeg,train,1,PNEUMONIA,1160,760,147.18931579589844,49.9844856262207
train/PNEUMONIA/person1118_bacteria_3059.jpeg,train,1,PNEUMONIA,1056,960,138.08338928222656,39.3646240234375
train/PNEUMONIA/person1119_virus_1844.jpeg,train,1,PNEUMONIA,1232,808,169.50173950195312,39.913211822509766
train/PNEUMONIA/person111_virus_209.jpeg,train,1,PNEUMONIA,1520,1376,173.91357421875,40.91878890991211
train/PNEUMONIA/person111_virus_212.jpeg,train,1,PNEUMONIA,1693,1456,178.5977325439453,40.364559173583984
train/PNEUMONIA/person1121_virus_1846.jpeg,train,1,PNEUMONIA,1320,736,157.64878845214844,41.255821228027344
train/PNEUMONIA/person1122_bacteria_3063.jpeg,train,1,PNEUMONIA,1820,1153,147.36773681640625,51.38215255737305
train/PNEUMONIA/person1122_virus_1847.jpeg,train,1,PNEUMONIA,1304,848,155.22401428222656,40.304019927978516
train/PNEUMONIA/person1123_virus_1848.jpeg,train,1,PNEUMONIA,1208,864,150.70899963378906,47.094276428222656
train/PNEUMONIA/person1124_bacteria_3065.jpeg,train,1,PNEUMONIA,1546,1231,133.1907958984375,46.00551223754883
train/PNEUMONIA/person1124_virus_1851.jpeg,train,1,PNEUMONIA,1520,960,166.1721954345703,48.50928497314453
train/PNEUMONIA/person1125_bacteria_3066.jpeg,train,1,PNEUMONIA,1294,1138,123.37489318847656,44.4050178527832
train/PNEUMONIA/person1125_virus_1852.jpeg,train,1,PNEUMONIA,1272,952,161.5252685546875,43.39895248413086
train/PNEUMONIA/person1126_virus_1853.jpeg,train,1,PNEUMONIA,1016,512,127.53266143798828,38.93452453613281
train/PNEUMONIA/person1127_virus_1854.jpeg,train,1,PNEUMONIA,1072,712,131.4728546142578,42.009273529052734
train/PNEUMONIA/person1128_bacteria_3069.jpeg,train,1,PNEUMONIA,920,760,120.91949462890625,32.65298080444336
train/PNEUMONIA/person1129_bacteria_3070.jpeg,train,1,PNEUMONIA,1296,784,139.3014373779297,35.74615478515625
train/PNEUMONIA/person1129_virus_1857.jpeg,train,1,PNEUMONIA,926,628,163.7371826171875,28.498998641967773
train/PNEUMONIA/person112_virus_213.jpeg,train,1,PNEUMONIA,1746,1270,186.22206115722656,43.99397277832031
train/PNEUMONIA/person1130_bacteria_3072.jpeg,train,1,PNEUMONIA,1616,1208,167.28305053710938,33.42345428466797
train/PNEUMONIA/person1130_virus_1860.jpeg,train,1,PNEUMONIA,992,496,151.96560668945312,45.376949310302734
train/PNEUMONIA/person1131_bacteria_3073.jpeg,train,1,PNEUMONIA,720,441,155.6857147216797,19.405925750732422
train/PNEUMONIA/person1132_virus_1863.jpeg,train,1,PNEUMONIA,790,472,157.83987426757812,28.980701446533203
train/PNEUMONIA/person1133_bacteria_3075.jpeg,train,1,PNEUMONIA,1048,528,144.9597930908203,36.38139724731445
train/PNEUMONIA/person1133_virus_1865.jpeg,train,1,PNEUMONIA,722,427,164.6986846923828,31.699748992919922
train/PNEUMONIA/person1134_bacteria_3076.jpeg,train,1,PNEUMONIA,1008,656,119.6104507446289,31.87738609313965
train/PNEUMONIA/person1135_bacteria_3077.jpeg,train,1,PNEUMONIA,1597,1231,134.6665496826172,54.920143127441406
train/PNEUMONIA/person1136_bacteria_3078.jpeg,train,1,PNEUMONIA,896,680,128.8594207763672,32.99541091918945
train/PNEUMONIA/person1137_virus_1876.jpeg,train,1,PNEUMONIA,1804,1396,133.4270477294922,49.914302825927734
train/PNEUMONIA/person1138_virus_1877.jpeg,train,1,PNEUMONIA,1928,964,96.75517272949219,43.43586349487305
train/PNEUMONIA/person1138_virus_1879.jpeg,train,1,PNEUMONIA,1560,792,115.16092681884766,33.961978912353516
train/PNEUMONIA/person1139_bacteria_3082.jpeg,train,1,PNEUMONIA,856,624,162.41812133789062,33.88671875
train/PNEUMONIA/person1139_virus_1882.jpeg,train,1,PNEUMONIA,1364,805,137.43527221679688,39.48345184326172
train/PNEUMONIA/person113_virus_215.jpeg,train,1,PNEUMONIA,960,672,172.937744140625,29.245073318481445
train/PNEUMONIA/person113_virus_216.jpeg,train,1,PNEUMONIA,1072,592,161.0515899658203,37.400604248046875
train/PNEUMONIA/person1141_bacteria_3084.jpeg,train,1,PNEUMONIA,992,528,145.0764617919922,35.04037857055664
train/PNEUMONIA/person1141_bacteria_3085.jpeg,train,1,PNEUMONIA,952,440,144.12684631347656,35.85593795776367
train/PNEUMONIA/person1141_virus_1886.jpeg,train,1,PNEUMONIA,1152,712,102.6214370727539,27.931222915649414
train/PNEUMONIA/person1141_virus_1890.jpeg,train,1,PNEUMONIA,1164,735,153.4445037841797,39.563438415527344
train/PNEUMONIA/person1142_bacteria_3086.jpeg,train,1,PNEUMONIA,1870,1605,151.1349334716797,50.976829528808594
train/PNEUMONIA/person1142_virus_1892.jpeg,train,1,PNEUMONIA,941,609,120.07041931152344,34.63117980957031
train/PNEUMONIA/person1143_virus_1896.jpeg,train,1,PNEUMONIA,928,720,180.6442108154297,31.47658348083496
train/PNEUMONIA/person1143_virus_1897.jpeg,train,1,PNEUMONIA,1168,880,121.25086212158203,40.26515579223633
train/PNEUMONIA/person1144_bacteria_3089.jpeg,train,1,PNEUMONIA,750,440,149.94952392578125,22.86002540588379
train/PNEUMONIA/person1145_bacteria_3090.jpeg,train,1,PNEUMONIA,976,672,139.6978302001953,31.137104034423828
train/PNEUMONIA/person1145_virus_1902.jpeg,train,1,PNEUMONIA,1128,720,145.15087890625,37.47297668457031
train/PNEUMONIA/person1145_virus_1905.jpeg,train,1,PNEUMONIA,1056,672,148.74668884277344,36.58073806762695
train/PNEUMONIA/person1145_virus_1906.jpeg,train,1,PNEUMONIA,1136,840,148.54978942871094,35.1964111328125
train/PNEUMONIA/person1146_bacteria_3091.jpeg,train,1,PNEUMONIA,832,584,119.60452270507812,29.159027099609375
train/PNEUMONIA/person1147_virus_1919.jpeg,train,1,PNEUMONIA,1632,1064,156.50914001464844,36.78390121459961
train/PNEUMONIA/person1147_virus_1920.jpeg,train,1,PNEUMONIA,1664,832,158.6527099609375,34.88520431518555
train/PNEUMONIA/person1149_bacteria_3094.jpeg,train,1,PNEUMONIA,1008,712,170.3421173095703,27.48615264892578
train/PNEUMONIA/person1149_virus_1924.jpeg,train,1,PNEUMONIA,1432,1024,178.69937133789062,39.020225524902344
train/PNEUMONIA/person1149_virus_1925.jpeg,train,1,PNEUMONIA,1272,882,149.5294647216797,40.441261291503906
train/PNEUMONIA/person1150_bacteria_3095.jpeg,train,1,PNEUMONIA,1697,1159,138.2544708251953,54.97170639038086
train/PNEUMONIA/person1152_virus_1930.jpeg,train,1,PNEUMONIA,1430,933,148.3289031982422,39.24238586425781
train/PNEUMONIA/person1153_virus_1932.jpeg,train,1,PNEUMONIA,1118,712,131.482666015625,35.47748565673828
train/PNEUMONIA/person1154_bacteria_3099.jpeg,train,1,PNEUMONIA,1404,1072,101.27703094482422,37.82826232910156
train/PNEUMONIA/person1155_bacteria_3100.jpeg,train,1,PNEUMONIA,1192,728,139.3379364013672,29.22477149963379
train/PNEUMONIA/person1155_virus_1934.jpeg,train,1,PNEUMONIA,1078,639,129.1820526123047,38.38211441040039
train/PNEUMONIA/person1156_bacteria_3101.jpeg,train,1,PNEUMONIA,1312,912,144.1918182373047,34.14198684692383
train/PNEUMONIA/person1156_virus_1935.jpeg,train,1,PNEUMONIA,1458,944,123.3965072631836,39.90393829345703
train/PNEUMONIA/person1156_virus_1936.jpeg,train,1,PNEUMONIA,1492,990,117.64349365234375,40.93336486816406
train/PNEUMONIA/person1157_bacteria_3102.jpeg,train,1,PNEUMONIA,1176,800,105.82579040527344,31.938945770263672
train/PNEUMONIA/person1158_bacteria_3103.jpeg,train,1,PNEUMONIA,1596,1148,131.3420867919922,41.55495834350586
train/PNEUMONIA/person1158_virus_1938.jpeg,train,1,PNEUMONIA,1334,1006,108.43629455566406,40.35094451904297
train/PNEUMONIA/person1158_virus_1940.jpeg,train,1,PNEUMONIA,1136,688,105.00975036621094,32.19503402709961
train/PNEUMONIA/person1158_virus_1941.jpeg,train,1,PNEUMONIA,1234,906,133.3639678955078,40.850345611572266
train/PNEUMONIA/person1158_virus_1942.jpeg,train,1,PNEUMONIA,1024,672,169.01849365234375,34.98183822631836
train/PNEUMONIA/person1158_virus_1943.jpeg,train,1,PNEUMONIA,1184,728,119.74077606201172,37.079498291015625
train/PNEUMONIA/person1159_bacteria_3104.jpeg,train,1,PNEUMONIA,968,664,131.1505889892578,39.239070892333984
train/PNEUMONIA/person1159_virus_1945.jpeg,train,1,PNEUMONIA,1360,920,160.3877716064453,38.485748291015625
train/PNEUMONIA/person115_virus_218.jpeg,train,1,PNEUMONIA,1568,1192,177.2847900390625,37.936317443847656
train/PNEUMONIA/person115_virus_219.jpeg,train,1,PNEUMONIA,1712,1048,146.39312744140625,44.94324493408203
train/PNEUMONIA/person1160_bacteria_3105.jpeg,train,1,PNEUMONIA,912,480,128.96475219726562,34.45901107788086
train/PNEUMONIA/person1160_virus_1947.jpeg,train,1,PNEUMONIA,1056,643,124.72145080566406,34.147132873535156
train/PNEUMONIA/person1161_virus_1948.jpeg,train,1,PNEUMONIA,1418,1010,124.44092559814453,43.83778381347656
train/PNEUMONIA/person1162_bacteria_3107.jpeg,train,1,PNEUMONIA,1218,767,127.64884948730469,37.77142333984375
train/PNEUMONIA/person1162_virus_1949.jpeg,train,1,PNEUMONIA,1148,689,111.67652893066406,26.54579734802246
train/PNEUMONIA/person1162_virus_1950.jpeg,train,1,PNEUMONIA,1056,642,158.6395263671875,32.16864013671875
train/PNEUMONIA/person1163_virus_1951.jpeg,train,1,PNEUMONIA,1468,913,140.88180541992188,47.67760467529297
train/PNEUMONIA/person1164_bacteria_3110.jpeg,train,1,PNEUMONIA,1362,844,101.12552642822266,35.04887008666992
train/PNEUMONIA/person1164_virus_1952.jpeg,train,1,PNEUMONIA,1472,960,118.47003936767578,30.538921356201172
train/PNEUMONIA/person1164_virus_1956.jpeg,train,1,PNEUMONIA,1480,1392,147.33250427246094,39.61040496826172
train/PNEUMONIA/person1164_virus_1957.jpeg,train,1,PNEUMONIA,1512,1088,167.87791442871094,37.98543930053711
train/PNEUMONIA/person1164_virus_1958.jpeg,train,1,PNEUMONIA,1778,1380,126.51082611083984,41.24493408203125
train/PNEUMONIA/person1167_bacteria_3113.jpeg,train,1,PNEUMONIA,790,519,163.2603302001953,23.74001693725586
train/PNEUMONIA/person1168_bacteria_3114.jpeg,train,1,PNEUMONIA,1216,872,146.11875915527344,40.93129348754883
train/PNEUMONIA/person1168_bacteria_3115.jpeg,train,1,PNEUMONIA,1104,744,158.94793701171875,35.38572311401367
train/PNEUMONIA/person1168_virus_1965.jpeg,train,1,PNEUMONIA,1015,607,157.43106079101562,25.332185745239258
train/PNEUMONIA/person116_virus_221.jpeg,train,1,PNEUMONIA,1728,1168,149.41993713378906,48.969337463378906
train/PNEUMONIA/person1170_bacteria_3117.jpeg,train,1,PNEUMONIA,1064,952,162.51361083984375,32.85194396972656
train/PNEUMONIA/person1170_virus_1969.jpeg,train,1,PNEUMONIA,937,515,129.2726287841797,25.55636978149414
train/PNEUMONIA/person1170_virus_1970.jpeg,train,1,PNEUMONIA,828,525,156.3016815185547,33.39085388183594
train/PNEUMONIA/person1171_bacteria_3118.jpeg,train,1,PNEUMONIA,1040,627,130.20401000976562,39.50080108642578
train/PNEUMONIA/person1172_bacteria_3119.jpeg,train,1,PNEUMONIA,1456,1112,121.7759017944336,31.561264038085938
train/PNEUMONIA/person1172_virus_1977.jpeg,train,1,PNEUMONIA,1592,1384,124.22212219238281,35.53997802734375
train/PNEUMONIA/person1173_virus_1978.jpeg,train,1,PNEUMONIA,1650,978,134.6054229736328,43.1746711730957
train/PNEUMONIA/person1174_virus_1980.jpeg,train,1,PNEUMONIA,1272,848,135.02566528320312,45.50342559814453
train/PNEUMONIA/person1175_bacteria_3122.jpeg,train,1,PNEUMONIA,1310,928,135.023681640625,37.1074104309082
train/PNEUMONIA/person1175_virus_1981.jpeg,train,1,PNEUMONIA,1794,1176,120.74446868896484,44.56473159790039
train/PNEUMONIA/person1176_bacteria_3123.jpeg,train,1,PNEUMONIA,1064,856,190.91665649414062,27.68337059020996
train/PNEUMONIA/person1176_bacteria_3124.jpeg,train,1,PNEUMONIA,1096,832,167.7828826904297,32.84668731689453
train/PNEUMONIA/person1176_virus_1996.jpeg,train,1,PNEUMONIA,1032,768,149.52784729003906,39.3465461730957
train/PNEUMONIA/person1176_virus_1997.jpeg,train,1,PNEUMONIA,1080,752,152.35858154296875,38.66764831542969
train/PNEUMONIA/person1176_virus_1998.jpeg,train,1,PNEUMONIA,952,664,115.24881744384766,28.255659103393555
train/PNEUMONIA/person1177_virus_1999.jpeg,train,1,PNEUMONIA,763,440,145.3227996826172,24.969512939453125
train/PNEUMONIA/person1177_virus_2000.jpeg,train,1,PNEUMONIA,1088,608,116.43424987792969,30.761375427246094
train/PNEUMONIA/person1177_virus_2002.jpeg,train,1,PNEUMONIA,692,383,157.83453369140625,21.31665802001953
train/PNEUMONIA/person1178_virus_2004.jpeg,train,1,PNEUMONIA,1516,910,133.69580078125,37.36985397338867
train/PNEUMONIA/person1179_bacteria_3127.jpeg,train,1,PNEUMONIA,1430,963,128.7826690673828,38.50202178955078
train/PNEUMONIA/person1179_virus_2006.jpeg,train,1,PNEUMONIA,1226,624,133.77499389648438,32.804080963134766
train/PNEUMONIA/person117_virus_223.jpeg,train,1,PNEUMONIA,1568,968,134.63868713378906,44.4484977722168
train/PNEUMONIA/person1180_bacteria_3128.jpeg,train,1,PNEUMONIA,960,696,147.28541564941406,36.09700393676758
train/PNEUMONIA/person1180_virus_2007.jpeg,train,1,PNEUMONIA,1048,696,85.09517669677734,25.4955997467041
train/PNEUMONIA/person1180_virus_2008.jpeg,train,1,PNEUMONIA,952,544,151.67697143554688,31.739046096801758
train/PNEUMONIA/person1180_virus_2009.jpeg,train,1,PNEUMONIA,928,584,129.0493621826172,28.65046501159668
train/PNEUMONIA/person1180_virus_2011.jpeg,train,1,PNEUMONIA,936,592,137.2907257080078,37.03029251098633
train/PNEUMONIA/person1180_virus_2012.jpeg,train,1,PNEUMONIA,968,744,97.092041015625,30.528623580932617
train/PNEUMONIA/person1180_virus_2013.jpeg,train,1,PNEUMONIA,920,744,155.53433227539062,38.47651672363281
train/PNEUMONIA/person1180_virus_2014.jpeg,train,1,PNEUMONIA,952,672,154.396728515625,41.83476257324219
train/PNEUMONIA/person1180_virus_2015.jpeg,train,1,PNEUMONIA,1086,898,135.95767211914062,45.5722770690918
train/PNEUMONIA/person1181_bacteria_3129.jpeg,train,1,PNEUMONIA,1928,1349,140.6385040283203,43.38776779174805
train/PNEUMONIA/person1182_virus_2017.jpeg,train,1,PNEUMONIA,1098,863,137.3198699951172,35.27275848388672
train/PNEUMONIA/person1183_bacteria_3131.jpeg,train,1,PNEUMONIA,1550,955,140.63462829589844,49.276981353759766
train/PNEUMONIA/person1183_virus_2018.jpeg,train,1,PNEUMONIA,1574,1071,138.1261749267578,40.192626953125
train/PNEUMONIA/person1184_virus_2019.jpeg,train,1,PNEUMONIA,1592,1481,134.9302215576172,37.629764556884766
train/PNEUMONIA/person1185_bacteria_3133.jpeg,train,1,PNEUMONIA,1160,800,137.1700897216797,32.88736343383789
train/PNEUMONIA/person1186_virus_2021.jpeg,train,1,PNEUMONIA,925,635,164.56198120117188,28.96868133544922
train/PNEUMONIA/person1186_virus_2022.jpeg,train,1,PNEUMONIA,1072,640,144.0449676513672,32.40138626098633
train/PNEUMONIA/person1187_bacteria_3136.jpeg,train,1,PNEUMONIA,992,736,146.1143035888672,30.93106460571289
train/PNEUMONIA/person1187_virus_2023.jpeg,train,1,PNEUMONIA,1832,1048,140.49888610839844,43.82792663574219
train/PNEUMONIA/person1188_bacteria_3137.jpeg,train,1,PNEUMONIA,976,624,140.32131958007812,33.54663848876953
train/PNEUMONIA/person1188_virus_2024.jpeg,train,1,PNEUMONIA,1248,1048,190.13424682617188,31.79627227783203
train/PNEUMONIA/person118_virus_224.jpeg,train,1,PNEUMONIA,1256,784,145.18838500976562,38.076053619384766
train/PNEUMONIA/person1190_virus_2031.jpeg,train,1,PNEUMONIA,2206,1720,132.3544158935547,43.32550048828125
train/PNEUMONIA/person1191_virus_2032.jpeg,train,1,PNEUMONIA,1704,1234,139.28024291992188,39.11310958862305
train/PNEUMONIA/person1192_bacteria_3141.jpeg,train,1,PNEUMONIA,1160,929,124.22035217285156,32.69298553466797
train/PNEUMONIA/person1193_virus_2034.jpeg,train,1,PNEUMONIA,989,651,136.84625244140625,27.217790603637695
train/PNEUMONIA/person1195_bacteria_3144.jpeg,train,1,PNEUMONIA,1096,680,137.0034637451172,28.1269474029541
train/PNEUMONIA/person1197_bacteria_3147.jpeg,train,1,PNEUMONIA,1216,768,130.10240173339844,35.963104248046875
train/PNEUMONIA/person1197_virus_2039.jpeg,train,1,PNEUMONIA,1010,562,153.46485900878906,39.3751335144043
train/PNEUMONIA/person1198_bacteria_3148.jpeg,train,1,PNEUMONIA,1128,704,184.49069213867188,29.903406143188477
train/PNEUMONIA/person1199_bacteria_3149.jpeg,train,1,PNEUMONIA,1628,1442,143.04031372070312,41.54520797729492
train/PNEUMONIA/person119_virus_225.jpeg,train,1,PNEUMONIA,920,512,155.5147705078125,39.54935836791992
train/PNEUMONIA/person11_bacteria_45.jpeg,train,1,PNEUMONIA,856,485,156.80897521972656,34.44802474975586
train/PNEUMONIA/person1200_virus_2042.jpeg,train,1,PNEUMONIA,1576,1176,129.25576782226562,39.52366638183594
train/PNEUMONIA/person1201_bacteria_3151.jpeg,train,1,PNEUMONIA,846,539,165.88003540039062,26.104753494262695
train/PNEUMONIA/person1202_bacteria_3152.jpeg,train,1,PNEUMONIA,1008,800,129.27685546875,36.34952926635742
train/PNEUMONIA/person1202_bacteria_3153.jpeg,train,1,PNEUMONIA,920,640,134.74679565429688,36.34062957763672
train/PNEUMONIA/person1203_bacteria_3154.jpeg,train,1,PNEUMONIA,1040,720,146.46987915039062,40.540916442871094
train/PNEUMONIA/person1204_bacteria_3156.jpeg,train,1,PNEUMONIA,1280,808,146.3637237548828,39.014007568359375
train/PNEUMONIA/person1205_bacteria_3157.jpeg,train,1,PNEUMONIA,1508,933,139.3343505859375,44.88380813598633
train/PNEUMONIA/person1206_bacteria_3158.jpeg,train,1,PNEUMONIA,1096,656,113.99093627929688,32.12467575073242
train/PNEUMONIA/person1207_bacteria_3159.jpeg,train,1,PNEUMONIA,1008,688,126.46554565429688,30.343759536743164
train/PNEUMONIA/person1208_bacteria_3160.jpeg,train,1,PNEUMONIA,1750,1334,115.0418472290039,44.99541091918945
train/PNEUMONIA/person1209_bacteria_3161.jpeg,train,1,PNEUMONIA,1576,1376,180.6936492919922,31.55893325805664
train/PNEUMONIA/person1211_bacteria_3163.jpeg,train,1,PNEUMONIA,1368,1141,138.0732421875,50.20711898803711
train/PNEUMONIA/person1212_virus_2057.jpeg,train,1,PNEUMONIA,1368,912,190.8690643310547,41.75806427001953
train/PNEUMONIA/person1213_virus_2058.jpeg,train,1,PNEUMONIA,1208,656,166.67181396484375,41.36930847167969
train/PNEUMONIA/person1214_bacteria_3166.jpeg,train,1,PNEUMONIA,1816,1110,104.72840881347656,36.33552551269531
train/PNEUMONIA/person1214_virus_2059.jpeg,train,1,PNEUMONIA,1160,856,103.96763610839844,42.30419921875
train/PNEUMONIA/person1215_bacteria_3167.jpeg,train,1,PNEUMONIA,1264,848,137.936767578125,32.81495666503906
train/PNEUMONIA/person1216_bacteria_3168.jpeg,train,1,PNEUMONIA,1827,1044,102.11900329589844,47.97812271118164
train/PNEUMONIA/person1216_virus_2062.jpeg,train,1,PNEUMONIA,1216,880,151.81517028808594,50.747684478759766
train/PNEUMONIA/person1217_virus_2063.jpeg,train,1,PNEUMONIA,1080,728,173.56004333496094,34.50455856323242
train/PNEUMONIA/person1218_bacteria_3171.jpeg,train,1,PNEUMONIA,1280,768,174.8167724609375,36.499900817871094
train/PNEUMONIA/person1218_virus_2066.jpeg,train,1,PNEUMONIA,1392,888,107.17304229736328,34.792728424072266
train/PNEUMONIA/person1219_bacteria_3172.jpeg,train,1,PNEUMONIA,1132,825,140.32835388183594,37.78696823120117
train/PNEUMONIA/person1219_virus_2067.jpeg,train,1,PNEUMONIA,1288,768,145.28257751464844,45.86788558959961
train/PNEUMONIA/person1220_bacteria_3173.jpeg,train,1,PNEUMONIA,976,728,152.9860076904297,32.238983154296875
train/PNEUMONIA/person1220_bacteria_3174.jpeg,train,1,PNEUMONIA,984,520,129.2942657470703,38.93230438232422
train/PNEUMONIA/person1220_virus_2068.jpeg,train,1,PNEUMONIA,877,531,163.50192260742188,36.79351043701172
train/PNEUMONIA/person1222_bacteria_3177.jpeg,train,1,PNEUMONIA,1192,712,108.04179382324219,30.2749080657959
train/PNEUMONIA/person1222_virus_2071.jpeg,train,1,PNEUMONIA,1288,728,147.10923767089844,41.86473083496094
train/PNEUMONIA/person1223_bacteria_3178.jpeg,train,1,PNEUMONIA,1272,936,100.006591796875,33.55644607543945
train/PNEUMONIA/person1223_virus_2073.jpeg,train,1,PNEUMONIA,1024,584,129.26553344726562,47.860538482666016
train/PNEUMONIA/person1224_virus_2074.jpeg,train,1,PNEUMONIA,1320,752,129.04647827148438,52.54341125488281
train/PNEUMONIA/person1225_bacteria_3180.jpeg,train,1,PNEUMONIA,1350,855,123.40393829345703,38.68753433227539
train/PNEUMONIA/person1225_virus_2076.jpeg,train,1,PNEUMONIA,1232,728,122.07515716552734,42.70564651489258
train/PNEUMONIA/person1227_bacteria_3182.jpeg,train,1,PNEUMONIA,1798,1130,111.9703369140625,47.61116409301758
train/PNEUMONIA/person1228_bacteria_3183.jpeg,train,1,PNEUMONIA,1136,648,133.7954559326172,36.80238723754883
train/PNEUMONIA/person1228_virus_2079.jpeg,train,1,PNEUMONIA,1000,600,131.54843139648438,46.208984375
train/PNEUMONIA/person1229_virus_2080.jpeg,train,1,PNEUMONIA,1160,824,164.4218292236328,51.01844787597656
train/PNEUMONIA/person1230_bacteria_3185.jpeg,train,1,PNEUMONIA,880,584,125.3642349243164,33.839046478271484
train/PNEUMONIA/person1230_virus_2081.jpeg,train,1,PNEUMONIA,1424,1016,173.9368133544922,41.887168884277344
train/PNEUMONIA/person1231_bacteria_3186.jpeg,train,1,PNEUMONIA,992,592,155.28903198242188,29.489770889282227
train/PNEUMONIA/person1231_virus_2088.jpeg,train,1,PNEUMONIA,1704,1288,177.42022705078125,45.85075759887695
train/PNEUMONIA/person1232_virus_2089.jpeg,train,1,PNEUMONIA,1192,776,131.43858337402344,45.68825912475586
train/PNEUMONIA/person1233_bacteria_3188.jpeg,train,1,PNEUMONIA,1320,1016,132.73719787597656,35.42278289794922
train/PNEUMONIA/person1233_virus_2090.jpeg,train,1,PNEUMONIA,1224,656,150.9579315185547,51.40099334716797
train/PNEUMONIA/person1234_bacteria_3189.jpeg,train,1,PNEUMONIA,1040,680,125.51301574707031,35.67817687988281
train/PNEUMONIA/person1234_bacteria_3190.jpeg,train,1,PNEUMONIA,936,584,138.29428100585938,34.54575729370117
train/PNEUMONIA/person1234_virus_2093.jpeg,train,1,PNEUMONIA,1576,944,143.84478759765625,53.18996047973633
train/PNEUMONIA/person1235_bacteria_3191.jpeg,train,1,PNEUMONIA,1232,1088,195.69140625,34.977874755859375
train/PNEUMONIA/person1235_virus_2095.jpeg,train,1,PNEUMONIA,1216,680,161.5521697998047,50.11498260498047
train/PNEUMONIA/person1236_virus_2096.jpeg,train,1,PNEUMONIA,1360,952,171.8377227783203,48.15813064575195
train/PNEUMONIA/person1237_bacteria_3193.jpeg,train,1,PNEUMONIA,904,576,119.79517364501953,27.44243621826172
train/PNEUMONIA/person1238_bacteria_3194.jpeg,train,1,PNEUMONIA,904,608,136.7443084716797,31.33942222595215
train/PNEUMONIA/person1238_virus_2098.jpeg,train,1,PNEUMONIA,1168,608,146.00941467285156,50.846275329589844
train/PNEUMONIA/person1239_bacteria_3195.jpeg,train,1,PNEUMONIA,848,648,153.0089111328125,31.49664306640625
train/PNEUMONIA/person1239_virus_2099.jpeg,train,1,PNEUMONIA,1440,928,179.34625244140625,41.22574996948242
train/PNEUMONIA/person123_virus_230.jpeg,train,1,PNEUMONIA,1216,752,133.79330444335938,43.280941009521484
train/PNEUMONIA/person1241_bacteria_3197.jpeg,train,1,PNEUMONIA,992,592,143.87808227539062,38.563621520996094
train/PNEUMONIA/person1241_virus_2106.jpeg,train,1,PNEUMONIA,1056,632,103.90990447998047,43.15855026245117
train/PNEUMONIA/person1242_bacteria_3198.jpeg,train,1,PNEUMONIA,1546,1210,123.0562973022461,49.64105224609375
train/PNEUMONIA/person1242_virus_2108.jpeg,train,1,PNEUMONIA,1168,608,144.8785400390625,47.15786361694336
train/PNEUMONIA/person1243_bacteria_3199.jpeg,train,1,PNEUMONIA,1633,1080,123.0020751953125,48.81083297729492
train/PNEUMONIA/person1243_virus_2110.jpeg,train,1,PNEUMONIA,1312,1024,162.0394287109375,48.955074310302734
train/PNEUMONIA/person1244_bacteria_3200.jpeg,train,1,PNEUMONIA,1260,770,178.29147338867188,47.2864990234375
train/PNEUMONIA/person1244_virus_2111.jpeg,train,1,PNEUMONIA,1248,816,157.52761840820312,49.88222885131836
train/PNEUMONIA/person1246_bacteria_3202.jpeg,train,1,PNEUMONIA,1048,632,148.8553009033203,37.04277801513672
train/PNEUMONIA/person1247_bacteria_3203.jpeg,train,1,PNEUMONIA,1000,536,117.18219757080078,28.585851669311523
train/PNEUMONIA/person1247_virus_2115.jpeg,train,1,PNEUMONIA,1232,808,154.33457946777344,44.0772819519043
train/PNEUMONIA/person1248_bacteria_3204.jpeg,train,1,PNEUMONIA,1064,632,112.81632995605469,33.01338195800781
train/PNEUMONIA/person1248_virus_2117.jpeg,train,1,PNEUMONIA,1088,800,137.18336486816406,44.801109313964844
train/PNEUMONIA/person1249_bacteria_3205.jpeg,train,1,PNEUMONIA,1064,544,128.8876190185547,28.945446014404297
train/PNEUMONIA/person1249_virus_2118.jpeg,train,1,PNEUMONIA,1664,1264,163.5543670654297,47.99090576171875
train/PNEUMONIA/person124_virus_231.jpeg,train,1,PNEUMONIA,1360,1208,140.40829467773438,52.59658432006836
train/PNEUMONIA/person124_virus_233.jpeg,train,1,PNEUMONIA,1352,1080,145.29067993164062,44.07625198364258
train/PNEUMONIA/person124_virus_234.jpeg,train,1,PNEUMONIA,1536,1192,90.78665924072266,40.08293151855469
train/PNEUMONIA/person124_virus_237.jpeg,train,1,PNEUMONIA,1336,992,126.84319305419922,41.71924591064453
train/PNEUMONIA/person124_virus_238.jpeg,train,1,PNEUMONIA,1336,1256,155.67332458496094,50.44898223876953
train/PNEUMONIA/person124_virus_240.jpeg,train,1,PNEUMONIA,1328,1136,115.54107666015625,41.28858947753906
train/PNEUMONIA/person124_virus_242.jpeg,train,1,PNEUMONIA,1416,1072,134.75096130371094,39.35438919067383
train/PNEUMONIA/person124_virus_244.jpeg,train,1,PNEUMONIA,1416,864,131.44696044921875,33.38479232788086
train/PNEUMONIA/person124_virus_245.jpeg,train,1,PNEUMONIA,1184,1048,152.86854553222656,32.149681091308594
train/PNEUMONIA/person124_virus_246.jpeg,train,1,PNEUMONIA,1296,888,140.40289306640625,34.95512390136719
train/PNEUMONIA/person124_virus_247.jpeg,train,1,PNEUMONIA,1296,888,140.40289306640625,34.95512390136719
train/PNEUMONIA/person124_virus_250.jpeg,train,1,PNEUMONIA,1304,968,153.36752319335938,31.844419479370117
train/PNEUMONIA/person124_virus_251.jpeg,train,1,PNEUMONIA,1472,1024,147.47525024414062,45.238037109375
train/PNEUMONIA/person1250_bacteria_3207.jpeg,train,1,PNEUMONIA,904,416,111.63765716552734,27.416061401367188
train/PNEUMONIA/person1251_bacteria_3208.jpeg,train,1,PNEUMONIA,1940,1816,145.95167541503906,43.55162811279297
train/PNEUMONIA/person1252_virus_2124.jpeg,train,1,PNEUMONIA,1328,1152,140.4481964111328,53.15774154663086
train/PNEUMONIA/person1253_bacteria_3211.jpeg,train,1,PNEUMONIA,711,537,161.25991821289062,27.370023727416992
train/PNEUMONIA/person1253_virus_2129.jpeg,train,1,PNEUMONIA,1064,632,129.27613830566406,48.465511322021484
train/PNEUMONIA/person1255_virus_2132.jpeg,train,1,PNEUMONIA,1152,512,138.11044311523438,53.69307327270508
train/PNEUMONIA/person1256_bacteria_3214.jpeg,train,1,PNEUMONIA,920,672,133.4655303955078,33.75685501098633
train/PNEUMONIA/person1257_bacteria_3215.jpeg,train,1,PNEUMONIA,816,576,127.71481323242188,34.81277084350586
train/PNEUMONIA/person1258_bacteria_3216.jpeg,train,1,PNEUMONIA,1496,1044,107.46868133544922,43.90248489379883
train/PNEUMONIA/person1258_virus_2138.jpeg,train,1,PNEUMONIA,1568,1120,157.53421020507812,52.505062103271484
train/PNEUMONIA/person1259_bacteria_3217.jpeg,train,1,PNEUMONIA,1082,612,107.98130798339844,41.95783615112305
train/PNEUMONIA/person1259_virus_2139.jpeg,train,1,PNEUMONIA,1416,816,152.255615234375,48.52872848510742
train/PNEUMONIA/person125_virus_254.jpeg,train,1,PNEUMONIA,1400,1088,164.3048858642578,44.2926139831543
train/PNEUMONIA/person1260_bacteria_3218.jpeg,train,1,PNEUMONIA,992,600,114.07099151611328,30.25844955444336
train/PNEUMONIA/person1260_virus_2140.jpeg,train,1,PNEUMONIA,1144,632,139.2886962890625,46.37882614135742
train/PNEUMONIA/person1261_bacteria_3219.jpeg,train,1,PNEUMONIA,1538,1353,150.73876953125,43.980384826660156
train/PNEUMONIA/person1261_virus_2145.jpeg,train,1,PNEUMONIA,1144,840,200.42864990234375,34.20463562011719
train/PNEUMONIA/person1261_virus_2147.jpeg,train,1,PNEUMONIA,1184,808,149.96530151367188,30.28165054321289
train/PNEUMONIA/person1261_virus_2148.jpeg,train,1,PNEUMONIA,1184,808,149.96530151367188,30.28165054321289
train/PNEUMONIA/person1262_bacteria_3220.jpeg,train,1,PNEUMONIA,1176,960,170.26327514648438,42.56423568725586
train/PNEUMONIA/person1263_bacteria_3221.jpeg,train,1,PNEUMONIA,735,467,145.19430541992188,28.492630004882812
train/PNEUMONIA/person1264_bacteria_3222.jpeg,train,1,PNEUMONIA,1152,674,147.08692932128906,38.8156852722168
train/PNEUMONIA/person1264_virus_2155.jpeg,train,1,PNEUMONIA,1072,568,117.81695556640625,46.61480712890625
train/PNEUMONIA/person1265_bacteria_3223.jpeg,train,1,PNEUMONIA,928,480,131.3441619873047,28.372034072875977
train/PNEUMONIA/person1265_virus_2156.jpeg,train,1,PNEUMONIA,1128,720,142.98641967773438,45.50863265991211
train/PNEUMONIA/person1266_bacteria_3224.jpeg,train,1,PNEUMONIA,840,528,164.95599365234375,31.177583694458008
train/PNEUMONIA/person1267_bacteria_3226.jpeg,train,1,PNEUMONIA,1000,744,154.51974487304688,33.185035705566406
train/PNEUMONIA/person1267_virus_2160.jpeg,train,1,PNEUMONIA,1144,720,140.79917907714844,45.65225601196289
train/PNEUMONIA/person1268_bacteria_3227.jpeg,train,1,PNEUMONIA,1168,1024,156.51715087890625,36.815704345703125
train/PNEUMONIA/person1269_bacteria_3229.jpeg,train,1,PNEUMONIA,1328,1040,163.409912109375,36.113922119140625
train/PNEUMONIA/person1269_virus_2162.jpeg,train,1,PNEUMONIA,1304,864,143.0512237548828,48.577476501464844
train/PNEUMONIA/person126_virus_255.jpeg,train,1,PNEUMONIA,1416,1432,171.75450134277344,34.2254524230957
train/PNEUMONIA/person1270_bacteria_3230.jpeg,train,1,PNEUMONIA,1208,952,188.6627960205078,31.172151565551758
train/PNEUMONIA/person1270_virus_2163.jpeg,train,1,PNEUMONIA,1280,920,145.0151824951172,52.0529670715332
train/PNEUMONIA/person1271_virus_2164.jpeg,train,1,PNEUMONIA,1320,1240,164.51002502441406,40.83312225341797
train/PNEUMONIA/person1272_bacteria_3232.jpeg,train,1,PNEUMONIA,1164,836,143.66543579101562,44.93513870239258
train/PNEUMONIA/person1272_virus_2190.jpeg,train,1,PNEUMONIA,1264,832,140.40780639648438,48.95772171020508
train/PNEUMONIA/person1273_bacteria_3233.jpeg,train,1,PNEUMONIA,960,616,124.68621826171875,33.86809158325195
train/PNEUMONIA/person1273_bacteria_3234.jpeg,train,1,PNEUMONIA,920,560,125.71199035644531,33.32353210449219
train/PNEUMONIA/person1273_virus_2191.jpeg,train,1,PNEUMONIA,1376,1080,158.5961456298828,44.23892593383789
train/PNEUMONIA/person1274_bacteria_3235.jpeg,train,1,PNEUMONIA,1248,1152,119.8683090209961,37.203765869140625
train/PNEUMONIA/person1274_bacteria_3236.jpeg,train,1,PNEUMONIA,1304,816,164.8705291748047,39.5359001159668
train/PNEUMONIA/person1274_virus_2193.jpeg,train,1,PNEUMONIA,1096,600,125.93405151367188,52.91733932495117
train/PNEUMONIA/person1275_bacteria_3237.jpeg,train,1,PNEUMONIA,952,664,138.31976318359375,34.113956451416016
train/PNEUMONIA/person1276_bacteria_3239.jpeg,train,1,PNEUMONIA,1128,568,128.95851135253906,33.507667541503906
train/PNEUMONIA/person1276_virus_2198.jpeg,train,1,PNEUMONIA,856,608,123.22295379638672,38.037376403808594
train/PNEUMONIA/person1277_bacteria_3240.jpeg,train,1,PNEUMONIA,824,529,167.19915771484375,24.506282806396484
train/PNEUMONIA/person1278_virus_2201.jpeg,train,1,PNEUMONIA,1320,960,164.99044799804688,47.6236572265625
train/PNEUMONIA/person1279_bacteria_3242.jpeg,train,1,PNEUMONIA,1132,766,118.83452606201172,41.09330749511719
train/PNEUMONIA/person1280_bacteria_3243.jpeg,train,1,PNEUMONIA,1368,1044,87.87523651123047,38.14467239379883
train/PNEUMONIA/person1281_bacteria_3244.jpeg,train,1,PNEUMONIA,1176,727,116.20919036865234,43.58356475830078
train/PNEUMONIA/person1281_virus_2204.jpeg,train,1,PNEUMONIA,1560,1256,148.367919921875,53.18932342529297
train/PNEUMONIA/person1283_bacteria_3246.jpeg,train,1,PNEUMONIA,1096,960,185.0655975341797,30.237565994262695
train/PNEUMONIA/person1283_virus_2206.jpeg,train,1,PNEUMONIA,1408,784,155.34629821777344,49.24476623535156
train/PNEUMONIA/person1284_virus_2207.jpeg,train,1,PNEUMONIA,1408,800,153.2023468017578,51.14750289916992
train/PNEUMONIA/person1285_virus_2208.jpeg,train,1,PNEUMONIA,944,552,122.17076110839844,45.771240234375
train/PNEUMONIA/person1286_bacteria_3249.jpeg,train,1,PNEUMONIA,1072,504,165.58265686035156,32.80910873413086
train/PNEUMONIA/person1287_bacteria_3250.jpeg,train,1,PNEUMONIA,635,448,191.24331665039062,19.281930923461914
train/PNEUMONIA/person1287_virus_2210.jpeg,train,1,PNEUMONIA,1384,1184,165.9464874267578,42.595367431640625
train/PNEUMONIA/person1288_bacteria_3251.jpeg,train,1,PNEUMONIA,1184,664,162.5736541748047,33.92899703979492
train/PNEUMONIA/person1289_bacteria_3252.jpeg,train,1,PNEUMONIA,1120,736,131.35076904296875,35.32671356201172
train/PNEUMONIA/person128_virus_261.jpeg,train,1,PNEUMONIA,1312,960,157.61158752441406,43.869510650634766
train/PNEUMONIA/person1290_bacteria_3253.jpeg,train,1,PNEUMONIA,1272,1075,126.35557556152344,36.77998733520508
train/PNEUMONIA/person1290_virus_2215.jpeg,train,1,PNEUMONIA,1392,1264,185.4362335205078,40.62223434448242
train/PNEUMONIA/person1290_virus_2216.jpeg,train,1,PNEUMONIA,1392,1056,177.43093872070312,41.747398376464844
train/PNEUMONIA/person1291_virus_2217.jpeg,train,1,PNEUMONIA,1264,760,142.7700958251953,48.126930236816406
train/PNEUMONIA/person1292_bacteria_3255.jpeg,train,1,PNEUMONIA,1032,536,185.06500244140625,31.25216293334961
train/PNEUMONIA/person1292_virus_2218.jpeg,train,1,PNEUMONIA,1216,936,149.8225860595703,51.35297775268555
train/PNEUMONIA/person1293_virus_2219.jpeg,train,1,PNEUMONIA,1320,984,162.24740600585938,49.4106559753418
train/PNEUMONIA/person1294_bacteria_3257.jpeg,train,1,PNEUMONIA,840,536,139.16201782226562,32.76988220214844
train/PNEUMONIA/person1294_virus_2221.jpeg,train,1,PNEUMONIA,1336,784,172.61770629882812,45.70716857910156
train/PNEUMONIA/person1294_virus_2222.jpeg,train,1,PNEUMONIA,1216,800,162.6916961669922,43.483909606933594
train/PNEUMONIA/person1295_virus_2223.jpeg,train,1,PNEUMONIA,1296,1120,178.21871948242188,50.68870544433594
train/PNEUMONIA/person1297_bacteria_3260.jpeg,train,1,PNEUMONIA,984,608,118.55619812011719,31.78316307067871
train/PNEUMONIA/person1298_bacteria_3261.jpeg,train,1,PNEUMONIA,984,584,169.2406463623047,36.38320541381836
train/PNEUMONIA/person1298_virus_2226.jpeg,train,1,PNEUMONIA,1288,880,140.35020446777344,49.556640625
train/PNEUMONIA/person1298_virus_2228.jpeg,train,1,PNEUMONIA,714,503,195.8696746826172,27.488224029541016
train/PNEUMONIA/person12_bacteria_46.jpeg,train,1,PNEUMONIA,1646,1310,137.39109802246094,39.982154846191406
train/PNEUMONIA/person12_bacteria_47.jpeg,train,1,PNEUMONIA,1264,1152,135.71548461914062,30.937673568725586
train/PNEUMONIA/person12_bacteria_48.jpeg,train,1,PNEUMONIA,1736,1365,145.99481201171875,40.731689453125
train/PNEUMONIA/person1300_virus_2240.jpeg,train,1,PNEUMONIA,1400,1024,151.75228881835938,49.20206832885742
train/PNEUMONIA/person1301_virus_2241.jpeg,train,1,PNEUMONIA,984,712,124.3209457397461,44.89505386352539
train/PNEUMONIA/person1302_bacteria_3266.jpeg,train,1,PNEUMONIA,1056,624,143.96726989746094,35.07688522338867
train/PNEUMONIA/person1303_virus_2243.jpeg,train,1,PNEUMONIA,1424,1112,164.33746337890625,39.83498001098633
train/PNEUMONIA/person1305_bacteria_3271.jpeg,train,1,PNEUMONIA,1144,600,150.014892578125,39.99918746948242
train/PNEUMONIA/person1306_bacteria_3272.jpeg,train,1,PNEUMONIA,1096,536,147.32998657226562,41.525272369384766
train/PNEUMONIA/person1306_bacteria_3275.jpeg,train,1,PNEUMONIA,1056,688,148.77378845214844,38.52889633178711
train/PNEUMONIA/person1307_bacteria_3278.jpeg,train,1,PNEUMONIA,1328,936,151.88941955566406,46.65100860595703
train/PNEUMONIA/person1307_virus_2251.jpeg,train,1,PNEUMONIA,1504,1016,155.24156188964844,50.45947265625
train/PNEUMONIA/person1308_bacteria_3280.jpeg,train,1,PNEUMONIA,940,696,183.37112426757812,35.363075256347656
train/PNEUMONIA/person1308_bacteria_3283.jpeg,train,1,PNEUMONIA,1496,984,161.39035034179688,44.75353240966797
train/PNEUMONIA/person1308_bacteria_3285.jpeg,train,1,PNEUMONIA,1472,808,139.49288940429688,34.60258102416992
train/PNEUMONIA/person1308_bacteria_3286.jpeg,train,1,PNEUMONIA,1480,856,166.06150817871094,50.9754638671875
train/PNEUMONIA/person1308_bacteria_3288.jpeg,train,1,PNEUMONIA,1440,792,180.9620361328125,35.21139144897461
train/PNEUMONIA/person1308_bacteria_3290.jpeg,train,1,PNEUMONIA,1416,928,154.5432891845703,39.91886901855469
train/PNEUMONIA/person1308_bacteria_3292.jpeg,train,1,PNEUMONIA,482,209,169.08583068847656,46.300167083740234
train/PNEUMONIA/person1308_virus_2252.jpeg,train,1,PNEUMONIA,960,464,101.12376403808594,45.46216583251953
train/PNEUMONIA/person1308_virus_2253.jpeg,train,1,PNEUMONIA,1016,808,140.80899047851562,49.26407241821289
train/PNEUMONIA/person1309_bacteria_3294.jpeg,train,1,PNEUMONIA,1216,872,160.39682006835938,51.0169792175293
train/PNEUMONIA/person1309_virus_2254.jpeg,train,1,PNEUMONIA,1192,664,128.6756591796875,43.92112350463867
train/PNEUMONIA/person1310_bacteria_3295.jpeg,train,1,PNEUMONIA,1472,904,194.84817504882812,36.04172134399414
train/PNEUMONIA/person1310_bacteria_3297.jpeg,train,1,PNEUMONIA,1440,736,197.8030242919922,37.22483444213867
train/PNEUMONIA/person1310_bacteria_3300.jpeg,train,1,PNEUMONIA,1392,832,174.8616180419922,38.860145568847656
train/PNEUMONIA/person1310_bacteria_3301.jpeg,train,1,PNEUMONIA,1280,752,150.8711395263672,37.44672393798828
train/PNEUMONIA/person1310_bacteria_3302.jpeg,train,1,PNEUMONIA,1400,888,132.58636474609375,48.01093292236328
train/PNEUMONIA/person1310_bacteria_3304.jpeg,train,1,PNEUMONIA,1296,824,135.7292938232422,43.84434127807617
train/PNEUMONIA/person1310_virus_2255.jpeg,train,1,PNEUMONIA,1056,736,129.3198699951172,47.71337127685547
train/PNEUMONIA/person1311_virus_2257.jpeg,train,1,PNEUMONIA,1240,904,156.89013671875,50.59623718261719
train/PNEUMONIA/person1311_virus_2259.jpeg,train,1,PNEUMONIA,1200,840,139.6363067626953,41.043521881103516
train/PNEUMONIA/person1312_bacteria_3313.jpeg,train,1,PNEUMONIA,1424,1264,184.23280334472656,33.43571853637695
train/PNEUMONIA/person1312_bacteria_3314.jpeg,train,1,PNEUMONIA,1512,1200,159.07272338867188,37.74095916748047
train/PNEUMONIA/person1312_bacteria_3316.jpeg,train,1,PNEUMONIA,1528,1416,153.0364227294922,37.49982452392578
train/PNEUMONIA/person1312_bacteria_3317.jpeg,train,1,PNEUMONIA,1624,1136,146.48580932617188,39.650699615478516
train/PNEUMONIA/person1312_bacteria_3318.jpeg,train,1,PNEUMONIA,1624,1136,146.48580932617188,39.650699615478516
train/PNEUMONIA/person1312_bacteria_3319.jpeg,train,1,PNEUMONIA,1488,1168,154.11131286621094,36.17844772338867
train/PNEUMONIA/person1312_virus_2261.jpeg,train,1,PNEUMONIA,1432,936,156.42788696289062,50.17683410644531
train/PNEUMONIA/person1313_bacteria_3320.jpeg,train,1,PNEUMONIA,1288,744,131.51168823242188,48.269386291503906
train/PNEUMONIA/person1313_virus_2264.jpeg,train,1,PNEUMONIA,1184,832,151.72581481933594,48.001121520996094
train/PNEUMONIA/person1314_virus_2266.jpeg,train,1,PNEUMONIA,1144,624,158.75636291503906,36.84637451171875
train/PNEUMONIA/person1314_virus_2268.jpeg,train,1,PNEUMONIA,1264,672,175.3688507080078,36.975372314453125
train/PNEUMONIA/person1315_bacteria_3322.jpeg,train,1,PNEUMONIA,1160,776,130.32032775878906,49.35219955444336
train/PNEUMONIA/person1315_virus_2270.jpeg,train,1,PNEUMONIA,1720,1240,174.93682861328125,31.319183349609375
train/PNEUMONIA/person1316_bacteria_3326.jpeg,train,1,PNEUMONIA,920,536,102.69756317138672,35.46928024291992
train/PNEUMONIA/person1316_virus_2271.jpeg,train,1,PNEUMONIA,1216,672,142.65264892578125,43.992774963378906
train/PNEUMONIA/person1317_bacteria_3332.jpeg,train,1,PNEUMONIA,679,542,152.1555633544922,26.575557708740234
train/PNEUMONIA/person1318_bacteria_3334.jpeg,train,1,PNEUMONIA,1824,1672,210.73789978027344,46.75358581542969
train/PNEUMONIA/person1318_bacteria_3335.jpeg,train,1,PNEUMONIA,1848,1472,173.91636657714844,33.744693756103516
train/PNEUMONIA/person1318_virus_2274.jpeg,train,1,PNEUMONIA,984,624,146.52273559570312,43.98480224609375
train/PNEUMONIA/person1319_virus_2276.jpeg,train,1,PNEUMONIA,1096,696,137.33432006835938,50.76587677001953
train/PNEUMONIA/person131_virus_265.jpeg,train,1,PNEUMONIA,1184,800,123.1919174194336,45.545928955078125
train/PNEUMONIA/person1320_bacteria_3339.jpeg,train,1,PNEUMONIA,1512,1152,144.97618103027344,48.857513427734375
train/PNEUMONIA/person1320_bacteria_3340.jpeg,train,1,PNEUMONIA,1640,1160,154.175048828125,37.0721321105957
train/PNEUMONIA/person1320_bacteria_3342.jpeg,train,1,PNEUMONIA,1296,1048,175.13217163085938,29.57305908203125
train/PNEUMONIA/person1320_bacteria_3344.jpeg,train,1,PNEUMONIA,1456,1056,156.7092742919922,38.12964630126953
train/PNEUMONIA/person1320_bacteria_3345.jpeg,train,1,PNEUMONIA,1616,1104,140.3187255859375,43.17613983154297
train/PNEUMONIA/person1320_bacteria_3346.jpeg,train,1,PNEUMONIA,1600,1208,173.9287567138672,42.638031005859375
train/PNEUMONIA/person1320_bacteria_3347.jpeg,train,1,PNEUMONIA,1440,1040,164.9945068359375,36.390586853027344
train/PNEUMONIA/person1320_bacteria_3348.jpeg,train,1,PNEUMONIA,1544,824,186.2911834716797,41.096580505371094
train/PNEUMONIA/person1320_bacteria_3350.jpeg,train,1,PNEUMONIA,1544,1104,160.20664978027344,43.219661712646484
train/PNEUMONIA/person1320_bacteria_3351.jpeg,train,1,PNEUMONIA,1312,1056,162.08251953125,37.96516036987305
train/PNEUMONIA/person1320_bacteria_3352.jpeg,train,1,PNEUMONIA,1600,1128,174.06044006347656,39.18689727783203
train/PNEUMONIA/person1320_bacteria_3353.jpeg,train,1,PNEUMONIA,1456,976,173.9563446044922,33.27522277832031
train/PNEUMONIA/person1320_bacteria_3355.jpeg,train,1,PNEUMONIA,1608,944,174.10690307617188,36.758514404296875
train/PNEUMONIA/person1320_virus_2277.jpeg,train,1,PNEUMONIA,1008,568,137.12164306640625,53.263938903808594
train/PNEUMONIA/person1321_bacteria_3358.jpeg,train,1,PNEUMONIA,1016,648,164.66856384277344,54.15473556518555
train/PNEUMONIA/person1321_bacteria_3359.jpeg,train,1,PNEUMONIA,968,576,146.2829132080078,50.35988998413086
train/PNEUMONIA/person1321_virus_2279.jpeg,train,1,PNEUMONIA,1632,1088,133.72552490234375,52.97212600708008
train/PNEUMONIA/person1322_bacteria_3360.jpeg,train,1,PNEUMONIA,803,452,150.54827880859375,35.228126525878906
train/PNEUMONIA/person1323_bacteria_3361.jpeg,train,1,PNEUMONIA,1792,1592,181.72523498535156,38.834754943847656
train/PNEUMONIA/person1323_bacteria_3362.jpeg,train,1,PNEUMONIA,1888,1440,181.7726593017578,32.00337219238281
train/PNEUMONIA/person1323_bacteria_3363.jpeg,train,1,PNEUMONIA,1800,1384,187.39315795898438,30.194293975830078
train/PNEUMONIA/person1323_virus_2283.jpeg,train,1,PNEUMONIA,1112,712,131.35946655273438,47.8916015625
train/PNEUMONIA/person1324_virus_2284.jpeg,train,1,PNEUMONIA,1224,992,157.94407653808594,43.19611740112305
train/PNEUMONIA/person1324_virus_2285.jpeg,train,1,PNEUMONIA,1424,896,144.953125,51.445186614990234
train/PNEUMONIA/person1325_bacteria_3366.jpeg,train,1,PNEUMONIA,749,459,127.61982727050781,44.91987991333008
train/PNEUMONIA/person1325_virus_2287.jpeg,train,1,PNEUMONIA,1336,816,133.41827392578125,51.660369873046875
train/PNEUMONIA/person1326_bacteria_3372.jpeg,train,1,PNEUMONIA,1216,920,168.28607177734375,30.262271881103516
train/PNEUMONIA/person1327_bacteria_3373.jpeg,train,1,PNEUMONIA,1448,1080,151.8135528564453,37.48472595214844
train/PNEUMONIA/person1327_bacteria_3374.jpeg,train,1,PNEUMONIA,1448,1008,137.25177001953125,51.40217971801758
train/PNEUMONIA/person1328_bacteria_3376.jpeg,train,1,PNEUMONIA,1072,584,123.52175903320312,47.08131408691406
train/PNEUMONIA/person1328_virus_2293.jpeg,train,1,PNEUMONIA,1208,768,158.76646423339844,38.4568977355957
train/PNEUMONIA/person1328_virus_2294.jpeg,train,1,PNEUMONIA,1248,824,143.08670043945312,40.1010627746582
train/PNEUMONIA/person1328_virus_2295.jpeg,train,1,PNEUMONIA,1192,792,147.47470092773438,33.763023376464844
train/PNEUMONIA/person132_virus_266.jpeg,train,1,PNEUMONIA,1496,1008,160.20643615722656,44.8934326171875
train/PNEUMONIA/person1331_bacteria_3380.jpeg,train,1,PNEUMONIA,976,680,121.1270980834961,46.635719299316406
train/PNEUMONIA/person1331_virus_2299.jpeg,train,1,PNEUMONIA,1104,776,99.98088073730469,39.59455871582031
train/PNEUMONIA/person1332_virus_2300.jpeg,train,1,PNEUMONIA,1536,896,161.26939392089844,50.103694915771484
train/PNEUMONIA/person1333_bacteria_3383.jpeg,train,1,PNEUMONIA,1096,640,179.3283233642578,31.71845817565918
train/PNEUMONIA/person1333_bacteria_3384.jpeg,train,1,PNEUMONIA,1256,752,137.99122619628906,32.344852447509766
train/PNEUMONIA/person1333_bacteria_3385.jpeg,train,1,PNEUMONIA,1360,784,148.33111572265625,39.33189010620117
train/PNEUMONIA/person1333_bacteria_3386.jpeg,train,1,PNEUMONIA,1136,688,162.4417266845703,36.585262298583984
train/PNEUMONIA/person1333_virus_2301.jpeg,train,1,PNEUMONIA,1400,1072,184.1842498779297,45.362518310546875
train/PNEUMONIA/person1337_virus_2307.jpeg,train,1,PNEUMONIA,2008,1440,160.2599639892578,49.208839416503906
train/PNEUMONIA/person1338_bacteria_3395.jpeg,train,1,PNEUMONIA,1440,992,161.0118865966797,55.85280990600586
train/PNEUMONIA/person1338_bacteria_3397.jpeg,train,1,PNEUMONIA,1472,1048,155.43775939941406,56.38535690307617
train/PNEUMONIA/person1338_virus_2308.jpeg,train,1,PNEUMONIA,1096,488,119.93568420410156,50.19287109375
train/PNEUMONIA/person1339_bacteria_3399.jpeg,train,1,PNEUMONIA,1344,712,131.1975555419922,51.847511291503906
train/PNEUMONIA/person1339_bacteria_3402.jpeg,train,1,PNEUMONIA,1208,672,140.3595733642578,32.77808380126953
train/PNEUMONIA/person1340_bacteria_3405.jpeg,train,1,PNEUMONIA,992,776,164.57444763183594,35.04154968261719
train/PNEUMONIA/person1340_virus_2312.jpeg,train,1,PNEUMONIA,911,630,165.86590576171875,40.10712432861328
train/PNEUMONIA/person1341_virus_2313.jpeg,train,1,PNEUMONIA,1056,728,115.37934112548828,46.06340789794922
train/PNEUMONIA/person1342_bacteria_3407.jpeg,train,1,PNEUMONIA,1048,648,138.5408172607422,44.75075149536133
train/PNEUMONIA/person1343_bacteria_3409.jpeg,train,1,PNEUMONIA,1312,832,151.73648071289062,36.475807189941406
train/PNEUMONIA/person1343_bacteria_3411.jpeg,train,1,PNEUMONIA,1448,888,193.49774169921875,42.16445541381836
train/PNEUMONIA/person1343_bacteria_3413.jpeg,train,1,PNEUMONIA,1384,864,171.64224243164062,42.45268249511719
train/PNEUMONIA/person1343_bacteria_3416.jpeg,train,1,PNEUMONIA,1416,888,152.33753967285156,41.10581970214844
train/PNEUMONIA/person1343_bacteria_3417.jpeg,train,1,PNEUMONIA,1136,760,187.92068481445312,26.881887435913086
train/PNEUMONIA/person1343_bacteria_3418.jpeg,train,1,PNEUMONIA,1152,912,154.33116149902344,32.38026428222656
train/PNEUMONIA/person1343_bacteria_3419.jpeg,train,1,PNEUMONIA,1216,712,145.0937042236328,47.74829864501953
train/PNEUMONIA/person1344_bacteria_3421.jpeg,train,1,PNEUMONIA,1144,760,144.12449645996094,46.253116607666016
train/PNEUMONIA/person1344_virus_2319.jpeg,train,1,PNEUMONIA,992,560,120.81246948242188,46.766624450683594
train/PNEUMONIA/person1345_bacteria_3422.jpeg,train,1,PNEUMONIA,1376,1048,146.50173950195312,48.385765075683594
train/PNEUMONIA/person1345_bacteria_3425.jpeg,train,1,PNEUMONIA,1552,840,187.4845733642578,40.71943283081055
train/PNEUMONIA/person1345_bacteria_3426.jpeg,train,1,PNEUMONIA,1384,1008,137.01422119140625,32.81468200683594
train/PNEUMONIA/person1345_bacteria_3427.jpeg,train,1,PNEUMONIA,1464,1048,153.39637756347656,43.24144744873047
train/PNEUMONIA/person1345_bacteria_3428.jpeg,train,1,PNEUMONIA,1408,848,168.32957458496094,42.707271575927734
train/PNEUMONIA/person1345_virus_2321.jpeg,train,1,PNEUMONIA,1272,840,171.67864990234375,44.632381439208984
train/PNEUMONIA/person1346_bacteria_3430.jpeg,train,1,PNEUMONIA,1248,936,122.24701690673828,49.14198303222656
train/PNEUMONIA/person1346_virus_2322.jpeg,train,1,PNEUMONIA,944,640,130.15785217285156,41.92111587524414
train/PNEUMONIA/person1347_virus_2323.jpeg,train,1,PNEUMONIA,1320,1000,141.7130889892578,49.92759323120117
train/PNEUMONIA/person1348_virus_2324.jpeg,train,1,PNEUMONIA,1432,1008,173.65672302246094,39.41020965576172
train/PNEUMONIA/person1348_virus_2326.jpeg,train,1,PNEUMONIA,1432,968,164.3586883544922,35.88349533081055
train/PNEUMONIA/person1349_bacteria_3436.jpeg,train,1,PNEUMONIA,1480,1208,166.62754821777344,44.18441390991211
train/PNEUMONIA/person1349_bacteria_3438.jpeg,train,1,PNEUMONIA,1336,904,171.5101318359375,34.47332000732422
train/PNEUMONIA/person134_virus_268.jpeg,train,1,PNEUMONIA,1216,1008,165.525634765625,43.89653015136719
train/PNEUMONIA/person1350_virus_2329.jpeg,train,1,PNEUMONIA,1280,792,143.7970733642578,48.67527770996094
train/PNEUMONIA/person1351_bacteria_3441.jpeg,train,1,PNEUMONIA,1112,680,148.46902465820312,45.575313568115234
train/PNEUMONIA/person1351_virus_2330.jpeg,train,1,PNEUMONIA,1224,776,152.251220703125,43.07823944091797
train/PNEUMONIA/person1352_bacteria_3442.jpeg,train,1,PNEUMONIA,1296,696,158.81414794921875,34.032005310058594
train/PNEUMONIA/person1352_bacteria_3443.jpeg,train,1,PNEUMONIA,1232,824,172.79849243164062,37.567840576171875
train/PNEUMONIA/person1353_bacteria_3446.jpeg,train,1,PNEUMONIA,1296,904,142.80300903320312,53.51288604736328
train/PNEUMONIA/person1353_virus_2333.jpeg,train,1,PNEUMONIA,1408,1024,179.87550354003906,43.90376663208008
train/PNEUMONIA/person1354_bacteria_3448.jpeg,train,1,PNEUMONIA,1312,936,148.79290771484375,48.3987922668457
train/PNEUMONIA/person1355_bacteria_3449.jpeg,train,1,PNEUMONIA,841,528,158.99693298339844,28.298023223876953
train/PNEUMONIA/person1355_bacteria_3452.jpeg,train,1,PNEUMONIA,800,472,107.09632873535156,35.287261962890625
train/PNEUMONIA/person1355_virus_2336.jpeg,train,1,PNEUMONIA,1416,1104,176.05459594726562,38.27981185913086
train/PNEUMONIA/person1356_virus_2337.jpeg,train,1,PNEUMONIA,1328,1104,184.5198211669922,39.653194427490234
train/PNEUMONIA/person1357_virus_2338.jpeg,train,1,PNEUMONIA,1416,1088,163.17835998535156,45.04309844970703
train/PNEUMONIA/person1358_bacteria_3465.jpeg,train,1,PNEUMONIA,1440,912,143.81814575195312,50.655662536621094
train/PNEUMONIA/person1359_virus_2340.jpeg,train,1,PNEUMONIA,1408,976,159.94439697265625,45.475860595703125
train/PNEUMONIA/person135_virus_270.jpeg,train,1,PNEUMONIA,992,568,126.65139770507812,43.11381912231445
train/PNEUMONIA/person135_virus_271.jpeg,train,1,PNEUMONIA,1072,624,129.23867797851562,45.60648727416992
train/PNEUMONIA/person1360_virus_2341.jpeg,train,1,PNEUMONIA,1632,1200,158.61912536621094,48.00889205932617
train/PNEUMONIA/person1361_bacteria_3477.jpeg,train,1,PNEUMONIA,1192,760,176.43869018554688,45.444427490234375
train/PNEUMONIA/person1361_virus_2342.jpeg,train,1,PNEUMONIA,1416,904,138.33322143554688,53.4654426574707
train/PNEUMONIA/person1361_virus_2344.jpeg,train,1,PNEUMONIA,1232,880,171.59678649902344,33.50493621826172
train/PNEUMONIA/person1363_bacteria_3483.jpeg,train,1,PNEUMONIA,1320,944,194.27001953125,38.84122848510742
train/PNEUMONIA/person1363_bacteria_3484.jpeg,train,1,PNEUMONIA,1216,872,162.4154815673828,45.884185791015625
train/PNEUMONIA/person1363_virus_2346.jpeg,train,1,PNEUMONIA,1504,1056,168.14739990234375,45.5251350402832
train/PNEUMONIA/person1365_virus_2348.jpeg,train,1,PNEUMONIA,1152,840,171.76463317871094,42.99592208862305
train/PNEUMONIA/person1366_bacteria_3490.jpeg,train,1,PNEUMONIA,1816,1488,191.16900634765625,44.05841064453125
train/PNEUMONIA/person1366_virus_2349.jpeg,train,1,PNEUMONIA,1192,672,121.28571319580078,49.0540885925293
train/PNEUMONIA/person1367_virus_2351.jpeg,train,1,PNEUMONIA,1296,848,134.59486389160156,51.141136169433594
train/PNEUMONIA/person1368_virus_2352.jpeg,train,1,PNEUMONIA,1312,824,188.68832397460938,36.03173065185547
train/PNEUMONIA/person1368_virus_2353.jpeg,train,1,PNEUMONIA,1320,1048,191.07667541503906,34.61894607543945
train/PNEUMONIA/person1368_virus_2354.jpeg,train,1,PNEUMONIA,1296,928,157.88333129882812,47.79006576538086
train/PNEUMONIA/person1369_virus_2355.jpeg,train,1,PNEUMONIA,852,444,155.61814880371094,32.848758697509766
train/PNEUMONIA/person1371_virus_2361.jpeg,train,1,PNEUMONIA,1120,680,171.60147094726562,37.68808364868164
train/PNEUMONIA/person1371_virus_2362.jpeg,train,1,PNEUMONIA,1072,648,125.41744995117188,45.85626220703125
train/PNEUMONIA/person1372_bacteria_3498.jpeg,train,1,PNEUMONIA,1856,1312,174.12477111816406,50.45761489868164
train/PNEUMONIA/person1372_bacteria_3499.jpeg,train,1,PNEUMONIA,1688,1392,177.2140350341797,39.57685089111328
train/PNEUMONIA/person1372_bacteria_3500.jpeg,train,1,PNEUMONIA,1624,1288,184.58224487304688,31.83963966369629
train/PNEUMONIA/person1372_bacteria_3503.jpeg,train,1,PNEUMONIA,1800,1512,163.44808959960938,39.135440826416016
train/PNEUMONIA/person1374_bacteria_3507.jpeg,train,1,PNEUMONIA,1416,1016,145.99594116210938,51.73670959472656
train/PNEUMONIA/person1374_virus_2365.jpeg,train,1,PNEUMONIA,1136,576,109.37835693359375,47.806983947753906
train/PNEUMONIA/person1375_bacteria_3509.jpeg,train,1,PNEUMONIA,1320,800,152.3352508544922,36.45009994506836
train/PNEUMONIA/person1375_bacteria_3510.jpeg,train,1,PNEUMONIA,1312,816,135.61021423339844,43.30638122558594
train/PNEUMONIA/person1375_virus_2366.jpeg,train,1,PNEUMONIA,1512,1056,165.95590209960938,45.853355407714844
train/PNEUMONIA/person1376_bacteria_3511.jpeg,train,1,PNEUMONIA,1416,856,150.5494384765625,49.90776062011719
train/PNEUMONIA/person1376_virus_2367.jpeg,train,1,PNEUMONIA,1264,712,141.554931640625,40.2652473449707
train/PNEUMONIA/person1377_bacteria_3512.jpeg,train,1,PNEUMONIA,1400,1072,176.39727783203125,40.703006744384766
train/PNEUMONIA/person1377_virus_2369.jpeg,train,1,PNEUMONIA,1584,720,96.520751953125,52.33406448364258
train/PNEUMONIA/person1378_bacteria_3513.jpeg,train,1,PNEUMONIA,928,504,141.7427215576172,45.476219177246094
train/PNEUMONIA/person1380_bacteria_3515.jpeg,train,1,PNEUMONIA,1064,688,140.626220703125,45.539615631103516
train/PNEUMONIA/person1381_bacteria_3516.jpeg,train,1,PNEUMONIA,1944,1560,131.3774871826172,42.69459915161133
train/PNEUMONIA/person1381_virus_2375.jpeg,train,1,PNEUMONIA,1352,840,152.26547241210938,42.731712341308594
train/PNEUMONIA/person1383_bacteria_3521.jpeg,train,1,PNEUMONIA,1224,680,127.79792022705078,44.280303955078125
train/PNEUMONIA/person1383_virus_2377.jpeg,train,1,PNEUMONIA,1240,960,148.47914123535156,52.6868782043457
train/PNEUMONIA/person1384_bacteria_3522.jpeg,train,1,PNEUMONIA,1104,848,162.13226318359375,41.76410675048828
train/PNEUMONIA/person1385_bacteria_3524.jpeg,train,1,PNEUMONIA,1288,784,142.81834411621094,53.69163513183594
train/PNEUMONIA/person1385_virus_2380.jpeg,train,1,PNEUMONIA,1320,856,162.30081176757812,52.09782791137695
train/PNEUMONIA/person1387_virus_2382.jpeg,train,1,PNEUMONIA,1368,760,136.91464233398438,46.99866485595703
train/PNEUMONIA/person1388_bacteria_3529.jpeg,train,1,PNEUMONIA,1128,680,128.77635192871094,49.56647872924805
train/PNEUMONIA/person1389_bacteria_3531.jpeg,train,1,PNEUMONIA,1056,744,189.82394409179688,43.96292495727539
train/PNEUMONIA/person1389_virus_2387.jpeg,train,1,PNEUMONIA,1392,776,135.6660614013672,47.27324676513672
train/PNEUMONIA/person1390_bacteria_3534.jpeg,train,1,PNEUMONIA,1128,688,118.46578216552734,50.285621643066406
train/PNEUMONIA/person1391_bacteria_3536.jpeg,train,1,PNEUMONIA,1576,1200,161.021484375,47.01698684692383
train/PNEUMONIA/person1391_bacteria_3537.jpeg,train,1,PNEUMONIA,1384,1072,173.70050048828125,36.579803466796875
train/PNEUMONIA/person1392_bacteria_3538.jpeg,train,1,PNEUMONIA,1232,832,135.8779296875,43.5555305480957
train/PNEUMONIA/person1393_virus_2396.jpeg,train,1,PNEUMONIA,1240,720,89.79542541503906,37.10869598388672
train/PNEUMONIA/person1395_bacteria_3544.jpeg,train,1,PNEUMONIA,1848,1448,209.42172241210938,36.70840835571289
train/PNEUMONIA/person1395_virus_2398.jpeg,train,1,PNEUMONIA,1208,728,140.5150909423828,43.5793342590332
train/PNEUMONIA/person1396_bacteria_3545.jpeg,train,1,PNEUMONIA,1160,856,162.54074096679688,47.4097785949707
train/PNEUMONIA/person1396_virus_2399.jpeg,train,1,PNEUMONIA,1432,1128,157.53297424316406,43.9847526550293
train/PNEUMONIA/person1397_virus_2400.jpeg,train,1,PNEUMONIA,1176,696,94.52102661132812,28.880603790283203
train/PNEUMONIA/person1398_bacteria_3548.jpeg,train,1,PNEUMONIA,1544,1280,187.48455810546875,42.90504455566406
train/PNEUMONIA/person1398_virus_2401.jpeg,train,1,PNEUMONIA,1144,696,106.0744857788086,47.36347198486328
train/PNEUMONIA/person1399_bacteria_3549.jpeg,train,1,PNEUMONIA,1696,1432,182.13333129882812,47.429439544677734
train/PNEUMONIA/person1399_virus_2402.jpeg,train,1,PNEUMONIA,872,608,140.5283203125,38.31122970581055
train/PNEUMONIA/person139_virus_283.jpeg,train,1,PNEUMONIA,1576,1064,163.39024353027344,49.79543685913086
train/PNEUMONIA/person1400_bacteria_3551.jpeg,train,1,PNEUMONIA,1168,872,197.00991821289062,35.45829391479492
train/PNEUMONIA/person1400_bacteria_3553.jpeg,train,1,PNEUMONIA,1240,1048,173.05030822753906,43.047264099121094
train/PNEUMONIA/person1400_bacteria_3554.jpeg,train,1,PNEUMONIA,1576,960,157.5673370361328,38.40401840209961
train/PNEUMONIA/person1401_bacteria_3555.jpeg,train,1,PNEUMONIA,1088,560,137.26406860351562,49.965301513671875
train/PNEUMONIA/person1402_virus_2405.jpeg,train,1,PNEUMONIA,1136,648,131.24485778808594,49.78296661376953
train/PNEUMONIA/person1403_bacteria_3557.jpeg,train,1,PNEUMONIA,1208,920,139.2783660888672,39.145957946777344
train/PNEUMONIA/person1403_bacteria_3559.jpeg,train,1,PNEUMONIA,1304,768,131.51197814941406,43.04156494140625
train/PNEUMONIA/person1403_virus_2406.jpeg,train,1,PNEUMONIA,1064,600,139.47698974609375,46.037750244140625
train/PNEUMONIA/person1404_bacteria_3561.jpeg,train,1,PNEUMONIA,1392,968,205.13427734375,32.665306091308594
train/PNEUMONIA/person1405_bacteria_3564.jpeg,train,1,PNEUMONIA,1432,1016,231.1259002685547,15.288498878479004
train/PNEUMONIA/person1405_bacteria_3566.jpeg,train,1,PNEUMONIA,1392,936,133.7101593017578,35.80381393432617
train/PNEUMONIA/person1405_bacteria_3567.jpeg,train,1,PNEUMONIA,1488,816,131.46453857421875,38.07130432128906
train/PNEUMONIA/person1405_bacteria_3571.jpeg,train,1,PNEUMONIA,1216,824,127.82848358154297,36.833763122558594
train/PNEUMONIA/person1405_bacteria_3573.jpeg,train,1,PNEUMONIA,1352,944,118.49246215820312,45.03071212768555
train/PNEUMONIA/person1405_virus_2408.jpeg,train,1,PNEUMONIA,1816,1216,124.04188537597656,48.239952087402344
train/PNEUMONIA/person1406_bacteria_3574.jpeg,train,1,PNEUMONIA,1304,824,141.7188720703125,34.83893966674805
train/PNEUMONIA/person1406_bacteria_3575.jpeg,train,1,PNEUMONIA,1240,848,131.6417236328125,36.54263687133789
train/PNEUMONIA/person1406_virus_2409.jpeg,train,1,PNEUMONIA,1488,1048,131.54930114746094,51.14601135253906
train/PNEUMONIA/person1407_virus_2410.jpeg,train,1,PNEUMONIA,1208,776,145.07273864746094,45.67725372314453
train/PNEUMONIA/person1408_bacteria_3579.jpeg,train,1,PNEUMONIA,1744,1224,160.9718780517578,50.10385513305664
train/PNEUMONIA/person1408_bacteria_3581.jpeg,train,1,PNEUMONIA,1576,1288,170.5854949951172,44.15096664428711
train/PNEUMONIA/person1408_virus_2411.jpeg,train,1,PNEUMONIA,1392,1120,178.70346069335938,45.18379592895508
train/PNEUMONIA/person1409_bacteria_3585.jpeg,train,1,PNEUMONIA,1680,1256,158.1181182861328,44.201629638671875
train/PNEUMONIA/person1409_virus_2413.jpeg,train,1,PNEUMONIA,984,672,155.36048889160156,33.443023681640625
train/PNEUMONIA/person140_virus_284.jpeg,train,1,PNEUMONIA,1896,1360,149.8719482421875,31.564647674560547
train/PNEUMONIA/person140_virus_285.jpeg,train,1,PNEUMONIA,2048,1656,154.93289184570312,51.974266052246094
train/PNEUMONIA/person1411_bacteria_3591.jpeg,train,1,PNEUMONIA,1672,1488,175.19195556640625,49.9329719543457
train/PNEUMONIA/person1411_bacteria_3593.jpeg,train,1,PNEUMONIA,1904,1480,119.48069763183594,50.44804763793945
train/PNEUMONIA/person1411_bacteria_3598.jpeg,train,1,PNEUMONIA,1648,1240,185.6604766845703,51.13739776611328
train/PNEUMONIA/person1411_bacteria_3599.jpeg,train,1,PNEUMONIA,1712,1488,206.9877166748047,35.48335647583008
train/PNEUMONIA/person1411_bacteria_3601.jpeg,train,1,PNEUMONIA,1808,1352,202.58712768554688,39.696861267089844
train/PNEUMONIA/person1411_bacteria_3602.jpeg,train,1,PNEUMONIA,1624,1312,194.26809692382812,27.86934471130371
train/PNEUMONIA/person1411_bacteria_3603.jpeg,train,1,PNEUMONIA,1656,1264,173.8251495361328,33.57966995239258
train/PNEUMONIA/person1411_bacteria_3604.jpeg,train,1,PNEUMONIA,1648,1208,184.3974609375,32.67772674560547
train/PNEUMONIA/person1411_bacteria_3607.jpeg,train,1,PNEUMONIA,1816,1608,150.63311767578125,39.496742248535156
train/PNEUMONIA/person1411_bacteria_3609.jpeg,train,1,PNEUMONIA,1616,1216,163.84423828125,35.13884735107422
train/PNEUMONIA/person1411_bacteria_3610.jpeg,train,1,PNEUMONIA,1656,1288,160.02737426757812,47.24460983276367
train/PNEUMONIA/person1411_virus_2415.jpeg,train,1,PNEUMONIA,1440,1224,146.13714599609375,46.264652252197266
train/PNEUMONIA/person1412_bacteria_3612.jpeg,train,1,PNEUMONIA,1256,784,152.7908477783203,50.34320831298828
train/PNEUMONIA/person1413_bacteria_3613.jpeg,train,1,PNEUMONIA,1224,848,179.46983337402344,37.20064163208008
train/PNEUMONIA/person1413_bacteria_3617.jpeg,train,1,PNEUMONIA,1440,856,154.3336639404297,35.92063522338867
train/PNEUMONIA/person1413_bacteria_3620.jpeg,train,1,PNEUMONIA,1408,800,88.58898162841797,22.50501823425293
train/PNEUMONIA/person1413_virus_2422.jpeg,train,1,PNEUMONIA,1136,968,88.51639556884766,28.871423721313477
train/PNEUMONIA/person1413_virus_2423.jpeg,train,1,PNEUMONIA,1336,1056,154.6768341064453,42.78986358642578
train/PNEUMONIA/person1414_bacteria_3628.jpeg,train,1,PNEUMONIA,1288,896,144.1306610107422,40.152000427246094
train/PNEUMONIA/person1414_virus_2424.jpeg,train,1,PNEUMONIA,1064,592,152.87965393066406,47.35760498046875
train/PNEUMONIA/person1415_bacteria_3629.jpeg,train,1,PNEUMONIA,1136,1008,162.1184844970703,42.87367248535156
train/PNEUMONIA/person1415_virus_2425.jpeg,train,1,PNEUMONIA,1600,1088,144.81968688964844,40.75165557861328
train/PNEUMONIA/person1416_virus_2427.jpeg,train,1,PNEUMONIA,1528,952,139.10791015625,46.023109436035156
train/PNEUMONIA/person1417_bacteria_3635.jpeg,train,1,PNEUMONIA,1528,1056,159.1100311279297,47.62709045410156
train/PNEUMONIA/person1418_bacteria_3636.jpeg,train,1,PNEUMONIA,1408,1152,214.4004669189453,27.79867935180664
train/PNEUMONIA/person1418_bacteria_3637.jpeg,train,1,PNEUMONIA,1216,1032,130.1586456298828,31.944793701171875
train/PNEUMONIA/person1418_bacteria_3638.jpeg,train,1,PNEUMONIA,1464,1080,187.80551147460938,42.657859802246094
train/PNEUMONIA/person1418_bacteria_3639.jpeg,train,1,PNEUMONIA,1352,1088,163.79666137695312,40.61426544189453
train/PNEUMONIA/person141_virus_287.jpeg,train,1,PNEUMONIA,1608,1168,165.51014709472656,47.155662536621094
train/PNEUMONIA/person1420_bacteria_3647.jpeg,train,1,PNEUMONIA,944,808,201.73602294921875,38.544189453125
train/PNEUMONIA/person1420_virus_2431.jpeg,train,1,PNEUMONIA,1328,952,142.5012969970703,41.780982971191406
train/PNEUMONIA/person1422_bacteria_3649.jpeg,train,1,PNEUMONIA,880,424,129.83180236816406,41.962318420410156
train/PNEUMONIA/person1422_virus_2434.jpeg,train,1,PNEUMONIA,1104,824,124.02783203125,43.850276947021484
train/PNEUMONIA/person1424_bacteria_3651.jpeg,train,1,PNEUMONIA,1192,872,124.70726776123047,34.762325286865234
train/PNEUMONIA/person1425_virus_2438.jpeg,train,1,PNEUMONIA,984,504,125.46138763427734,40.31153106689453
train/PNEUMONIA/person1426_bacteria_3667.jpeg,train,1,PNEUMONIA,1360,864,150.96168518066406,39.038330078125
train/PNEUMONIA/person1426_bacteria_3668.jpeg,train,1,PNEUMONIA,1352,800,139.38690185546875,48.443946838378906
train/PNEUMONIA/person1426_virus_2439.jpeg,train,1,PNEUMONIA,952,584,105.96026611328125,36.853759765625
train/PNEUMONIA/person1428_virus_2442.jpeg,train,1,PNEUMONIA,1680,1032,139.646484375,48.18722152709961
train/PNEUMONIA/person1429_bacteria_3688.jpeg,train,1,PNEUMONIA,1824,1632,179.91983032226562,46.64603805541992
train/PNEUMONIA/person1429_bacteria_3690.jpeg,train,1,PNEUMONIA,1688,1528,193.61094665527344,32.95922088623047
train/PNEUMONIA/person1429_bacteria_3691.jpeg,train,1,PNEUMONIA,1704,1344,186.49072265625,43.68706130981445
train/PNEUMONIA/person1429_virus_2443.jpeg,train,1,PNEUMONIA,1512,1088,181.873046875,43.18458557128906
train/PNEUMONIA/person142_virus_288.jpeg,train,1,PNEUMONIA,1720,1192,100.05717468261719,44.9301643371582
train/PNEUMONIA/person1430_bacteria_3694.jpeg,train,1,PNEUMONIA,976,568,125.6966781616211,45.420284271240234
train/PNEUMONIA/person1430_bacteria_3695.jpeg,train,1,PNEUMONIA,1144,792,158.97296142578125,48.5923957824707
train/PNEUMONIA/person1430_bacteria_3696.jpeg,train,1,PNEUMONIA,1144,792,158.97296142578125,48.5923957824707
train/PNEUMONIA/person1430_bacteria_3697.jpeg,train,1,PNEUMONIA,1144,888,142.56581115722656,39.87431335449219
train/PNEUMONIA/person1430_virus_2444.jpeg,train,1,PNEUMONIA,1200,864,166.1324920654297,46.23558044433594
train/PNEUMONIA/person1431_bacteria_3698.jpeg,train,1,PNEUMONIA,1376,1024,138.3038787841797,47.74044418334961
train/PNEUMONIA/person1433_bacteria_3701.jpeg,train,1,PNEUMONIA,1232,704,165.00588989257812,43.979183197021484
train/PNEUMONIA/person1433_bacteria_3704.jpeg,train,1,PNEUMONIA,1240,824,182.1914825439453,31.437828063964844
train/PNEUMONIA/person1433_bacteria_3705.jpeg,train,1,PNEUMONIA,1232,824,187.3873748779297,46.935420989990234
train/PNEUMONIA/person1436_bacteria_3711.jpeg,train,1,PNEUMONIA,1384,912,200.0215606689453,36.612491607666016
train/PNEUMONIA/person1436_bacteria_3712.jpeg,train,1,PNEUMONIA,1480,1088,177.3614959716797,49.563419342041016
train/PNEUMONIA/person1438_bacteria_3718.jpeg,train,1,PNEUMONIA,976,568,194.7701873779297,38.820560455322266
train/PNEUMONIA/person1438_bacteria_3721.jpeg,train,1,PNEUMONIA,984,672,128.08413696289062,35.20249938964844
train/PNEUMONIA/person1438_virus_2452.jpeg,train,1,PNEUMONIA,1088,592,127.67948913574219,45.72470474243164
train/PNEUMONIA/person1439_bacteria_3722.jpeg,train,1,PNEUMONIA,1168,760,139.07717895507812,37.34496307373047
train/PNEUMONIA/person1439_virus_2453.jpeg,train,1,PNEUMONIA,968,576,151.08822631835938,42.218143463134766
train/PNEUMONIA/person143_virus_289.jpeg,train,1,PNEUMONIA,1368,992,161.54286193847656,41.48606872558594
train/PNEUMONIA/person1440_bacteria_3723.jpeg,train,1,PNEUMONIA,1272,984,166.85740661621094,42.66214370727539
train/PNEUMONIA/person1441_bacteria_3724.jpeg,train,1,PNEUMONIA,1576,1144,162.0889892578125,37.99886703491211
train/PNEUMONIA/person1441_virus_2454.jpeg,train,1,PNEUMONIA,1760,1232,177.3982391357422,39.146339416503906
train/PNEUMONIA/person1441_virus_2457.jpeg,train,1,PNEUMONIA,1760,1280,191.208251953125,40.684959411621094
train/PNEUMONIA/person1442_bacteria_3726.jpeg,train,1,PNEUMONIA,1136,760,147.25872802734375,45.4338493347168
train/PNEUMONIA/person1444_bacteria_3732.jpeg,train,1,PNEUMONIA,1752,1480,165.50225830078125,48.79664611816406
train/PNEUMONIA/person1446_bacteria_3740.jpeg,train,1,PNEUMONIA,1248,792,125.36163330078125,46.49917984008789
train/PNEUMONIA/person1448_virus_2468.jpeg,train,1,PNEUMONIA,1408,839,125.79544067382812,42.23680114746094
train/PNEUMONIA/person1449_bacteria_3743.jpeg,train,1,PNEUMONIA,1632,1400,105.07079315185547,42.71156692504883
train/PNEUMONIA/person1449_bacteria_3745.jpeg,train,1,PNEUMONIA,1472,1168,153.15232849121094,38.28361892700195
train/PNEUMONIA/person1449_bacteria_3746.jpeg,train,1,PNEUMONIA,1512,1136,156.5192108154297,38.902652740478516
train/PNEUMONIA/person1449_bacteria_3747.jpeg,train,1,PNEUMONIA,1592,1152,162.1598663330078,47.833709716796875
train/PNEUMONIA/person1449_virus_2474.jpeg,train,1,PNEUMONIA,896,600,143.01564025878906,30.407482147216797
train/PNEUMONIA/person1449_virus_2476.jpeg,train,1,PNEUMONIA,1190,709,115.44974517822266,38.8071403503418
train/PNEUMONIA/person1450_bacteria_3753.jpeg,train,1,PNEUMONIA,1192,888,151.1875457763672,40.37178421020508
train/PNEUMONIA/person1451_virus_2480.jpeg,train,1,PNEUMONIA,912,584,103.50273895263672,31.016799926757812
train/PNEUMONIA/person1451_virus_2482.jpeg,train,1,PNEUMONIA,912,528,138.1458282470703,40.86690902709961
train/PNEUMONIA/person1452_virus_2484.jpeg,train,1,PNEUMONIA,1136,680,122.97698211669922,33.58600616455078
train/PNEUMONIA/person1453_bacteria_3771.jpeg,train,1,PNEUMONIA,1360,832,164.44528198242188,52.0908203125
train/PNEUMONIA/person1453_bacteria_3772.jpeg,train,1,PNEUMONIA,1360,848,129.1226043701172,39.00967025756836
train/PNEUMONIA/person1454_bacteria_3774.jpeg,train,1,PNEUMONIA,1344,848,149.41064453125,43.97707748413086
train/PNEUMONIA/person1454_bacteria_3778.jpeg,train,1,PNEUMONIA,1456,976,146.55633544921875,43.155181884765625
train/PNEUMONIA/person1454_bacteria_3780.jpeg,train,1,PNEUMONIA,1456,1104,125.3208999633789,41.91434860229492
train/PNEUMONIA/person1454_bacteria_3782.jpeg,train,1,PNEUMONIA,1624,1016,158.7059326171875,45.26241683959961
train/PNEUMONIA/person1454_virus_2486.jpeg,train,1,PNEUMONIA,1248,848,169.24209594726562,38.423980712890625
train/PNEUMONIA/person1455_bacteria_3784.jpeg,train,1,PNEUMONIA,856,456,165.7621307373047,47.46539306640625
train/PNEUMONIA/person1455_virus_2488.jpeg,train,1,PNEUMONIA,904,608,151.1468048095703,36.75060272216797
train/PNEUMONIA/person1455_virus_2489.jpeg,train,1,PNEUMONIA,936,424,123.19072723388672,33.33002853393555
train/PNEUMONIA/person1455_virus_2490.jpeg,train,1,PNEUMONIA,1040,736,112.9980239868164,35.00335693359375
train/PNEUMONIA/person1455_virus_2492.jpeg,train,1,PNEUMONIA,832,512,119.45349884033203,32.14629364013672
train/PNEUMONIA/person1455_virus_2496.jpeg,train,1,PNEUMONIA,1148,677,123.56806182861328,45.311744689941406
train/PNEUMONIA/person1457_virus_2498.jpeg,train,1,PNEUMONIA,1592,1080,117.44805908203125,35.86921691894531
train/PNEUMONIA/person1458_virus_2502.jpeg,train,1,PNEUMONIA,1288,984,143.1019744873047,39.256141662597656
train/PNEUMONIA/person1459_virus_2506.jpeg,train,1,PNEUMONIA,1426,947,126.85787963867188,41.5208625793457
train/PNEUMONIA/person145_virus_294.jpeg,train,1,PNEUMONIA,904,600,138.29452514648438,35.88064193725586
train/PNEUMONIA/person145_virus_295.jpeg,train,1,PNEUMONIA,968,552,126.45716857910156,39.640933990478516
train/PNEUMONIA/person1460_bacteria_3801.jpeg,train,1,PNEUMONIA,1392,920,131.2967071533203,39.664608001708984
train/PNEUMONIA/person1460_bacteria_3805.jpeg,train,1,PNEUMONIA,1248,856,155.28585815429688,32.03667449951172
train/PNEUMONIA/person1460_virus_2507.jpeg,train,1,PNEUMONIA,1280,920,151.84825134277344,38.12468338012695
train/PNEUMONIA/person1460_virus_2509.jpeg,train,1,PNEUMONIA,1272,992,123.3119125366211,35.381561279296875
train/PNEUMONIA/person1461_virus_2510.jpeg,train,1,PNEUMONIA,1500,1195,112.82049560546875,41.89601135253906
train/PNEUMONIA/person1463_bacteria_3809.jpeg,train,1,PNEUMONIA,1448,928,149.8539276123047,41.9503288269043
train/PNEUMONIA/person1463_bacteria_3811.jpeg,train,1,PNEUMONIA,1328,800,155.21685791015625,45.465824127197266
train/PNEUMONIA/person1465_virus_2532.jpeg,train,1,PNEUMONIA,1152,920,137.16085815429688,41.003597259521484
train/PNEUMONIA/person1465_virus_2537.jpeg,train,1,PNEUMONIA,1136,912,130.42221069335938,38.40041732788086
train/PNEUMONIA/person1466_virus_2541.jpeg,train,1,PNEUMONIA,984,672,145.968017578125,40.15492248535156
train/PNEUMONIA/person1466_virus_2543.jpeg,train,1,PNEUMONIA,1090,751,148.6138458251953,43.495567321777344
train/PNEUMONIA/person1467_virus_2544.jpeg,train,1,PNEUMONIA,1056,544,137.0220489501953,38.7900505065918
train/PNEUMONIA/person1468_bacteria_3822.jpeg,train,1,PNEUMONIA,1312,928,129.24855041503906,42.62004089355469
train/PNEUMONIA/person1468_virus_2545.jpeg,train,1,PNEUMONIA,1708,1214,111.64321899414062,31.42385482788086
train/PNEUMONIA/person1468_virus_2546.jpeg,train,1,PNEUMONIA,1670,1245,147.13336181640625,42.30112838745117
train/PNEUMONIA/person1469_bacteria_3824.jpeg,train,1,PNEUMONIA,1272,712,133.73095703125,36.69975662231445
train/PNEUMONIA/person1469_bacteria_3827.jpeg,train,1,PNEUMONIA,1040,696,110.31837463378906,32.10444259643555
train/PNEUMONIA/person1469_virus_2547.jpeg,train,1,PNEUMONIA,1686,1195,124.14521789550781,39.57575607299805
train/PNEUMONIA/person146_virus_296.jpeg,train,1,PNEUMONIA,1360,816,146.4874725341797,40.094295501708984
train/PNEUMONIA/person1470_bacteria_3829.jpeg,train,1,PNEUMONIA,1040,640,162.1211700439453,43.24280548095703
train/PNEUMONIA/person1470_bacteria_3830.jpeg,train,1,PNEUMONIA,904,528,194.559814453125,26.280109405517578
train/PNEUMONIA/person1471_bacteria_3831.jpeg,train,1,PNEUMONIA,1000,632,144.08750915527344,46.888790130615234
train/PNEUMONIA/person1471_virus_2549.jpeg,train,1,PNEUMONIA,1448,1152,174.00242614746094,29.227603912353516
train/PNEUMONIA/person1472_bacteria_3834.jpeg,train,1,PNEUMONIA,1368,936,154.53004455566406,47.12366485595703
train/PNEUMONIA/person1472_virus_2550.jpeg,train,1,PNEUMONIA,1296,968,99.41973114013672,28.31969451904297
train/PNEUMONIA/person1473_bacteria_3836.jpeg,train,1,PNEUMONIA,1048,680,122.4041519165039,41.402652740478516
train/PNEUMONIA/person1473_virus_2551.jpeg,train,1,PNEUMONIA,2088,1840,94.72386932373047,32.11479187011719
train/PNEUMONIA/person1473_virus_2553.jpeg,train,1,PNEUMONIA,1912,1768,145.3090057373047,35.032012939453125
train/PNEUMONIA/person1474_virus_2556.jpeg,train,1,PNEUMONIA,1056,896,116.59364318847656,30.90073585510254
train/PNEUMONIA/person1474_virus_2557.jpeg,train,1,PNEUMONIA,1088,688,160.88198852539062,33.926788330078125
train/PNEUMONIA/person1476_bacteria_3842.jpeg,train,1,PNEUMONIA,1152,736,151.78826904296875,27.20718002319336
train/PNEUMONIA/person1476_bacteria_3843.jpeg,train,1,PNEUMONIA,1072,768,164.39208984375,26.277551651000977
train/PNEUMONIA/person1476_virus_2560.jpeg,train,1,PNEUMONIA,1580,805,113.92402648925781,33.6234130859375
train/PNEUMONIA/person1477_virus_2561.jpeg,train,1,PNEUMONIA,1566,1222,133.31240844726562,45.45783996582031
train/PNEUMONIA/person1478_bacteria_3848.jpeg,train,1,PNEUMONIA,647,329,165.6121368408203,30.39431381225586
train/PNEUMONIA/person147_virus_297.jpeg,train,1,PNEUMONIA,1168,688,139.32154846191406,45.81659698486328
train/PNEUMONIA/person1480_bacteria_3858.jpeg,train,1,PNEUMONIA,1152,728,125.3331298828125,32.04142379760742
train/PNEUMONIA/person1480_bacteria_3859.jpeg,train,1,PNEUMONIA,1320,824,94.5045166015625,34.06456756591797
train/PNEUMONIA/person1480_virus_2566.jpeg,train,1,PNEUMONIA,1686,1160,143.97933959960938,39.82679748535156
train/PNEUMONIA/person1481_bacteria_3862.jpeg,train,1,PNEUMONIA,1440,1168,146.42820739746094,42.848350524902344
train/PNEUMONIA/person1481_bacteria_3863.jpeg,train,1,PNEUMONIA,1440,1168,146.42820739746094,42.848350524902344
train/PNEUMONIA/person1481_bacteria_3864.jpeg,train,1,PNEUMONIA,1656,1200,147.70724487304688,42.15176010131836
train/PNEUMONIA/person1481_bacteria_3865.jpeg,train,1,PNEUMONIA,1656,1200,147.70724487304688,42.15176010131836
train/PNEUMONIA/person1481_bacteria_3867.jpeg,train,1,PNEUMONIA,1600,1176,126.46771240234375,44.512718200683594
train/PNEUMONIA/person1481_bacteria_3868.jpeg,train,1,PNEUMONIA,1352,992,127.0025863647461,35.38330078125
train/PNEUMONIA/person1481_virus_2567.jpeg,train,1,PNEUMONIA,1716,1489,142.93771362304688,40.167728424072266
train/PNEUMONIA/person1482_bacteria_3870.jpeg,train,1,PNEUMONIA,668,408,172.38650512695312,26.505552291870117
train/PNEUMONIA/person1482_bacteria_3874.jpeg,train,1,PNEUMONIA,1192,832,116.49884033203125,37.820579528808594
train/PNEUMONIA/person1482_virus_2569.jpeg,train,1,PNEUMONIA,1168,672,133.77830505371094,28.320924758911133
train/PNEUMONIA/person1482_virus_2570.jpeg,train,1,PNEUMONIA,1088,656,121.17012786865234,30.796056747436523
train/PNEUMONIA/person1482_virus_2571.jpeg,train,1,PNEUMONIA,1104,680,132.44859313964844,32.43418502807617
train/PNEUMONIA/person1483_bacteria_3876.jpeg,train,1,PNEUMONIA,984,616,136.8112030029297,37.00486373901367
train/PNEUMONIA/person1483_virus_2574.jpeg,train,1,PNEUMONIA,1642,1133,134.82891845703125,40.33992385864258
train/PNEUMONIA/person1484_virus_2576.jpeg,train,1,PNEUMONIA,1040,688,138.2154998779297,30.534847259521484
train/PNEUMONIA/person1484_virus_2577.jpeg,train,1,PNEUMONIA,1104,736,128.93917846679688,31.693607330322266
train/PNEUMONIA/person1486_bacteria_3881.jpeg,train,1,PNEUMONIA,1304,960,111.67850494384766,35.7501220703125
train/PNEUMONIA/person1486_bacteria_3883.jpeg,train,1,PNEUMONIA,1240,904,168.17626953125,36.104652404785156
train/PNEUMONIA/person1486_bacteria_3884.jpeg,train,1,PNEUMONIA,663,431,90.2264633178711,28.29848861694336
train/PNEUMONIA/person1486_bacteria_3885.jpeg,train,1,PNEUMONIA,1448,1032,130.21214294433594,41.263309478759766
train/PNEUMONIA/person1488_bacteria_3887.jpeg,train,1,PNEUMONIA,1400,1032,149.51211547851562,40.62983703613281
train/PNEUMONIA/person1488_virus_2585.jpeg,train,1,PNEUMONIA,1472,1088,130.49258422851562,34.041378021240234
train/PNEUMONIA/person1488_virus_2587.jpeg,train,1,PNEUMONIA,1552,1144,86.60313415527344,24.0816707611084
train/PNEUMONIA/person1488_virus_2592.jpeg,train,1,PNEUMONIA,1504,1096,157.46298217773438,34.342918395996094
train/PNEUMONIA/person1488_virus_2593.jpeg,train,1,PNEUMONIA,1754,1395,149.45571899414062,37.10869216918945
train/PNEUMONIA/person1489_bacteria_3889.jpeg,train,1,PNEUMONIA,1000,544,147.70252990722656,40.736183166503906
train/PNEUMONIA/person1489_virus_2594.jpeg,train,1,PNEUMONIA,1878,1331,132.19349670410156,38.28720474243164
train/PNEUMONIA/person148_virus_298.jpeg,train,1,PNEUMONIA,1536,1104,146.3084716796875,42.892478942871094
train/PNEUMONIA/person1490_bacteria_3891.jpeg,train,1,PNEUMONIA,1056,696,136.93603515625,51.89597702026367
train/PNEUMONIA/person1490_virus_2596.jpeg,train,1,PNEUMONIA,1094,829,138.01309204101562,36.030208587646484
train/PNEUMONIA/person1491_bacteria_3892.jpeg,train,1,PNEUMONIA,1328,968,134.94227600097656,35.08856201171875
train/PNEUMONIA/person1491_bacteria_3893.jpeg,train,1,PNEUMONIA,1576,1056,147.66421508789062,42.03839874267578
train/PNEUMONIA/person1491_virus_2597.jpeg,train,1,PNEUMONIA,1272,824,116.4854965209961,28.73255157470703
train/PNEUMONIA/person1492_bacteria_3894.jpeg,train,1,PNEUMONIA,864,520,146.11080932617188,30.718111038208008
train/PNEUMONIA/person1492_virus_2599.jpeg,train,1,PNEUMONIA,1136,744,179.52273559570312,27.482975006103516
train/PNEUMONIA/person1493_bacteria_3895.jpeg,train,1,PNEUMONIA,1272,952,132.4683380126953,39.86430740356445
train/PNEUMONIA/person1493_bacteria_3896.jpeg,train,1,PNEUMONIA,1416,856,158.69374084472656,39.392967224121094
train/PNEUMONIA/person1493_bacteria_3897.jpeg,train,1,PNEUMONIA,1304,1024,139.0784149169922,39.408660888671875
train/PNEUMONIA/person1493_bacteria_3898.jpeg,train,1,PNEUMONIA,1296,728,101.6235580444336,35.34124755859375
train/PNEUMONIA/person1493_bacteria_3899.jpeg,train,1,PNEUMONIA,1224,672,128.00601196289062,35.684635162353516
train/PNEUMONIA/person1494_bacteria_3901.jpeg,train,1,PNEUMONIA,1080,728,152.1791229248047,39.095191955566406
train/PNEUMONIA/person1494_virus_2601.jpeg,train,1,PNEUMONIA,1680,1232,160.07379150390625,39.05012130737305
train/PNEUMONIA/person1495_virus_2603.jpeg,train,1,PNEUMONIA,1376,936,168.36776733398438,37.77274703979492
train/PNEUMONIA/person1496_bacteria_3905.jpeg,train,1,PNEUMONIA,1304,1224,138.36233520507812,42.73012924194336
train/PNEUMONIA/person1496_bacteria_3906.jpeg,train,1,PNEUMONIA,1288,968,161.38478088378906,43.376678466796875
train/PNEUMONIA/person1496_bacteria_3907.jpeg,train,1,PNEUMONIA,1248,824,140.74407958984375,35.871360778808594
train/PNEUMONIA/person1496_bacteria_3908.jpeg,train,1,PNEUMONIA,1336,912,163.37252807617188,40.64646530151367
train/PNEUMONIA/person1496_bacteria_3909.jpeg,train,1,PNEUMONIA,1296,1000,179.39215087890625,39.213714599609375
train/PNEUMONIA/person1496_bacteria_3910.jpeg,train,1,PNEUMONIA,1296,1000,179.39215087890625,39.213714599609375
train/PNEUMONIA/person1496_bacteria_3911.jpeg,train,1,PNEUMONIA,1256,872,164.52041625976562,41.3651008605957
train/PNEUMONIA/person1497_bacteria_3912.jpeg,train,1,PNEUMONIA,856,472,110.66065979003906,33.2391242980957
train/PNEUMONIA/person1499_bacteria_3915.jpeg,train,1,PNEUMONIA,1120,744,137.44085693359375,41.30656814575195
train/PNEUMONIA/person149_virus_299.jpeg,train,1,PNEUMONIA,1528,1032,136.95948791503906,47.55088424682617
train/PNEUMONIA/person14_bacteria_51.jpeg,train,1,PNEUMONIA,981,663,187.84121704101562,22.284090042114258
train/PNEUMONIA/person1500_bacteria_3916.jpeg,train,1,PNEUMONIA,1736,1424,177.26231384277344,44.76045227050781
train/PNEUMONIA/person1500_virus_2610.jpeg,train,1,PNEUMONIA,1560,1304,172.456298828125,52.56965255737305
train/PNEUMONIA/person1501_virus_2611.jpeg,train,1,PNEUMONIA,1024,640,138.0751953125,45.23541259765625
train/PNEUMONIA/person1502_bacteria_3922.jpeg,train,1,PNEUMONIA,1168,872,120.82061767578125,39.79508972167969
train/PNEUMONIA/person1502_bacteria_3923.jpeg,train,1,PNEUMONIA,992,528,114.29095458984375,35.39741516113281
train/PNEUMONIA/person1502_bacteria_3924.jpeg,train,1,PNEUMONIA,1008,536,107.15585327148438,33.812007904052734
train/PNEUMONIA/person1502_bacteria_3925.jpeg,train,1,PNEUMONIA,1224,824,102.64551544189453,40.1513786315918
train/PNEUMONIA/person1502_bacteria_3927.jpeg,train,1,PNEUMONIA,1008,600,102.28075408935547,33.39790725708008
train/PNEUMONIA/person1502_bacteria_3929.jpeg,train,1,PNEUMONIA,960,520,100.09578704833984,31.265451431274414
train/PNEUMONIA/person1502_virus_2612.jpeg,train,1,PNEUMONIA,1656,1008,158.71034240722656,48.951019287109375
train/PNEUMONIA/person1503_virus_2613.jpeg,train,1,PNEUMONIA,1232,768,158.08897399902344,39.37952423095703
train/PNEUMONIA/person1504_bacteria_3931.jpeg,train,1,PNEUMONIA,1064,816,147.55224609375,48.48698425292969
train/PNEUMONIA/person1504_virus_2614.jpeg,train,1,PNEUMONIA,1088,776,154.2558135986328,42.1486930847168
train/PNEUMONIA/person1505_virus_2615.jpeg,train,1,PNEUMONIA,1400,1072,172.78054809570312,48.164207458496094
train/PNEUMONIA/person1506_bacteria_3933.jpeg,train,1,PNEUMONIA,1648,1208,167.91627502441406,53.62296676635742
train/PNEUMONIA/person1506_virus_2616.jpeg,train,1,PNEUMONIA,1144,952,157.6280059814453,42.057106018066406
train/PNEUMONIA/person1507_bacteria_3942.jpeg,train,1,PNEUMONIA,1752,1176,142.7258758544922,37.5034294128418
train/PNEUMONIA/person1507_bacteria_3944.jpeg,train,1,PNEUMONIA,1648,1176,148.70188903808594,35.023529052734375
train/PNEUMONIA/person1507_bacteria_3947.jpeg,train,1,PNEUMONIA,1568,1112,154.3332061767578,35.30302047729492
train/PNEUMONIA/person1507_bacteria_3948.jpeg,train,1,PNEUMONIA,1552,1064,145.974853515625,34.62860107421875
train/PNEUMONIA/person1508_bacteria_3949.jpeg,train,1,PNEUMONIA,1760,1328,163.31753540039062,53.70110321044922
train/PNEUMONIA/person1509_bacteria_3951.jpeg,train,1,PNEUMONIA,1704,1392,147.26419067382812,44.72426223754883
train/PNEUMONIA/person1509_virus_2621.jpeg,train,1,PNEUMONIA,1656,1336,146.3700408935547,55.426090240478516
train/PNEUMONIA/person1510_virus_2628.jpeg,train,1,PNEUMONIA,1264,880,221.95223999023438,18.979318618774414
train/PNEUMONIA/person1510_virus_2629.jpeg,train,1,PNEUMONIA,1312,712,146.26588439941406,45.91826629638672
train/PNEUMONIA/person1511_bacteria_3955.jpeg,train,1,PNEUMONIA,1192,808,147.44009399414062,50.74769973754883
train/PNEUMONIA/person1512_virus_2631.jpeg,train,1,PNEUMONIA,1360,1040,146.5977020263672,49.754154205322266
train/PNEUMONIA/person1513_bacteria_3962.jpeg,train,1,PNEUMONIA,1304,800,146.29367065429688,42.01565933227539
train/PNEUMONIA/person1513_virus_2632.jpeg,train,1,PNEUMONIA,1376,1208,169.41845703125,47.269962310791016
train/PNEUMONIA/person1514_bacteria_3964.jpeg,train,1,PNEUMONIA,1360,936,156.74830627441406,38.40769958496094
train/PNEUMONIA/person1514_virus_2633.jpeg,train,1,PNEUMONIA,1200,784,154.32769775390625,49.71918869018555
train/PNEUMONIA/person1516_virus_2643.jpeg,train,1,PNEUMONIA,1152,752,149.4834747314453,39.19404220581055
train/PNEUMONIA/person1517_bacteria_3968.jpeg,train,1,PNEUMONIA,1328,984,158.80459594726562,41.564369201660156
train/PNEUMONIA/person1517_virus_2644.jpeg,train,1,PNEUMONIA,1376,824,164.3937530517578,49.174530029296875
train/PNEUMONIA/person1518_bacteria_3969.jpeg,train,1,PNEUMONIA,1896,1640,171.4075164794922,50.94858169555664
train/PNEUMONIA/person1519_bacteria_3970.jpeg,train,1,PNEUMONIA,1256,984,144.07102966308594,37.511474609375
train/PNEUMONIA/person1519_virus_2646.jpeg,train,1,PNEUMONIA,1248,808,146.02565002441406,53.227684020996094
train/PNEUMONIA/person151_virus_301.jpeg,train,1,PNEUMONIA,1368,984,159.82656860351562,51.77538299560547
train/PNEUMONIA/person151_virus_302.jpeg,train,1,PNEUMONIA,1264,704,129.2096405029297,45.08012390136719
train/PNEUMONIA/person1521_virus_2649.jpeg,train,1,PNEUMONIA,1288,976,168.03643798828125,52.395225524902344
train/PNEUMONIA/person1522_bacteria_3977.jpeg,train,1,PNEUMONIA,1232,904,159.033203125,35.312477111816406
train/PNEUMONIA/person1522_virus_2651.jpeg,train,1,PNEUMONIA,1008,520,127.98908233642578,28.580738067626953
train/PNEUMONIA/person1523_bacteria_3979.jpeg,train,1,PNEUMONIA,1248,784,136.1488037109375,42.04459762573242
train/PNEUMONIA/person1523_bacteria_3980.jpeg,train,1,PNEUMONIA,1088,792,144.1761016845703,33.71570587158203
train/PNEUMONIA/person1524_bacteria_3983.jpeg,train,1,PNEUMONIA,1632,1136,152.159912109375,31.90169906616211
train/PNEUMONIA/person1524_bacteria_3984.jpeg,train,1,PNEUMONIA,1664,1264,152.0279541015625,36.950828552246094
train/PNEUMONIA/person1524_virus_2658.jpeg,train,1,PNEUMONIA,1320,992,143.673828125,47.670875549316406
train/PNEUMONIA/person1525_bacteria_3985.jpeg,train,1,PNEUMONIA,1184,848,137.97219848632812,40.836029052734375
train/PNEUMONIA/person1525_virus_2659.jpeg,train,1,PNEUMONIA,1216,816,153.3014678955078,49.31707763671875
train/PNEUMONIA/person1526_bacteria_3986.jpeg,train,1,PNEUMONIA,1192,888,167.7953643798828,40.00614929199219
train/PNEUMONIA/person1526_virus_2660.jpeg,train,1,PNEUMONIA,920,568,128.04591369628906,43.28392028808594
train/PNEUMONIA/person1527_bacteria_3988.jpeg,train,1,PNEUMONIA,1216,792,165.74072265625,32.40699005126953
train/PNEUMONIA/person1527_bacteria_3989.jpeg,train,1,PNEUMONIA,1240,952,183.0521240234375,30.05680274963379
train/PNEUMONIA/person1527_bacteria_3990.jpeg,train,1,PNEUMONIA,1184,712,159.12591552734375,26.853961944580078
train/PNEUMONIA/person1527_virus_2661.jpeg,train,1,PNEUMONIA,1120,768,163.67457580566406,43.6808967590332
train/PNEUMONIA/person1528_bacteria_3991.jpeg,train,1,PNEUMONIA,1080,760,146.37660217285156,43.67018508911133
train/PNEUMONIA/person1528_bacteria_3996.jpeg,train,1,PNEUMONIA,1168,688,134.6015167236328,44.02762222290039
train/PNEUMONIA/person1528_virus_2662.jpeg,train,1,PNEUMONIA,1352,840,137.3395538330078,53.51132583618164
train/PNEUMONIA/person1529_virus_2663.jpeg,train,1,PNEUMONIA,1104,704,163.488525390625,44.077816009521484
train/PNEUMONIA/person152_virus_303.jpeg,train,1,PNEUMONIA,1344,1032,180.93492126464844,47.86170196533203
train/PNEUMONIA/person1530_bacteria_4000.jpeg,train,1,PNEUMONIA,1336,752,155.5693359375,41.411006927490234
train/PNEUMONIA/person1530_virus_2664.jpeg,train,1,PNEUMONIA,1080,632,121.84002685546875,46.95506286621094
train/PNEUMONIA/person1531_bacteria_4003.jpeg,train,1,PNEUMONIA,1336,864,142.53585815429688,47.904300689697266
train/PNEUMONIA/person1531_virus_2666.jpeg,train,1,PNEUMONIA,1336,936,149.64981079101562,46.73798370361328
train/PNEUMONIA/person1532_virus_2667.jpeg,train,1,PNEUMONIA,1232,800,154.2025909423828,48.46477127075195
train/PNEUMONIA/person1534_virus_2670.jpeg,train,1,PNEUMONIA,1336,1056,153.03684997558594,54.67669677734375
train/PNEUMONIA/person1535_bacteria_4016.jpeg,train,1,PNEUMONIA,920,648,124.2452163696289,34.97706604003906
train/PNEUMONIA/person1535_bacteria_4017.jpeg,train,1,PNEUMONIA,888,672,144.29608154296875,38.779170989990234
train/PNEUMONIA/person1535_virus_2672.jpeg,train,1,PNEUMONIA,1304,896,163.6140594482422,50.88587188720703
train/PNEUMONIA/person1536_bacteria_4018.jpeg,train,1,PNEUMONIA,1792,1600,187.45428466796875,41.27176284790039
train/PNEUMONIA/person1536_virus_2673.jpeg,train,1,PNEUMONIA,992,464,147.6183624267578,46.424564361572266
train/PNEUMONIA/person1537_bacteria_4019.jpeg,train,1,PNEUMONIA,1256,976,179.7589569091797,41.04364776611328
train/PNEUMONIA/person1537_bacteria_4020.jpeg,train,1,PNEUMONIA,1336,928,148.4163360595703,37.85395050048828
train/PNEUMONIA/person1537_virus_2674.jpeg,train,1,PNEUMONIA,1456,1312,173.02125549316406,39.145851135253906
train/PNEUMONIA/person1538_bacteria_4021.jpeg,train,1,PNEUMONIA,1200,808,142.79452514648438,38.096256256103516
train/PNEUMONIA/person1539_bacteria_4022.jpeg,train,1,PNEUMONIA,1392,864,143.73443603515625,46.09557342529297
train/PNEUMONIA/person1539_virus_2678.jpeg,train,1,PNEUMONIA,1112,624,144.72348022460938,48.464378356933594
train/PNEUMONIA/person1539_virus_2679.jpeg,train,1,PNEUMONIA,1152,584,133.30555725097656,51.7734489440918
train/PNEUMONIA/person153_virus_304.jpeg,train,1,PNEUMONIA,1160,752,154.6745147705078,50.7758903503418
train/PNEUMONIA/person1540_bacteria_4023.jpeg,train,1,PNEUMONIA,1320,1000,158.8444061279297,49.87706756591797
train/PNEUMONIA/person1540_virus_2680.jpeg,train,1,PNEUMONIA,1472,944,196.02200317382812,43.09983444213867
train/PNEUMONIA/person1541_virus_2681.jpeg,train,1,PNEUMONIA,1400,1080,149.72776794433594,53.850528717041016
train/PNEUMONIA/person1542_virus_2683.jpeg,train,1,PNEUMONIA,1104,728,167.96969604492188,45.94678497314453
train/PNEUMONIA/person1543_virus_2684.jpeg,train,1,PNEUMONIA,1128,704,129.187744140625,49.557376861572266
train/PNEUMONIA/person1544_bacteria_4033.jpeg,train,1,PNEUMONIA,2192,2272,183.4148406982422,49.23039627075195
train/PNEUMONIA/person1544_bacteria_4035.jpeg,train,1,PNEUMONIA,2056,2104,184.24586486816406,42.05306625366211
train/PNEUMONIA/person1544_bacteria_4037.jpeg,train,1,PNEUMONIA,1856,1496,191.42788696289062,22.52189064025879
train/PNEUMONIA/person1544_bacteria_4038.jpeg,train,1,PNEUMONIA,2008,2096,185.36524963378906,37.7540168762207
train/PNEUMONIA/person1544_virus_2685.jpeg,train,1,PNEUMONIA,1720,1152,138.0060577392578,49.323822021484375
train/PNEUMONIA/person1545_bacteria_4041.jpeg,train,1,PNEUMONIA,912,536,121.18326568603516,34.566925048828125
train/PNEUMONIA/person1545_bacteria_4042.jpeg,train,1,PNEUMONIA,920,544,123.23878479003906,33.988677978515625
train/PNEUMONIA/person1546_bacteria_4044.jpeg,train,1,PNEUMONIA,1216,856,144.12020874023438,44.54001235961914
train/PNEUMONIA/person1547_virus_2688.jpeg,train,1,PNEUMONIA,1016,552,127.59748840332031,40.32798385620117
train/PNEUMONIA/person1548_bacteria_4048.jpeg,train,1,PNEUMONIA,1088,696,166.17388916015625,43.884735107421875
train/PNEUMONIA/person1548_virus_2689.jpeg,train,1,PNEUMONIA,1384,1048,132.6204071044922,52.84793472290039
train/PNEUMONIA/person1549_bacteria_4050.jpeg,train,1,PNEUMONIA,1416,960,147.26551818847656,41.72065734863281
train/PNEUMONIA/person154_virus_305.jpeg,train,1,PNEUMONIA,1336,728,143.9508056640625,49.184593200683594
train/PNEUMONIA/person154_virus_306.jpeg,train,1,PNEUMONIA,1448,1176,159.79141235351562,43.52932357788086
train/PNEUMONIA/person1550_bacteria_4051.jpeg,train,1,PNEUMONIA,1600,984,148.24972534179688,48.1994514465332
train/PNEUMONIA/person1550_virus_2691.jpeg,train,1,PNEUMONIA,1000,640,145.0337677001953,53.04275131225586
train/PNEUMONIA/person1551_bacteria_4053.jpeg,train,1,PNEUMONIA,1376,952,150.490966796875,39.685943603515625
train/PNEUMONIA/person1551_bacteria_4054.jpeg,train,1,PNEUMONIA,1424,1016,153.1945343017578,40.50345230102539
train/PNEUMONIA/person1551_virus_2692.jpeg,train,1,PNEUMONIA,1120,816,148.8798065185547,48.2487678527832
train/PNEUMONIA/person1552_bacteria_4055.jpeg,train,1,PNEUMONIA,1136,864,147.4420928955078,43.587188720703125
train/PNEUMONIA/person1554_bacteria_4057.jpeg,train,1,PNEUMONIA,1248,824,143.67222595214844,40.10624313354492
train/PNEUMONIA/person1554_virus_2696.jpeg,train,1,PNEUMONIA,1344,784,144.10897827148438,41.64792251586914
train/PNEUMONIA/person1555_bacteria_4058.jpeg,train,1,PNEUMONIA,1112,568,114.93292999267578,33.82469177246094
train/PNEUMONIA/person1555_bacteria_4059.jpeg,train,1,PNEUMONIA,1144,736,134.94699096679688,39.2606201171875
train/PNEUMONIA/person1555_bacteria_4060.jpeg,train,1,PNEUMONIA,1000,624,146.100341796875,40.0809211730957
train/PNEUMONIA/person1556_bacteria_4061.jpeg,train,1,PNEUMONIA,1416,1216,145.4127655029297,38.210052490234375
train/PNEUMONIA/person1556_bacteria_4062.jpeg,train,1,PNEUMONIA,1688,1136,118.42042541503906,45.838401794433594
train/PNEUMONIA/person1556_virus_2699.jpeg,train,1,PNEUMONIA,1128,736,149.9261016845703,43.09992599487305
train/PNEUMONIA/person1557_bacteria_4063.jpeg,train,1,PNEUMONIA,1696,1736,197.96499633789062,39.13642120361328
train/PNEUMONIA/person1557_bacteria_4065.jpeg,train,1,PNEUMONIA,1592,1728,156.8126678466797,36.67521286010742
train/PNEUMONIA/person155_virus_307.jpeg,train,1,PNEUMONIA,1536,1064,163.57772827148438,44.02131652832031
train/PNEUMONIA/person1561_bacteria_4077.jpeg,train,1,PNEUMONIA,1536,856,134.48223876953125,44.21937561035156
train/PNEUMONIA/person1562_bacteria_4078.jpeg,train,1,PNEUMONIA,1448,1008,151.89791870117188,38.45906448364258
train/PNEUMONIA/person1562_bacteria_4087.jpeg,train,1,PNEUMONIA,1624,1312,146.42872619628906,45.25973129272461
train/PNEUMONIA/person1562_bacteria_4089.jpeg,train,1,PNEUMONIA,1568,1256,114.37677001953125,41.408145904541016
train/PNEUMONIA/person1563_bacteria_4092.jpeg,train,1,PNEUMONIA,1272,872,154.22683715820312,43.871192932128906
train/PNEUMONIA/person1564_bacteria_4094.jpeg,train,1,PNEUMONIA,1168,560,137.9755096435547,45.98670959472656
train/PNEUMONIA/person1564_virus_2719.jpeg,train,1,PNEUMONIA,1064,560,134.75035095214844,39.12278747558594
train/PNEUMONIA/person1565_bacteria_4095.jpeg,train,1,PNEUMONIA,1960,1600,173.84225463867188,47.33354187011719
train/PNEUMONIA/person1567_bacteria_4100.jpeg,train,1,PNEUMONIA,1176,800,153.06222534179688,40.95725631713867
train/PNEUMONIA/person1567_virus_2722.jpeg,train,1,PNEUMONIA,1528,1376,166.1245574951172,42.71929168701172
train/PNEUMONIA/person1568_virus_2723.jpeg,train,1,PNEUMONIA,1400,1104,156.90196228027344,38.39306640625
train/PNEUMONIA/person156_virus_308.jpeg,train,1,PNEUMONIA,1264,800,153.2506561279297,45.21506118774414
train/PNEUMONIA/person1571_bacteria_4108.jpeg,train,1,PNEUMONIA,1352,928,150.4390869140625,52.333282470703125
train/PNEUMONIA/person1571_bacteria_4110.jpeg,train,1,PNEUMONIA,1296,848,141.74398803710938,52.72991943359375
train/PNEUMONIA/person1571_virus_2728.jpeg,train,1,PNEUMONIA,1304,712,141.83428955078125,41.108516693115234
train/PNEUMONIA/person1574_bacteria_4118.jpeg,train,1,PNEUMONIA,1096,600,135.838623046875,45.860252380371094
train/PNEUMONIA/person1575_bacteria_4119.jpeg,train,1,PNEUMONIA,1360,888,121.75599670410156,51.7232551574707
train/PNEUMONIA/person1576_bacteria_4120.jpeg,train,1,PNEUMONIA,1264,984,120.9332504272461,37.86281204223633
train/PNEUMONIA/person1576_bacteria_4121.jpeg,train,1,PNEUMONIA,1280,1016,129.10362243652344,39.75392150878906
train/PNEUMONIA/person1576_bacteria_4122.jpeg,train,1,PNEUMONIA,1440,992,178.25735473632812,37.85883331298828
train/PNEUMONIA/person1576_bacteria_4124.jpeg,train,1,PNEUMONIA,1528,1080,92.38736724853516,37.589447021484375
train/PNEUMONIA/person1576_bacteria_4126.jpeg,train,1,PNEUMONIA,1416,1056,133.41546630859375,35.27076721191406
train/PNEUMONIA/person1576_bacteria_4128.jpeg,train,1,PNEUMONIA,1536,1176,113.75477600097656,42.488868713378906
train/PNEUMONIA/person1576_virus_2734.jpeg,train,1,PNEUMONIA,968,440,124.70598602294922,47.18849182128906
train/PNEUMONIA/person1577_virus_2735.jpeg,train,1,PNEUMONIA,1392,712,154.5980987548828,46.94247055053711
train/PNEUMONIA/person157_virus_311.jpeg,train,1,PNEUMONIA,1768,1216,167.18341064453125,47.53815460205078
train/PNEUMONIA/person1580_virus_2739.jpeg,train,1,PNEUMONIA,1616,1024,192.44049072265625,40.77391815185547
train/PNEUMONIA/person1581_bacteria_4135.jpeg,train,1,PNEUMONIA,1024,592,136.22755432128906,37.99506759643555
train/PNEUMONIA/person1581_virus_2741.jpeg,train,1,PNEUMONIA,1144,656,136.2112274169922,41.4182243347168
train/PNEUMONIA/person1582_bacteria_4136.jpeg,train,1,PNEUMONIA,1304,1024,141.3928680419922,56.224578857421875
train/PNEUMONIA/person1582_bacteria_4140.jpeg,train,1,PNEUMONIA,1144,736,111.56710815429688,36.18175506591797
train/PNEUMONIA/person1582_bacteria_4142.jpeg,train,1,PNEUMONIA,1240,696,130.18167114257812,41.02368927001953
train/PNEUMONIA/person1583_bacteria_4144.jpeg,train,1,PNEUMONIA,1496,1024,179.5489044189453,37.27456283569336
train/PNEUMONIA/person1584_bacteria_4146.jpeg,train,1,PNEUMONIA,1120,640,113.83707427978516,43.145240783691406
train/PNEUMONIA/person1585_bacteria_4149.jpeg,train,1,PNEUMONIA,1192,696,84.2735595703125,29.423246383666992
train/PNEUMONIA/person1585_bacteria_4151.jpeg,train,1,PNEUMONIA,1336,808,123.39657592773438,39.70924758911133
train/PNEUMONIA/person1589_bacteria_4171.jpeg,train,1,PNEUMONIA,1136,712,140.19996643066406,50.29011917114258
train/PNEUMONIA/person1589_bacteria_4172.jpeg,train,1,PNEUMONIA,1032,840,106.97418212890625,37.31220245361328
train/PNEUMONIA/person1589_virus_2763.jpeg,train,1,PNEUMONIA,1168,800,183.91983032226562,46.390167236328125
train/PNEUMONIA/person158_virus_312.jpeg,train,1,PNEUMONIA,1552,1176,141.63922119140625,43.76415252685547
train/PNEUMONIA/person1590_bacteria_4174.jpeg,train,1,PNEUMONIA,1960,1992,169.18370056152344,28.209505081176758
train/PNEUMONIA/person1590_bacteria_4175.jpeg,train,1,PNEUMONIA,2000,1896,169.37257385253906,33.787620544433594
train/PNEUMONIA/person1590_bacteria_4176.jpeg,train,1,PNEUMONIA,1984,1840,188.74832153320312,31.723772048950195
train/PNEUMONIA/person1591_bacteria_4177.jpeg,train,1,PNEUMONIA,1160,664,144.2240753173828,45.1403923034668
train/PNEUMONIA/person1591_virus_2765.jpeg,train,1,PNEUMONIA,1720,1240,121.00947570800781,41.6425895690918
train/PNEUMONIA/person1592_bacteria_4178.jpeg,train,1,PNEUMONIA,952,736,141.3609161376953,45.68824768066406
train/PNEUMONIA/person1592_virus_2766.jpeg,train,1,PNEUMONIA,1056,760,169.03880310058594,40.197059631347656
train/PNEUMONIA/person1593_virus_2767.jpeg,train,1,PNEUMONIA,1176,760,154.17710876464844,47.42870330810547
train/PNEUMONIA/person1594_bacteria_4182.jpeg,train,1,PNEUMONIA,1240,848,156.56080627441406,41.64641189575195
train/PNEUMONIA/person1594_virus_2768.jpeg,train,1,PNEUMONIA,1272,776,146.27908325195312,51.96333312988281
train/PNEUMONIA/person1595_bacteria_4183.jpeg,train,1,PNEUMONIA,1416,800,125.87286376953125,49.724029541015625
train/PNEUMONIA/person1595_virus_2771.jpeg,train,1,PNEUMONIA,1336,832,172.4731903076172,48.985652923583984
train/PNEUMONIA/person1596_bacteria_4184.jpeg,train,1,PNEUMONIA,1696,1224,167.12635803222656,42.5648193359375
train/PNEUMONIA/person1597_bacteria_4188.jpeg,train,1,PNEUMONIA,1856,1536,169.22702026367188,39.14080047607422
train/PNEUMONIA/person1597_bacteria_4190.jpeg,train,1,PNEUMONIA,1664,1456,170.27978515625,34.58810806274414
train/PNEUMONIA/person1597_bacteria_4191.jpeg,train,1,PNEUMONIA,1544,1336,170.17881774902344,27.808862686157227
train/PNEUMONIA/person1597_bacteria_4194.jpeg,train,1,PNEUMONIA,1768,1560,165.78636169433594,33.89917755126953
train/PNEUMONIA/person1598_bacteria_4195.jpeg,train,1,PNEUMONIA,1288,824,136.02438354492188,43.532047271728516
train/PNEUMONIA/person1598_bacteria_4198.jpeg,train,1,PNEUMONIA,1208,808,164.32460021972656,35.686580657958984
train/PNEUMONIA/person1599_virus_2775.jpeg,train,1,PNEUMONIA,1136,888,134.6750030517578,44.797847747802734
train/PNEUMONIA/person1599_virus_2776.jpeg,train,1,PNEUMONIA,1112,832,147.4606170654297,45.615142822265625
train/PNEUMONIA/person15_bacteria_52.jpeg,train,1,PNEUMONIA,1280,751,105.77571868896484,41.90800094604492
train/PNEUMONIA/person1600_bacteria_4202.jpeg,train,1,PNEUMONIA,1848,1488,138.51565551757812,41.87671661376953
train/PNEUMONIA/person1600_virus_2777.jpeg,train,1,PNEUMONIA,1296,832,152.1442108154297,46.93819808959961
train/PNEUMONIA/person1601_bacteria_4209.jpeg,train,1,PNEUMONIA,1256,840,108.42050170898438,35.29376983642578
train/PNEUMONIA/person1601_bacteria_4212.jpeg,train,1,PNEUMONIA,1400,880,124.64866638183594,43.828399658203125
train/PNEUMONIA/person1602_bacteria_4218.jpeg,train,1,PNEUMONIA,1568,992,135.144287109375,44.49420928955078
train/PNEUMONIA/person1602_virus_2780.jpeg,train,1,PNEUMONIA,1216,880,170.19891357421875,36.42918014526367
train/PNEUMONIA/person1603_virus_2781.jpeg,train,1,PNEUMONIA,1616,1232,163.5831756591797,54.643890380859375
train/PNEUMONIA/person1604_virus_2782.jpeg,train,1,PNEUMONIA,1016,656,148.41424560546875,42.803340911865234
train/PNEUMONIA/person1605_bacteria_4226.jpeg,train,1,PNEUMONIA,1136,888,151.7931671142578,43.22969436645508
train/PNEUMONIA/person1607_bacteria_4232.jpeg,train,1,PNEUMONIA,1064,624,97.8882827758789,35.39371109008789
train/PNEUMONIA/person1607_virus_2785.jpeg,train,1,PNEUMONIA,1056,568,102.15370178222656,47.881919860839844
train/PNEUMONIA/person1609_bacteria_4236.jpeg,train,1,PNEUMONIA,1312,824,138.13232421875,42.41605758666992
train/PNEUMONIA/person1609_bacteria_4237.jpeg,train,1,PNEUMONIA,1560,1160,113.98109436035156,45.76607131958008
train/PNEUMONIA/person1609_bacteria_4239.jpeg,train,1,PNEUMONIA,1480,1008,139.23365783691406,47.194454193115234
train/PNEUMONIA/person1609_virus_2790.jpeg,train,1,PNEUMONIA,1416,824,157.83233642578125,54.54278564453125
train/PNEUMONIA/person1609_virus_2791.jpeg,train,1,PNEUMONIA,1408,976,149.70787048339844,50.91496276855469
train/PNEUMONIA/person160_virus_316.jpeg,train,1,PNEUMONIA,1536,1120,157.8425750732422,46.49534606933594
train/PNEUMONIA/person1610_bacteria_4240.jpeg,train,1,PNEUMONIA,1112,736,128.6993408203125,45.99098587036133
train/PNEUMONIA/person1611_bacteria_4241.jpeg,train,1,PNEUMONIA,1144,632,137.14181518554688,36.92294692993164
train/PNEUMONIA/person1613_bacteria_4247.jpeg,train,1,PNEUMONIA,1376,800,164.74172973632812,45.334739685058594
train/PNEUMONIA/person1614_bacteria_4248.jpeg,train,1,PNEUMONIA,1392,824,154.31381225585938,46.44759750366211
train/PNEUMONIA/person1615_bacteria_4249.jpeg,train,1,PNEUMONIA,1224,1072,142.97084045410156,40.70395278930664
train/PNEUMONIA/person1617_bacteria_4255.jpeg,train,1,PNEUMONIA,944,440,136.03460693359375,42.57126998901367
train/PNEUMONIA/person1617_bacteria_4256.jpeg,train,1,PNEUMONIA,864,528,112.63105010986328,34.36616897583008
train/PNEUMONIA/person1619_bacteria_4261.jpeg,train,1,PNEUMONIA,1400,1040,134.48605346679688,40.867942810058594
train/PNEUMONIA/person1619_bacteria_4262.jpeg,train,1,PNEUMONIA,1424,904,114.16932678222656,35.312923431396484
train/PNEUMONIA/person1619_bacteria_4266.jpeg,train,1,PNEUMONIA,1352,968,118.42204284667969,41.11799240112305
train/PNEUMONIA/person1619_bacteria_4267.jpeg,train,1,PNEUMONIA,1512,1272,156.7537841796875,43.94789123535156
train/PNEUMONIA/person1619_bacteria_4269.jpeg,train,1,PNEUMONIA,1392,888,168.07420349121094,33.23740005493164
train/PNEUMONIA/person1619_bacteria_4270.jpeg,train,1,PNEUMONIA,1352,880,133.6280975341797,37.82365036010742
train/PNEUMONIA/person1619_bacteria_4271.jpeg,train,1,PNEUMONIA,1504,912,104.01506805419922,38.35292053222656
train/PNEUMONIA/person161_virus_317.jpeg,train,1,PNEUMONIA,1264,904,165.94874572753906,48.738826751708984
train/PNEUMONIA/person1620_bacteria_4272.jpeg,train,1,PNEUMONIA,1224,656,123.38827514648438,35.30144119262695
train/PNEUMONIA/person1625_bacteria_4290.jpeg,train,1,PNEUMONIA,1040,824,126.92684173583984,40.95734786987305
train/PNEUMONIA/person1626_bacteria_4291.jpeg,train,1,PNEUMONIA,896,648,141.8081512451172,48.71881103515625
train/PNEUMONIA/person1628_bacteria_4294.jpeg,train,1,PNEUMONIA,1328,1000,94.61390686035156,33.24201965332031
train/PNEUMONIA/person1628_bacteria_4296.jpeg,train,1,PNEUMONIA,1280,848,131.61073303222656,36.48271179199219
train/PNEUMONIA/person1628_bacteria_4297.jpeg,train,1,PNEUMONIA,1304,968,117.29350280761719,37.923160552978516
train/PNEUMONIA/person1629_bacteria_4299.jpeg,train,1,PNEUMONIA,1792,1216,151.93821716308594,35.71773147583008
train/PNEUMONIA/person162_virus_319.jpeg,train,1,PNEUMONIA,1576,1112,153.15951538085938,50.698570251464844
train/PNEUMONIA/person162_virus_321.jpeg,train,1,PNEUMONIA,1424,1224,150.79403686523438,41.33638000488281
train/PNEUMONIA/person162_virus_322.jpeg,train,1,PNEUMONIA,1424,1224,150.79403686523438,41.33638000488281
train/PNEUMONIA/person1630_bacteria_4303.jpeg,train,1,PNEUMONIA,1552,1096,148.6233673095703,35.352230072021484
train/PNEUMONIA/person1630_bacteria_4304.jpeg,train,1,PNEUMONIA,1792,1232,169.0665283203125,37.34143829345703
train/PNEUMONIA/person1634_bacteria_4326.jpeg,train,1,PNEUMONIA,1648,1096,131.5155487060547,33.557106018066406
train/PNEUMONIA/person1634_bacteria_4334.jpeg,train,1,PNEUMONIA,1824,976,155.60760498046875,47.67459487915039
train/PNEUMONIA/person1635_bacteria_4335.jpeg,train,1,PNEUMONIA,1224,848,137.14096069335938,43.24034881591797
train/PNEUMONIA/person1636_bacteria_4337.jpeg,train,1,PNEUMONIA,1608,1024,132.2069091796875,39.34285354614258
train/PNEUMONIA/person1636_bacteria_4338.jpeg,train,1,PNEUMONIA,1624,864,139.46115112304688,40.91218948364258
train/PNEUMONIA/person1637_bacteria_4339.jpeg,train,1,PNEUMONIA,1936,1536,173.79827880859375,47.92892837524414
train/PNEUMONIA/person1638_bacteria_4340.jpeg,train,1,PNEUMONIA,1976,1496,158.9237060546875,38.98735046386719
train/PNEUMONIA/person1638_bacteria_4341.jpeg,train,1,PNEUMONIA,1736,1328,158.9542999267578,37.64719009399414
train/PNEUMONIA/person1638_bacteria_4342.jpeg,train,1,PNEUMONIA,1656,1088,142.93939208984375,35.1365852355957
train/PNEUMONIA/person1639_bacteria_4343.jpeg,train,1,PNEUMONIA,832,583,164.49862670898438,27.35780906677246
train/PNEUMONIA/person1639_bacteria_4344.jpeg,train,1,PNEUMONIA,1248,688,137.2224884033203,37.8448371887207
train/PNEUMONIA/person1639_bacteria_4345.jpeg,train,1,PNEUMONIA,781,476,178.68417358398438,31.021018981933594
train/PNEUMONIA/person1640_bacteria_4348.jpeg,train,1,PNEUMONIA,855,507,118.84020233154297,37.23638153076172
train/PNEUMONIA/person1641_bacteria_4350.jpeg,train,1,PNEUMONIA,1072,648,146.21424865722656,34.125396728515625
train/PNEUMONIA/person1642_bacteria_4352.jpeg,train,1,PNEUMONIA,724,286,138.1249237060547,34.469295501708984
train/PNEUMONIA/person1642_bacteria_4353.jpeg,train,1,PNEUMONIA,698,413,137.13392639160156,37.94384765625
train/PNEUMONIA/person1644_bacteria_4356.jpeg,train,1,PNEUMONIA,741,421,144.88848876953125,30.940412521362305
train/PNEUMONIA/person1644_bacteria_4357.jpeg,train,1,PNEUMONIA,645,329,168.18946838378906,37.902496337890625
train/PNEUMONIA/person1644_bacteria_4358.jpeg,train,1,PNEUMONIA,1040,536,100.49165344238281,30.952133178710938
train/PNEUMONIA/person1644_bacteria_4360.jpeg,train,1,PNEUMONIA,718,401,156.39759826660156,30.491403579711914
train/PNEUMONIA/person1644_bacteria_4361.jpeg,train,1,PNEUMONIA,720,325,154.31239318847656,35.353782653808594
train/PNEUMONIA/person1644_bacteria_4362.jpeg,train,1,PNEUMONIA,1048,680,132.27188110351562,41.70293426513672
train/PNEUMONIA/person1645_bacteria_4363.jpeg,train,1,PNEUMONIA,1152,664,126.67817687988281,43.11686325073242
train/PNEUMONIA/person1647_bacteria_4372.jpeg,train,1,PNEUMONIA,936,776,151.07725524902344,32.236114501953125
train/PNEUMONIA/person1648_bacteria_4373.jpeg,train,1,PNEUMONIA,1056,720,160.98268127441406,52.04227828979492
train/PNEUMONIA/person1648_bacteria_4375.jpeg,train,1,PNEUMONIA,1144,656,116.25170135498047,39.047611236572266
train/PNEUMONIA/person1648_bacteria_4376.jpeg,train,1,PNEUMONIA,1144,824,139.6912841796875,43.5833625793457
train/PNEUMONIA/person1649_bacteria_4377.jpeg,train,1,PNEUMONIA,1040,728,94.78469848632812,42.42843246459961
train/PNEUMONIA/person1649_bacteria_4378.jpeg,train,1,PNEUMONIA,1032,888,102.57850646972656,39.91145324707031
train/PNEUMONIA/person1649_bacteria_4379.jpeg,train,1,PNEUMONIA,1152,832,144.10528564453125,49.211204528808594
train/PNEUMONIA/person1651_bacteria_4381.jpeg,train,1,PNEUMONIA,1176,816,139.571044921875,48.92565155029297
train/PNEUMONIA/person1657_bacteria_4398.jpeg,train,1,PNEUMONIA,1552,1120,94.59320831298828,36.53758239746094
train/PNEUMONIA/person1657_bacteria_4399.jpeg,train,1,PNEUMONIA,1456,1160,114.09416961669922,39.449501037597656
train/PNEUMONIA/person1657_bacteria_4400.jpeg,train,1,PNEUMONIA,1504,1200,193.29515075683594,43.796958923339844
train/PNEUMONIA/person1658_bacteria_4402.jpeg,train,1,PNEUMONIA,1680,1168,134.54603576660156,39.879432678222656
train/PNEUMONIA/person1660_bacteria_4404.jpeg,train,1,PNEUMONIA,1032,552,152.0380096435547,47.02083969116211
train/PNEUMONIA/person1661_bacteria_4406.jpeg,train,1,PNEUMONIA,607,347,139.53599548339844,33.552154541015625
train/PNEUMONIA/person1663_bacteria_4411.jpeg,train,1,PNEUMONIA,1416,864,141.81871032714844,39.01657485961914
train/PNEUMONIA/person1663_bacteria_4412.jpeg,train,1,PNEUMONIA,1272,952,139.5731658935547,41.40435028076172
train/PNEUMONIA/person1665_bacteria_4415.jpeg,train,1,PNEUMONIA,1160,784,138.2390899658203,43.86490249633789
train/PNEUMONIA/person1666_bacteria_4416.jpeg,train,1,PNEUMONIA,1824,1040,133.4182586669922,44.940860748291016
train/PNEUMONIA/person1667_bacteria_4417.jpeg,train,1,PNEUMONIA,1024,648,144.96231079101562,31.086702346801758
train/PNEUMONIA/person1667_bacteria_4418.jpeg,train,1,PNEUMONIA,1144,752,83.04129028320312,28.53400230407715
train/PNEUMONIA/person1668_bacteria_4420.jpeg,train,1,PNEUMONIA,571,310,156.76321411132812,31.353801727294922
train/PNEUMONIA/person1668_bacteria_4421.jpeg,train,1,PNEUMONIA,469,270,175.15208435058594,19.469789505004883
train/PNEUMONIA/person1669_bacteria_4422.jpeg,train,1,PNEUMONIA,482,163,130.41639709472656,33.979278564453125
train/PNEUMONIA/person1669_bacteria_4423.jpeg,train,1,PNEUMONIA,920,696,175.0150146484375,29.591474533081055
train/PNEUMONIA/person1669_bacteria_4424.jpeg,train,1,PNEUMONIA,1032,680,114.26220703125,36.49458694458008
train/PNEUMONIA/person1670_bacteria_4425.jpeg,train,1,PNEUMONIA,1328,928,166.03050231933594,44.19451904296875
train/PNEUMONIA/person1670_bacteria_4426.jpeg,train,1,PNEUMONIA,444,262,162.57113647460938,34.15907287597656
train/PNEUMONIA/person1670_bacteria_4427.jpeg,train,1,PNEUMONIA,1488,1088,146.46299743652344,45.76021194458008
train/PNEUMONIA/person1670_bacteria_4429.jpeg,train,1,PNEUMONIA,1288,976,162.6053466796875,36.46656036376953
train/PNEUMONIA/person1670_bacteria_4430.jpeg,train,1,PNEUMONIA,1464,1104,100.10128021240234,39.57795715332031
train/PNEUMONIA/person1670_bacteria_4431.jpeg,train,1,PNEUMONIA,1568,832,130.43580627441406,44.11555862426758
train/PNEUMONIA/person1671_bacteria_4432.jpeg,train,1,PNEUMONIA,1528,1024,157.97860717773438,44.17940902709961
train/PNEUMONIA/person1674_bacteria_4437.jpeg,train,1,PNEUMONIA,1160,936,90.08241271972656,39.405487060546875
train/PNEUMONIA/person1676_bacteria_4441.jpeg,train,1,PNEUMONIA,407,178,168.3686065673828,24.818180084228516
train/PNEUMONIA/person1677_bacteria_4444.jpeg,train,1,PNEUMONIA,500,198,162.48707580566406,39.02434539794922
train/PNEUMONIA/person1678_bacteria_4446.jpeg,train,1,PNEUMONIA,1144,928,157.86572265625,43.73575210571289
train/PNEUMONIA/person1679_bacteria_4448.jpeg,train,1,PNEUMONIA,480,167,158.67919921875,37.78355026245117
train/PNEUMONIA/person1679_bacteria_4449.jpeg,train,1,PNEUMONIA,438,168,146.21206665039062,29.259366989135742
train/PNEUMONIA/person1679_bacteria_4450.jpeg,train,1,PNEUMONIA,549,229,155.6354522705078,36.96577453613281
train/PNEUMONIA/person1679_bacteria_4452.jpeg,train,1,PNEUMONIA,1080,672,171.66458129882812,33.049232482910156
train/PNEUMONIA/person1679_bacteria_4453.jpeg,train,1,PNEUMONIA,1160,632,79.67981719970703,24.495403289794922
train/PNEUMONIA/person1680_bacteria_4455.jpeg,train,1,PNEUMONIA,984,544,126.97968292236328,42.12942886352539
train/PNEUMONIA/person1682_bacteria_4459.jpeg,train,1,PNEUMONIA,1120,744,122.06645202636719,44.889244079589844
train/PNEUMONIA/person1683_bacteria_4460.jpeg,train,1,PNEUMONIA,2072,1440,155.3118896484375,45.144561767578125
train/PNEUMONIA/person1684_bacteria_4461.jpeg,train,1,PNEUMONIA,499,188,164.86325073242188,25.714040756225586
train/PNEUMONIA/person1684_bacteria_4462.jpeg,train,1,PNEUMONIA,494,151,136.98558044433594,36.534969329833984
train/PNEUMONIA/person1684_bacteria_4463.jpeg,train,1,PNEUMONIA,984,568,139.25794982910156,36.981788635253906
train/PNEUMONIA/person1685_bacteria_4465.jpeg,train,1,PNEUMONIA,1248,744,179.9083709716797,35.08973693847656
train/PNEUMONIA/person1686_bacteria_4466.jpeg,train,1,PNEUMONIA,503,260,137.27621459960938,37.457557678222656
train/PNEUMONIA/person1687_bacteria_4468.jpeg,train,1,PNEUMONIA,1096,784,129.75807189941406,47.1712760925293
train/PNEUMONIA/person1689_bacteria_4473.jpeg,train,1,PNEUMONIA,567,258,146.08311462402344,29.117185592651367
train/PNEUMONIA/person1689_bacteria_4474.jpeg,train,1,PNEUMONIA,437,144,146.1185760498047,32.8732795715332
train/PNEUMONIA/person1690_bacteria_4475.jpeg,train,1,PNEUMONIA,1664,1472,184.52914428710938,29.700359344482422
train/PNEUMONIA/person1691_bacteria_4481.jpeg,train,1,PNEUMONIA,1320,1016,149.81478881835938,42.85485076904297
train/PNEUMONIA/person1693_bacteria_4485.jpeg,train,1,PNEUMONIA,399,164,152.83010864257812,29.342798233032227
train/PNEUMONIA/person1695_bacteria_4492.jpeg,train,1,PNEUMONIA,824,640,134.87583923339844,26.798837661743164
train/PNEUMONIA/person1696_bacteria_4495.jpeg,train,1,PNEUMONIA,1072,648,166.15859985351562,30.841659545898438
train/PNEUMONIA/person1697_bacteria_4496.jpeg,train,1,PNEUMONIA,1320,688,138.421142578125,49.044918060302734
train/PNEUMONIA/person1698_bacteria_4497.jpeg,train,1,PNEUMONIA,1152,696,132.48263549804688,37.67353820800781
train/PNEUMONIA/person1699_bacteria_4498.jpeg,train,1,PNEUMONIA,1384,808,130.28260803222656,42.17999267578125
train/PNEUMONIA/person16_bacteria_53.jpeg,train,1,PNEUMONIA,1470,1033,131.38075256347656,45.25389862060547
train/PNEUMONIA/person16_bacteria_54.jpeg,train,1,PNEUMONIA,1460,924,141.90330505371094,38.306339263916016
train/PNEUMONIA/person1700_bacteria_4500.jpeg,train,1,PNEUMONIA,1168,864,111.95899963378906,40.138938903808594
train/PNEUMONIA/person1700_bacteria_4502.jpeg,train,1,PNEUMONIA,550,276,160.3717803955078,33.740211486816406
train/PNEUMONIA/person1701_bacteria_4504.jpeg,train,1,PNEUMONIA,1408,864,157.67091369628906,49.892452239990234
train/PNEUMONIA/person1702_bacteria_4508.jpeg,train,1,PNEUMONIA,1048,816,164.82321166992188,43.69563293457031
train/PNEUMONIA/person1702_bacteria_4509.jpeg,train,1,PNEUMONIA,1064,648,136.7595977783203,33.217044830322266
train/PNEUMONIA/person1702_bacteria_4510.jpeg,train,1,PNEUMONIA,968,656,139.37210083007812,30.49249839782715
train/PNEUMONIA/person1702_bacteria_4511.jpeg,train,1,PNEUMONIA,1064,776,118.87757873535156,35.05774688720703
train/PNEUMONIA/person1705_bacteria_4515.jpeg,train,1,PNEUMONIA,446,232,164.33187866210938,36.70178985595703
train/PNEUMONIA/person1706_bacteria_4516.jpeg,train,1,PNEUMONIA,461,175,167.03785705566406,33.18684387207031
train/PNEUMONIA/person1707_bacteria_4520.jpeg,train,1,PNEUMONIA,514,269,113.637939453125,34.95072937011719
train/PNEUMONIA/person1708_bacteria_4521.jpeg,train,1,PNEUMONIA,1616,1328,156.89544677734375,48.14873504638672
train/PNEUMONIA/person1709_bacteria_4522.jpeg,train,1,PNEUMONIA,1288,848,131.15036010742188,34.622962951660156
train/PNEUMONIA/person1709_bacteria_4524.jpeg,train,1,PNEUMONIA,1168,1016,153.11952209472656,34.50389862060547
train/PNEUMONIA/person1710_bacteria_4525.jpeg,train,1,PNEUMONIA,968,584,122.94158172607422,33.152099609375
train/PNEUMONIA/person1711_bacteria_4527.jpeg,train,1,PNEUMONIA,1168,784,103.3637924194336,37.84280776977539
train/PNEUMONIA/person1712_bacteria_4529.jpeg,train,1,PNEUMONIA,1328,1064,94.6194839477539,33.9501953125
train/PNEUMONIA/person1713_bacteria_4530.jpeg,train,1,PNEUMONIA,1104,744,192.044921875,26.5935001373291
train/PNEUMONIA/person1715_bacteria_4532.jpeg,train,1,PNEUMONIA,1216,984,168.4110565185547,45.70774459838867
train/PNEUMONIA/person1716_bacteria_4533.jpeg,train,1,PNEUMONIA,564,194,139.6571502685547,43.542476654052734
train/PNEUMONIA/person1717_bacteria_4534.jpeg,train,1,PNEUMONIA,1184,816,177.51882934570312,31.633974075317383
train/PNEUMONIA/person1717_bacteria_4536.jpeg,train,1,PNEUMONIA,1352,680,132.62359619140625,41.38267135620117
train/PNEUMONIA/person1718_bacteria_4538.jpeg,train,1,PNEUMONIA,1664,1248,146.0766143798828,33.85563278198242
train/PNEUMONIA/person1718_bacteria_4540.jpeg,train,1,PNEUMONIA,1800,1256,174.14476013183594,32.92453384399414
train/PNEUMONIA/person1719_bacteria_4541.jpeg,train,1,PNEUMONIA,557,177,150.989501953125,40.50343704223633
train/PNEUMONIA/person1719_bacteria_4542.jpeg,train,1,PNEUMONIA,481,234,134.6275177001953,27.6357364654541
train/PNEUMONIA/person1719_bacteria_4544.jpeg,train,1,PNEUMONIA,462,200,176.97811889648438,19.09186553955078
train/PNEUMONIA/person1720_bacteria_4545.jpeg,train,1,PNEUMONIA,1152,648,130.0642852783203,47.13499069213867
train/PNEUMONIA/person1721_bacteria_4546.jpeg,train,1,PNEUMONIA,1160,816,135.0303497314453,31.458982467651367
train/PNEUMONIA/person1722_bacteria_4547.jpeg,train,1,PNEUMONIA,415,354,171.3892822265625,34.08076477050781
train/PNEUMONIA/person1723_bacteria_4548.jpeg,train,1,PNEUMONIA,457,295,160.35360717773438,23.44802474975586
train/PNEUMONIA/person1724_bacteria_4549.jpeg,train,1,PNEUMONIA,1160,736,96.46270751953125,33.43833923339844
train/PNEUMONIA/person1725_bacteria_4550.jpeg,train,1,PNEUMONIA,514,275,185.35757446289062,32.23846435546875
train/PNEUMONIA/person1725_bacteria_4551.jpeg,train,1,PNEUMONIA,450,250,123.54047393798828,31.6356143951416
train/PNEUMONIA/person1728_bacteria_4555.jpeg,train,1,PNEUMONIA,486,186,149.81832885742188,40.36705780029297
train/PNEUMONIA/person1728_bacteria_4556.jpeg,train,1,PNEUMONIA,455,178,163.3703155517578,30.875045776367188
train/PNEUMONIA/person1729_bacteria_4557.jpeg,train,1,PNEUMONIA,1168,728,149.5814971923828,38.47111892700195
train/PNEUMONIA/person1730_bacteria_4558.jpeg,train,1,PNEUMONIA,872,560,99.9957504272461,41.20283508300781
train/PNEUMONIA/person1730_bacteria_4559.jpeg,train,1,PNEUMONIA,808,552,109.15312194824219,40.08713912963867
train/PNEUMONIA/person1731_bacteria_4563.jpeg,train,1,PNEUMONIA,1184,704,124.33087158203125,35.49237060546875
train/PNEUMONIA/person1732_bacteria_4564.jpeg,train,1,PNEUMONIA,492,156,156.77586364746094,34.88985061645508
train/PNEUMONIA/person1733_bacteria_4566.jpeg,train,1,PNEUMONIA,912,456,150.95278930664062,42.027828216552734
train/PNEUMONIA/person1735_bacteria_4570.jpeg,train,1,PNEUMONIA,1656,1048,159.08221435546875,49.30889129638672
train/PNEUMONIA/person1737_bacteria_4573.jpeg,train,1,PNEUMONIA,2072,1768,154.42813110351562,39.585079193115234
train/PNEUMONIA/person1739_bacteria_4576.jpeg,train,1,PNEUMONIA,1016,672,138.43316650390625,30.06543731689453
train/PNEUMONIA/person1740_bacteria_4579.jpeg,train,1,PNEUMONIA,1720,1328,187.87548828125,20.008548736572266
train/PNEUMONIA/person1744_bacteria_4583.jpeg,train,1,PNEUMONIA,1416,1208,125.45240783691406,42.02506637573242
train/PNEUMONIA/person1746_bacteria_4585.jpeg,train,1,PNEUMONIA,2072,1440,168.2093963623047,34.133358001708984
train/PNEUMONIA/person1748_bacteria_4588.jpeg,train,1,PNEUMONIA,1904,1744,174.19979858398438,51.02741241455078
train/PNEUMONIA/person1749_bacteria_4590.jpeg,train,1,PNEUMONIA,493,289,191.26522827148438,25.567729949951172
train/PNEUMONIA/person1751_bacteria_4592.jpeg,train,1,PNEUMONIA,462,241,160.06861877441406,32.383060455322266
train/PNEUMONIA/person1753_bacteria_4594.jpeg,train,1,PNEUMONIA,1480,680,169.00961303710938,35.472633361816406
train/PNEUMONIA/person1756_bacteria_4598.jpeg,train,1,PNEUMONIA,1424,1128,132.551513671875,40.673648834228516
train/PNEUMONIA/person1757_bacteria_4599.jpeg,train,1,PNEUMONIA,920,664,120.7228012084961,27.448776245117188
train/PNEUMONIA/person1760_bacteria_4602.jpeg,train,1,PNEUMONIA,952,632,136.22927856445312,41.18310546875
train/PNEUMONIA/person1761_bacteria_4603.jpeg,train,1,PNEUMONIA,467,217,154.29037475585938,38.45825958251953
train/PNEUMONIA/person1763_bacteria_4606.jpeg,train,1,PNEUMONIA,483,178,128.72950744628906,35.409629821777344
train/PNEUMONIA/person1764_bacteria_4607.jpeg,train,1,PNEUMONIA,1120,632,95.14459228515625,46.53712463378906
train/PNEUMONIA/person1765_bacteria_4608.jpeg,train,1,PNEUMONIA,1256,856,193.21435546875,33.85523986816406
train/PNEUMONIA/person1770_bacteria_4613.jpeg,train,1,PNEUMONIA,984,608,170.27462768554688,39.17408752441406
train/PNEUMONIA/person1770_bacteria_4614.jpeg,train,1,PNEUMONIA,485,229,138.4647216796875,39.27422332763672
train/PNEUMONIA/person1771_bacteria_4615.jpeg,train,1,PNEUMONIA,1760,1352,157.81455993652344,38.85001754760742
train/PNEUMONIA/person1777_bacteria_4622.jpeg,train,1,PNEUMONIA,952,584,88.75944519042969,32.75230026245117
train/PNEUMONIA/person1779_bacteria_4626.jpeg,train,1,PNEUMONIA,984,544,158.8647003173828,39.37887954711914
train/PNEUMONIA/person1784_bacteria_4631.jpeg,train,1,PNEUMONIA,888,632,106.18746948242188,36.86427688598633
train/PNEUMONIA/person1787_bacteria_4634.jpeg,train,1,PNEUMONIA,984,520,149.60513305664062,46.72703552246094
train/PNEUMONIA/person1796_bacteria_4644.jpeg,train,1,PNEUMONIA,1080,712,125.31209564208984,38.97941970825195
train/PNEUMONIA/person1799_bacteria_4647.jpeg,train,1,PNEUMONIA,1192,520,121.98226928710938,34.622314453125
train/PNEUMONIA/person17_bacteria_56.jpeg,train,1,PNEUMONIA,1256,932,134.8728790283203,43.892974853515625
train/PNEUMONIA/person1803_bacteria_4651.jpeg,train,1,PNEUMONIA,1056,672,185.10426330566406,35.91792678833008
train/PNEUMONIA/person1803_bacteria_4652.jpeg,train,1,PNEUMONIA,976,672,153.3843994140625,40.56556701660156
train/PNEUMONIA/person1810_bacteria_4664.jpeg,train,1,PNEUMONIA,944,672,161.5500946044922,24.92925453186035
train/PNEUMONIA/person1812_bacteria_4667.jpeg,train,1,PNEUMONIA,976,560,162.3533935546875,28.7947998046875
train/PNEUMONIA/person1814_bacteria_4669.jpeg,train,1,PNEUMONIA,912,576,158.03025817871094,35.95860290527344
train/PNEUMONIA/person1816_bacteria_4674.jpeg,train,1,PNEUMONIA,1240,728,101.36992645263672,35.88123321533203
train/PNEUMONIA/person1817_bacteria_4675.jpeg,train,1,PNEUMONIA,1184,792,146.16024780273438,44.720428466796875
train/PNEUMONIA/person1818_bacteria_4676.jpeg,train,1,PNEUMONIA,1320,768,101.1303482055664,30.71523094177246
train/PNEUMONIA/person1819_bacteria_4677.jpeg,train,1,PNEUMONIA,1576,848,149.47572326660156,45.57126235961914
train/PNEUMONIA/person1823_bacteria_4682.jpeg,train,1,PNEUMONIA,1080,784,154.16395568847656,33.327003479003906
train/PNEUMONIA/person1830_bacteria_4693.jpeg,train,1,PNEUMONIA,1584,1104,129.7744598388672,48.183292388916016
train/PNEUMONIA/person1835_bacteria_4699.jpeg,train,1,PNEUMONIA,1064,672,139.21786499023438,40.8531494140625
train/PNEUMONIA/person1838_bacteria_4703.jpeg,train,1,PNEUMONIA,1328,888,152.17758178710938,37.436485290527344
train/PNEUMONIA/person1839_bacteria_4705.jpeg,train,1,PNEUMONIA,1056,736,138.31390380859375,40.718467712402344
train/PNEUMONIA/person1841_bacteria_4708.jpeg,train,1,PNEUMONIA,1216,1040,163.19154357910156,40.004676818847656
train/PNEUMONIA/person1843_bacteria_4710.jpeg,train,1,PNEUMONIA,888,784,112.81837463378906,34.698673248291016
train/PNEUMONIA/person1847_bacteria_4716.jpeg,train,1,PNEUMONIA,1344,824,143.99221801757812,46.49614334106445
train/PNEUMONIA/person1848_bacteria_4719.jpeg,train,1,PNEUMONIA,1312,792,151.0683135986328,48.349971771240234
train/PNEUMONIA/person1851_bacteria_4722.jpeg,train,1,PNEUMONIA,1080,776,147.5568389892578,39.1347770690918
train/PNEUMONIA/person1852_bacteria_4724.jpeg,train,1,PNEUMONIA,1712,1224,123.1936264038086,36.67715072631836
train/PNEUMONIA/person1858_bacteria_4730.jpeg,train,1,PNEUMONIA,1416,800,137.00778198242188,51.81813049316406
train/PNEUMONIA/person1859_bacteria_4731.jpeg,train,1,PNEUMONIA,1520,952,147.3755340576172,42.77898406982422
train/PNEUMONIA/person1860_bacteria_4732.jpeg,train,1,PNEUMONIA,1112,640,192.6011962890625,31.432971954345703
train/PNEUMONIA/person1863_bacteria_4735.jpeg,train,1,PNEUMONIA,1072,720,144.94644165039062,38.86033630371094
train/PNEUMONIA/person1864_bacteria_4736.jpeg,train,1,PNEUMONIA,984,552,122.98175048828125,32.88864517211914
train/PNEUMONIA/person1865_bacteria_4737.jpeg,train,1,PNEUMONIA,1688,1488,191.21815490722656,53.73459243774414
train/PNEUMONIA/person1865_bacteria_4739.jpeg,train,1,PNEUMONIA,1824,1384,122.99932861328125,45.17451095581055
train/PNEUMONIA/person1866_bacteria_4740.jpeg,train,1,PNEUMONIA,1864,1648,139.38392639160156,34.14229965209961
train/PNEUMONIA/person1867_bacteria_4741.jpeg,train,1,PNEUMONIA,1592,1352,162.30335998535156,41.9241828918457
train/PNEUMONIA/person1868_bacteria_4743.jpeg,train,1,PNEUMONIA,912,456,125.91081237792969,44.47013854980469
train/PNEUMONIA/person1876_bacteria_4760.jpeg,train,1,PNEUMONIA,1216,720,129.96253967285156,47.453269958496094
train/PNEUMONIA/person1877_bacteria_4761.jpeg,train,1,PNEUMONIA,1544,1096,156.8155975341797,36.330326080322266
train/PNEUMONIA/person1879_bacteria_4764.jpeg,train,1,PNEUMONIA,1312,848,113.72077941894531,38.56386947631836
train/PNEUMONIA/person1880_bacteria_4765.jpeg,train,1,PNEUMONIA,1136,768,145.99205017089844,46.353904724121094
train/PNEUMONIA/person1883_bacteria_4769.jpeg,train,1,PNEUMONIA,1904,1560,153.03097534179688,35.98100662231445
train/PNEUMONIA/person1884_bacteria_4771.jpeg,train,1,PNEUMONIA,1040,648,164.6317596435547,34.48242950439453
train/PNEUMONIA/person1885_bacteria_4772.jpeg,train,1,PNEUMONIA,1152,832,154.70660400390625,48.53632354736328
train/PNEUMONIA/person1886_bacteria_4773.jpeg,train,1,PNEUMONIA,1368,944,115.01512908935547,35.61033248901367
train/PNEUMONIA/person1888_bacteria_4775.jpeg,train,1,PNEUMONIA,1568,1272,161.09498596191406,38.953887939453125
train/PNEUMONIA/person1893_bacteria_4781.jpeg,train,1,PNEUMONIA,1008,568,126.64219665527344,41.41233444213867
train/PNEUMONIA/person1897_bacteria_4789.jpeg,train,1,PNEUMONIA,1192,728,154.52395629882812,34.617576599121094
train/PNEUMONIA/person1901_bacteria_4795.jpeg,train,1,PNEUMONIA,896,568,165.8343505859375,34.80210494995117
train/PNEUMONIA/person1903_bacteria_4797.jpeg,train,1,PNEUMONIA,1640,936,129.20252990722656,47.30521011352539
train/PNEUMONIA/person1904_bacteria_4798.jpeg,train,1,PNEUMONIA,1024,560,142.941650390625,39.92318344116211
train/PNEUMONIA/person1905_bacteria_4801.jpeg,train,1,PNEUMONIA,1512,1192,113.96000671386719,39.85892868041992
train/PNEUMONIA/person1906_bacteria_4803.jpeg,train,1,PNEUMONIA,1256,680,160.12155151367188,43.28607177734375
train/PNEUMONIA/person1907_bacteria_4806.jpeg,train,1,PNEUMONIA,984,656,113.90670776367188,35.210548400878906
train/PNEUMONIA/person1908_bacteria_4811.jpeg,train,1,PNEUMONIA,1352,880,129.89035034179688,28.598554611206055
train/PNEUMONIA/person1910_bacteria_4814.jpeg,train,1,PNEUMONIA,952,520,140.3523406982422,44.557430267333984
train/PNEUMONIA/person1911_bacteria_4815.jpeg,train,1,PNEUMONIA,1272,664,143.78131103515625,44.37688064575195
train/PNEUMONIA/person1912_bacteria_4816.jpeg,train,1,PNEUMONIA,1520,920,116.16471862792969,34.94770050048828
train/PNEUMONIA/person1912_bacteria_4817.jpeg,train,1,PNEUMONIA,1720,992,101.59567260742188,34.553916931152344
train/PNEUMONIA/person1916_bacteria_4821.jpeg,train,1,PNEUMONIA,1480,872,147.68345642089844,33.106468200683594
train/PNEUMONIA/person1917_bacteria_4823.jpeg,train,1,PNEUMONIA,1360,856,200.53335571289062,36.46429443359375
train/PNEUMONIA/person1918_bacteria_4825.jpeg,train,1,PNEUMONIA,1384,1024,149.45968627929688,39.827205657958984
train/PNEUMONIA/person1922_bacteria_4830.jpeg,train,1,PNEUMONIA,1160,800,89.72869873046875,33.01975631713867
train/PNEUMONIA/person1923_bacteria_4831.jpeg,train,1,PNEUMONIA,1464,944,131.14979553222656,35.69003677368164
train/PNEUMONIA/person1924_bacteria_4833.jpeg,train,1,PNEUMONIA,1136,680,148.71633911132812,37.07365036010742
train/PNEUMONIA/person1927_bacteria_4836.jpeg,train,1,PNEUMONIA,1416,912,177.60281372070312,27.478105545043945
train/PNEUMONIA/person1927_bacteria_4837.jpeg,train,1,PNEUMONIA,1288,792,151.76486206054688,21.611000061035156
train/PNEUMONIA/person1929_bacteria_4839.jpeg,train,1,PNEUMONIA,976,672,122.93964385986328,38.25570297241211
train/PNEUMONIA/person1930_bacteria_4841.jpeg,train,1,PNEUMONIA,1072,720,120.87879180908203,33.95916748046875
train/PNEUMONIA/person1931_bacteria_4842.jpeg,train,1,PNEUMONIA,1544,848,116.43051147460938,45.603572845458984
train/PNEUMONIA/person1932_bacteria_4843.jpeg,train,1,PNEUMONIA,1368,888,115.23004150390625,50.476593017578125
train/PNEUMONIA/person1933_bacteria_4844.jpeg,train,1,PNEUMONIA,1728,1224,119.45357513427734,38.430171966552734
train/PNEUMONIA/person1934_bacteria_4846.jpeg,train,1,PNEUMONIA,1552,1200,118.45478057861328,42.22758102416992
train/PNEUMONIA/person1935_bacteria_4847.jpeg,train,1,PNEUMONIA,1464,1216,123.48934173583984,39.66810989379883
train/PNEUMONIA/person1935_bacteria_4848.jpeg,train,1,PNEUMONIA,1736,1136,126.6510238647461,43.255191802978516
train/PNEUMONIA/person1935_bacteria_4850.jpeg,train,1,PNEUMONIA,1648,1280,134.98138427734375,52.5582275390625
train/PNEUMONIA/person1936_bacteria_4852.jpeg,train,1,PNEUMONIA,1064,552,131.1285858154297,36.74029541015625
train/PNEUMONIA/person1937_bacteria_4853.jpeg,train,1,PNEUMONIA,1160,904,139.1810760498047,48.55196762084961
train/PNEUMONIA/person1938_bacteria_4854.jpeg,train,1,PNEUMONIA,1392,912,120.63057708740234,36.52143478393555
train/PNEUMONIA/person1940_bacteria_4859.jpeg,train,1,PNEUMONIA,1328,936,123.2143783569336,31.032583236694336
train/PNEUMONIA/person1940_bacteria_4861.jpeg,train,1,PNEUMONIA,1560,1056,141.42172241210938,41.295654296875
train/PNEUMONIA/person1940_bacteria_4862.jpeg,train,1,PNEUMONIA,1416,984,151.1863555908203,34.874813079833984
train/PNEUMONIA/person1941_bacteria_4863.jpeg,train,1,PNEUMONIA,1360,816,138.13385009765625,40.04775619506836
train/PNEUMONIA/person1942_bacteria_4865.jpeg,train,1,PNEUMONIA,1192,928,168.01170349121094,38.71977615356445
train/PNEUMONIA/person1943_bacteria_4868.jpeg,train,1,PNEUMONIA,1008,512,127.76263427734375,44.11241149902344
train/PNEUMONIA/person1944_bacteria_4869.jpeg,train,1,PNEUMONIA,1352,824,122.22846221923828,59.28244400024414
train/PNEUMONIA/person1945_bacteria_4872.jpeg,train,1,PNEUMONIA,1336,840,154.245361328125,46.129764556884766
train/PNEUMONIA/person19_bacteria_58.jpeg,train,1,PNEUMONIA,840,456,139.63140869140625,32.683128356933594
train/PNEUMONIA/person19_bacteria_59.jpeg,train,1,PNEUMONIA,1024,736,135.78695678710938,34.002567291259766
train/PNEUMONIA/person19_bacteria_60.jpeg,train,1,PNEUMONIA,856,632,163.38839721679688,31.714153289794922
train/PNEUMONIA/person19_bacteria_61.jpeg,train,1,PNEUMONIA,832,504,154.0991668701172,33.246726989746094
train/PNEUMONIA/person19_bacteria_62.jpeg,train,1,PNEUMONIA,952,560,181.6068115234375,32.25897216796875
train/PNEUMONIA/person1_bacteria_1.jpeg,train,1,PNEUMONIA,712,439,162.63218688964844,33.10419464111328
train/PNEUMONIA/person1_bacteria_2.jpeg,train,1,PNEUMONIA,1240,840,158.08175659179688,34.01511764526367
train/PNEUMONIA/person20_bacteria_64.jpeg,train,1,PNEUMONIA,824,656,164.9319610595703,34.71891784667969
train/PNEUMONIA/person20_bacteria_66.jpeg,train,1,PNEUMONIA,1048,736,151.777099609375,38.3460807800293
train/PNEUMONIA/person20_bacteria_67.jpeg,train,1,PNEUMONIA,1032,528,114.1353759765625,37.419986724853516
train/PNEUMONIA/person20_bacteria_70.jpeg,train,1,PNEUMONIA,880,464,121.07339477539062,34.29452896118164
train/PNEUMONIA/person21_bacteria_72.jpeg,train,1,PNEUMONIA,1848,1632,160.11148071289062,38.926116943359375
train/PNEUMONIA/person21_bacteria_73.jpeg,train,1,PNEUMONIA,1882,1608,142.81455993652344,40.17067337036133
train/PNEUMONIA/person22_bacteria_74.jpeg,train,1,PNEUMONIA,1232,968,121.08960723876953,33.24872970581055
train/PNEUMONIA/person22_bacteria_76.jpeg,train,1,PNEUMONIA,1128,1040,145.4189453125,37.89583206176758
train/PNEUMONIA/person22_bacteria_77.jpeg,train,1,PNEUMONIA,1168,1072,142.7574005126953,36.17743682861328
train/PNEUMONIA/person23_bacteria_100.jpeg,train,1,PNEUMONIA,984,648,131.0485382080078,30.57228660583496
train/PNEUMONIA/person23_bacteria_101.jpeg,train,1,PNEUMONIA,1120,880,159.85211181640625,39.387020111083984
train/PNEUMONIA/person23_bacteria_103.jpeg,train,1,PNEUMONIA,1152,784,168.98451232910156,40.45830154418945
train/PNEUMONIA/person23_bacteria_104.jpeg,train,1,PNEUMONIA,1256,728,146.15765380859375,37.87571334838867
train/PNEUMONIA/person23_bacteria_105.jpeg,train,1,PNEUMONIA,1136,792,155.74050903320312,40.16153335571289
train/PNEUMONIA/person23_bacteria_106.jpeg,train,1,PNEUMONIA,1000,656,145.1084747314453,29.833667755126953
train/PNEUMONIA/person23_bacteria_107.jpeg,train,1,PNEUMONIA,1224,720,115.03409576416016,33.40167236328125
train/PNEUMONIA/person23_bacteria_78.jpeg,train,1,PNEUMONIA,1120,640,131.467529296875,36.362518310546875
train/PNEUMONIA/person23_bacteria_79.jpeg,train,1,PNEUMONIA,1200,680,124.38198852539062,34.61391067504883
train/PNEUMONIA/person23_bacteria_80.jpeg,train,1,PNEUMONIA,1264,1072,140.8016815185547,40.32882308959961
train/PNEUMONIA/person23_bacteria_81.jpeg,train,1,PNEUMONIA,1056,656,165.56838989257812,30.610763549804688
train/PNEUMONIA/person23_bacteria_82.jpeg,train,1,PNEUMONIA,1272,896,133.368896484375,42.58993911743164
train/PNEUMONIA/person23_bacteria_83.jpeg,train,1,PNEUMONIA,1016,824,171.6993408203125,32.08308792114258
train/PNEUMONIA/person23_bacteria_84.jpeg,train,1,PNEUMONIA,1136,824,134.85714721679688,36.39764404296875
train/PNEUMONIA/person23_bacteria_85.jpeg,train,1,PNEUMONIA,1024,656,167.183349609375,30.846065521240234
train/PNEUMONIA/person23_bacteria_86.jpeg,train,1,PNEUMONIA,1144,856,113.23916625976562,34.8393440246582
train/PNEUMONIA/person23_bacteria_87.jpeg,train,1,PNEUMONIA,1272,736,148.2793731689453,36.10969924926758
train/PNEUMONIA/person23_bacteria_88.jpeg,train,1,PNEUMONIA,986,634,130.11648559570312,30.233293533325195
train/PNEUMONIA/person23_bacteria_89.jpeg,train,1,PNEUMONIA,944,632,177.25132751464844,30.9346923828125
train/PNEUMONIA/person23_bacteria_90.jpeg,train,1,PNEUMONIA,1160,736,147.2665252685547,41.03670120239258
train/PNEUMONIA/person23_bacteria_91.jpeg,train,1,PNEUMONIA,1008,640,161.10101318359375,31.308534622192383
train/PNEUMONIA/person23_bacteria_92.jpeg,train,1,PNEUMONIA,1080,712,159.79147338867188,41.06817626953125
train/PNEUMONIA/person23_bacteria_93.jpeg,train,1,PNEUMONIA,1064,632,133.38255310058594,40.32988357543945
train/PNEUMONIA/person23_bacteria_94.jpeg,train,1,PNEUMONIA,1208,728,140.76812744140625,40.427677154541016
train/PNEUMONIA/person23_bacteria_95.jpeg,train,1,PNEUMONIA,1104,704,139.68276977539062,36.82831573486328
train/PNEUMONIA/person23_bacteria_96.jpeg,train,1,PNEUMONIA,1072,848,162.43450927734375,35.07114791870117
train/PNEUMONIA/person23_bacteria_97.jpeg,train,1,PNEUMONIA,1064,760,152.87875366210938,33.86248779296875
train/PNEUMONIA/person23_bacteria_98.jpeg,train,1,PNEUMONIA,1152,736,149.79788208007812,41.05205154418945
train/PNEUMONIA/person23_bacteria_99.jpeg,train,1,PNEUMONIA,1152,816,129.1516876220703,38.72111892700195
train/PNEUMONIA/person24_bacteria_108.jpeg,train,1,PNEUMONIA,1184,792,163.3079071044922,34.67387008666992
train/PNEUMONIA/person24_bacteria_109.jpeg,train,1,PNEUMONIA,1304,872,149.7572479248047,37.82134246826172
train/PNEUMONIA/person24_bacteria_110.jpeg,train,1,PNEUMONIA,1056,680,133.60943603515625,31.280202865600586
train/PNEUMONIA/person24_bacteria_111.jpeg,train,1,PNEUMONIA,1048,856,150.58444213867188,32.156620025634766
train/PNEUMONIA/person24_bacteria_112.jpeg,train,1,PNEUMONIA,1510,1002,129.089111328125,46.52219772338867
train/PNEUMONIA/person253_bacteria_1152.jpeg,train,1,PNEUMONIA,920,544,108.04865264892578,26.876314163208008
train/PNEUMONIA/person253_bacteria_1153.jpeg,train,1,PNEUMONIA,968,576,140.61888122558594,34.79328155517578
train/PNEUMONIA/person253_bacteria_1154.jpeg,train,1,PNEUMONIA,936,552,127.84434509277344,34.54716873168945
train/PNEUMONIA/person253_bacteria_1155.jpeg,train,1,PNEUMONIA,1032,592,122.0185775756836,33.61977767944336
train/PNEUMONIA/person253_bacteria_1156.jpeg,train,1,PNEUMONIA,856,544,149.4889678955078,29.534440994262695
train/PNEUMONIA/person253_bacteria_1157.jpeg,train,1,PNEUMONIA,1106,674,128.88320922851562,40.465919494628906
train/PNEUMONIA/person255_bacteria_1160.jpeg,train,1,PNEUMONIA,888,552,124.07256317138672,24.66827964782715
train/PNEUMONIA/person255_bacteria_1162.jpeg,train,1,PNEUMONIA,920,544,113.77018737792969,28.278156280517578
train/PNEUMONIA/person255_bacteria_1175.jpeg,train,1,PNEUMONIA,1088,616,91.17688751220703,22.597618103027344
train/PNEUMONIA/person255_bacteria_1182.jpeg,train,1,PNEUMONIA,1056,632,119.5977554321289,28.609722137451172
train/PNEUMONIA/person255_bacteria_1188.jpeg,train,1,PNEUMONIA,1256,792,131.29013061523438,39.975341796875
train/PNEUMONIA/person255_virus_531.jpeg,train,1,PNEUMONIA,960,712,95.41081237792969,42.31848907470703
train/PNEUMONIA/person256_bacteria_1189.jpeg,train,1,PNEUMONIA,1122,798,154.15438842773438,38.74187469482422
train/PNEUMONIA/person256_virus_537.jpeg,train,1,PNEUMONIA,1544,1288,151.93820190429688,42.03855514526367
train/PNEUMONIA/person257_bacteria_1191.jpeg,train,1,PNEUMONIA,992,592,132.57894897460938,35.123573303222656
train/PNEUMONIA/person257_bacteria_1194.jpeg,train,1,PNEUMONIA,1008,720,144.803955078125,36.38949966430664
train/PNEUMONIA/person257_bacteria_1195.jpeg,train,1,PNEUMONIA,1016,768,137.86231994628906,35.19981384277344
train/PNEUMONIA/person257_bacteria_1196.jpeg,train,1,PNEUMONIA,928,656,89.00007629394531,21.3275203704834
train/PNEUMONIA/person257_bacteria_1197.jpeg,train,1,PNEUMONIA,1000,704,132.43031311035156,35.22294616699219
train/PNEUMONIA/person257_bacteria_1200.jpeg,train,1,PNEUMONIA,928,608,90.11628723144531,24.73325538635254
train/PNEUMONIA/person257_virus_538.jpeg,train,1,PNEUMONIA,1360,952,160.3297576904297,33.96662902832031
train/PNEUMONIA/person258_bacteria_1205.jpeg,train,1,PNEUMONIA,1200,1008,163.73704528808594,39.51251983642578
train/PNEUMONIA/person258_bacteria_1206.jpeg,train,1,PNEUMONIA,1072,928,147.37588500976562,34.90179443359375
train/PNEUMONIA/person258_bacteria_1207.jpeg,train,1,PNEUMONIA,1056,856,129.84461975097656,34.00373077392578
train/PNEUMONIA/person258_bacteria_1209.jpeg,train,1,PNEUMONIA,1056,856,129.84461975097656,34.00373077392578
train/PNEUMONIA/person258_bacteria_1210.jpeg,train,1,PNEUMONIA,1056,776,131.1582794189453,34.81415939331055
train/PNEUMONIA/person258_bacteria_1214.jpeg,train,1,PNEUMONIA,1088,840,144.88949584960938,38.628501892089844
train/PNEUMONIA/person258_bacteria_1215.jpeg,train,1,PNEUMONIA,1072,800,128.1867218017578,34.83642578125
train/PNEUMONIA/person258_bacteria_1216.jpeg,train,1,PNEUMONIA,1202,882,134.5420684814453,40.48173141479492
train/PNEUMONIA/person258_virus_539.jpeg,train,1,PNEUMONIA,904,664,146.11619567871094,43.643699645996094
train/PNEUMONIA/person259_virus_540.jpeg,train,1,PNEUMONIA,1272,752,153.17337036132812,45.47831726074219
train/PNEUMONIA/person25_bacteria_114.jpeg,train,1,PNEUMONIA,1040,664,148.8470001220703,35.64680480957031
train/PNEUMONIA/person25_bacteria_115.jpeg,train,1,PNEUMONIA,1112,856,157.54612731933594,37.13528060913086
train/PNEUMONIA/person25_bacteria_117.jpeg,train,1,PNEUMONIA,1184,832,94.53716278076172,33.90544509887695
train/PNEUMONIA/person25_bacteria_118.jpeg,train,1,PNEUMONIA,1136,856,139.6226043701172,40.01244354248047
train/PNEUMONIA/person25_bacteria_119.jpeg,train,1,PNEUMONIA,928,608,162.3563690185547,31.351612091064453
train/PNEUMONIA/person25_bacteria_120.jpeg,train,1,PNEUMONIA,1152,760,143.89346313476562,39.370582580566406
train/PNEUMONIA/person25_bacteria_121.jpeg,train,1,PNEUMONIA,1210,948,136.91506958007812,39.031864166259766
train/PNEUMONIA/person260_bacteria_1222.jpeg,train,1,PNEUMONIA,1048,872,125.38343048095703,37.79359817504883
train/PNEUMONIA/person260_bacteria_1223.jpeg,train,1,PNEUMONIA,1056,808,152.98431396484375,40.88890838623047
train/PNEUMONIA/person260_bacteria_1224.jpeg,train,1,PNEUMONIA,1072,760,112.91191101074219,28.17074203491211
train/PNEUMONIA/person260_virus_541.jpeg,train,1,PNEUMONIA,1024,552,133.30087280273438,40.51231384277344
train/PNEUMONIA/person261_bacteria_1225.jpeg,train,1,PNEUMONIA,1102,585,119.80426025390625,36.635231018066406
train/PNEUMONIA/person261_virus_543.jpeg,train,1,PNEUMONIA,1192,568,149.71836853027344,44.85660934448242
train/PNEUMONIA/person262_bacteria_1226.jpeg,train,1,PNEUMONIA,1218,840,118.80311584472656,43.82538604736328
train/PNEUMONIA/person262_virus_544.jpeg,train,1,PNEUMONIA,1416,1288,147.64720153808594,25.576053619384766
train/PNEUMONIA/person262_virus_545.jpeg,train,1,PNEUMONIA,1712,1256,137.89614868164062,37.192649841308594
train/PNEUMONIA/person263_bacteria_1227.jpeg,train,1,PNEUMONIA,1364,998,111.6926040649414,41.47639846801758
train/PNEUMONIA/person263_virus_546.jpeg,train,1,PNEUMONIA,1168,768,159.9328155517578,43.829593658447266
train/PNEUMONIA/person264_bacteria_1228.jpeg,train,1,PNEUMONIA,1088,760,143.9978790283203,35.642818450927734
train/PNEUMONIA/person264_bacteria_1229.jpeg,train,1,PNEUMONIA,1088,712,135.68881225585938,33.453643798828125
train/PNEUMONIA/person264_bacteria_1230.jpeg,train,1,PNEUMONIA,1248,688,170.63584899902344,37.9509391784668
train/PNEUMONIA/person264_bacteria_1231.jpeg,train,1,PNEUMONIA,1248,688,170.63584899902344,37.9509391784668
train/PNEUMONIA/person264_bacteria_1233.jpeg,train,1,PNEUMONIA,1064,696,110.72644805908203,29.580930709838867
train/PNEUMONIA/person264_bacteria_1234.jpeg,train,1,PNEUMONIA,1214,1069,126.47368621826172,36.66780090332031
train/PNEUMONIA/person264_virus_547.jpeg,train,1,PNEUMONIA,1216,728,128.089599609375,43.56028366088867
train/PNEUMONIA/person265_bacteria_1235.jpeg,train,1,PNEUMONIA,1128,728,122.4149398803711,28.53040313720703
train/PNEUMONIA/person265_bacteria_1236.jpeg,train,1,PNEUMONIA,1272,825,135.97442626953125,37.959800720214844
train/PNEUMONIA/person265_virus_548.jpeg,train,1,PNEUMONIA,1232,864,147.69412231445312,40.309959411621094
train/PNEUMONIA/person266_bacteria_1237.jpeg,train,1,PNEUMONIA,952,688,148.31356811523438,33.406341552734375
train/PNEUMONIA/person266_bacteria_1238.jpeg,train,1,PNEUMONIA,952,688,148.31356811523438,33.406341552734375
train/PNEUMONIA/person266_bacteria_1239.jpeg,train,1,PNEUMONIA,992,664,147.6500701904297,34.51968002319336
train/PNEUMONIA/person266_bacteria_1240.jpeg,train,1,PNEUMONIA,984,560,144.79136657714844,33.54299545288086
train/PNEUMONIA/person266_bacteria_1241.jpeg,train,1,PNEUMONIA,1072,720,93.50860595703125,26.800189971923828
train/PNEUMONIA/person266_bacteria_1242.jpeg,train,1,PNEUMONIA,1008,728,140.3367462158203,34.510536193847656
train/PNEUMONIA/person266_bacteria_1245.jpeg,train,1,PNEUMONIA,1080,680,165.757080078125,35.201560974121094
train/PNEUMONIA/person266_bacteria_1247.jpeg,train,1,PNEUMONIA,1024,600,140.59669494628906,36.69827651977539
train/PNEUMONIA/person266_bacteria_1248.jpeg,train,1,PNEUMONIA,1008,600,152.30743408203125,34.60626220703125
train/PNEUMONIA/person266_bacteria_1249.jpeg,train,1,PNEUMONIA,992,616,124.66644287109375,33.39377212524414
train/PNEUMONIA/person266_virus_549.jpeg,train,1,PNEUMONIA,1632,800,146.10009765625,51.52915573120117
train/PNEUMONIA/person267_bacteria_1250.jpeg,train,1,PNEUMONIA,1280,1016,136.82618713378906,40.05917739868164
train/PNEUMONIA/person267_bacteria_1251.jpeg,train,1,PNEUMONIA,1032,696,139.4202423095703,31.650800704956055
train/PNEUMONIA/person267_bacteria_1252.jpeg,train,1,PNEUMONIA,1300,890,162.23599243164062,37.872589111328125
train/PNEUMONIA/person267_bacteria_1253.jpeg,train,1,PNEUMONIA,1260,971,140.8302459716797,34.12846374511719
train/PNEUMONIA/person267_virus_552.jpeg,train,1,PNEUMONIA,1400,768,147.193359375,51.6717529296875
train/PNEUMONIA/person268_virus_553.jpeg,train,1,PNEUMONIA,1176,736,148.3056640625,40.52641677856445
train/PNEUMONIA/person269_virus_554.jpeg,train,1,PNEUMONIA,1472,1176,169.19859313964844,39.73075485229492
train/PNEUMONIA/person26_bacteria_123.jpeg,train,1,PNEUMONIA,920,680,135.58892822265625,35.81117630004883
train/PNEUMONIA/person26_bacteria_124.jpeg,train,1,PNEUMONIA,1136,872,140.61766052246094,40.43147277832031
train/PNEUMONIA/person26_bacteria_126.jpeg,train,1,PNEUMONIA,1024,704,137.11343383789062,39.02274703979492
train/PNEUMONIA/person26_bacteria_127.jpeg,train,1,PNEUMONIA,880,584,149.79238891601562,33.283451080322266
train/PNEUMONIA/person26_bacteria_129.jpeg,train,1,PNEUMONIA,952,624,170.1180877685547,45.29570770263672
train/PNEUMONIA/person26_bacteria_130.jpeg,train,1,PNEUMONIA,968,512,105.75032806396484,31.804109573364258
train/PNEUMONIA/person26_bacteria_133.jpeg,train,1,PNEUMONIA,1068,620,119.8623046875,39.5313606262207
train/PNEUMONIA/person270_virus_555.jpeg,train,1,PNEUMONIA,1624,1264,158.02362060546875,48.465641021728516
train/PNEUMONIA/person271_virus_556.jpeg,train,1,PNEUMONIA,1064,712,133.3993682861328,43.26780319213867
train/PNEUMONIA/person273_virus_561.jpeg,train,1,PNEUMONIA,1272,994,132.38648986816406,41.022377014160156
train/PNEUMONIA/person273_virus_562.jpeg,train,1,PNEUMONIA,1458,951,104.75865173339844,42.3151969909668
train/PNEUMONIA/person274_bacteria_1288.jpeg,train,1,PNEUMONIA,1280,1088,126.59330749511719,34.11439514160156
train/PNEUMONIA/person274_bacteria_1289.jpeg,train,1,PNEUMONIA,1344,1072,152.93121337890625,35.69710922241211
train/PNEUMONIA/person274_bacteria_1290.jpeg,train,1,PNEUMONIA,1686,1133,109.61556243896484,36.60673904418945
train/PNEUMONIA/person274_virus_563.jpeg,train,1,PNEUMONIA,468,242,149.474365234375,24.981666564941406
train/PNEUMONIA/person275_bacteria_1291.jpeg,train,1,PNEUMONIA,1396,1099,110.23751831054688,39.05049514770508
train/PNEUMONIA/person275_bacteria_1293.jpeg,train,1,PNEUMONIA,1136,920,126.89269256591797,35.865108489990234
train/PNEUMONIA/person275_bacteria_1294.jpeg,train,1,PNEUMONIA,1292,1076,145.9777374267578,41.817691802978516
train/PNEUMONIA/person275_virus_565.jpeg,train,1,PNEUMONIA,1748,1377,135.12423706054688,39.62054443359375
train/PNEUMONIA/person276_bacteria_1295.jpeg,train,1,PNEUMONIA,848,600,123.12994384765625,35.33755111694336
train/PNEUMONIA/person276_bacteria_1296.jpeg,train,1,PNEUMONIA,944,584,109.14661407470703,30.508663177490234
train/PNEUMONIA/person276_bacteria_1297.jpeg,train,1,PNEUMONIA,824,512,142.68008422851562,35.416927337646484
train/PNEUMONIA/person276_bacteria_1298.jpeg,train,1,PNEUMONIA,872,536,109.78722381591797,30.56511878967285
train/PNEUMONIA/person276_bacteria_1299.jpeg,train,1,PNEUMONIA,1064,712,130.0730743408203,47.05315017700195
train/PNEUMONIA/person276_virus_569.jpeg,train,1,PNEUMONIA,546,219,80.8134994506836,21.846088409423828
train/PNEUMONIA/person277_bacteria_1300.jpeg,train,1,PNEUMONIA,968,472,132.76478576660156,32.09210968017578
train/PNEUMONIA/person277_bacteria_1301.jpeg,train,1,PNEUMONIA,1000,496,133.48912048339844,29.177776336669922
train/PNEUMONIA/person277_bacteria_1302.jpeg,train,1,PNEUMONIA,1008,576,126.79466247558594,35.40608215332031
train/PNEUMONIA/person277_bacteria_1304.jpeg,train,1,PNEUMONIA,896,576,151.8932342529297,30.837806701660156
train/PNEUMONIA/person277_bacteria_1305.jpeg,train,1,PNEUMONIA,1224,688,118.96910095214844,38.50596618652344
train/PNEUMONIA/person277_bacteria_1306.jpeg,train,1,PNEUMONIA,896,528,144.12762451171875,33.65167236328125
train/PNEUMONIA/person277_bacteria_1307.jpeg,train,1,PNEUMONIA,1024,624,95.47016143798828,26.659948348999023
train/PNEUMONIA/person277_virus_571.jpeg,train,1,PNEUMONIA,2080,1731,148.9085693359375,33.430973052978516
train/PNEUMONIA/person278_bacteria_1309.jpeg,train,1,PNEUMONIA,1298,812,120.978759765625,40.111289978027344
train/PNEUMONIA/person278_bacteria_1311.jpeg,train,1,PNEUMONIA,1040,712,134.5878143310547,37.396766662597656
train/PNEUMONIA/person278_bacteria_1314.jpeg,train,1,PNEUMONIA,1172,778,153.44825744628906,41.33908462524414
train/PNEUMONIA/person278_virus_572.jpeg,train,1,PNEUMONIA,1448,1040,85.54169464111328,34.302085876464844
train/PNEUMONIA/person278_virus_573.jpeg,train,1,PNEUMONIA,1296,1072,156.92239379882812,37.49473571777344
train/PNEUMONIA/person278_virus_574.jpeg,train,1,PNEUMONIA,1208,1104,89.98405456542969,27.795988082885742
train/PNEUMONIA/person279_bacteria_1315.jpeg,train,1,PNEUMONIA,2772,2098,105.22877502441406,29.658618927001953
train/PNEUMONIA/person279_bacteria_1316.jpeg,train,1,PNEUMONIA,2637,1905,178.71461486816406,45.839717864990234
train/PNEUMONIA/person279_virus_576.jpeg,train,1,PNEUMONIA,1848,1500,135.58499145507812,42.41264343261719
train/PNEUMONIA/person27_bacteria_135.jpeg,train,1,PNEUMONIA,1088,656,103.9129867553711,33.897064208984375
train/PNEUMONIA/person27_bacteria_136.jpeg,train,1,PNEUMONIA,1088,560,100.59832763671875,29.712160110473633
train/PNEUMONIA/person27_bacteria_137.jpeg,train,1,PNEUMONIA,840,544,165.84384155273438,35.29840850830078
train/PNEUMONIA/person27_bacteria_138.jpeg,train,1,PNEUMONIA,1020,647,140.82749938964844,35.860076904296875
train/PNEUMONIA/person280_bacteria_1320.jpeg,train,1,PNEUMONIA,1048,856,174.20834350585938,38.441715240478516
train/PNEUMONIA/person280_bacteria_1321.jpeg,train,1,PNEUMONIA,1040,696,139.16085815429688,35.218223571777344
train/PNEUMONIA/person280_bacteria_1322.jpeg,train,1,PNEUMONIA,1330,936,125.61039733886719,46.09607696533203
train/PNEUMONIA/person280_virus_577.jpeg,train,1,PNEUMONIA,1708,1400,135.6527862548828,36.3315544128418
train/PNEUMONIA/person281_bacteria_1323.jpeg,train,1,PNEUMONIA,1072,770,133.5880584716797,38.13877868652344
train/PNEUMONIA/person281_bacteria_1325.jpeg,train,1,PNEUMONIA,920,632,133.51300048828125,33.61717987060547
train/PNEUMONIA/person281_bacteria_1326.jpeg,train,1,PNEUMONIA,936,616,134.67477416992188,33.45594024658203
train/PNEUMONIA/person281_bacteria_1327.jpeg,train,1,PNEUMONIA,904,648,126.44601440429688,32.843204498291016
train/PNEUMONIA/person281_bacteria_1328.jpeg,train,1,PNEUMONIA,920,720,157.78492736816406,35.29207229614258
train/PNEUMONIA/person281_bacteria_1330.jpeg,train,1,PNEUMONIA,1008,632,124.4450454711914,36.61063766479492
train/PNEUMONIA/person281_bacteria_1331.jpeg,train,1,PNEUMONIA,1000,680,93.63485717773438,28.983047485351562
train/PNEUMONIA/person281_bacteria_1332.jpeg,train,1,PNEUMONIA,992,616,142.6525115966797,35.97671890258789
train/PNEUMONIA/person281_bacteria_1333.jpeg,train,1,PNEUMONIA,1016,728,152.88351440429688,44.17721939086914
train/PNEUMONIA/person281_virus_578.jpeg,train,1,PNEUMONIA,500,250,139.42108154296875,28.596954345703125
train/PNEUMONIA/person282_virus_579.jpeg,train,1,PNEUMONIA,428,256,188.7145538330078,22.06798553466797
train/PNEUMONIA/person284_virus_582.jpeg,train,1,PNEUMONIA,1290,809,147.28219604492188,41.33821105957031
train/PNEUMONIA/person286_virus_585.jpeg,train,1,PNEUMONIA,1338,1079,146.2079620361328,40.44694137573242
train/PNEUMONIA/person287_bacteria_1354.jpeg,train,1,PNEUMONIA,1120,616,157.50086975097656,32.313880920410156
train/PNEUMONIA/person287_bacteria_1355.jpeg,train,1,PNEUMONIA,1234,782,137.36917114257812,37.18387985229492
train/PNEUMONIA/person287_virus_586.jpeg,train,1,PNEUMONIA,1646,1156,119.82022857666016,35.24900817871094
train/PNEUMONIA/person288_virus_587.jpeg,train,1,PNEUMONIA,904,560,181.63397216796875,38.01570129394531
train/PNEUMONIA/person289_virus_593.jpeg,train,1,PNEUMONIA,1304,789,114.96070861816406,36.64310073852539
train/PNEUMONIA/person28_bacteria_139.jpeg,train,1,PNEUMONIA,976,648,109.35333251953125,34.68756866455078
train/PNEUMONIA/person28_bacteria_141.jpeg,train,1,PNEUMONIA,848,544,156.42034912109375,30.76991844177246
train/PNEUMONIA/person28_bacteria_142.jpeg,train,1,PNEUMONIA,1024,576,131.06280517578125,37.10200119018555
train/PNEUMONIA/person28_bacteria_143.jpeg,train,1,PNEUMONIA,1176,662,136.0825958251953,42.458091735839844
train/PNEUMONIA/person290_bacteria_1372.jpeg,train,1,PNEUMONIA,1008,512,157.73675537109375,31.461227416992188
train/PNEUMONIA/person290_virus_594.jpeg,train,1,PNEUMONIA,1768,1712,93.4200668334961,30.195524215698242
train/PNEUMONIA/person291_bacteria_1374.jpeg,train,1,PNEUMONIA,1200,960,151.89913940429688,33.53917694091797
train/PNEUMONIA/person291_bacteria_1376.jpeg,train,1,PNEUMONIA,1264,936,124.10884857177734,39.90181350708008
train/PNEUMONIA/person291_bacteria_1377.jpeg,train,1,PNEUMONIA,1546,1064,130.16192626953125,46.818206787109375
train/PNEUMONIA/person291_virus_596.jpeg,train,1,PNEUMONIA,525,282,148.63320922851562,32.08031463623047
train/PNEUMONIA/person292_bacteria_1378.jpeg,train,1,PNEUMONIA,1176,616,126.34672546386719,37.03812789916992
train/PNEUMONIA/person292_virus_597.jpeg,train,1,PNEUMONIA,1512,1216,87.72132110595703,28.636959075927734
train/PNEUMONIA/person292_virus_598.jpeg,train,1,PNEUMONIA,1456,1232,150.6046600341797,36.47413635253906
train/PNEUMONIA/person292_virus_600.jpeg,train,1,PNEUMONIA,1440,1104,174.8003387451172,29.620750427246094
train/PNEUMONIA/person292_virus_602.jpeg,train,1,PNEUMONIA,1504,1336,100.38320922851562,34.19324493408203
train/PNEUMONIA/person293_bacteria_1379.jpeg,train,1,PNEUMONIA,1770,1306,136.0321044921875,37.72895431518555
train/PNEUMONIA/person293_virus_604.jpeg,train,1,PNEUMONIA,570,305,104.69568634033203,25.724365234375
train/PNEUMONIA/person293_virus_605.jpeg,train,1,PNEUMONIA,1216,744,87.4693832397461,21.384416580200195
train/PNEUMONIA/person294_bacteria_1380.jpeg,train,1,PNEUMONIA,1000,680,139.21800231933594,36.35539245605469
train/PNEUMONIA/person294_bacteria_1381.jpeg,train,1,PNEUMONIA,1336,768,107.43501281738281,36.154335021972656
train/PNEUMONIA/person294_bacteria_1382.jpeg,train,1,PNEUMONIA,984,696,121.08561706542969,34.69954299926758
train/PNEUMONIA/person294_bacteria_1383.jpeg,train,1,PNEUMONIA,1224,816,136.10462951660156,39.282470703125
train/PNEUMONIA/person294_bacteria_1384.jpeg,train,1,PNEUMONIA,1024,688,163.60751342773438,36.12617492675781
train/PNEUMONIA/person294_bacteria_1385.jpeg,train,1,PNEUMONIA,992,664,132.4490966796875,34.40020751953125
train/PNEUMONIA/person294_bacteria_1386.jpeg,train,1,PNEUMONIA,1306,821,110.83935546875,40.56950759887695
train/PNEUMONIA/person294_virus_606.jpeg,train,1,PNEUMONIA,1024,751,157.5662384033203,50.23651885986328
train/PNEUMONIA/person294_virus_610.jpeg,train,1,PNEUMONIA,920,600,94.83036041259766,27.96944236755371
train/PNEUMONIA/person294_virus_611.jpeg,train,1,PNEUMONIA,952,576,122.17900848388672,34.66078567504883
train/PNEUMONIA/person295_bacteria_1389.jpeg,train,1,PNEUMONIA,1168,696,129.31317138671875,32.6840705871582
train/PNEUMONIA/person295_bacteria_1390.jpeg,train,1,PNEUMONIA,1354,759,131.39987182617188,39.225826263427734
train/PNEUMONIA/person295_virus_612.jpeg,train,1,PNEUMONIA,1546,1230,129.25790405273438,40.4133186340332
train/PNEUMONIA/person296_bacteria_1392.jpeg,train,1,PNEUMONIA,1256,840,127.00765228271484,38.21120071411133
train/PNEUMONIA/person296_bacteria_1393.jpeg,train,1,PNEUMONIA,1272,792,131.58241271972656,37.85515594482422
train/PNEUMONIA/person296_bacteria_1394.jpeg,train,1,PNEUMONIA,1088,704,126.79094696044922,34.26693344116211
train/PNEUMONIA/person296_bacteria_1395.jpeg,train,1,PNEUMONIA,1200,840,95.50791931152344,32.5722770690918
train/PNEUMONIA/person296_bacteria_1396.jpeg,train,1,PNEUMONIA,1112,648,162.30914306640625,38.8559455871582
train/PNEUMONIA/person296_bacteria_1397.jpeg,train,1,PNEUMONIA,1160,872,125.31201171875,38.49973678588867
train/PNEUMONIA/person296_virus_613.jpeg,train,1,PNEUMONIA,456,280,168.1028594970703,25.27250862121582
train/PNEUMONIA/person297_bacteria_1404.jpeg,train,1,PNEUMONIA,736,432,117.46947479248047,36.97080993652344
train/PNEUMONIA/person297_virus_614.jpeg,train,1,PNEUMONIA,1990,1419,112.0236587524414,35.142112731933594
train/PNEUMONIA/person298_bacteria_1408.jpeg,train,1,PNEUMONIA,1216,856,97.00483703613281,28.227415084838867
train/PNEUMONIA/person298_bacteria_1410.jpeg,train,1,PNEUMONIA,1184,856,140.4188995361328,31.879085540771484
train/PNEUMONIA/person298_bacteria_1412.jpeg,train,1,PNEUMONIA,1192,736,175.98121643066406,36.07916259765625
train/PNEUMONIA/person298_bacteria_1413.jpeg,train,1,PNEUMONIA,1144,774,136.97250366210938,30.34917449951172
train/PNEUMONIA/person298_virus_617.jpeg,train,1,PNEUMONIA,1472,1280,170.1802215576172,37.148311614990234
train/PNEUMONIA/person298_virus_618.jpeg,train,1,PNEUMONIA,1368,992,145.0594482421875,32.37510681152344
train/PNEUMONIA/person299_bacteria_1414.jpeg,train,1,PNEUMONIA,872,512,146.2837371826172,34.7951774597168
train/PNEUMONIA/person299_bacteria_1417.jpeg,train,1,PNEUMONIA,920,568,128.71539306640625,32.62358474731445
train/PNEUMONIA/person299_bacteria_1418.jpeg,train,1,PNEUMONIA,864,584,129.90574645996094,34.388607025146484
train/PNEUMONIA/person299_bacteria_1419.jpeg,train,1,PNEUMONIA,1028,581,130.2782745361328,44.37640380859375
train/PNEUMONIA/person299_virus_620.jpeg,train,1,PNEUMONIA,1412,1044,137.24476623535156,38.879947662353516
train/PNEUMONIA/person29_bacteria_144.jpeg,train,1,PNEUMONIA,1064,592,145.3514862060547,35.633975982666016
train/PNEUMONIA/person2_bacteria_3.jpeg,train,1,PNEUMONIA,1448,1056,112.73611450195312,33.0528450012207
train/PNEUMONIA/person2_bacteria_4.jpeg,train,1,PNEUMONIA,1328,1160,128.84840393066406,32.00152587890625
train/PNEUMONIA/person300_bacteria_1421.jpeg,train,1,PNEUMONIA,1248,832,148.4036407470703,30.502166748046875
train/PNEUMONIA/person300_bacteria_1422.jpeg,train,1,PNEUMONIA,1528,1152,102.37081909179688,35.3437385559082
train/PNEUMONIA/person300_bacteria_1423.jpeg,train,1,PNEUMONIA,1554,1072,135.12765502929688,44.64454650878906
train/PNEUMONIA/person300_virus_621.jpeg,train,1,PNEUMONIA,2076,1576,127.95087432861328,53.81550216674805
train/PNEUMONIA/person301_bacteria_1424.jpeg,train,1,PNEUMONIA,864,576,90.12135314941406,21.850847244262695
train/PNEUMONIA/person301_bacteria_1427.jpeg,train,1,PNEUMONIA,968,688,147.57835388183594,40.18465042114258
train/PNEUMONIA/person301_bacteria_1428.jpeg,train,1,PNEUMONIA,968,648,129.94566345214844,36.229610443115234
train/PNEUMONIA/person301_bacteria_1429.jpeg,train,1,PNEUMONIA,1052,651,133.53109741210938,39.07054138183594
train/PNEUMONIA/person302_bacteria_1430.jpeg,train,1,PNEUMONIA,1022,735,150.87904357910156,37.55430221557617
train/PNEUMONIA/person303_virus_624.jpeg,train,1,PNEUMONIA,2022,1619,149.83560180664062,44.28538131713867
train/PNEUMONIA/person304_virus_625.jpeg,train,1,PNEUMONIA,1048,768,152.99066162109375,41.51735305786133
train/PNEUMONIA/person305_bacteria_1435.jpeg,train,1,PNEUMONIA,1024,480,111.49378967285156,38.47882843017578
train/PNEUMONIA/person305_bacteria_1436.jpeg,train,1,PNEUMONIA,920,536,138.4319610595703,35.18061065673828
train/PNEUMONIA/person305_bacteria_1437.jpeg,train,1,PNEUMONIA,1008,624,124.71283721923828,38.170387268066406
train/PNEUMONIA/person305_virus_627.jpeg,train,1,PNEUMONIA,1176,720,133.3265838623047,43.871612548828125
train/PNEUMONIA/person306_bacteria_1439.jpeg,train,1,PNEUMONIA,1226,882,120.7685546875,42.083553314208984
train/PNEUMONIA/person306_bacteria_1440.jpeg,train,1,PNEUMONIA,1280,851,126.67576599121094,46.424468994140625
train/PNEUMONIA/person306_virus_628.jpeg,train,1,PNEUMONIA,445,187,155.83250427246094,30.308874130249023
train/PNEUMONIA/person307_bacteria_1441.jpeg,train,1,PNEUMONIA,992,560,136.94940185546875,31.7611141204834
train/PNEUMONIA/person307_virus_629.jpeg,train,1,PNEUMONIA,1112,632,155.7250213623047,49.78886413574219
train/PNEUMONIA/person308_bacteria_1445.jpeg,train,1,PNEUMONIA,1280,771,142.71890258789062,39.51190185546875
train/PNEUMONIA/person308_virus_630.jpeg,train,1,PNEUMONIA,1504,968,143.75930786132812,52.29060363769531
train/PNEUMONIA/person309_bacteria_1447.jpeg,train,1,PNEUMONIA,1080,664,101.49504852294922,28.74032974243164
train/PNEUMONIA/person309_bacteria_1449.jpeg,train,1,PNEUMONIA,1276,767,107.97930145263672,40.61952209472656
train/PNEUMONIA/person309_virus_631.jpeg,train,1,PNEUMONIA,494,196,153.43902587890625,34.30961608886719
train/PNEUMONIA/person30_bacteria_145.jpeg,train,1,PNEUMONIA,936,680,153.4051971435547,34.623382568359375
train/PNEUMONIA/person30_bacteria_146.jpeg,train,1,PNEUMONIA,1032,736,149.77194213867188,39.072265625
train/PNEUMONIA/person30_bacteria_147.jpeg,train,1,PNEUMONIA,1032,656,128.8486785888672,38.951473236083984
train/PNEUMONIA/person30_bacteria_148.jpeg,train,1,PNEUMONIA,880,600,171.5322723388672,32.46242904663086
train/PNEUMONIA/person30_bacteria_149.jpeg,train,1,PNEUMONIA,816,568,139.19992065429688,28.565895080566406
train/PNEUMONIA/person30_bacteria_150.jpeg,train,1,PNEUMONIA,944,624,101.74093627929688,27.92495346069336
train/PNEUMONIA/person30_bacteria_151.jpeg,train,1,PNEUMONIA,952,616,146.25306701660156,36.718570709228516
train/PNEUMONIA/person30_bacteria_152.jpeg,train,1,PNEUMONIA,1032,688,89.08309173583984,28.00728988647461
train/PNEUMONIA/person30_bacteria_153.jpeg,train,1,PNEUMONIA,992,592,140.42247009277344,35.068241119384766
train/PNEUMONIA/person30_bacteria_154.jpeg,train,1,PNEUMONIA,840,672,163.53341674804688,30.709033966064453
train/PNEUMONIA/person30_bacteria_155.jpeg,train,1,PNEUMONIA,1128,640,103.66535949707031,31.573501586914062
train/PNEUMONIA/person30_bacteria_156.jpeg,train,1,PNEUMONIA,1096,656,68.99385070800781,20.851537704467773
train/PNEUMONIA/person30_bacteria_157.jpeg,train,1,PNEUMONIA,1096,656,68.99385070800781,20.851537704467773
train/PNEUMONIA/person30_bacteria_158.jpeg,train,1,PNEUMONIA,1242,867,124.42378234863281,41.31116485595703
train/PNEUMONIA/person310_bacteria_1450.jpeg,train,1,PNEUMONIA,1264,896,119.93550109863281,33.15813064575195
train/PNEUMONIA/person310_virus_633.jpeg,train,1,PNEUMONIA,1648,1120,149.42127990722656,31.584959030151367
train/PNEUMONIA/person311_bacteria_1453.jpeg,train,1,PNEUMONIA,1496,1179,144.99647521972656,40.330902099609375
train/PNEUMONIA/person311_virus_634.jpeg,train,1,PNEUMONIA,1352,960,145.12667846679688,52.47856903076172
train/PNEUMONIA/person312_bacteria_1454.jpeg,train,1,PNEUMONIA,1416,1184,143.85897827148438,35.43878936767578
train/PNEUMONIA/person312_bacteria_1455.jpeg,train,1,PNEUMONIA,1536,1256,152.14247131347656,39.040740966796875
train/PNEUMONIA/person312_bacteria_1456.jpeg,train,1,PNEUMONIA,1608,1237,144.15682983398438,37.353790283203125
train/PNEUMONIA/person312_virus_635.jpeg,train,1,PNEUMONIA,1416,1008,149.39744567871094,44.75951385498047
train/PNEUMONIA/person313_bacteria_1457.jpeg,train,1,PNEUMONIA,952,696,85.42008209228516,23.735233306884766
train/PNEUMONIA/person313_bacteria_1458.jpeg,train,1,PNEUMONIA,1040,640,139.48023986816406,34.28147888183594
train/PNEUMONIA/person313_bacteria_1459.jpeg,train,1,PNEUMONIA,992,520,148.62905883789062,39.680057525634766
train/PNEUMONIA/person313_bacteria_1460.jpeg,train,1,PNEUMONIA,1110,755,115.4458999633789,39.45249557495117
train/PNEUMONIA/person313_virus_637.jpeg,train,1,PNEUMONIA,992,640,138.36964416503906,41.676841735839844
train/PNEUMONIA/person314_bacteria_1462.jpeg,train,1,PNEUMONIA,1310,1102,93.45805358886719,38.60308074951172
train/PNEUMONIA/person314_virus_639.jpeg,train,1,PNEUMONIA,1480,1136,161.52430725097656,40.02033615112305
train/PNEUMONIA/person315_bacteria_1464.jpeg,train,1,PNEUMONIA,920,632,135.61605834960938,34.5724983215332
train/PNEUMONIA/person315_bacteria_1465.jpeg,train,1,PNEUMONIA,960,656,140.44699096679688,34.27913284301758
train/PNEUMONIA/person315_bacteria_1466.jpeg,train,1,PNEUMONIA,896,568,134.64935302734375,30.72157859802246
train/PNEUMONIA/person315_bacteria_1467.jpeg,train,1,PNEUMONIA,816,504,160.9080810546875,30.508411407470703
train/PNEUMONIA/person315_bacteria_1468.jpeg,train,1,PNEUMONIA,1110,658,139.68174743652344,43.60307312011719
train/PNEUMONIA/person316_bacteria_1469.jpeg,train,1,PNEUMONIA,1368,1032,179.76760864257812,26.200870513916016
train/PNEUMONIA/person316_bacteria_1470.jpeg,train,1,PNEUMONIA,1536,1320,114.33584594726562,38.62745666503906
train/PNEUMONIA/person316_virus_641.jpeg,train,1,PNEUMONIA,496,240,143.02322387695312,30.929298400878906
train/PNEUMONIA/person317_bacteria_1471.jpeg,train,1,PNEUMONIA,1320,904,127.6680908203125,33.86473846435547
train/PNEUMONIA/person317_bacteria_1473.jpeg,train,1,PNEUMONIA,1504,1253,162.10507202148438,37.57666778564453
train/PNEUMONIA/person318_bacteria_1474.jpeg,train,1,PNEUMONIA,1518,1149,128.7844696044922,38.75115203857422
train/PNEUMONIA/person318_virus_644.jpeg,train,1,PNEUMONIA,2008,1448,156.30557250976562,48.20940017700195
train/PNEUMONIA/person319_bacteria_1475.jpeg,train,1,PNEUMONIA,1080,736,114.0988540649414,32.505985260009766
train/PNEUMONIA/person319_bacteria_1479.jpeg,train,1,PNEUMONIA,928,624,148.4394073486328,30.84736442565918
train/PNEUMONIA/person319_bacteria_1480.jpeg,train,1,PNEUMONIA,1106,712,130.39930725097656,37.244468688964844
train/PNEUMONIA/person31_bacteria_160.jpeg,train,1,PNEUMONIA,840,544,136.97921752929688,32.45079803466797
train/PNEUMONIA/person31_bacteria_161.jpeg,train,1,PNEUMONIA,976,544,121.96754455566406,38.098716735839844
train/PNEUMONIA/person31_bacteria_163.jpeg,train,1,PNEUMONIA,960,632,110.7408447265625,33.79646682739258
train/PNEUMONIA/person31_bacteria_164.jpeg,train,1,PNEUMONIA,952,581,137.42071533203125,41.24476623535156
train/PNEUMONIA/person320_virus_647.jpeg,train,1,PNEUMONIA,462,238,162.6430206298828,30.058225631713867
train/PNEUMONIA/person321_bacteria_1483.jpeg,train,1,PNEUMONIA,1152,648,117.56375122070312,30.285816192626953
train/PNEUMONIA/person321_bacteria_1485.jpeg,train,1,PNEUMONIA,1240,800,138.2373809814453,37.314693450927734
train/PNEUMONIA/person321_bacteria_1487.jpeg,train,1,PNEUMONIA,1144,808,128.88198852539062,37.423858642578125
train/PNEUMONIA/person321_bacteria_1489.jpeg,train,1,PNEUMONIA,1186,866,131.54246520996094,33.808082580566406
train/PNEUMONIA/person322_bacteria_1494.jpeg,train,1,PNEUMONIA,1566,1130,164.8680419921875,49.20640563964844
train/PNEUMONIA/person322_virus_655.jpeg,train,1,PNEUMONIA,1184,856,147.4526824951172,39.5617561340332
train/PNEUMONIA/person323_virus_656.jpeg,train,1,PNEUMONIA,1808,1456,167.09999084472656,50.19105529785156
train/PNEUMONIA/person324_virus_658.jpeg,train,1,PNEUMONIA,1168,776,149.9302215576172,42.1345100402832
train/PNEUMONIA/person325_bacteria_1497.jpeg,train,1,PNEUMONIA,1176,784,121.00431823730469,37.30889129638672
train/PNEUMONIA/person325_bacteria_1500.jpeg,train,1,PNEUMONIA,1168,848,90.91338348388672,32.312744140625
train/PNEUMONIA/person325_bacteria_1501.jpeg,train,1,PNEUMONIA,1248,712,110.8647689819336,39.36820602416992
train/PNEUMONIA/person325_bacteria_1502.jpeg,train,1,PNEUMONIA,1348,779,135.82444763183594,46.405921936035156
train/PNEUMONIA/person325_virus_659.jpeg,train,1,PNEUMONIA,445,140,177.3739013671875,31.28704833984375
train/PNEUMONIA/person325_virus_660.jpeg,train,1,PNEUMONIA,400,138,164.9493408203125,32.77692794799805
train/PNEUMONIA/person325_virus_665.jpeg,train,1,PNEUMONIA,529,207,135.63987731933594,38.472042083740234
train/PNEUMONIA/person326_bacteria_1503.jpeg,train,1,PNEUMONIA,1336,1064,151.1857452392578,41.887935638427734
train/PNEUMONIA/person326_bacteria_1504.jpeg,train,1,PNEUMONIA,1272,1040,87.61270904541016,26.892770767211914
train/PNEUMONIA/person326_bacteria_1505.jpeg,train,1,PNEUMONIA,1384,912,169.48155212402344,37.91455841064453
train/PNEUMONIA/person326_bacteria_1506.jpeg,train,1,PNEUMONIA,1336,1024,174.85479736328125,35.04432678222656
train/PNEUMONIA/person326_bacteria_1507.jpeg,train,1,PNEUMONIA,1272,912,97.12842559814453,33.725948333740234
train/PNEUMONIA/person326_virus_666.jpeg,train,1,PNEUMONIA,1408,904,141.64732360839844,35.701839447021484
train/PNEUMONIA/person326_virus_668.jpeg,train,1,PNEUMONIA,1568,896,156.37254333496094,36.283695220947266
train/PNEUMONIA/person326_virus_670.jpeg,train,1,PNEUMONIA,500,244,140.26626586914062,37.94689178466797
train/PNEUMONIA/person326_virus_672.jpeg,train,1,PNEUMONIA,1488,1168,144.2140655517578,41.54201889038086
train/PNEUMONIA/person326_virus_673.jpeg,train,1,PNEUMONIA,1560,952,150.75205993652344,35.46759796142578
train/PNEUMONIA/person326_virus_675.jpeg,train,1,PNEUMONIA,1672,1064,141.82989501953125,44.31574249267578
train/PNEUMONIA/person326_virus_677.jpeg,train,1,PNEUMONIA,1472,816,176.2750244140625,34.46616744995117
train/PNEUMONIA/person327_bacteria_1508.jpeg,train,1,PNEUMONIA,1304,936,167.83021545410156,32.023738861083984
train/PNEUMONIA/person327_bacteria_1509.jpeg,train,1,PNEUMONIA,1592,1056,141.79043579101562,42.98122787475586
train/PNEUMONIA/person327_virus_679.jpeg,train,1,PNEUMONIA,1176,736,165.77670288085938,48.3520622253418
train/PNEUMONIA/person328_bacteria_1511.jpeg,train,1,PNEUMONIA,1208,944,146.4020538330078,36.27705383300781
train/PNEUMONIA/person328_bacteria_1514.jpeg,train,1,PNEUMONIA,1200,944,139.08547973632812,39.357444763183594
train/PNEUMONIA/person328_virus_681.jpeg,train,1,PNEUMONIA,1472,976,148.7972412109375,42.850608825683594
train/PNEUMONIA/person329_virus_682.jpeg,train,1,PNEUMONIA,880,440,106.03015899658203,40.85108184814453
train/PNEUMONIA/person32_bacteria_165.jpeg,train,1,PNEUMONIA,1648,1592,187.95437622070312,30.82929801940918
train/PNEUMONIA/person32_bacteria_166.jpeg,train,1,PNEUMONIA,1808,1448,183.27674865722656,31.010562896728516
train/PNEUMONIA/person330_virus_683.jpeg,train,1,PNEUMONIA,1104,824,153.3514404296875,39.219749450683594
train/PNEUMONIA/person331_bacteria_1527.jpeg,train,1,PNEUMONIA,1040,856,127.93091583251953,36.97565460205078
train/PNEUMONIA/person331_bacteria_1529.jpeg,train,1,PNEUMONIA,1168,768,100.3839111328125,31.46074676513672
train/PNEUMONIA/person331_bacteria_1530.jpeg,train,1,PNEUMONIA,1152,632,120.67574310302734,40.55369186401367
train/PNEUMONIA/person331_virus_684.jpeg,train,1,PNEUMONIA,1184,752,146.30006408691406,42.24237060546875
train/PNEUMONIA/person332_bacteria_1531.jpeg,train,1,PNEUMONIA,976,664,125.59532928466797,39.611454010009766
train/PNEUMONIA/person332_bacteria_1533.jpeg,train,1,PNEUMONIA,984,664,145.39791870117188,37.597137451171875
train/PNEUMONIA/person332_bacteria_1534.jpeg,train,1,PNEUMONIA,1008,704,106.80940246582031,34.801578521728516
train/PNEUMONIA/person332_bacteria_1536.jpeg,train,1,PNEUMONIA,1040,656,95.97706604003906,30.357757568359375
train/PNEUMONIA/person332_bacteria_1537.jpeg,train,1,PNEUMONIA,1092,751,163.63848876953125,36.91250991821289
train/PNEUMONIA/person332_bacteria_1538.jpeg,train,1,PNEUMONIA,1086,693,181.6005401611328,39.06728744506836
train/PNEUMONIA/person333_bacteria_1539.jpeg,train,1,PNEUMONIA,1578,1318,147.66302490234375,44.962486267089844
train/PNEUMONIA/person333_virus_688.jpeg,train,1,PNEUMONIA,1424,1024,140.54954528808594,50.32113265991211
train/PNEUMONIA/person334_bacteria_1542.jpeg,train,1,PNEUMONIA,920,680,105.96544647216797,34.58298110961914
train/PNEUMONIA/person334_bacteria_1544.jpeg,train,1,PNEUMONIA,888,576,135.77066040039062,32.532142639160156
train/PNEUMONIA/person334_bacteria_1545.jpeg,train,1,PNEUMONIA,918,735,141.7000274658203,34.66203689575195
train/PNEUMONIA/person334_virus_689.jpeg,train,1,PNEUMONIA,550,279,141.80760192871094,34.48724365234375
train/PNEUMONIA/person335_virus_690.jpeg,train,1,PNEUMONIA,1344,1128,127.93428039550781,41.31565475463867
train/PNEUMONIA/person336_bacteria_1549.jpeg,train,1,PNEUMONIA,968,752,77.12137603759766,22.367319107055664
train/PNEUMONIA/person336_bacteria_1550.jpeg,train,1,PNEUMONIA,920,808,129.1644287109375,36.33778381347656
train/PNEUMONIA/person336_bacteria_1551.jpeg,train,1,PNEUMONIA,1144,784,124.50247192382812,40.53021240234375
train/PNEUMONIA/person336_bacteria_1552.jpeg,train,1,PNEUMONIA,1008,728,142.7064666748047,42.26100540161133
train/PNEUMONIA/person336_bacteria_1553.jpeg,train,1,PNEUMONIA,1072,728,79.29706573486328,30.315631866455078
train/PNEUMONIA/person337_bacteria_1554.jpeg,train,1,PNEUMONIA,1000,712,90.89027404785156,31.337682723999023
train/PNEUMONIA/person337_bacteria_1557.jpeg,train,1,PNEUMONIA,976,616,131.4350128173828,38.456443786621094
train/PNEUMONIA/person337_bacteria_1558.jpeg,train,1,PNEUMONIA,976,608,76.26673126220703,18.676170349121094
train/PNEUMONIA/person337_bacteria_1560.jpeg,train,1,PNEUMONIA,944,744,121.79525756835938,35.290287017822266
train/PNEUMONIA/person337_bacteria_1561.jpeg,train,1,PNEUMONIA,856,592,124.23267364501953,32.7298698425293
train/PNEUMONIA/person337_bacteria_1562.jpeg,train,1,PNEUMONIA,824,616,158.84738159179688,33.81348419189453
train/PNEUMONIA/person337_bacteria_1563.jpeg,train,1,PNEUMONIA,888,656,141.6012725830078,41.2998046875
train/PNEUMONIA/person337_bacteria_1564.jpeg,train,1,PNEUMONIA,824,640,107.15505981445312,32.03769302368164
train/PNEUMONIA/person337_bacteria_1565.jpeg,train,1,PNEUMONIA,824,688,145.9249267578125,36.677921295166016
train/PNEUMONIA/person337_bacteria_1566.jpeg,train,1,PNEUMONIA,856,616,114.90901184082031,34.97978973388672
train/PNEUMONIA/person338_bacteria_1567.jpeg,train,1,PNEUMONIA,1240,968,117.24109649658203,34.49538803100586
train/PNEUMONIA/person338_bacteria_1568.jpeg,train,1,PNEUMONIA,1240,752,124.57528686523438,38.64109420776367
train/PNEUMONIA/person338_virus_694.jpeg,train,1,PNEUMONIA,445,232,197.10328674316406,21.493061065673828
train/PNEUMONIA/person339_bacteria_1572.jpeg,train,1,PNEUMONIA,1016,768,128.87051391601562,39.67292022705078
train/PNEUMONIA/person339_bacteria_1574.jpeg,train,1,PNEUMONIA,947,594,158.87905883789062,31.099864959716797
train/PNEUMONIA/person339_virus_695.jpeg,train,1,PNEUMONIA,1320,1040,162.4994354248047,43.8890266418457
train/PNEUMONIA/person33_bacteria_172.jpeg,train,1,PNEUMONIA,1128,744,117.70642852783203,36.86197280883789
train/PNEUMONIA/person33_bacteria_173.jpeg,train,1,PNEUMONIA,1032,600,126.74304962158203,39.51637268066406
train/PNEUMONIA/person33_bacteria_174.jpeg,train,1,PNEUMONIA,1072,608,165.65333557128906,37.97048568725586
train/PNEUMONIA/person33_bacteria_175.jpeg,train,1,PNEUMONIA,1268,883,140.64675903320312,41.86244583129883
train/PNEUMONIA/person340_bacteria_1575.jpeg,train,1,PNEUMONIA,1328,968,116.56723022460938,31.997426986694336
train/PNEUMONIA/person340_virus_698.jpeg,train,1,PNEUMONIA,1760,1432,147.15090942382812,40.555320739746094
train/PNEUMONIA/person341_bacteria_1577.jpeg,train,1,PNEUMONIA,831,529,152.96702575683594,24.432783126831055
train/PNEUMONIA/person341_virus_699.jpeg,train,1,PNEUMONIA,1304,1048,163.29736328125,47.66565704345703
train/PNEUMONIA/person342_virus_701.jpeg,train,1,PNEUMONIA,439,227,144.98565673828125,32.57515335083008
train/PNEUMONIA/person342_virus_702.jpeg,train,1,PNEUMONIA,453,182,164.3812255859375,30.827680587768555
train/PNEUMONIA/person343_bacteria_1583.jpeg,train,1,PNEUMONIA,1504,1056,127.74520874023438,35.69216537475586
train/PNEUMONIA/person343_bacteria_1584.jpeg,train,1,PNEUMONIA,1632,1291,156.46139526367188,37.55652618408203
train/PNEUMONIA/person343_virus_704.jpeg,train,1,PNEUMONIA,640,317,138.3291778564453,32.84879684448242
train/PNEUMONIA/person344_bacteria_1585.jpeg,train,1,PNEUMONIA,1538,1164,125.8067855834961,41.508888244628906
train/PNEUMONIA/person344_virus_705.jpeg,train,1,PNEUMONIA,1008,680,125.5826416015625,43.81663131713867
train/PNEUMONIA/person346_bacteria_1590.jpeg,train,1,PNEUMONIA,1136,824,142.6547393798828,36.22934341430664
train/PNEUMONIA/person346_virus_708.jpeg,train,1,PNEUMONIA,1304,736,147.1688995361328,48.045989990234375
train/PNEUMONIA/person346_virus_709.jpeg,train,1,PNEUMONIA,1296,832,162.14088439941406,43.376564025878906
train/PNEUMONIA/person347_bacteria_1594.jpeg,train,1,PNEUMONIA,1552,1080,122.04454040527344,35.994083404541016
train/PNEUMONIA/person347_bacteria_1595.jpeg,train,1,PNEUMONIA,1592,944,154.5501708984375,39.44907760620117
train/PNEUMONIA/person348_bacteria_1601.jpeg,train,1,PNEUMONIA,1136,768,142.87588500976562,32.88395690917969
train/PNEUMONIA/person348_bacteria_1602.jpeg,train,1,PNEUMONIA,1160,832,135.74244689941406,37.10295104980469
train/PNEUMONIA/person348_bacteria_1603.jpeg,train,1,PNEUMONIA,1104,896,94.71022033691406,29.511215209960938
train/PNEUMONIA/person348_bacteria_1604.jpeg,train,1,PNEUMONIA,1306,1006,141.46755981445312,42.18119812011719
train/PNEUMONIA/person348_virus_711.jpeg,train,1,PNEUMONIA,1368,1048,166.6226043701172,48.44447326660156
train/PNEUMONIA/person348_virus_714.jpeg,train,1,PNEUMONIA,1384,920,155.2617645263672,46.7664794921875
train/PNEUMONIA/person348_virus_715.jpeg,train,1,PNEUMONIA,742,515,171.4696807861328,34.97655487060547
train/PNEUMONIA/person348_virus_716.jpeg,train,1,PNEUMONIA,1192,1088,135.8018035888672,38.46059036254883
train/PNEUMONIA/person348_virus_717.jpeg,train,1,PNEUMONIA,1224,1008,139.1979217529297,35.35092544555664
train/PNEUMONIA/person348_virus_719.jpeg,train,1,PNEUMONIA,1328,928,78.5652847290039,31.50457191467285
train/PNEUMONIA/person348_virus_720.jpeg,train,1,PNEUMONIA,1272,1080,144.8079071044922,40.278846740722656
train/PNEUMONIA/person348_virus_721.jpeg,train,1,PNEUMONIA,1288,944,163.3685760498047,32.22407150268555
train/PNEUMONIA/person348_virus_723.jpeg,train,1,PNEUMONIA,1296,760,135.64125061035156,44.07390213012695
train/PNEUMONIA/person349_bacteria_1605.jpeg,train,1,PNEUMONIA,1080,744,88.82296752929688,25.162940979003906
train/PNEUMONIA/person349_bacteria_1606.jpeg,train,1,PNEUMONIA,1192,760,130.9678192138672,37.252437591552734
train/PNEUMONIA/person349_bacteria_1607.jpeg,train,1,PNEUMONIA,1136,824,107.50349426269531,31.774192810058594
train/PNEUMONIA/person34_bacteria_176.jpeg,train,1,PNEUMONIA,1380,801,108.28055572509766,44.92392349243164
train/PNEUMONIA/person350_virus_725.jpeg,train,1,PNEUMONIA,1360,928,153.346923828125,45.11698532104492
train/PNEUMONIA/person351_bacteria_1619.jpeg,train,1,PNEUMONIA,1048,768,143.92796325683594,36.19200134277344
train/PNEUMONIA/person351_bacteria_1620.jpeg,train,1,PNEUMONIA,888,672,137.94532775878906,36.29702377319336
train/PNEUMONIA/person351_bacteria_1621.jpeg,train,1,PNEUMONIA,928,824,150.75546264648438,36.64401626586914
train/PNEUMONIA/person351_bacteria_1622.jpeg,train,1,PNEUMONIA,952,752,84.09808349609375,26.287017822265625
train/PNEUMONIA/person351_bacteria_1624.jpeg,train,1,PNEUMONIA,1016,752,124.44667053222656,40.043907165527344
train/PNEUMONIA/person351_virus_726.jpeg,train,1,PNEUMONIA,1128,808,148.59193420410156,48.97007751464844
train/PNEUMONIA/person352_bacteria_1625.jpeg,train,1,PNEUMONIA,984,592,115.34851837158203,33.30790328979492
train/PNEUMONIA/person353_bacteria_1626.jpeg,train,1,PNEUMONIA,752,592,178.52825927734375,29.704408645629883
train/PNEUMONIA/person354_bacteria_1632.jpeg,train,1,PNEUMONIA,460,157,160.98377990722656,19.485027313232422
train/PNEUMONIA/person354_bacteria_1633.jpeg,train,1,PNEUMONIA,738,427,156.5644989013672,18.281715393066406
train/PNEUMONIA/person354_bacteria_1634.jpeg,train,1,PNEUMONIA,928,624,100.07405853271484,29.33489990234375
train/PNEUMONIA/person354_bacteria_1635.jpeg,train,1,PNEUMONIA,532,255,106.96074676513672,30.07061767578125
train/PNEUMONIA/person354_virus_729.jpeg,train,1,PNEUMONIA,1352,968,137.91940307617188,41.498287200927734
train/PNEUMONIA/person355_bacteria_1637.jpeg,train,1,PNEUMONIA,1000,568,108.36785888671875,27.679399490356445
train/PNEUMONIA/person355_virus_730.jpeg,train,1,PNEUMONIA,864,408,149.54945373535156,35.4833869934082
train/PNEUMONIA/person355_virus_731.jpeg,train,1,PNEUMONIA,486,191,138.33868408203125,29.115846633911133
train/PNEUMONIA/person356_bacteria_1638.jpeg,train,1,PNEUMONIA,1326,875,125.25956726074219,42.44847869873047
train/PNEUMONIA/person356_virus_733.jpeg,train,1,PNEUMONIA,1080,760,123.03759002685547,39.009666442871094
train/PNEUMONIA/person357_bacteria_1639.jpeg,train,1,PNEUMONIA,1550,1399,124.5132064819336,44.66542053222656
train/PNEUMONIA/person357_bacteria_1640.jpeg,train,1,PNEUMONIA,1240,928,177.55328369140625,33.90762710571289
train/PNEUMONIA/person357_virus_734.jpeg,train,1,PNEUMONIA,1312,1112,140.72451782226562,47.662357330322266
train/PNEUMONIA/person357_virus_735.jpeg,train,1,PNEUMONIA,1312,1112,140.72451782226562,47.662357330322266
train/PNEUMONIA/person357_virus_736.jpeg,train,1,PNEUMONIA,1192,888,156.7465362548828,42.724552154541016
train/PNEUMONIA/person358_virus_737.jpeg,train,1,PNEUMONIA,1384,1080,136.9585418701172,50.08150863647461
train/PNEUMONIA/person359_bacteria_1642.jpeg,train,1,PNEUMONIA,1334,1102,134.98216247558594,42.15176010131836
train/PNEUMONIA/person359_bacteria_1643.jpeg,train,1,PNEUMONIA,1088,992,100.2591323852539,28.937002182006836
train/PNEUMONIA/person359_bacteria_1644.jpeg,train,1,PNEUMONIA,1072,856,132.19125366210938,37.82499694824219
train/PNEUMONIA/person359_bacteria_1645.jpeg,train,1,PNEUMONIA,1152,856,173.8648223876953,35.40949249267578
train/PNEUMONIA/person359_bacteria_1646.jpeg,train,1,PNEUMONIA,1168,800,138.34286499023438,41.556610107421875
train/PNEUMONIA/person35_bacteria_180.jpeg,train,1,PNEUMONIA,1672,1200,168.38609313964844,35.517486572265625
train/PNEUMONIA/person35_bacteria_181.jpeg,train,1,PNEUMONIA,1712,1384,154.3780059814453,37.23800277709961
train/PNEUMONIA/person360_bacteria_1647.jpeg,train,1,PNEUMONIA,880,744,133.60186767578125,35.097412109375
train/PNEUMONIA/person360_virus_739.jpeg,train,1,PNEUMONIA,1176,1024,187.61631774902344,38.30337142944336
train/PNEUMONIA/person361_bacteria_1651.jpeg,train,1,PNEUMONIA,1110,724,161.1439666748047,42.86624526977539
train/PNEUMONIA/person362_bacteria_1652.jpeg,train,1,PNEUMONIA,1584,1072,158.8905487060547,39.232505798339844
train/PNEUMONIA/person362_virus_741.jpeg,train,1,PNEUMONIA,920,600,135.87123107910156,44.99538040161133
train/PNEUMONIA/person363_bacteria_1653.jpeg,train,1,PNEUMONIA,1368,1208,134.8393096923828,35.36110305786133
train/PNEUMONIA/person363_bacteria_1654.jpeg,train,1,PNEUMONIA,1272,1144,167.07713317871094,32.85777282714844
train/PNEUMONIA/person363_bacteria_1655.jpeg,train,1,PNEUMONIA,1424,1264,93.08757019042969,30.221708297729492
train/PNEUMONIA/person363_virus_742.jpeg,train,1,PNEUMONIA,1248,896,139.50758361816406,44.695457458496094
train/PNEUMONIA/person364_bacteria_1656.jpeg,train,1,PNEUMONIA,1256,768,152.20497131347656,34.392635345458984
train/PNEUMONIA/person364_bacteria_1657.jpeg,train,1,PNEUMONIA,1232,864,137.25999450683594,42.51275634765625
train/PNEUMONIA/person364_bacteria_1658.jpeg,train,1,PNEUMONIA,1368,1064,102.29818725585938,33.589107513427734
train/PNEUMONIA/person364_bacteria_1659.jpeg,train,1,PNEUMONIA,1304,952,138.26058959960938,40.30177307128906
train/PNEUMONIA/person364_virus_743.jpeg,train,1,PNEUMONIA,1160,744,146.43661499023438,37.99457550048828
train/PNEUMONIA/person365_virus_745.jpeg,train,1,PNEUMONIA,687,425,167.9241485595703,46.31083297729492
train/PNEUMONIA/person366_bacteria_1664.jpeg,train,1,PNEUMONIA,952,624,82.96115112304688,23.176952362060547
train/PNEUMONIA/person366_virus_746.jpeg,train,1,PNEUMONIA,1280,904,138.26449584960938,52.338260650634766
train/PNEUMONIA/person367_bacteria_1665.jpeg,train,1,PNEUMONIA,1200,1024,139.1356658935547,36.76616668701172
train/PNEUMONIA/person367_virus_747.jpeg,train,1,PNEUMONIA,1472,968,147.1047821044922,42.188087463378906
train/PNEUMONIA/person368_bacteria_1666.jpeg,train,1,PNEUMONIA,986,709,102.19731140136719,38.18609619140625
train/PNEUMONIA/person368_bacteria_1667.jpeg,train,1,PNEUMONIA,832,504,133.50669860839844,35.883235931396484
train/PNEUMONIA/person368_bacteria_1668.jpeg,train,1,PNEUMONIA,840,512,136.03099060058594,32.57598114013672
train/PNEUMONIA/person368_bacteria_1672.jpeg,train,1,PNEUMONIA,912,544,103.45645141601562,25.164836883544922
train/PNEUMONIA/person368_bacteria_1678.jpeg,train,1,PNEUMONIA,800,528,128.13369750976562,32.76390075683594
train/PNEUMONIA/person368_virus_748.jpeg,train,1,PNEUMONIA,1328,864,151.6549530029297,41.1119499206543
train/PNEUMONIA/person369_bacteria_1680.jpeg,train,1,PNEUMONIA,888,454,114.87223815917969,21.474029541015625
train/PNEUMONIA/person369_virus_750.jpeg,train,1,PNEUMONIA,1368,904,144.25,53.065711975097656
train/PNEUMONIA/person36_bacteria_182.jpeg,train,1,PNEUMONIA,992,768,107.22265625,33.63895034790039
train/PNEUMONIA/person36_bacteria_183.jpeg,train,1,PNEUMONIA,1104,760,148.49215698242188,37.79722595214844
train/PNEUMONIA/person36_bacteria_184.jpeg,train,1,PNEUMONIA,920,648,159.05276489257812,30.909914016723633
train/PNEUMONIA/person36_bacteria_185.jpeg,train,1,PNEUMONIA,1232,886,130.3565673828125,44.77058029174805
train/PNEUMONIA/person370_bacteria_1687.jpeg,train,1,PNEUMONIA,1072,688,136.2082977294922,33.991424560546875
train/PNEUMONIA/person370_bacteria_1688.jpeg,train,1,PNEUMONIA,1136,688,128.77615356445312,36.259307861328125
train/PNEUMONIA/person370_bacteria_1689.jpeg,train,1,PNEUMONIA,1040,736,167.7933807373047,35.311309814453125
train/PNEUMONIA/person370_bacteria_1690.jpeg,train,1,PNEUMONIA,1080,920,145.16619873046875,38.396888732910156
train/PNEUMONIA/person370_bacteria_1691.jpeg,train,1,PNEUMONIA,1088,912,128.08587646484375,37.460662841796875
train/PNEUMONIA/person370_virus_752.jpeg,train,1,PNEUMONIA,1728,1296,133.75155639648438,46.773902893066406
train/PNEUMONIA/person370_virus_753.jpeg,train,1,PNEUMONIA,1584,1184,195.4214630126953,33.05098342895508
train/PNEUMONIA/person371_bacteria_1694.jpeg,train,1,PNEUMONIA,1080,720,126.78894805908203,33.38447189331055
train/PNEUMONIA/person371_bacteria_1695.jpeg,train,1,PNEUMONIA,1064,592,132.13433837890625,38.86931228637695
train/PNEUMONIA/person371_bacteria_1696.jpeg,train,1,PNEUMONIA,984,680,86.54102325439453,24.27818489074707
train/PNEUMONIA/person371_bacteria_1698.jpeg,train,1,PNEUMONIA,920,640,119.7862548828125,31.236730575561523
train/PNEUMONIA/person371_bacteria_1699.jpeg,train,1,PNEUMONIA,936,648,123.43223571777344,30.641103744506836
train/PNEUMONIA/person371_bacteria_1700.jpeg,train,1,PNEUMONIA,864,560,164.3831024169922,31.45492172241211
train/PNEUMONIA/person371_bacteria_1701.jpeg,train,1,PNEUMONIA,952,632,126.42428588867188,32.629581451416016
train/PNEUMONIA/person371_bacteria_1702.jpeg,train,1,PNEUMONIA,904,512,149.40206909179688,38.99018859863281
train/PNEUMONIA/person371_bacteria_1703.jpeg,train,1,PNEUMONIA,992,608,96.97637939453125,29.036649703979492
train/PNEUMONIA/person371_virus_754.jpeg,train,1,PNEUMONIA,984,560,152.2240447998047,47.43608474731445
train/PNEUMONIA/person372_bacteria_1704.jpeg,train,1,PNEUMONIA,1000,568,138.28924560546875,32.84098815917969
train/PNEUMONIA/person372_bacteria_1705.jpeg,train,1,PNEUMONIA,1008,616,139.4542694091797,35.673702239990234
train/PNEUMONIA/person372_bacteria_1706.jpeg,train,1,PNEUMONIA,1000,672,111.74683380126953,29.63431739807129
train/PNEUMONIA/person372_virus_755.jpeg,train,1,PNEUMONIA,1512,960,139.43783569335938,40.287166595458984
train/PNEUMONIA/person373_bacteria_1707.jpeg,train,1,PNEUMONIA,1216,944,189.1074676513672,29.57150650024414
train/PNEUMONIA/person373_bacteria_1708.jpeg,train,1,PNEUMONIA,1296,864,91.35072326660156,25.16800308227539
train/PNEUMONIA/person373_bacteria_1709.jpeg,train,1,PNEUMONIA,1280,736,130.48133850097656,31.685134887695312
train/PNEUMONIA/person373_virus_756.jpeg,train,1,PNEUMONIA,1240,880,178.68777465820312,32.908607482910156
train/PNEUMONIA/person374_bacteria_1710.jpeg,train,1,PNEUMONIA,856,472,118.5592041015625,32.76713562011719
train/PNEUMONIA/person374_bacteria_1711.jpeg,train,1,PNEUMONIA,872,600,113.87708282470703,31.421886444091797
train/PNEUMONIA/person374_bacteria_1712.jpeg,train,1,PNEUMONIA,848,544,153.46458435058594,32.25767135620117
train/PNEUMONIA/person374_virus_757.jpeg,train,1,PNEUMONIA,1400,1208,163.2626953125,43.854061126708984
train/PNEUMONIA/person375_bacteria_1713.jpeg,train,1,PNEUMONIA,928,584,128.1334686279297,32.218387603759766
train/PNEUMONIA/person375_virus_758.jpeg,train,1,PNEUMONIA,1248,616,146.16259765625,50.88565444946289
train/PNEUMONIA/person376_bacteria_1715.jpeg,train,1,PNEUMONIA,1032,768,109.26053619384766,31.392704010009766
train/PNEUMONIA/person376_bacteria_1716.jpeg,train,1,PNEUMONIA,1176,768,139.4370574951172,35.02098083496094
train/PNEUMONIA/person376_virus_759.jpeg,train,1,PNEUMONIA,1312,856,143.6432647705078,49.47323989868164
train/PNEUMONIA/person377_virus_760.jpeg,train,1,PNEUMONIA,1272,760,156.29847717285156,40.670650482177734
train/PNEUMONIA/person378_virus_761.jpeg,train,1,PNEUMONIA,1432,952,151.08096313476562,44.60908508300781
train/PNEUMONIA/person379_bacteria_1721.jpeg,train,1,PNEUMONIA,956,603,173.71957397460938,26.207752227783203
train/PNEUMONIA/person379_virus_762.jpeg,train,1,PNEUMONIA,1288,824,132.32366943359375,45.87239074707031
train/PNEUMONIA/person37_bacteria_187.jpeg,train,1,PNEUMONIA,1240,720,165.84872436523438,40.222625732421875
train/PNEUMONIA/person37_bacteria_188.jpeg,train,1,PNEUMONIA,1160,832,169.275634765625,35.827117919921875
train/PNEUMONIA/person37_bacteria_189.jpeg,train,1,PNEUMONIA,1462,874,109.23959350585938,35.13591766357422
train/PNEUMONIA/person380_virus_763.jpeg,train,1,PNEUMONIA,1440,864,145.07102966308594,50.44479751586914
train/PNEUMONIA/person381_bacteria_1731.jpeg,train,1,PNEUMONIA,1080,728,110.43843078613281,42.41560745239258
train/PNEUMONIA/person382_bacteria_1737.jpeg,train,1,PNEUMONIA,1152,728,134.89634704589844,39.4621467590332
train/PNEUMONIA/person382_bacteria_1738.jpeg,train,1,PNEUMONIA,1168,736,95.92909240722656,27.593189239501953
train/PNEUMONIA/person382_bacteria_1739.jpeg,train,1,PNEUMONIA,1072,688,140.66725158691406,34.21489334106445
train/PNEUMONIA/person382_bacteria_1740.jpeg,train,1,PNEUMONIA,1152,736,140.16571044921875,34.89200210571289
train/PNEUMONIA/person382_bacteria_1741.jpeg,train,1,PNEUMONIA,1168,848,82.04154968261719,25.69677734375
train/PNEUMONIA/person382_bacteria_1745.jpeg,train,1,PNEUMONIA,1264,864,130.97616577148438,35.57471466064453
train/PNEUMONIA/person383_bacteria_1747.jpeg,train,1,PNEUMONIA,1478,1137,157.81259155273438,39.976768493652344
train/PNEUMONIA/person383_bacteria_1749.jpeg,train,1,PNEUMONIA,1184,1024,163.57577514648438,35.37553787231445
train/PNEUMONIA/person383_bacteria_1750.jpeg,train,1,PNEUMONIA,1304,824,179.6699676513672,34.274173736572266
train/PNEUMONIA/person383_bacteria_1751.jpeg,train,1,PNEUMONIA,1320,1016,94.5213394165039,31.199771881103516
train/PNEUMONIA/person383_bacteria_1752.jpeg,train,1,PNEUMONIA,1312,1024,129.13433837890625,38.20085144042969
train/PNEUMONIA/person383_bacteria_1753.jpeg,train,1,PNEUMONIA,1328,976,139.61741638183594,35.67047119140625
train/PNEUMONIA/person383_virus_767.jpeg,train,1,PNEUMONIA,1288,848,162.54342651367188,46.79354476928711
train/PNEUMONIA/person384_virus_769.jpeg,train,1,PNEUMONIA,1296,872,145.290771484375,41.66152572631836
train/PNEUMONIA/person385_bacteria_1765.jpeg,train,1,PNEUMONIA,1000,576,112.603759765625,29.89533805847168
train/PNEUMONIA/person385_bacteria_1766.jpeg,train,1,PNEUMONIA,1016,560,149.5157928466797,36.78660202026367
train/PNEUMONIA/person385_virus_770.jpeg,train,1,PNEUMONIA,2000,1424,169.03884887695312,34.726078033447266
train/PNEUMONIA/person387_virus_772.jpeg,train,1,PNEUMONIA,1752,1320,175.9674072265625,41.127716064453125
train/PNEUMONIA/person388_virus_775.jpeg,train,1,PNEUMONIA,1000,464,120.95684814453125,41.735069274902344
train/PNEUMONIA/person388_virus_777.jpeg,train,1,PNEUMONIA,907,513,171.7032012939453,28.671932220458984
train/PNEUMONIA/person389_bacteria_1778.jpeg,train,1,PNEUMONIA,1256,888,190.994384765625,29.826078414916992
train/PNEUMONIA/person389_bacteria_1780.jpeg,train,1,PNEUMONIA,1384,944,135.5998992919922,43.20365524291992
train/PNEUMONIA/person389_virus_778.jpeg,train,1,PNEUMONIA,904,552,145.11764526367188,39.340579986572266
train/PNEUMONIA/person38_bacteria_190.jpeg,train,1,PNEUMONIA,1016,648,111.5111312866211,31.944765090942383
train/PNEUMONIA/person38_bacteria_191.jpeg,train,1,PNEUMONIA,960,664,129.12094116210938,36.01728057861328
train/PNEUMONIA/person38_bacteria_192.jpeg,train,1,PNEUMONIA,936,632,162.12318420410156,36.090415954589844
train/PNEUMONIA/person38_bacteria_193.jpeg,train,1,PNEUMONIA,944,568,142.4948272705078,38.3554801940918
train/PNEUMONIA/person38_bacteria_194.jpeg,train,1,PNEUMONIA,1008,600,120.66998291015625,36.20601272583008
train/PNEUMONIA/person38_bacteria_195.jpeg,train,1,PNEUMONIA,1040,600,111.94605255126953,32.8221435546875
train/PNEUMONIA/person38_bacteria_196.jpeg,train,1,PNEUMONIA,1010,670,139.01364135742188,35.90695571899414
train/PNEUMONIA/person390_bacteria_1781.jpeg,train,1,PNEUMONIA,1544,1440,175.94802856445312,34.32927703857422
train/PNEUMONIA/person391_bacteria_1782.jpeg,train,1,PNEUMONIA,1592,1041,130.3441162109375,43.90457534790039
train/PNEUMONIA/person391_virus_781.jpeg,train,1,PNEUMONIA,1664,1152,161.27804565429688,49.69517517089844
train/PNEUMONIA/person392_bacteria_1783.jpeg,train,1,PNEUMONIA,1168,752,131.40780639648438,38.98019027709961
train/PNEUMONIA/person392_bacteria_1784.jpeg,train,1,PNEUMONIA,1056,632,136.7863311767578,37.28010940551758
train/PNEUMONIA/person392_bacteria_1785.jpeg,train,1,PNEUMONIA,992,632,98.87108612060547,27.71091079711914
train/PNEUMONIA/person392_bacteria_1786.jpeg,train,1,PNEUMONIA,1000,592,133.36415100097656,35.10273361206055
train/PNEUMONIA/person392_bacteria_1787.jpeg,train,1,PNEUMONIA,1160,632,86.34259033203125,26.57717514038086
train/PNEUMONIA/person392_virus_782.jpeg,train,1,PNEUMONIA,1368,944,131.24063110351562,46.379180908203125
train/PNEUMONIA/person393_bacteria_1789.jpeg,train,1,PNEUMONIA,936,616,160.26763916015625,29.379581451416016
train/PNEUMONIA/person393_virus_784.jpeg,train,1,PNEUMONIA,1336,992,169.02487182617188,41.295352935791016
train/PNEUMONIA/person394_bacteria_1791.jpeg,train,1,PNEUMONIA,1240,600,81.91229248046875,19.861589431762695
train/PNEUMONIA/person394_bacteria_1792.jpeg,train,1,PNEUMONIA,1136,664,141.65908813476562,34.85623550415039
train/PNEUMONIA/person394_virus_786.jpeg,train,1,PNEUMONIA,1312,840,150.82180786132812,49.18975830078125
train/PNEUMONIA/person395_bacteria_1794.jpeg,train,1,PNEUMONIA,976,736,166.80882263183594,24.909259796142578
train/PNEUMONIA/person395_bacteria_1795.jpeg,train,1,PNEUMONIA,1128,792,105.18976593017578,27.474788665771484
train/PNEUMONIA/person395_virus_788.jpeg,train,1,PNEUMONIA,1240,1256,146.0378875732422,44.99238204956055
train/PNEUMONIA/person396_bacteria_1796.jpeg,train,1,PNEUMONIA,1468,1083,141.67510986328125,45.58374786376953
train/PNEUMONIA/person396_virus_789.jpeg,train,1,PNEUMONIA,1024,592,122.32441711425781,39.779170989990234
train/PNEUMONIA/person397_virus_790.jpeg,train,1,PNEUMONIA,1256,792,114.19911193847656,41.559478759765625
train/PNEUMONIA/person398_bacteria_1799.jpeg,train,1,PNEUMONIA,920,680,184.1800994873047,28.087188720703125
train/PNEUMONIA/person398_bacteria_1801.jpeg,train,1,PNEUMONIA,1048,576,116.34652709960938,35.76722717285156
train/PNEUMONIA/person399_bacteria_1804.jpeg,train,1,PNEUMONIA,968,600,104.90939331054688,31.509355545043945
train/PNEUMONIA/person399_bacteria_1805.jpeg,train,1,PNEUMONIA,856,568,130.4666290283203,32.939170837402344
train/PNEUMONIA/person399_bacteria_1806.jpeg,train,1,PNEUMONIA,904,576,130.08203125,40.31463623046875
train/PNEUMONIA/person399_virus_793.jpeg,train,1,PNEUMONIA,1312,800,146.5369415283203,49.94670104980469
train/PNEUMONIA/person39_bacteria_198.jpeg,train,1,PNEUMONIA,1136,704,150.97760009765625,33.77006912231445
train/PNEUMONIA/person39_bacteria_200.jpeg,train,1,PNEUMONIA,1136,768,147.2701873779297,31.124895095825195
train/PNEUMONIA/person3_bacteria_10.jpeg,train,1,PNEUMONIA,1248,1056,178.7545166015625,32.46089553833008
train/PNEUMONIA/person3_bacteria_11.jpeg,train,1,PNEUMONIA,1200,952,161.33973693847656,31.715770721435547
train/PNEUMONIA/person3_bacteria_12.jpeg,train,1,PNEUMONIA,1654,1345,144.2578125,44.97339630126953
train/PNEUMONIA/person3_bacteria_13.jpeg,train,1,PNEUMONIA,1736,1265,140.4475555419922,46.81315612792969
train/PNEUMONIA/person400_bacteria_1807.jpeg,train,1,PNEUMONIA,1234,813,102.83843994140625,35.731719970703125
train/PNEUMONIA/person400_virus_794.jpeg,train,1,PNEUMONIA,1344,888,151.085205078125,54.27666091918945
train/PNEUMONIA/person401_bacteria_1808.jpeg,train,1,PNEUMONIA,1426,967,125.55349731445312,42.67695999145508
train/PNEUMONIA/person401_virus_795.jpeg,train,1,PNEUMONIA,1424,1152,147.5247802734375,53.89676284790039
train/PNEUMONIA/person401_virus_797.jpeg,train,1,PNEUMONIA,1328,856,109.4265365600586,35.863346099853516
train/PNEUMONIA/person401_virus_798.jpeg,train,1,PNEUMONIA,1328,856,109.4265365600586,35.863346099853516
train/PNEUMONIA/person402_bacteria_1809.jpeg,train,1,PNEUMONIA,848,496,140.68438720703125,39.133853912353516
train/PNEUMONIA/person402_bacteria_1810.jpeg,train,1,PNEUMONIA,832,512,150.73072814941406,34.280216217041016
train/PNEUMONIA/person402_bacteria_1811.jpeg,train,1,PNEUMONIA,968,544,122.43443298339844,34.454185485839844
train/PNEUMONIA/person402_bacteria_1812.jpeg,train,1,PNEUMONIA,896,584,108.0008773803711,30.281831741333008
train/PNEUMONIA/person402_bacteria_1813.jpeg,train,1,PNEUMONIA,752,392,112.56436920166016,30.172103881835938
train/PNEUMONIA/person402_virus_799.jpeg,train,1,PNEUMONIA,1880,1584,161.3679656982422,30.05912208557129
train/PNEUMONIA/person402_virus_801.jpeg,train,1,PNEUMONIA,1872,1264,156.49598693847656,31.298765182495117
train/PNEUMONIA/person403_bacteria_1814.jpeg,train,1,PNEUMONIA,1640,920,134.61505126953125,33.09853744506836
train/PNEUMONIA/person403_virus_803.jpeg,train,1,PNEUMONIA,445,199,148.59246826171875,27.65078353881836
train/PNEUMONIA/person405_virus_805.jpeg,train,1,PNEUMONIA,1328,872,150.46780395507812,50.84563446044922
train/PNEUMONIA/person406_bacteria_1818.jpeg,train,1,PNEUMONIA,1328,1120,126.76049041748047,37.243568420410156
train/PNEUMONIA/person406_bacteria_1819.jpeg,train,1,PNEUMONIA,1400,1112,104.02838897705078,33.461185455322266
train/PNEUMONIA/person406_bacteria_1820.jpeg,train,1,PNEUMONIA,1328,1024,140.4239959716797,39.4206428527832
train/PNEUMONIA/person407_bacteria_1822.jpeg,train,1,PNEUMONIA,1106,650,118.36526489257812,40.61648178100586
train/PNEUMONIA/person407_virus_811.jpeg,train,1,PNEUMONIA,384,127,141.34832763671875,27.516653060913086
train/PNEUMONIA/person407_virus_812.jpeg,train,1,PNEUMONIA,428,172,135.760986328125,28.069095611572266
train/PNEUMONIA/person407_virus_814.jpeg,train,1,PNEUMONIA,448,173,164.44052124023438,22.880346298217773
train/PNEUMONIA/person408_bacteria_1823.jpeg,train,1,PNEUMONIA,1430,763,113.8897933959961,38.592472076416016
train/PNEUMONIA/person408_virus_815.jpeg,train,1,PNEUMONIA,1312,864,133.92642211914062,42.34674072265625
train/PNEUMONIA/person409_bacteria_1824.jpeg,train,1,PNEUMONIA,1582,1404,109.54052734375,44.87486267089844
train/PNEUMONIA/person409_virus_816.jpeg,train,1,PNEUMONIA,1512,1032,145.1606903076172,33.69914245605469
train/PNEUMONIA/person409_virus_818.jpeg,train,1,PNEUMONIA,1504,1104,153.206298828125,36.927005767822266
train/PNEUMONIA/person409_virus_820.jpeg,train,1,PNEUMONIA,1472,1216,161.27667236328125,34.5892448425293
train/PNEUMONIA/person40_bacteria_203.jpeg,train,1,PNEUMONIA,1240,1008,160.946044921875,38.081478118896484
train/PNEUMONIA/person40_bacteria_204.jpeg,train,1,PNEUMONIA,1344,920,160.0083770751953,41.13640213012695
train/PNEUMONIA/person410_bacteria_1825.jpeg,train,1,PNEUMONIA,1106,774,127.88063049316406,41.31803894042969
train/PNEUMONIA/person410_virus_821.jpeg,train,1,PNEUMONIA,2088,1728,134.7894744873047,35.55567932128906
train/PNEUMONIA/person412_bacteria_1827.jpeg,train,1,PNEUMONIA,1428,884,148.21217346191406,45.82028579711914
train/PNEUMONIA/person413_bacteria_1828.jpeg,train,1,PNEUMONIA,1232,952,122.34160614013672,32.34944152832031
train/PNEUMONIA/person413_bacteria_1829.jpeg,train,1,PNEUMONIA,1144,688,149.63316345214844,37.828582763671875
train/PNEUMONIA/person413_bacteria_1830.jpeg,train,1,PNEUMONIA,1232,952,96.78791809082031,29.937808990478516
train/PNEUMONIA/person413_bacteria_1831.jpeg,train,1,PNEUMONIA,1128,944,182.913330078125,32.066036224365234
train/PNEUMONIA/person413_bacteria_1832.jpeg,train,1,PNEUMONIA,1184,1040,128.1222381591797,38.171607971191406
train/PNEUMONIA/person413_bacteria_1833.jpeg,train,1,PNEUMONIA,1192,976,141.8045654296875,37.40062713623047
train/PNEUMONIA/person413_bacteria_1834.jpeg,train,1,PNEUMONIA,1168,944,139.45205688476562,38.08816146850586
train/PNEUMONIA/person413_virus_844.jpeg,train,1,PNEUMONIA,1280,863,138.4440155029297,42.515472412109375
train/PNEUMONIA/person414_bacteria_1835.jpeg,train,1,PNEUMONIA,1534,1264,143.97801208496094,39.196189880371094
train/PNEUMONIA/person414_virus_845.jpeg,train,1,PNEUMONIA,577,260,143.02728271484375,37.60306167602539
train/PNEUMONIA/person415_bacteria_1837.jpeg,train,1,PNEUMONIA,840,600,143.63816833496094,34.24200439453125
train/PNEUMONIA/person415_bacteria_1838.jpeg,train,1,PNEUMONIA,840,464,145.40870666503906,34.29787063598633
train/PNEUMONIA/person415_bacteria_1839.jpeg,train,1,PNEUMONIA,1072,664,87.28206634521484,31.791152954101562
train/PNEUMONIA/person416_bacteria_1840.jpeg,train,1,PNEUMONIA,1334,1075,141.9811248779297,40.14193344116211
train/PNEUMONIA/person416_virus_849.jpeg,train,1,PNEUMONIA,1282,747,148.77134704589844,38.40882110595703
train/PNEUMONIA/person417_bacteria_1841.jpeg,train,1,PNEUMONIA,1400,1224,97.83247375488281,33.46754455566406
train/PNEUMONIA/person418_bacteria_1843.jpeg,train,1,PNEUMONIA,1376,936,147.06129455566406,41.51820373535156
train/PNEUMONIA/person418_virus_852.jpeg,train,1,PNEUMONIA,1230,936,121.88745880126953,40.77539825439453
train/PNEUMONIA/person419_bacteria_1844.jpeg,train,1,PNEUMONIA,992,776,152.10214233398438,34.00027847290039
train/PNEUMONIA/person419_bacteria_1845.jpeg,train,1,PNEUMONIA,1264,856,155.26678466796875,39.33391189575195
train/PNEUMONIA/person419_virus_855.jpeg,train,1,PNEUMONIA,1896,1752,128.8373565673828,35.38503646850586
train/PNEUMONIA/person419_virus_861.jpeg,train,1,PNEUMONIA,1880,1592,140.81753540039062,33.09357833862305
train/PNEUMONIA/person41_bacteria_206.jpeg,train,1,PNEUMONIA,936,720,147.69595336914062,33.61481475830078
train/PNEUMONIA/person41_bacteria_207.jpeg,train,1,PNEUMONIA,1072,680,146.1048583984375,39.59241485595703
train/PNEUMONIA/person41_bacteria_208.jpeg,train,1,PNEUMONIA,1144,720,123.13108825683594,34.003448486328125
train/PNEUMONIA/person41_bacteria_209.jpeg,train,1,PNEUMONIA,824,568,120.91303253173828,26.249256134033203
train/PNEUMONIA/person41_bacteria_210.jpeg,train,1,PNEUMONIA,1072,648,135.74066162109375,35.25824737548828
train/PNEUMONIA/person41_bacteria_211.jpeg,train,1,PNEUMONIA,1244,658,106.11599731445312,40.72808074951172
train/PNEUMONIA/person420_bacteria_1847.jpeg,train,1,PNEUMONIA,1040,760,113.98644256591797,31.609113693237305
train/PNEUMONIA/person420_bacteria_1848.jpeg,train,1,PNEUMONIA,1000,712,116.05484771728516,31.311189651489258
train/PNEUMONIA/person420_bacteria_1849.jpeg,train,1,PNEUMONIA,960,624,139.33773803710938,37.325897216796875
train/PNEUMONIA/person420_bacteria_1850.jpeg,train,1,PNEUMONIA,1000,640,94.62879943847656,28.37183952331543
train/PNEUMONIA/person420_bacteria_1851.jpeg,train,1,PNEUMONIA,904,568,142.5267791748047,32.41611099243164
train/PNEUMONIA/person421_virus_866.jpeg,train,1,PNEUMONIA,452,180,169.52969360351562,35.48052215576172
train/PNEUMONIA/person422_bacteria_1853.jpeg,train,1,PNEUMONIA,1214,851,123.0338363647461,39.51545333862305
train/PNEUMONIA/person422_virus_867.jpeg,train,1,PNEUMONIA,479,211,162.6789093017578,25.904048919677734
train/PNEUMONIA/person423_bacteria_1854.jpeg,train,1,PNEUMONIA,1088,824,94.36551666259766,29.889318466186523
train/PNEUMONIA/person423_bacteria_1855.jpeg,train,1,PNEUMONIA,1088,728,124.11534118652344,35.45103073120117
train/PNEUMONIA/person423_bacteria_1857.jpeg,train,1,PNEUMONIA,1024,824,126.44734191894531,36.09528350830078
train/PNEUMONIA/person423_bacteria_1858.jpeg,train,1,PNEUMONIA,1128,736,100.34475708007812,32.648902893066406
train/PNEUMONIA/person423_virus_869.jpeg,train,1,PNEUMONIA,1384,959,156.45010375976562,44.15618896484375
train/PNEUMONIA/person424_bacteria_1859.jpeg,train,1,PNEUMONIA,1456,1032,178.57044982910156,29.515060424804688
train/PNEUMONIA/person425_bacteria_1860.jpeg,train,1,PNEUMONIA,1262,849,178.7252960205078,36.224815368652344
train/PNEUMONIA/person425_virus_871.jpeg,train,1,PNEUMONIA,2080,1680,171.88880920410156,26.819812774658203
train/PNEUMONIA/person426_bacteria_1862.jpeg,train,1,PNEUMONIA,1272,1032,152.15737915039062,38.285579681396484
train/PNEUMONIA/person426_virus_873.jpeg,train,1,PNEUMONIA,508,206,127.91166687011719,29.601985931396484
train/PNEUMONIA/person427_bacteria_1864.jpeg,train,1,PNEUMONIA,984,576,111.55976867675781,31.377527236938477
train/PNEUMONIA/person427_bacteria_1865.jpeg,train,1,PNEUMONIA,1008,704,126.6659164428711,34.69243621826172
train/PNEUMONIA/person427_bacteria_1866.jpeg,train,1,PNEUMONIA,976,624,157.51318359375,30.77493667602539
train/PNEUMONIA/person427_bacteria_1867.jpeg,train,1,PNEUMONIA,1000,688,132.73277282714844,38.13701248168945
train/PNEUMONIA/person427_bacteria_1868.jpeg,train,1,PNEUMONIA,968,568,131.4931640625,41.314083099365234
train/PNEUMONIA/person428_bacteria_1869.jpeg,train,1,PNEUMONIA,1330,855,122.02700805664062,33.24447250366211
train/PNEUMONIA/person429_bacteria_1870.jpeg,train,1,PNEUMONIA,1096,808,135.65086364746094,34.74333190917969
train/PNEUMONIA/person429_virus_877.jpeg,train,1,PNEUMONIA,1604,1044,135.76585388183594,50.07520294189453
train/PNEUMONIA/person430_virus_879.jpeg,train,1,PNEUMONIA,1008,670,96.60043334960938,24.705791473388672
train/PNEUMONIA/person431_bacteria_1872.jpeg,train,1,PNEUMONIA,1102,755,137.12066650390625,43.63359832763672
train/PNEUMONIA/person431_virus_880.jpeg,train,1,PNEUMONIA,1236,709,148.80726623535156,41.2930793762207
train/PNEUMONIA/person433_bacteria_1874.jpeg,train,1,PNEUMONIA,928,576,144.1399688720703,34.80162048339844
train/PNEUMONIA/person433_bacteria_1876.jpeg,train,1,PNEUMONIA,1040,528,138.09197998046875,40.26148986816406
train/PNEUMONIA/person433_virus_882.jpeg,train,1,PNEUMONIA,812,678,140.81707763671875,32.503604888916016
train/PNEUMONIA/person434_virus_884.jpeg,train,1,PNEUMONIA,851,704,174.09669494628906,28.458660125732422
train/PNEUMONIA/person435_bacteria_1879.jpeg,train,1,PNEUMONIA,1032,600,124.14849090576172,36.32152557373047
train/PNEUMONIA/person435_virus_885.jpeg,train,1,PNEUMONIA,1400,890,134.87771606445312,41.55110549926758
train/PNEUMONIA/person436_bacteria_1883.jpeg,train,1,PNEUMONIA,1508,1241,139.611328125,44.14889144897461
train/PNEUMONIA/person436_virus_886.jpeg,train,1,PNEUMONIA,1118,708,97.00994873046875,32.023094177246094
train/PNEUMONIA/person437_bacteria_1884.jpeg,train,1,PNEUMONIA,976,656,118.72883605957031,31.01923942565918
train/PNEUMONIA/person437_bacteria_1885.jpeg,train,1,PNEUMONIA,1072,832,134.60263061523438,35.609840393066406
train/PNEUMONIA/person437_bacteria_1886.jpeg,train,1,PNEUMONIA,1224,784,92.50390625,30.816301345825195
train/PNEUMONIA/person437_bacteria_1887.jpeg,train,1,PNEUMONIA,1008,608,147.33267211914062,33.294376373291016
train/PNEUMONIA/person437_virus_888.jpeg,train,1,PNEUMONIA,791,524,162.65306091308594,42.4737663269043
train/PNEUMONIA/person438_bacteria_1889.jpeg,train,1,PNEUMONIA,832,632,163.79736328125,32.80618667602539
train/PNEUMONIA/person438_bacteria_1890.jpeg,train,1,PNEUMONIA,1016,672,109.31378173828125,34.53944778442383
train/PNEUMONIA/person438_bacteria_1892.jpeg,train,1,PNEUMONIA,896,624,120.6741714477539,34.666259765625
train/PNEUMONIA/person438_bacteria_1893.jpeg,train,1,PNEUMONIA,832,672,124.25594329833984,32.70848083496094
train/PNEUMONIA/person438_virus_889.jpeg,train,1,PNEUMONIA,1310,786,108.44483184814453,47.0211181640625
train/PNEUMONIA/person439_bacteria_1895.jpeg,train,1,PNEUMONIA,1096,832,129.02224731445312,38.89215850830078
train/PNEUMONIA/person439_virus_890.jpeg,train,1,PNEUMONIA,936,648,118.49042510986328,24.391193389892578
train/PNEUMONIA/person439_virus_891.jpeg,train,1,PNEUMONIA,1224,712,120.09524536132812,33.952213287353516
train/PNEUMONIA/person43_bacteria_213.jpeg,train,1,PNEUMONIA,1216,736,164.560791015625,33.3115119934082
train/PNEUMONIA/person43_bacteria_216.jpeg,train,1,PNEUMONIA,1232,744,101.60548400878906,29.428924560546875
train/PNEUMONIA/person440_bacteria_1897.jpeg,train,1,PNEUMONIA,1072,752,134.98374938964844,36.43061447143555
train/PNEUMONIA/person440_bacteria_1898.jpeg,train,1,PNEUMONIA,1016,816,140.24246215820312,39.285152435302734
train/PNEUMONIA/person440_virus_893.jpeg,train,1,PNEUMONIA,1168,840,98.00341796875,28.113872528076172
train/PNEUMONIA/person441_bacteria_1900.jpeg,train,1,PNEUMONIA,920,608,152.0377960205078,29.160802841186523
train/PNEUMONIA/person441_bacteria_1903.jpeg,train,1,PNEUMONIA,928,672,100.16471862792969,30.900487899780273
train/PNEUMONIA/person441_bacteria_1904.jpeg,train,1,PNEUMONIA,896,544,98.10111999511719,32.7574462890625
train/PNEUMONIA/person441_bacteria_1905.jpeg,train,1,PNEUMONIA,944,656,102.70252227783203,30.4221248626709
train/PNEUMONIA/person441_bacteria_1907.jpeg,train,1,PNEUMONIA,832,584,95.91531372070312,28.64460563659668
train/PNEUMONIA/person441_bacteria_1911.jpeg,train,1,PNEUMONIA,832,592,133.71481323242188,33.161705017089844
train/PNEUMONIA/person441_bacteria_1912.jpeg,train,1,PNEUMONIA,824,560,141.50930786132812,33.87063980102539
train/PNEUMONIA/person441_bacteria_1915.jpeg,train,1,PNEUMONIA,872,656,139.54367065429688,37.21747970581055
train/PNEUMONIA/person441_bacteria_1916.jpeg,train,1,PNEUMONIA,904,672,89.64468383789062,24.680675506591797
train/PNEUMONIA/person441_bacteria_1917.jpeg,train,1,PNEUMONIA,904,712,109.38705444335938,28.718055725097656
train/PNEUMONIA/person441_bacteria_1918.jpeg,train,1,PNEUMONIA,928,568,120.78775024414062,39.46661376953125
train/PNEUMONIA/person441_virus_894.jpeg,train,1,PNEUMONIA,1562,1051,103.7900619506836,31.925525665283203
train/PNEUMONIA/person441_virus_895.jpeg,train,1,PNEUMONIA,1328,712,137.36343383789062,29.70813751220703
train/PNEUMONIA/person441_virus_896.jpeg,train,1,PNEUMONIA,1336,888,111.63912963867188,30.44122314453125
train/PNEUMONIA/person442_virus_898.jpeg,train,1,PNEUMONIA,960,536,140.2786102294922,35.2274055480957
train/PNEUMONIA/person442_virus_899.jpeg,train,1,PNEUMONIA,1072,744,102.46550750732422,27.35996437072754
train/PNEUMONIA/person442_virus_900.jpeg,train,1,PNEUMONIA,976,720,150.67845153808594,31.68115997314453
train/PNEUMONIA/person442_virus_901.jpeg,train,1,PNEUMONIA,1120,736,131.1082763671875,33.76970291137695
train/PNEUMONIA/person442_virus_902.jpeg,train,1,PNEUMONIA,976,632,117.19745635986328,26.62587547302246
train/PNEUMONIA/person442_virus_903.jpeg,train,1,PNEUMONIA,1000,680,122.10079956054688,29.814682006835938
train/PNEUMONIA/person442_virus_904.jpeg,train,1,PNEUMONIA,1072,624,139.1577606201172,34.12939453125
train/PNEUMONIA/person442_virus_905.jpeg,train,1,PNEUMONIA,1144,672,95.76591491699219,30.18221092224121
train/PNEUMONIA/person442_virus_906.jpeg,train,1,PNEUMONIA,944,560,136.18922424316406,31.35337257385254
train/PNEUMONIA/person443_bacteria_1923.jpeg,train,1,PNEUMONIA,1144,1072,116.00411987304688,35.92009735107422
train/PNEUMONIA/person443_bacteria_1924.jpeg,train,1,PNEUMONIA,1424,1056,86.58918762207031,28.408859252929688
train/PNEUMONIA/person443_bacteria_1926.jpeg,train,1,PNEUMONIA,1136,872,188.93777465820312,27.21099853515625
train/PNEUMONIA/person443_virus_908.jpeg,train,1,PNEUMONIA,1056,619,136.0762481689453,23.373855590820312
train/PNEUMONIA/person444_bacteria_1927.jpeg,train,1,PNEUMONIA,1272,1145,135.90159606933594,35.403656005859375
train/PNEUMONIA/person444_virus_911.jpeg,train,1,PNEUMONIA,1360,816,98.26982116699219,29.576770782470703
train/PNEUMONIA/person445_bacteria_1928.jpeg,train,1,PNEUMONIA,856,496,108.46295928955078,31.228492736816406
train/PNEUMONIA/person445_bacteria_1929.jpeg,train,1,PNEUMONIA,872,584,111.82202911376953,31.930530548095703
train/PNEUMONIA/person445_bacteria_1930.jpeg,train,1,PNEUMONIA,888,536,94.43534851074219,27.64833641052246
train/PNEUMONIA/person445_virus_912.jpeg,train,1,PNEUMONIA,1870,1287,148.87672424316406,40.44733428955078
train/PNEUMONIA/person445_virus_913.jpeg,train,1,PNEUMONIA,2052,1361,128.97293090820312,36.74350357055664
train/PNEUMONIA/person445_virus_914.jpeg,train,1,PNEUMONIA,1744,1200,160.39447021484375,37.514225006103516
train/PNEUMONIA/person445_virus_915.jpeg,train,1,PNEUMONIA,1552,1224,164.78053283691406,32.981563568115234
train/PNEUMONIA/person445_virus_916.jpeg,train,1,PNEUMONIA,1560,1272,116.37373352050781,37.19874572753906
train/PNEUMONIA/person445_virus_917.jpeg,train,1,PNEUMONIA,1640,936,157.4279022216797,37.2430305480957
train/PNEUMONIA/person445_virus_919.jpeg,train,1,PNEUMONIA,1760,1168,176.2772674560547,36.409515380859375
train/PNEUMONIA/person446_bacteria_1931.jpeg,train,1,PNEUMONIA,1176,856,117.18936157226562,33.76683807373047
train/PNEUMONIA/person446_virus_920.jpeg,train,1,PNEUMONIA,1238,635,129.33294677734375,47.276588439941406
train/PNEUMONIA/person447_virus_921_1.jpeg,train,1,PNEUMONIA,990,528,129.9778289794922,39.17574691772461
train/PNEUMONIA/person448_bacteria_1933.jpeg,train,1,PNEUMONIA,1104,792,115.44569396972656,32.981746673583984
train/PNEUMONIA/person448_bacteria_1934.jpeg,train,1,PNEUMONIA,1096,784,137.10508728027344,37.93107223510742
train/PNEUMONIA/person448_bacteria_1935.jpeg,train,1,PNEUMONIA,1112,824,88.84455108642578,22.420089721679688
train/PNEUMONIA/person448_bacteria_1936.jpeg,train,1,PNEUMONIA,1080,768,132.78939819335938,35.07204818725586
train/PNEUMONIA/person449_bacteria_1938.jpeg,train,1,PNEUMONIA,896,560,125.26615905761719,31.284290313720703
train/PNEUMONIA/person449_bacteria_1939.jpeg,train,1,PNEUMONIA,1048,648,81.79246520996094,21.164047241210938
train/PNEUMONIA/person449_bacteria_1940.jpeg,train,1,PNEUMONIA,888,536,113.19699096679688,28.93832015991211
train/PNEUMONIA/person44_bacteria_218.jpeg,train,1,PNEUMONIA,1696,1272,152.9636993408203,35.732948303222656
train/PNEUMONIA/person44_bacteria_219.jpeg,train,1,PNEUMONIA,1680,1328,152.33453369140625,36.63130187988281
train/PNEUMONIA/person450_bacteria_1941.jpeg,train,1,PNEUMONIA,1126,851,135.05813598632812,34.757869720458984
train/PNEUMONIA/person450_virus_931.jpeg,train,1,PNEUMONIA,1460,1067,127.74957275390625,36.181884765625
train/PNEUMONIA/person451_bacteria_1942.jpeg,train,1,PNEUMONIA,1206,878,116.07746887207031,42.52524948120117
train/PNEUMONIA/person451_virus_932.jpeg,train,1,PNEUMONIA,1372,897,132.5699462890625,39.88608932495117
train/PNEUMONIA/person452_bacteria_1943.jpeg,train,1,PNEUMONIA,1256,767,96.47279357910156,39.14105987548828
train/PNEUMONIA/person453_virus_935.jpeg,train,1,PNEUMONIA,2273,1505,125.73242950439453,53.72745895385742
train/PNEUMONIA/person453_virus_936.jpeg,train,1,PNEUMONIA,1504,936,115.51467895507812,34.079856872558594
train/PNEUMONIA/person454_bacteria_1945.jpeg,train,1,PNEUMONIA,1026,573,101.38314819335938,30.971620559692383
train/PNEUMONIA/person454_virus_938.jpeg,train,1,PNEUMONIA,1953,1692,174.77139282226562,46.516597747802734
train/PNEUMONIA/person455_bacteria_1947.jpeg,train,1,PNEUMONIA,1024,680,167.87904357910156,31.30947494506836
train/PNEUMONIA/person456_bacteria_1948.jpeg,train,1,PNEUMONIA,1040,760,107.97211456298828,26.61614990234375
train/PNEUMONIA/person456_virus_943.jpeg,train,1,PNEUMONIA,1048,604,120.10053253173828,41.57670974731445
train/PNEUMONIA/person457_bacteria_1949.jpeg,train,1,PNEUMONIA,1697,1519,150.65403747558594,50.78011703491211
train/PNEUMONIA/person457_virus_944.jpeg,train,1,PNEUMONIA,1023,719,90.7056884765625,26.76361846923828
train/PNEUMONIA/person458_bacteria_1950.jpeg,train,1,PNEUMONIA,1016,720,118.34053039550781,37.79243087768555
train/PNEUMONIA/person458_bacteria_1951.jpeg,train,1,PNEUMONIA,816,616,151.8072509765625,37.226253509521484
train/PNEUMONIA/person458_bacteria_1952.jpeg,train,1,PNEUMONIA,896,680,147.2368621826172,41.110435485839844
train/PNEUMONIA/person458_bacteria_1953.jpeg,train,1,PNEUMONIA,936,728,119.81075286865234,36.46110534667969
train/PNEUMONIA/person458_bacteria_1954.jpeg,train,1,PNEUMONIA,824,712,150.0258026123047,36.06853485107422
train/PNEUMONIA/person458_virus_945.jpeg,train,1,PNEUMONIA,2051,1417,174.1778106689453,44.61927032470703
train/PNEUMONIA/person459_bacteria_1956.jpeg,train,1,PNEUMONIA,1016,680,139.1090087890625,34.56642150878906
train/PNEUMONIA/person459_bacteria_1957.jpeg,train,1,PNEUMONIA,1288,888,117.16217041015625,40.51072692871094
train/PNEUMONIA/person459_virus_947.jpeg,train,1,PNEUMONIA,2022,1577,183.1151885986328,30.662250518798828
train/PNEUMONIA/person45_bacteria_221.jpeg,train,1,PNEUMONIA,808,488,117.77505493164062,32.52507019042969
train/PNEUMONIA/person45_bacteria_222.jpeg,train,1,PNEUMONIA,1040,615,101.57650756835938,39.8197021484375
train/PNEUMONIA/person460_bacteria_1958.jpeg,train,1,PNEUMONIA,1184,824,141.69615173339844,34.82810592651367
train/PNEUMONIA/person461_bacteria_1960.jpeg,train,1,PNEUMONIA,1449,1140,183.36044311523438,42.349586486816406
train/PNEUMONIA/person461_virus_949.jpeg,train,1,PNEUMONIA,863,574,111.53022766113281,25.184436798095703
train/PNEUMONIA/person461_virus_950.jpeg,train,1,PNEUMONIA,1008,696,139.61793518066406,33.91691970825195
train/PNEUMONIA/person462_bacteria_1961.jpeg,train,1,PNEUMONIA,896,616,125.6429443359375,36.15488052368164
train/PNEUMONIA/person462_bacteria_1967.jpeg,train,1,PNEUMONIA,904,584,135.03807067871094,31.689111709594727
train/PNEUMONIA/person462_bacteria_1968.jpeg,train,1,PNEUMONIA,1092,736,189.6774444580078,40.88414001464844
train/PNEUMONIA/person462_virus_951.jpeg,train,1,PNEUMONIA,2126,1226,166.81851196289062,46.041202545166016
train/PNEUMONIA/person463_bacteria_1971.jpeg,train,1,PNEUMONIA,944,616,148.75289916992188,32.22050476074219
train/PNEUMONIA/person463_virus_952.jpeg,train,1,PNEUMONIA,1248,736,126.45582580566406,33.13136291503906
train/PNEUMONIA/person463_virus_953.jpeg,train,1,PNEUMONIA,1306,844,120.0029296875,33.29269790649414
train/PNEUMONIA/person464_bacteria_1974.jpeg,train,1,PNEUMONIA,1312,816,122.92167663574219,33.17101287841797
train/PNEUMONIA/person464_bacteria_1975.jpeg,train,1,PNEUMONIA,1384,1102,147.2620849609375,27.627042770385742
train/PNEUMONIA/person464_virus_954.jpeg,train,1,PNEUMONIA,819,519,163.5146026611328,34.295772552490234
train/PNEUMONIA/person464_virus_956.jpeg,train,1,PNEUMONIA,944,631,148.5313262939453,34.8033447265625
train/PNEUMONIA/person465_bacteria_1976.jpeg,train,1,PNEUMONIA,1096,896,144.8615264892578,33.570411682128906
train/PNEUMONIA/person465_bacteria_1977.jpeg,train,1,PNEUMONIA,1000,672,170.7224884033203,27.468061447143555
train/PNEUMONIA/person465_bacteria_1979.jpeg,train,1,PNEUMONIA,1112,704,86.74468994140625,20.956928253173828
train/PNEUMONIA/person465_bacteria_1980.jpeg,train,1,PNEUMONIA,1080,584,130.10984802246094,31.32695198059082
train/PNEUMONIA/person465_bacteria_1981.jpeg,train,1,PNEUMONIA,1008,584,160.19273376464844,29.430950164794922
train/PNEUMONIA/person465_bacteria_1982.jpeg,train,1,PNEUMONIA,1329,810,179.87266540527344,36.82544708251953
train/PNEUMONIA/person465_virus_957.jpeg,train,1,PNEUMONIA,1488,893,116.69251251220703,38.42866134643555
train/PNEUMONIA/person466_bacteria_1984.jpeg,train,1,PNEUMONIA,650,378,139.65992736816406,28.38985252380371
train/PNEUMONIA/person466_bacteria_1986.jpeg,train,1,PNEUMONIA,1008,680,135.56834411621094,42.864524841308594
train/PNEUMONIA/person466_bacteria_1987.jpeg,train,1,PNEUMONIA,958,744,177.6328887939453,38.636783599853516
train/PNEUMONIA/person466_virus_960.jpeg,train,1,PNEUMONIA,1084,717,123.09375,37.86273193359375
train/PNEUMONIA/person467_bacteria_1988.jpeg,train,1,PNEUMONIA,1160,816,128.82701110839844,34.841896057128906
train/PNEUMONIA/person467_bacteria_1989.jpeg,train,1,PNEUMONIA,1120,704,140.20797729492188,35.220550537109375
train/PNEUMONIA/person467_virus_961.jpeg,train,1,PNEUMONIA,2309,1915,125.69705963134766,43.04544448852539
train/PNEUMONIA/person468_bacteria_1990.jpeg,train,1,PNEUMONIA,1144,792,139.70217895507812,29.51749038696289
train/PNEUMONIA/person468_bacteria_1991.jpeg,train,1,PNEUMONIA,1526,1001,171.385009765625,37.12135314941406
train/PNEUMONIA/person468_virus_963.jpeg,train,1,PNEUMONIA,2094,1551,180.93115234375,48.35220718383789
train/PNEUMONIA/person469_bacteria_1993.jpeg,train,1,PNEUMONIA,1128,808,155.67495727539062,35.357261657714844
train/PNEUMONIA/person469_bacteria_1994.jpeg,train,1,PNEUMONIA,1348,995,174.1845245361328,36.5797233581543
train/PNEUMONIA/person469_bacteria_1995.jpeg,train,1,PNEUMONIA,1255,883,166.8848419189453,36.837799072265625
train/PNEUMONIA/person469_virus_965.jpeg,train,1,PNEUMONIA,759,618,97.92434692382812,23.39093780517578
train/PNEUMONIA/person46_bacteria_224.jpeg,train,1,PNEUMONIA,1264,928,163.37290954589844,40.143638610839844
train/PNEUMONIA/person46_bacteria_225.jpeg,train,1,PNEUMONIA,1412,1029,138.53472900390625,41.018863677978516
train/PNEUMONIA/person470_bacteria_1996.jpeg,train,1,PNEUMONIA,1200,928,154.05413818359375,38.1831169128418
train/PNEUMONIA/person470_bacteria_1998.jpeg,train,1,PNEUMONIA,1248,896,84.47346496582031,20.97296905517578
train/PNEUMONIA/person470_bacteria_1999.jpeg,train,1,PNEUMONIA,1224,904,126.8440170288086,32.19855880737305
train/PNEUMONIA/person470_bacteria_2000.jpeg,train,1,PNEUMONIA,1160,872,147.66102600097656,32.06964874267578
train/PNEUMONIA/person470_bacteria_2001.jpeg,train,1,PNEUMONIA,1160,800,135.82870483398438,33.06187057495117
train/PNEUMONIA/person470_bacteria_2002.jpeg,train,1,PNEUMONIA,1350,1045,137.91574096679688,36.19114303588867
train/PNEUMONIA/person470_bacteria_2003.jpeg,train,1,PNEUMONIA,1534,1064,135.00013732910156,43.808048248291016
train/PNEUMONIA/person470_virus_966.jpeg,train,1,PNEUMONIA,795,612,158.7847900390625,27.080106735229492
train/PNEUMONIA/person471_bacteria_2004.jpeg,train,1,PNEUMONIA,1184,656,107.22422790527344,33.20201110839844
train/PNEUMONIA/person471_bacteria_2005.jpeg,train,1,PNEUMONIA,1104,736,141.621337890625,34.444908142089844
train/PNEUMONIA/person471_bacteria_2006.jpeg,train,1,PNEUMONIA,1170,889,167.8555908203125,34.15006637573242
train/PNEUMONIA/person471_virus_967.jpeg,train,1,PNEUMONIA,806,554,161.2917022705078,23.59807014465332
train/PNEUMONIA/person471_virus_968.jpeg,train,1,PNEUMONIA,831,603,169.24945068359375,30.05352210998535
train/PNEUMONIA/person472_bacteria_2007.jpeg,train,1,PNEUMONIA,966,619,138.4712371826172,27.632986068725586
train/PNEUMONIA/person472_bacteria_2008.jpeg,train,1,PNEUMONIA,1120,680,138.11317443847656,32.65694808959961
train/PNEUMONIA/person472_bacteria_2014.jpeg,train,1,PNEUMONIA,1088,648,132.53399658203125,32.460453033447266
train/PNEUMONIA/person472_bacteria_2015.jpeg,train,1,PNEUMONIA,1096,624,167.30377197265625,34.337120056152344
train/PNEUMONIA/person472_virus_969.jpeg,train,1,PNEUMONIA,1870,1282,130.993896484375,45.149192810058594
train/PNEUMONIA/person473_bacteria_2018.jpeg,train,1,PNEUMONIA,1152,672,146.49940490722656,32.38507080078125
train/PNEUMONIA/person474_virus_971.jpeg,train,1,PNEUMONIA,1424,976,162.60470581054688,43.20098876953125
train/PNEUMONIA/person475_bacteria_2020.jpeg,train,1,PNEUMONIA,1096,712,127.7755126953125,31.102317810058594
train/PNEUMONIA/person475_bacteria_2022.jpeg,train,1,PNEUMONIA,1128,768,149.99179077148438,40.40786361694336
train/PNEUMONIA/person475_bacteria_2023.jpeg,train,1,PNEUMONIA,1080,728,132.17262268066406,34.98582077026367
train/PNEUMONIA/person475_bacteria_2024.jpeg,train,1,PNEUMONIA,1072,744,125.25044250488281,31.969867706298828
train/PNEUMONIA/person475_bacteria_2025.jpeg,train,1,PNEUMONIA,1411,915,132.2415771484375,42.45732879638672
train/PNEUMONIA/person475_virus_972.jpeg,train,1,PNEUMONIA,1120,808,158.86599731445312,34.80961227416992
train/PNEUMONIA/person476_bacteria_2026.jpeg,train,1,PNEUMONIA,1450,947,133.51101684570312,45.20072937011719
train/PNEUMONIA/person477_bacteria_2028.jpeg,train,1,PNEUMONIA,1264,904,146.07449340820312,36.914955139160156
train/PNEUMONIA/person477_bacteria_2029.jpeg,train,1,PNEUMONIA,1160,1032,149.38453674316406,35.860435485839844
train/PNEUMONIA/person477_bacteria_2030.jpeg,train,1,PNEUMONIA,1232,984,128.7812957763672,36.06388854980469
train/PNEUMONIA/person477_bacteria_2031.jpeg,train,1,PNEUMONIA,1662,1585,129.2000732421875,43.59174346923828
train/PNEUMONIA/person478_bacteria_2032.jpeg,train,1,PNEUMONIA,1096,760,166.03880310058594,33.56744384765625
train/PNEUMONIA/person478_virus_975.jpeg,train,1,PNEUMONIA,1224,888,139.05616760253906,41.377296447753906
train/PNEUMONIA/person479_virus_978.jpeg,train,1,PNEUMONIA,1520,1080,157.74954223632812,44.06240463256836
train/PNEUMONIA/person47_bacteria_229.jpeg,train,1,PNEUMONIA,1318,820,113.92179870605469,35.163841247558594
train/PNEUMONIA/person480_bacteria_2038.jpeg,train,1,PNEUMONIA,1200,808,155.14927673339844,37.058956146240234
train/PNEUMONIA/person480_bacteria_2039.jpeg,train,1,PNEUMONIA,1056,760,167.9446258544922,35.831581115722656
train/PNEUMONIA/person480_bacteria_2040.jpeg,train,1,PNEUMONIA,1221,793,177.1451416015625,36.64938735961914
train/PNEUMONIA/person480_virus_981.jpeg,train,1,PNEUMONIA,788,496,159.06080627441406,32.10911178588867
train/PNEUMONIA/person481_bacteria_2041.jpeg,train,1,PNEUMONIA,1400,1088,157.68399047851562,39.96798324584961
train/PNEUMONIA/person481_bacteria_2042.jpeg,train,1,PNEUMONIA,1512,1178,158.93289184570312,37.27750778198242
train/PNEUMONIA/person482_bacteria_2044.jpeg,train,1,PNEUMONIA,992,576,148.2613983154297,37.654720306396484
train/PNEUMONIA/person482_bacteria_2045.jpeg,train,1,PNEUMONIA,1164,844,138.2806854248047,45.207340240478516
train/PNEUMONIA/person482_virus_984.jpeg,train,1,PNEUMONIA,1640,1328,144.91098022460938,45.278709411621094
train/PNEUMONIA/person483_bacteria_2046.jpeg,train,1,PNEUMONIA,1040,752,165.98129272460938,34.24103927612305
train/PNEUMONIA/person484_virus_986.jpeg,train,1,PNEUMONIA,1016,648,157.8729705810547,38.00827407836914
train/PNEUMONIA/person485_bacteria_2049.jpeg,train,1,PNEUMONIA,2334,1956,128.7794952392578,34.76935577392578
train/PNEUMONIA/person485_virus_988.jpeg,train,1,PNEUMONIA,1136,680,128.690673828125,38.86223220825195
train/PNEUMONIA/person486_bacteria_2051.jpeg,train,1,PNEUMONIA,1096,776,175.1617431640625,34.50481033325195
train/PNEUMONIA/person486_bacteria_2052.jpeg,train,1,PNEUMONIA,1168,808,162.22344970703125,37.71310043334961
train/PNEUMONIA/person486_bacteria_2053.jpeg,train,1,PNEUMONIA,1294,1052,153.15231323242188,44.633731842041016
train/PNEUMONIA/person486_bacteria_2054.jpeg,train,1,PNEUMONIA,1284,1076,160.0094757080078,37.21906661987305
train/PNEUMONIA/person486_virus_990.jpeg,train,1,PNEUMONIA,1264,688,132.325439453125,42.368919372558594
train/PNEUMONIA/person487_bacteria_2055.jpeg,train,1,PNEUMONIA,1360,1000,171.238037109375,36.080265045166016
train/PNEUMONIA/person487_bacteria_2056.jpeg,train,1,PNEUMONIA,1528,1176,148.81349182128906,40.530757904052734
train/PNEUMONIA/person487_bacteria_2057.jpeg,train,1,PNEUMONIA,1304,984,147.68075561523438,41.228572845458984
train/PNEUMONIA/person487_bacteria_2058.jpeg,train,1,PNEUMONIA,1256,1072,108.16685485839844,33.659725189208984
train/PNEUMONIA/person487_bacteria_2059.jpeg,train,1,PNEUMONIA,1248,904,166.96441650390625,33.16928482055664
train/PNEUMONIA/person487_bacteria_2060.jpeg,train,1,PNEUMONIA,1534,1203,139.57858276367188,40.36433792114258
train/PNEUMONIA/person487_virus_991.jpeg,train,1,PNEUMONIA,1072,552,130.990966796875,47.54092025756836
train/PNEUMONIA/person488_bacteria_2061.jpeg,train,1,PNEUMONIA,1216,944,138.36074829101562,30.2388973236084
train/PNEUMONIA/person488_bacteria_2062.jpeg,train,1,PNEUMONIA,1704,1156,148.24127197265625,42.04224395751953
train/PNEUMONIA/person488_virus_992.jpeg,train,1,PNEUMONIA,1656,1120,142.59715270996094,47.488059997558594
train/PNEUMONIA/person489_bacteria_2063.jpeg,train,1,PNEUMONIA,1288,768,119.52415466308594,39.9648323059082
train/PNEUMONIA/person489_bacteria_2064.jpeg,train,1,PNEUMONIA,1040,576,86.77765655517578,22.86490821838379
train/PNEUMONIA/person489_bacteria_2065.jpeg,train,1,PNEUMONIA,1032,600,142.9435272216797,38.536285400390625
train/PNEUMONIA/person489_bacteria_2066.jpeg,train,1,PNEUMONIA,1132,766,118.75239562988281,37.14422607421875
train/PNEUMONIA/person489_bacteria_2067.jpeg,train,1,PNEUMONIA,1296,844,99.39935302734375,41.76935577392578
train/PNEUMONIA/person489_virus_994.jpeg,train,1,PNEUMONIA,928,670,168.06454467773438,27.425968170166016
train/PNEUMONIA/person489_virus_995.jpeg,train,1,PNEUMONIA,659,363,176.1822509765625,32.32421875
train/PNEUMONIA/person48_bacteria_231.jpeg,train,1,PNEUMONIA,960,816,142.96746826171875,37.78776550292969
train/PNEUMONIA/person48_bacteria_232.jpeg,train,1,PNEUMONIA,1240,776,102.80769348144531,33.73820495605469
train/PNEUMONIA/person48_bacteria_233.jpeg,train,1,PNEUMONIA,1144,790,129.0106201171875,40.62844467163086
train/PNEUMONIA/person490_bacteria_2068.jpeg,train,1,PNEUMONIA,1080,800,115.14401245117188,30.649282455444336
train/PNEUMONIA/person490_bacteria_2069.jpeg,train,1,PNEUMONIA,1426,951,101.23738861083984,36.739479064941406
train/PNEUMONIA/person490_bacteria_2070.jpeg,train,1,PNEUMONIA,1384,852,118.73380279541016,44.54977035522461
train/PNEUMONIA/person490_virus_996.jpeg,train,1,PNEUMONIA,1256,776,162.16891479492188,53.34710693359375
train/PNEUMONIA/person491_bacteria_2071.jpeg,train,1,PNEUMONIA,1190,901,127.89366912841797,38.29819869995117
train/PNEUMONIA/person491_bacteria_2073.jpeg,train,1,PNEUMONIA,1016,696,124.56427001953125,31.15291404724121
train/PNEUMONIA/person491_bacteria_2075.jpeg,train,1,PNEUMONIA,1008,736,131.48403930664062,34.17592239379883
train/PNEUMONIA/person491_bacteria_2080.jpeg,train,1,PNEUMONIA,1016,664,90.80850982666016,20.881122589111328
train/PNEUMONIA/person491_bacteria_2081.jpeg,train,1,PNEUMONIA,1016,680,139.0661163330078,35.376625061035156
train/PNEUMONIA/person491_bacteria_2082.jpeg,train,1,PNEUMONIA,1096,832,94.54220581054688,28.56464195251465
train/PNEUMONIA/person491_virus_997.jpeg,train,1,PNEUMONIA,1072,504,121.11714172363281,42.74397277832031
train/PNEUMONIA/person492_bacteria_2084.jpeg,train,1,PNEUMONIA,1064,680,169.42250061035156,31.39791488647461
train/PNEUMONIA/person492_bacteria_2085.jpeg,train,1,PNEUMONIA,1342,951,115.13152313232422,48.03019332885742
train/PNEUMONIA/person492_virus_998.jpeg,train,1,PNEUMONIA,1448,1064,142.6632080078125,38.05314636230469
train/PNEUMONIA/person493_bacteria_2086.jpeg,train,1,PNEUMONIA,1184,688,142.63250732421875,35.50133514404297
train/PNEUMONIA/person493_bacteria_2087.jpeg,train,1,PNEUMONIA,1450,809,121.79605865478516,43.965675354003906
train/PNEUMONIA/person493_virus_999.jpeg,train,1,PNEUMONIA,1272,752,119.59100341796875,40.85726547241211
train/PNEUMONIA/person494_bacteria_2088.jpeg,train,1,PNEUMONIA,1580,1493,141.57473754882812,44.3454704284668
train/PNEUMONIA/person494_bacteria_2089.jpeg,train,1,PNEUMONIA,1280,896,142.95254516601562,36.544857025146484
train/PNEUMONIA/person494_bacteria_2090.jpeg,train,1,PNEUMONIA,1320,976,181.02713012695312,32.68096160888672
train/PNEUMONIA/person494_virus_1000.jpeg,train,1,PNEUMONIA,1120,680,149.56338500976562,41.83200454711914
train/PNEUMONIA/person495_bacteria_2094.jpeg,train,1,PNEUMONIA,796,469,157.85427856445312,24.941448211669922
train/PNEUMONIA/person495_virus_1001.jpeg,train,1,PNEUMONIA,1152,632,134.76119995117188,49.68374252319336
train/PNEUMONIA/person496_bacteria_2095.jpeg,train,1,PNEUMONIA,1690,1187,151.96092224121094,38.95991134643555
train/PNEUMONIA/person496_virus_1003.jpeg,train,1,PNEUMONIA,1544,1392,166.09901428222656,40.919368743896484
train/PNEUMONIA/person497_virus_1005.jpeg,train,1,PNEUMONIA,1472,1192,162.18959045410156,43.452144622802734
train/PNEUMONIA/person498_bacteria_2100.jpeg,train,1,PNEUMONIA,1398,1121,119.65489959716797,40.783782958984375
train/PNEUMONIA/person498_bacteria_2101.jpeg,train,1,PNEUMONIA,1478,1261,121.00154113769531,43.60059356689453
train/PNEUMONIA/person498_bacteria_2102.jpeg,train,1,PNEUMONIA,1538,1137,140.45025634765625,45.6766357421875
train/PNEUMONIA/person498_virus_1007.jpeg,train,1,PNEUMONIA,1216,672,133.80239868164062,49.840126037597656
train/PNEUMONIA/person499_bacteria_2103.jpeg,train,1,PNEUMONIA,1088,800,136.9727325439453,32.71105194091797
train/PNEUMONIA/person499_bacteria_2104.jpeg,train,1,PNEUMONIA,1280,963,137.3994140625,38.2265739440918
train/PNEUMONIA/person499_virus_1008.jpeg,train,1,PNEUMONIA,1424,968,148.4080047607422,49.18433380126953
train/PNEUMONIA/person49_bacteria_235.jpeg,train,1,PNEUMONIA,1000,704,127.7900161743164,30.141490936279297
train/PNEUMONIA/person49_bacteria_236.jpeg,train,1,PNEUMONIA,1192,760,140.67662048339844,38.16743469238281
train/PNEUMONIA/person49_bacteria_237.jpeg,train,1,PNEUMONIA,1356,805,146.1538543701172,45.08955383300781
train/PNEUMONIA/person500_bacteria_2105.jpeg,train,1,PNEUMONIA,1080,808,141.7135009765625,35.00483703613281
train/PNEUMONIA/person500_bacteria_2106.jpeg,train,1,PNEUMONIA,1192,760,78.61492156982422,21.324735641479492
train/PNEUMONIA/person500_bacteria_2107.jpeg,train,1,PNEUMONIA,666,441,156.2989501953125,29.686079025268555
train/PNEUMONIA/person500_bacteria_2108.jpeg,train,1,PNEUMONIA,1152,744,126.35885620117188,35.23910903930664
train/PNEUMONIA/person500_bacteria_2109.jpeg,train,1,PNEUMONIA,1104,656,154.4995880126953,37.999507904052734
train/PNEUMONIA/person500_bacteria_2110.jpeg,train,1,PNEUMONIA,1112,744,137.0791015625,33.6609001159668
train/PNEUMONIA/person500_bacteria_2111.jpeg,train,1,PNEUMONIA,1338,851,135.07501220703125,42.86592102050781
train/PNEUMONIA/person500_virus_1009.jpeg,train,1,PNEUMONIA,968,632,124.49642181396484,41.2509651184082
train/PNEUMONIA/person501_bacteria_2112.jpeg,train,1,PNEUMONIA,1088,848,128.7845916748047,34.523685455322266
train/PNEUMONIA/person501_bacteria_2113.jpeg,train,1,PNEUMONIA,1176,856,76.17178344726562,23.827810287475586
train/PNEUMONIA/person501_bacteria_2116.jpeg,train,1,PNEUMONIA,1240,932,126.9591293334961,35.89815902709961
train/PNEUMONIA/person501_virus_1010.jpeg,train,1,PNEUMONIA,1584,1024,136.2300262451172,46.09872055053711
train/PNEUMONIA/person502_bacteria_2117.jpeg,train,1,PNEUMONIA,960,688,143.6963348388672,33.96819305419922
train/PNEUMONIA/person502_bacteria_2118.jpeg,train,1,PNEUMONIA,1016,680,124.06058502197266,33.21806335449219
train/PNEUMONIA/person502_bacteria_2119.jpeg,train,1,PNEUMONIA,968,696,166.0531005859375,34.576263427734375
train/PNEUMONIA/person502_bacteria_2120.jpeg,train,1,PNEUMONIA,1112,720,116.15872192382812,35.057518005371094
train/PNEUMONIA/person502_bacteria_2121.jpeg,train,1,PNEUMONIA,1096,808,83.17137908935547,25.7954044342041
train/PNEUMONIA/person502_bacteria_2122.jpeg,train,1,PNEUMONIA,1024,744,111.95838928222656,35.042110443115234
train/PNEUMONIA/person502_bacteria_2123.jpeg,train,1,PNEUMONIA,1140,786,142.57955932617188,43.356239318847656
train/PNEUMONIA/person502_virus_1011.jpeg,train,1,PNEUMONIA,703,511,186.55422973632812,35.70419692993164
train/PNEUMONIA/person502_virus_1012.jpeg,train,1,PNEUMONIA,668,375,152.05825805664062,38.25613021850586
train/PNEUMONIA/person503_bacteria_2125.jpeg,train,1,PNEUMONIA,1208,856,139.1674346923828,34.04068374633789
train/PNEUMONIA/person503_bacteria_2126.jpeg,train,1,PNEUMONIA,1530,1140,132.76101684570312,37.84794235229492
train/PNEUMONIA/person503_virus_1013.jpeg,train,1,PNEUMONIA,1296,872,93.36688995361328,34.31227493286133
train/PNEUMONIA/person504_bacteria_2132.jpeg,train,1,PNEUMONIA,974,766,102.39847564697266,34.23263931274414
train/PNEUMONIA/person504_bacteria_2133.jpeg,train,1,PNEUMONIA,1072,658,109.1381607055664,43.81711196899414
train/PNEUMONIA/person505_bacteria_2135.jpeg,train,1,PNEUMONIA,1592,1106,132.0814208984375,44.565826416015625
train/PNEUMONIA/person505_virus_1017.jpeg,train,1,PNEUMONIA,1176,784,135.66683959960938,43.26579284667969
train/PNEUMONIA/person506_bacteria_2136.jpeg,train,1,PNEUMONIA,1064,792,186.4110870361328,32.29561996459961
train/PNEUMONIA/person506_bacteria_2138.jpeg,train,1,PNEUMONIA,1450,913,135.17239379882812,42.78681182861328
train/PNEUMONIA/person506_virus_1018.jpeg,train,1,PNEUMONIA,1328,768,140.684814453125,41.562103271484375
train/PNEUMONIA/person507_bacteria_2140.jpeg,train,1,PNEUMONIA,1200,816,119.49885559082031,39.965553283691406
train/PNEUMONIA/person507_bacteria_2141.jpeg,train,1,PNEUMONIA,968,576,147.0762481689453,39.08222961425781
train/PNEUMONIA/person507_virus_1019.jpeg,train,1,PNEUMONIA,1456,808,145.38511657714844,44.9259033203125
train/PNEUMONIA/person508_bacteria_2142.jpeg,train,1,PNEUMONIA,1168,792,90.88513946533203,25.7927303314209
train/PNEUMONIA/person508_bacteria_2143.jpeg,train,1,PNEUMONIA,1232,816,134.64955139160156,35.882747650146484
train/PNEUMONIA/person508_bacteria_2144.jpeg,train,1,PNEUMONIA,1406,879,135.01455688476562,40.70022201538086
train/PNEUMONIA/person508_virus_1021.jpeg,train,1,PNEUMONIA,764,515,171.2820281982422,33.94374084472656
train/PNEUMONIA/person509_bacteria_2145.jpeg,train,1,PNEUMONIA,1176,952,91.3221206665039,26.351293563842773
train/PNEUMONIA/person509_bacteria_2146.jpeg,train,1,PNEUMONIA,1310,797,162.65972900390625,41.22566604614258
train/PNEUMONIA/person509_virus_1024.jpeg,train,1,PNEUMONIA,926,606,157.6029815673828,33.945064544677734
train/PNEUMONIA/person509_virus_1025.jpeg,train,1,PNEUMONIA,1256,720,129.9978790283203,36.12131118774414
train/PNEUMONIA/person50_bacteria_238.jpeg,train,1,PNEUMONIA,1416,1016,136.14759826660156,39.79393005371094
train/PNEUMONIA/person510_bacteria_2147.jpeg,train,1,PNEUMONIA,1000,896,142.71897888183594,34.65235900878906
train/PNEUMONIA/person510_bacteria_2148.jpeg,train,1,PNEUMONIA,1320,808,105.06885528564453,35.378517150878906
train/PNEUMONIA/person510_bacteria_2149.jpeg,train,1,PNEUMONIA,1024,672,129.96368408203125,33.603546142578125
train/PNEUMONIA/person510_bacteria_2150.jpeg,train,1,PNEUMONIA,1246,998,155.65895080566406,42.71998977661133
train/PNEUMONIA/person510_virus_1026.jpeg,train,1,PNEUMONIA,1136,576,139.54234313964844,46.016212463378906
train/PNEUMONIA/person511_bacteria_2152.jpeg,train,1,PNEUMONIA,920,608,156.587646484375,31.35764503479004
train/PNEUMONIA/person511_bacteria_2153.jpeg,train,1,PNEUMONIA,1198,874,131.04808044433594,46.19185256958008
train/PNEUMONIA/person511_virus_1027.jpeg,train,1,PNEUMONIA,699,454,154.3274688720703,41.29332733154297
train/PNEUMONIA/person512_bacteria_2154.jpeg,train,1,PNEUMONIA,984,592,138.4622802734375,35.948944091796875
train/PNEUMONIA/person513_virus_1030.jpeg,train,1,PNEUMONIA,1488,1144,148.67445373535156,37.2937126159668
train/PNEUMONIA/person514_bacteria_2184.jpeg,train,1,PNEUMONIA,1176,784,124.17756652832031,33.15763473510742
train/PNEUMONIA/person514_virus_1031.jpeg,train,1,PNEUMONIA,766,470,131.4674072265625,30.121685028076172
train/PNEUMONIA/person515_bacteria_2186.jpeg,train,1,PNEUMONIA,1072,648,114.14585876464844,37.17856216430664
train/PNEUMONIA/person515_bacteria_2187.jpeg,train,1,PNEUMONIA,1016,584,111.65238189697266,31.635536193847656
train/PNEUMONIA/person515_bacteria_2188.jpeg,train,1,PNEUMONIA,992,608,122.39756774902344,36.30089569091797
train/PNEUMONIA/person515_bacteria_2189.jpeg,train,1,PNEUMONIA,1008,552,115.2408447265625,32.458621978759766
train/PNEUMONIA/person515_bacteria_2190.jpeg,train,1,PNEUMONIA,998,747,125.5145034790039,36.03444290161133
train/PNEUMONIA/person515_virus_1032.jpeg,train,1,PNEUMONIA,1136,680,116.34719848632812,41.707950592041016
train/PNEUMONIA/person516_bacteria_2191.jpeg,train,1,PNEUMONIA,649,334,138.19442749023438,28.93893814086914
train/PNEUMONIA/person516_virus_1033.jpeg,train,1,PNEUMONIA,1120,648,147.67477416992188,40.542640686035156
train/PNEUMONIA/person517_bacteria_2196.jpeg,train,1,PNEUMONIA,1446,1029,156.85302734375,37.74026107788086
train/PNEUMONIA/person517_virus_1034.jpeg,train,1,PNEUMONIA,1384,864,138.49087524414062,45.745849609375
train/PNEUMONIA/person518_bacteria_2197.jpeg,train,1,PNEUMONIA,1312,976,119.58551788330078,37.840606689453125
train/PNEUMONIA/person518_bacteria_2198.jpeg,train,1,PNEUMONIA,1192,792,121.83451080322266,35.28318405151367
train/PNEUMONIA/person518_bacteria_2199.jpeg,train,1,PNEUMONIA,1128,648,154.56065368652344,36.99782180786133
train/PNEUMONIA/person518_bacteria_2200.jpeg,train,1,PNEUMONIA,1298,921,139.189697265625,45.034942626953125
train/PNEUMONIA/person518_virus_1036.jpeg,train,1,PNEUMONIA,1280,968,153.32229614257812,43.20376205444336
train/PNEUMONIA/person519_virus_1038.jpeg,train,1,PNEUMONIA,1440,1168,155.45989990234375,49.70193862915039
train/PNEUMONIA/person51_bacteria_239.jpeg,train,1,PNEUMONIA,1304,832,128.1511688232422,44.987701416015625
train/PNEUMONIA/person51_bacteria_240.jpeg,train,1,PNEUMONIA,1024,696,124.44628143310547,31.337034225463867
train/PNEUMONIA/person51_bacteria_241.jpeg,train,1,PNEUMONIA,1272,920,159.10733032226562,39.864017486572266
train/PNEUMONIA/person51_bacteria_243.jpeg,train,1,PNEUMONIA,952,744,171.74964904785156,25.112890243530273
train/PNEUMONIA/person51_bacteria_244.jpeg,train,1,PNEUMONIA,1120,704,161.4916229248047,34.60858154296875
train/PNEUMONIA/person51_bacteria_245.jpeg,train,1,PNEUMONIA,1040,848,118.73075866699219,33.353614807128906
train/PNEUMONIA/person51_bacteria_246.jpeg,train,1,PNEUMONIA,1016,752,166.7034912109375,29.122034072875977
train/PNEUMONIA/person51_bacteria_248.jpeg,train,1,PNEUMONIA,1404,1006,105.99193572998047,40.401100158691406
train/PNEUMONIA/person520_bacteria_2203.jpeg,train,1,PNEUMONIA,1168,704,84.36863708496094,30.277496337890625
train/PNEUMONIA/person520_bacteria_2204.jpeg,train,1,PNEUMONIA,1000,704,141.65338134765625,35.870548248291016
train/PNEUMONIA/person520_bacteria_2205.jpeg,train,1,PNEUMONIA,1260,863,122.08435821533203,41.290592193603516
train/PNEUMONIA/person520_virus_1039.jpeg,train,1,PNEUMONIA,1448,976,137.05123901367188,40.04638671875
train/PNEUMONIA/person521_virus_1040.jpeg,train,1,PNEUMONIA,952,568,121.75914764404297,38.69798278808594
train/PNEUMONIA/person522_bacteria_2210.jpeg,train,1,PNEUMONIA,1304,832,155.2471160888672,38.04164505004883
train/PNEUMONIA/person522_virus_1041.jpeg,train,1,PNEUMONIA,942,537,139.44964599609375,34.475128173828125
train/PNEUMONIA/person523_virus_1043.jpeg,train,1,PNEUMONIA,1416,1072,167.90052795410156,43.80674743652344
train/PNEUMONIA/person524_virus_1045.jpeg,train,1,PNEUMONIA,1072,648,147.48487854003906,34.63179016113281
train/PNEUMONIA/person525_bacteria_2216.jpeg,train,1,PNEUMONIA,827,463,174.76248168945312,33.50307083129883
train/PNEUMONIA/person525_bacteria_2217.jpeg,train,1,PNEUMONIA,976,624,154.07656860351562,36.862525939941406
train/PNEUMONIA/person525_bacteria_2218.jpeg,train,1,PNEUMONIA,928,688,158.61541748046875,37.71772003173828
train/PNEUMONIA/person525_bacteria_2220.jpeg,train,1,PNEUMONIA,1218,789,125.51512145996094,44.74370574951172
train/PNEUMONIA/person525_virus_1046.jpeg,train,1,PNEUMONIA,1072,576,133.6229705810547,42.93470764160156
train/PNEUMONIA/person526_bacteria_2221.jpeg,train,1,PNEUMONIA,817,531,175.9026641845703,26.361207962036133
train/PNEUMONIA/person527_bacteria_2225.jpeg,train,1,PNEUMONIA,1176,800,121.8289566040039,32.90256118774414
train/PNEUMONIA/person527_bacteria_2226.jpeg,train,1,PNEUMONIA,1346,902,143.78001403808594,39.19041061401367
train/PNEUMONIA/person527_virus_1048.jpeg,train,1,PNEUMONIA,1104,656,122.1895523071289,35.1783447265625
train/PNEUMONIA/person528_virus_1049.jpeg,train,1,PNEUMONIA,1168,816,121.71025085449219,44.12592697143555
train/PNEUMONIA/person529_bacteria_2228.jpeg,train,1,PNEUMONIA,976,648,142.78575134277344,31.582990646362305
train/PNEUMONIA/person529_bacteria_2229.jpeg,train,1,PNEUMONIA,936,744,140.4130859375,36.62128448486328
train/PNEUMONIA/person529_bacteria_2230.jpeg,train,1,PNEUMONIA,1098,759,154.59837341308594,36.49885940551758
train/PNEUMONIA/person529_virus_1050.jpeg,train,1,PNEUMONIA,1296,816,117.33927154541016,41.84660720825195
train/PNEUMONIA/person52_bacteria_249.jpeg,train,1,PNEUMONIA,1400,840,145.93263244628906,38.69561767578125
train/PNEUMONIA/person530_bacteria_2231.jpeg,train,1,PNEUMONIA,848,616,131.38461303710938,33.30049514770508
train/PNEUMONIA/person530_bacteria_2233.jpeg,train,1,PNEUMONIA,1010,676,199.42921447753906,20.8542423248291
train/PNEUMONIA/person530_virus_1052.jpeg,train,1,PNEUMONIA,1320,936,159.12136840820312,41.405418395996094
train/PNEUMONIA/person531_bacteria_2235.jpeg,train,1,PNEUMONIA,920,744,142.5654754638672,36.59913635253906
train/PNEUMONIA/person531_bacteria_2236.jpeg,train,1,PNEUMONIA,880,632,91.32897186279297,21.387544631958008
train/PNEUMONIA/person531_bacteria_2237.jpeg,train,1,PNEUMONIA,888,712,145.33106994628906,34.2926025390625
train/PNEUMONIA/person531_bacteria_2238.jpeg,train,1,PNEUMONIA,1248,776,135.9680633544922,42.40011978149414
train/PNEUMONIA/person531_bacteria_2239.jpeg,train,1,PNEUMONIA,976,640,139.6613006591797,35.579708099365234
train/PNEUMONIA/person531_bacteria_2240.jpeg,train,1,PNEUMONIA,984,680,112.09028625488281,33.37506866455078
train/PNEUMONIA/person531_bacteria_2241.jpeg,train,1,PNEUMONIA,968,648,162.03933715820312,32.37506103515625
train/PNEUMONIA/person531_bacteria_2242.jpeg,train,1,PNEUMONIA,1144,936,138.41732788085938,42.43930435180664
train/PNEUMONIA/person531_virus_1053.jpeg,train,1,PNEUMONIA,1312,776,155.46446228027344,47.363868713378906
train/PNEUMONIA/person532_virus_1054.jpeg,train,1,PNEUMONIA,931,586,143.93560791015625,37.77273178100586
train/PNEUMONIA/person533_bacteria_2245.jpeg,train,1,PNEUMONIA,1048,608,121.20269012451172,38.425418853759766
train/PNEUMONIA/person533_bacteria_2250.jpeg,train,1,PNEUMONIA,976,600,164.80393981933594,31.354522705078125
train/PNEUMONIA/person534_bacteria_2251.jpeg,train,1,PNEUMONIA,1322,1037,124.68701171875,42.45707702636719
train/PNEUMONIA/person534_bacteria_2252.jpeg,train,1,PNEUMONIA,1160,752,121.90733337402344,32.582340240478516
train/PNEUMONIA/person534_bacteria_2253.jpeg,train,1,PNEUMONIA,1024,872,164.96994018554688,33.70516586303711
train/PNEUMONIA/person534_virus_1061.jpeg,train,1,PNEUMONIA,984,656,144.89605712890625,42.00632858276367
train/PNEUMONIA/person535_bacteria_2255.jpeg,train,1,PNEUMONIA,1944,1555,138.53732299804688,49.05513000488281
train/PNEUMONIA/person535_bacteria_2256.jpeg,train,1,PNEUMONIA,1840,1350,118.47464752197266,46.266822814941406
train/PNEUMONIA/person536_bacteria_2257.jpeg,train,1,PNEUMONIA,1112,784,160.96649169921875,30.903411865234375
train/PNEUMONIA/person536_bacteria_2258.jpeg,train,1,PNEUMONIA,1232,1000,140.42013549804688,38.71912384033203
train/PNEUMONIA/person536_bacteria_2259.jpeg,train,1,PNEUMONIA,1104,776,153.0874786376953,36.24436569213867
train/PNEUMONIA/person536_bacteria_2260.jpeg,train,1,PNEUMONIA,1176,760,162.49911499023438,36.460968017578125
train/PNEUMONIA/person536_virus_1064.jpeg,train,1,PNEUMONIA,896,578,178.80787658691406,33.948421478271484
train/PNEUMONIA/person536_virus_1065.jpeg,train,1,PNEUMONIA,1084,618,147.18743896484375,36.52650833129883
train/PNEUMONIA/person537_bacteria_2261.jpeg,train,1,PNEUMONIA,1104,888,163.1732177734375,36.246551513671875
train/PNEUMONIA/person537_bacteria_2262.jpeg,train,1,PNEUMONIA,1296,896,168.245361328125,37.654354095458984
train/PNEUMONIA/person537_bacteria_2263.jpeg,train,1,PNEUMONIA,1216,1000,140.2117919921875,39.10201644897461
train/PNEUMONIA/person537_bacteria_2264.jpeg,train,1,PNEUMONIA,1248,904,87.68983459472656,25.297929763793945
train/PNEUMONIA/person537_virus_1067.jpeg,train,1,PNEUMONIA,1112,744,126.58345794677734,46.27896499633789
train/PNEUMONIA/person538_bacteria_2268.jpeg,train,1,PNEUMONIA,1186,751,133.31333923339844,34.70259475708008
train/PNEUMONIA/person538_virus_1068.jpeg,train,1,PNEUMONIA,904,464,125.70210266113281,41.912723541259766
train/PNEUMONIA/person539_bacteria_2269.jpeg,train,1,PNEUMONIA,845,556,127.84276580810547,25.88661766052246
train/PNEUMONIA/person539_bacteria_2270.jpeg,train,1,PNEUMONIA,984,664,157.66229248046875,34.72013854980469
train/PNEUMONIA/person539_virus_1069.jpeg,train,1,PNEUMONIA,896,512,166.66590881347656,44.09305191040039
train/PNEUMONIA/person53_bacteria_252.jpeg,train,1,PNEUMONIA,1292,936,116.60021209716797,39.69007873535156
train/PNEUMONIA/person53_bacteria_253.jpeg,train,1,PNEUMONIA,1016,848,130.4344024658203,36.88730239868164
train/PNEUMONIA/person53_bacteria_254.jpeg,train,1,PNEUMONIA,1112,872,93.58319854736328,29.804582595825195
train/PNEUMONIA/person53_bacteria_255.jpeg,train,1,PNEUMONIA,1122,832,142.5986785888672,40.34759521484375
train/PNEUMONIA/person540_bacteria_2271.jpeg,train,1,PNEUMONIA,1136,888,95.55960845947266,29.933452606201172
train/PNEUMONIA/person540_bacteria_2272.jpeg,train,1,PNEUMONIA,1088,736,155.40248107910156,39.497493743896484
train/PNEUMONIA/person540_bacteria_2273.jpeg,train,1,PNEUMONIA,1292,1014,131.6227264404297,45.781761169433594
train/PNEUMONIA/person540_virus_1070.jpeg,train,1,PNEUMONIA,1680,1352,167.89892578125,47.196285247802734
train/PNEUMONIA/person541_bacteria_2274.jpeg,train,1,PNEUMONIA,1184,760,125.7169418334961,37.80059814453125
train/PNEUMONIA/person541_bacteria_2275.jpeg,train,1,PNEUMONIA,1120,744,90.82355499267578,28.285526275634766
train/PNEUMONIA/person541_virus_1071.jpeg,train,1,PNEUMONIA,1344,856,142.54580688476562,38.78452682495117
train/PNEUMONIA/person542_bacteria_2276.jpeg,train,1,PNEUMONIA,771,447,142.47129821777344,20.684499740600586
train/PNEUMONIA/person542_virus_1072.jpeg,train,1,PNEUMONIA,1232,680,147.06710815429688,41.60396194458008
train/PNEUMONIA/person543_bacteria_2279.jpeg,train,1,PNEUMONIA,920,736,173.5823974609375,32.87907028198242
train/PNEUMONIA/person543_bacteria_2280.jpeg,train,1,PNEUMONIA,1056,616,140.70364379882812,37.07394027709961
train/PNEUMONIA/person543_bacteria_2281.jpeg,train,1,PNEUMONIA,1088,584,130.98533630371094,31.68107795715332
train/PNEUMONIA/person543_bacteria_2282.jpeg,train,1,PNEUMONIA,1024,696,98.04435729980469,27.93413543701172
train/PNEUMONIA/person543_bacteria_2283.jpeg,train,1,PNEUMONIA,768,424,107.42591857910156,28.55773162841797
train/PNEUMONIA/person543_bacteria_2284.jpeg,train,1,PNEUMONIA,1172,732,147.3829345703125,34.8611946105957
train/PNEUMONIA/person543_virus_1073.jpeg,train,1,PNEUMONIA,1608,1160,154.2677764892578,46.67463302612305
train/PNEUMONIA/person544_bacteria_2286.jpeg,train,1,PNEUMONIA,1488,984,143.91763305664062,37.5079460144043
train/PNEUMONIA/person544_virus_1074.jpeg,train,1,PNEUMONIA,1664,1448,154.56809997558594,44.5950813293457
train/PNEUMONIA/person544_virus_1075.jpeg,train,1,PNEUMONIA,1752,1320,160.04342651367188,43.41413116455078
train/PNEUMONIA/person544_virus_1076.jpeg,train,1,PNEUMONIA,1608,1392,185.18841552734375,38.24656295776367
train/PNEUMONIA/person544_virus_1078.jpeg,train,1,PNEUMONIA,1864,1544,164.6569061279297,43.48085403442383
train/PNEUMONIA/person544_virus_1080.jpeg,train,1,PNEUMONIA,1712,1152,101.4843521118164,40.93158721923828
train/PNEUMONIA/person545_bacteria_2287.jpeg,train,1,PNEUMONIA,1056,736,139.33514404296875,34.24033737182617
train/PNEUMONIA/person545_bacteria_2288.jpeg,train,1,PNEUMONIA,1144,904,139.1129608154297,38.41248321533203
train/PNEUMONIA/person545_bacteria_2289.jpeg,train,1,PNEUMONIA,1008,704,169.36917114257812,31.903484344482422
train/PNEUMONIA/person545_bacteria_2290.jpeg,train,1,PNEUMONIA,1206,940,128.7929229736328,36.463134765625
train/PNEUMONIA/person545_virus_1081.jpeg,train,1,PNEUMONIA,930,655,150.55972290039062,37.01888656616211
train/PNEUMONIA/person547_bacteria_2292.jpeg,train,1,PNEUMONIA,726,436,158.70021057128906,20.62743377685547
train/PNEUMONIA/person547_bacteria_2294.jpeg,train,1,PNEUMONIA,808,597,175.91026306152344,22.563241958618164
train/PNEUMONIA/person547_bacteria_2296.jpeg,train,1,PNEUMONIA,856,475,150.72630310058594,30.10896110534668
train/PNEUMONIA/person547_virus_1086.jpeg,train,1,PNEUMONIA,1888,1424,155.6351776123047,46.023277282714844
train/PNEUMONIA/person548_bacteria_2297.jpeg,train,1,PNEUMONIA,992,704,136.01028442382812,32.416324615478516
train/PNEUMONIA/person548_bacteria_2298.jpeg,train,1,PNEUMONIA,1072,664,115.206787109375,35.28945541381836
train/PNEUMONIA/person548_bacteria_2299.jpeg,train,1,PNEUMONIA,1080,608,121.81584930419922,31.19011878967285
train/PNEUMONIA/person548_bacteria_2300.jpeg,train,1,PNEUMONIA,1032,680,131.1398162841797,35.22042465209961
train/PNEUMONIA/person548_bacteria_2301.jpeg,train,1,PNEUMONIA,992,640,156.2836456298828,32.80348205566406
train/PNEUMONIA/person548_virus_1088.jpeg,train,1,PNEUMONIA,1016,600,134.68048095703125,43.366180419921875
train/PNEUMONIA/person549_bacteria_2303.jpeg,train,1,PNEUMONIA,1032,704,133.26417541503906,38.652557373046875
train/PNEUMONIA/person549_bacteria_2304.jpeg,train,1,PNEUMONIA,880,552,127.94100189208984,31.95852279663086
train/PNEUMONIA/person549_bacteria_2305.jpeg,train,1,PNEUMONIA,976,608,96.89350891113281,30.247406005859375
train/PNEUMONIA/person549_bacteria_2307.jpeg,train,1,PNEUMONIA,1010,685,113.94567108154297,40.193504333496094
train/PNEUMONIA/person54_bacteria_257.jpeg,train,1,PNEUMONIA,1184,624,139.5483856201172,31.582937240600586
train/PNEUMONIA/person54_bacteria_258.jpeg,train,1,PNEUMONIA,1600,1164,138.49525451660156,44.798892974853516
train/PNEUMONIA/person550_bacteria_2308.jpeg,train,1,PNEUMONIA,1208,688,117.22883605957031,36.72954177856445
train/PNEUMONIA/person550_bacteria_2309.jpeg,train,1,PNEUMONIA,1410,979,105.84355926513672,43.95547866821289
train/PNEUMONIA/person550_virus_1090.jpeg,train,1,PNEUMONIA,1664,1176,165.65643310546875,44.62858963012695
train/PNEUMONIA/person551_bacteria_2311.jpeg,train,1,PNEUMONIA,1376,656,147.45741271972656,35.31494903564453
train/PNEUMONIA/person551_virus_1091.jpeg,train,1,PNEUMONIA,1344,792,153.44740295410156,47.21371841430664
train/PNEUMONIA/person552_bacteria_2313.jpeg,train,1,PNEUMONIA,972,557,172.9127960205078,24.831586837768555
train/PNEUMONIA/person553_bacteria_2316.jpeg,train,1,PNEUMONIA,1088,776,150.64781188964844,33.162593841552734
train/PNEUMONIA/person553_bacteria_2317.jpeg,train,1,PNEUMONIA,1136,840,171.7100067138672,34.909053802490234
train/PNEUMONIA/person553_virus_1093.jpeg,train,1,PNEUMONIA,1272,928,161.36058044433594,46.657291412353516
train/PNEUMONIA/person554_bacteria_2320.jpeg,train,1,PNEUMONIA,1304,744,80.36251831054688,24.551267623901367
train/PNEUMONIA/person554_bacteria_2322.jpeg,train,1,PNEUMONIA,1336,744,159.13229370117188,35.08413314819336
train/PNEUMONIA/person554_bacteria_2323.jpeg,train,1,PNEUMONIA,1384,809,142.50567626953125,32.826805114746094
train/PNEUMONIA/person554_virus_1094.jpeg,train,1,PNEUMONIA,1280,1032,159.13462829589844,48.16023635864258
train/PNEUMONIA/person555_bacteria_2325.jpeg,train,1,PNEUMONIA,928,576,143.14260864257812,32.97496795654297
train/PNEUMONIA/person556_virus_1096.jpeg,train,1,PNEUMONIA,1208,824,167.02407836914062,39.856143951416016
train/PNEUMONIA/person557_bacteria_2327.jpeg,train,1,PNEUMONIA,885,592,125.40238952636719,21.804500579833984
train/PNEUMONIA/person557_virus_1097.jpeg,train,1,PNEUMONIA,1376,968,147.47364807128906,44.416534423828125
train/PNEUMONIA/person558_bacteria_2328.jpeg,train,1,PNEUMONIA,1280,905,130.1709747314453,38.89419937133789
train/PNEUMONIA/person559_bacteria_2329.jpeg,train,1,PNEUMONIA,1422,1229,153.23501586914062,42.166473388671875
train/PNEUMONIA/person559_virus_1099.jpeg,train,1,PNEUMONIA,1352,936,157.92617797851562,44.25778579711914
train/PNEUMONIA/person55_bacteria_260.jpeg,train,1,PNEUMONIA,1448,984,150.96780395507812,42.1942024230957
train/PNEUMONIA/person55_bacteria_261.jpeg,train,1,PNEUMONIA,1240,848,126.68531036376953,35.345741271972656
train/PNEUMONIA/person55_bacteria_262.jpeg,train,1,PNEUMONIA,1192,984,144.0734405517578,34.233001708984375
train/PNEUMONIA/person55_bacteria_263.jpeg,train,1,PNEUMONIA,1256,880,147.1806182861328,36.69601058959961
train/PNEUMONIA/person55_bacteria_264.jpeg,train,1,PNEUMONIA,1192,808,154.4269561767578,36.48264694213867
train/PNEUMONIA/person55_bacteria_265.jpeg,train,1,PNEUMONIA,1526,1052,135.65272521972656,37.542213439941406
train/PNEUMONIA/person55_bacteria_266.jpeg,train,1,PNEUMONIA,1666,1176,103.50863647460938,36.10759353637695
train/PNEUMONIA/person561_bacteria_2331.jpeg,train,1,PNEUMONIA,1072,812,125.80241394042969,45.06538009643555
train/PNEUMONIA/person562_bacteria_2332.jpeg,train,1,PNEUMONIA,1352,817,103.53141784667969,29.733116149902344
train/PNEUMONIA/person562_virus_1102.jpeg,train,1,PNEUMONIA,1152,792,133.58412170410156,38.57901382446289
train/PNEUMONIA/person563_bacteria_2333.jpeg,train,1,PNEUMONIA,871,488,146.4705352783203,28.906116485595703
train/PNEUMONIA/person563_bacteria_2335.jpeg,train,1,PNEUMONIA,1056,624,132.1232452392578,34.602760314941406
train/PNEUMONIA/person563_bacteria_2337.jpeg,train,1,PNEUMONIA,992,712,133.3110809326172,34.93276596069336
train/PNEUMONIA/person563_bacteria_2338.jpeg,train,1,PNEUMONIA,1144,656,99.91532897949219,33.79538345336914
train/PNEUMONIA/person563_bacteria_2339.jpeg,train,1,PNEUMONIA,1088,568,159.9950714111328,42.05260467529297
train/PNEUMONIA/person563_bacteria_2340.jpeg,train,1,PNEUMONIA,1064,696,128.83416748046875,37.055606842041016
train/PNEUMONIA/person563_virus_1103.jpeg,train,1,PNEUMONIA,864,528,142.6733856201172,35.19114685058594
train/PNEUMONIA/person564_bacteria_2342.jpeg,train,1,PNEUMONIA,992,792,91.26737976074219,27.30605125427246
train/PNEUMONIA/person564_bacteria_2343.jpeg,train,1,PNEUMONIA,936,696,128.87046813964844,34.14862060546875
train/PNEUMONIA/person564_bacteria_2345.jpeg,train,1,PNEUMONIA,944,624,171.54229736328125,31.096797943115234
train/PNEUMONIA/person564_bacteria_2347.jpeg,train,1,PNEUMONIA,888,616,182.88401794433594,32.800540924072266
train/PNEUMONIA/person564_virus_1104.jpeg,train,1,PNEUMONIA,1208,848,155.30995178222656,45.44768142700195
train/PNEUMONIA/person565_bacteria_2348.jpeg,train,1,PNEUMONIA,736,437,151.02389526367188,29.787919998168945
train/PNEUMONIA/person565_virus_1105.jpeg,train,1,PNEUMONIA,1272,816,134.9228515625,47.33238983154297
train/PNEUMONIA/person566_bacteria_2351.jpeg,train,1,PNEUMONIA,1072,744,163.7357635498047,28.436935424804688
train/PNEUMONIA/person566_virus_1106.jpeg,train,1,PNEUMONIA,1312,696,124.22727966308594,48.92206573486328
train/PNEUMONIA/person567_bacteria_2352.jpeg,train,1,PNEUMONIA,984,712,141.4020538330078,37.22170639038086
train/PNEUMONIA/person567_bacteria_2353.jpeg,train,1,PNEUMONIA,1016,632,109.20249938964844,34.28616714477539
train/PNEUMONIA/person567_bacteria_2354.jpeg,train,1,PNEUMONIA,920,656,138.3144073486328,39.420310974121094
train/PNEUMONIA/person568_bacteria_2358.jpeg,train,1,PNEUMONIA,904,552,182.74598693847656,34.366905212402344
train/PNEUMONIA/person568_bacteria_2359.jpeg,train,1,PNEUMONIA,1064,576,125.74996948242188,33.42949676513672
train/PNEUMONIA/person569_bacteria_2360.jpeg,train,1,PNEUMONIA,952,488,120.0520248413086,32.98136520385742
train/PNEUMONIA/person569_bacteria_2362.jpeg,train,1,PNEUMONIA,880,680,146.14817810058594,36.12027359008789
train/PNEUMONIA/person569_bacteria_2363.jpeg,train,1,PNEUMONIA,1024,624,87.75601959228516,31.732891082763672
train/PNEUMONIA/person569_bacteria_2364.jpeg,train,1,PNEUMONIA,880,536,135.57923889160156,37.62004089355469
train/PNEUMONIA/person569_virus_1110.jpeg,train,1,PNEUMONIA,1128,736,150.8291473388672,41.49760818481445
train/PNEUMONIA/person56_bacteria_267.jpeg,train,1,PNEUMONIA,1080,728,115.43525695800781,24.907642364501953
train/PNEUMONIA/person56_bacteria_268.jpeg,train,1,PNEUMONIA,1216,864,112.99199676513672,30.90338134765625
train/PNEUMONIA/person56_bacteria_269.jpeg,train,1,PNEUMONIA,1392,778,127.77497100830078,41.13406753540039
train/PNEUMONIA/person570_virus_1112.jpeg,train,1,PNEUMONIA,1056,680,102.23571014404297,39.912784576416016
train/PNEUMONIA/person571_virus_1114.jpeg,train,1,PNEUMONIA,703,457,137.34671020507812,22.00827980041504
train/PNEUMONIA/person572_bacteria_2368.jpeg,train,1,PNEUMONIA,1148,720,134.77967834472656,37.72906494140625
train/PNEUMONIA/person573_bacteria_2369.jpeg,train,1,PNEUMONIA,1168,832,118.77582550048828,32.48210144042969
train/PNEUMONIA/person573_virus_1116.jpeg,train,1,PNEUMONIA,1336,880,133.27960205078125,47.95210266113281
train/PNEUMONIA/person574_bacteria_2370.jpeg,train,1,PNEUMONIA,984,584,184.1471710205078,26.783140182495117
train/PNEUMONIA/person574_bacteria_2371.jpeg,train,1,PNEUMONIA,984,584,183.9272918701172,26.636714935302734
train/PNEUMONIA/person574_bacteria_2373.jpeg,train,1,PNEUMONIA,1016,712,109.15849304199219,30.162038803100586
train/PNEUMONIA/person574_virus_1118.jpeg,train,1,PNEUMONIA,1304,712,144.78042602539062,45.58327865600586
train/PNEUMONIA/person575_bacteria_2374.jpeg,train,1,PNEUMONIA,1244,755,114.9775390625,38.282142639160156
train/PNEUMONIA/person575_virus_1119.jpeg,train,1,PNEUMONIA,1200,800,147.66534423828125,45.43766403198242
train/PNEUMONIA/person576_bacteria_2375.jpeg,train,1,PNEUMONIA,1256,1032,106.07034301757812,35.0522346496582
train/PNEUMONIA/person576_bacteria_2376.jpeg,train,1,PNEUMONIA,1184,1000,140.7045135498047,36.9492301940918
train/PNEUMONIA/person576_virus_1120.jpeg,train,1,PNEUMONIA,1160,712,126.8654556274414,40.72243881225586
train/PNEUMONIA/person577_bacteria_2378.jpeg,train,1,PNEUMONIA,1508,929,141.41241455078125,36.82537841796875
train/PNEUMONIA/person577_virus_1121.jpeg,train,1,PNEUMONIA,1344,600,75.12273406982422,29.150074005126953
train/PNEUMONIA/person578_bacteria_2379.jpeg,train,1,PNEUMONIA,1068,763,118.4095458984375,40.15422821044922
train/PNEUMONIA/person578_virus_1122.jpeg,train,1,PNEUMONIA,1440,896,116.54744720458984,45.711761474609375
train/PNEUMONIA/person579_bacteria_2381.jpeg,train,1,PNEUMONIA,824,568,117.71184539794922,31.932435989379883
train/PNEUMONIA/person579_bacteria_2382.jpeg,train,1,PNEUMONIA,944,496,108.13943481445312,30.699893951416016
train/PNEUMONIA/person579_bacteria_2383.jpeg,train,1,PNEUMONIA,992,520,132.79833984375,37.38185501098633
train/PNEUMONIA/person579_bacteria_2384.jpeg,train,1,PNEUMONIA,840,504,131.63975524902344,33.32390594482422
train/PNEUMONIA/person579_bacteria_2386.jpeg,train,1,PNEUMONIA,776,488,101.24628448486328,27.59050750732422
train/PNEUMONIA/person57_bacteria_270.jpeg,train,1,PNEUMONIA,1144,832,137.97280883789062,31.91464614868164
train/PNEUMONIA/person57_bacteria_271.jpeg,train,1,PNEUMONIA,1492,1118,129.7930450439453,38.174705505371094
train/PNEUMONIA/person580_bacteria_2388.jpeg,train,1,PNEUMONIA,896,584,131.1114044189453,33.755218505859375
train/PNEUMONIA/person581_bacteria_2390.jpeg,train,1,PNEUMONIA,1008,648,131.18955993652344,35.7097282409668
train/PNEUMONIA/person581_bacteria_2392.jpeg,train,1,PNEUMONIA,936,576,138.00962829589844,35.74543380737305
train/PNEUMONIA/person581_bacteria_2400.jpeg,train,1,PNEUMONIA,895,517,168.17701721191406,22.874826431274414
train/PNEUMONIA/person581_virus_1125.jpeg,train,1,PNEUMONIA,1736,1216,167.99024963378906,37.87971115112305
train/PNEUMONIA/person582_bacteria_2404.jpeg,train,1,PNEUMONIA,1368,1120,139.2373809814453,35.3866081237793
train/PNEUMONIA/person582_bacteria_2405.jpeg,train,1,PNEUMONIA,1440,1112,132.50001525878906,36.38953399658203
train/PNEUMONIA/person583_bacteria_2406.jpeg,train,1,PNEUMONIA,1841,1447,135.08778381347656,50.58229064941406
train/PNEUMONIA/person583_bacteria_2408.jpeg,train,1,PNEUMONIA,1360,1080,176.4341278076172,35.020408630371094
train/PNEUMONIA/person583_bacteria_2409.jpeg,train,1,PNEUMONIA,1328,928,157.8667755126953,36.16023635864258
train/PNEUMONIA/person583_virus_1127.jpeg,train,1,PNEUMONIA,1280,712,138.4876708984375,42.784751892089844
train/PNEUMONIA/person584_virus_1128.jpeg,train,1,PNEUMONIA,1256,696,134.8190460205078,46.737491607666016
train/PNEUMONIA/person585_bacteria_2413.jpeg,train,1,PNEUMONIA,1264,808,142.70164489746094,40.859500885009766
train/PNEUMONIA/person585_bacteria_2414.jpeg,train,1,PNEUMONIA,1240,800,129.29476928710938,38.08946990966797
train/PNEUMONIA/person585_bacteria_2415.jpeg,train,1,PNEUMONIA,1096,768,173.8802947998047,35.935325622558594
train/PNEUMONIA/person585_bacteria_2416.jpeg,train,1,PNEUMONIA,1208,696,138.0906524658203,37.50253677368164
train/PNEUMONIA/person585_virus_1129.jpeg,train,1,PNEUMONIA,1456,1160,150.96644592285156,46.546905517578125
train/PNEUMONIA/person586_bacteria_2417.jpeg,train,1,PNEUMONIA,765,594,146.29434204101562,30.44236946105957
train/PNEUMONIA/person586_bacteria_2418.jpeg,train,1,PNEUMONIA,928,616,101.75426483154297,33.08230209350586
train/PNEUMONIA/person586_bacteria_2420.jpeg,train,1,PNEUMONIA,824,552,149.7313232421875,31.82783317565918
train/PNEUMONIA/person586_virus_1130.jpeg,train,1,PNEUMONIA,1344,880,142.70384216308594,41.98165512084961
train/PNEUMONIA/person587_bacteria_2421.jpeg,train,1,PNEUMONIA,1056,755,123.33963012695312,40.305721282958984
train/PNEUMONIA/person588_bacteria_2422.jpeg,train,1,PNEUMONIA,1120,656,135.94970703125,37.110172271728516
train/PNEUMONIA/person588_bacteria_2423.jpeg,train,1,PNEUMONIA,1056,840,102.5747299194336,28.0358829498291
train/PNEUMONIA/person588_virus_1134.jpeg,train,1,PNEUMONIA,1024,776,110.47189331054688,41.46665573120117
train/PNEUMONIA/person589_bacteria_2424.jpeg,train,1,PNEUMONIA,1096,672,100.1523208618164,30.028989791870117
train/PNEUMONIA/person589_bacteria_2425.jpeg,train,1,PNEUMONIA,736,480,154.6328887939453,34.26919937133789
train/PNEUMONIA/person58_bacteria_272.jpeg,train,1,PNEUMONIA,936,696,135.0448455810547,33.28630447387695
train/PNEUMONIA/person58_bacteria_273.jpeg,train,1,PNEUMONIA,840,600,157.6690216064453,28.50896453857422
train/PNEUMONIA/person58_bacteria_275.jpeg,train,1,PNEUMONIA,1214,731,130.1974639892578,39.639591217041016
train/PNEUMONIA/person58_bacteria_276.jpeg,train,1,PNEUMONIA,1248,766,122.10795593261719,41.22663497924805
train/PNEUMONIA/person58_bacteria_277.jpeg,train,1,PNEUMONIA,1222,782,104.97061157226562,37.79803466796875
train/PNEUMONIA/person58_bacteria_278.jpeg,train,1,PNEUMONIA,1202,704,133.39306640625,43.07024002075195
train/PNEUMONIA/person590_bacteria_2428.jpeg,train,1,PNEUMONIA,1512,1075,115.28331756591797,32.08069610595703
train/PNEUMONIA/person590_virus_1138.jpeg,train,1,PNEUMONIA,1088,688,155.39852905273438,35.069602966308594
train/PNEUMONIA/person591_bacteria_2429.jpeg,train,1,PNEUMONIA,1592,1183,151.9746551513672,42.373355865478516
train/PNEUMONIA/person591_virus_1139.jpeg,train,1,PNEUMONIA,1288,800,153.42823791503906,44.56847381591797
train/PNEUMONIA/person592_bacteria_2431.jpeg,train,1,PNEUMONIA,856,608,126.9895248413086,35.032466888427734
train/PNEUMONIA/person592_bacteria_2434.jpeg,train,1,PNEUMONIA,654,389,210.76705932617188,24.207794189453125
train/PNEUMONIA/person592_virus_1141.jpeg,train,1,PNEUMONIA,1056,768,165.93653869628906,44.20172119140625
train/PNEUMONIA/person593_bacteria_2435.jpeg,train,1,PNEUMONIA,1040,864,114.03152465820312,28.846832275390625
train/PNEUMONIA/person593_virus_1142.jpeg,train,1,PNEUMONIA,1456,904,150.62269592285156,48.68023681640625
train/PNEUMONIA/person594_bacteria_2436.jpeg,train,1,PNEUMONIA,1416,1008,173.94097900390625,32.63908004760742
train/PNEUMONIA/person594_virus_1145.jpeg,train,1,PNEUMONIA,1312,824,163.7930450439453,38.053802490234375
train/PNEUMONIA/person595_bacteria_2438.jpeg,train,1,PNEUMONIA,1016,848,152.14047241210938,35.441871643066406
train/PNEUMONIA/person595_virus_1147.jpeg,train,1,PNEUMONIA,1536,1080,194.4519805908203,37.24083709716797
train/PNEUMONIA/person596_bacteria_2440.jpeg,train,1,PNEUMONIA,848,560,122.36686706542969,30.434404373168945
train/PNEUMONIA/person596_bacteria_2441.jpeg,train,1,PNEUMONIA,848,640,174.71263122558594,33.19743728637695
train/PNEUMONIA/person596_bacteria_2443.jpeg,train,1,PNEUMONIA,992,616,117.28640747070312,37.91526794433594
train/PNEUMONIA/person596_bacteria_2444.jpeg,train,1,PNEUMONIA,928,696,131.54945373535156,36.131744384765625
train/PNEUMONIA/person596_bacteria_2446.jpeg,train,1,PNEUMONIA,880,584,131.48658752441406,34.01586151123047
train/PNEUMONIA/person596_bacteria_2447.jpeg,train,1,PNEUMONIA,880,592,145.37164306640625,36.931663513183594
train/PNEUMONIA/person596_bacteria_2449.jpeg,train,1,PNEUMONIA,848,584,126.39228820800781,34.07381820678711
train/PNEUMONIA/person596_virus_1149.jpeg,train,1,PNEUMONIA,1448,1056,182.15603637695312,44.64750289916992
train/PNEUMONIA/person597_bacteria_2450.jpeg,train,1,PNEUMONIA,1104,672,124.3663101196289,33.45414733886719
train/PNEUMONIA/person597_bacteria_2451.jpeg,train,1,PNEUMONIA,1064,760,132.57110595703125,35.01102828979492
train/PNEUMONIA/person597_virus_1150.jpeg,train,1,PNEUMONIA,1528,1112,155.37582397460938,51.11960983276367
train/PNEUMONIA/person598_bacteria_2453.jpeg,train,1,PNEUMONIA,664,360,121.21028900146484,27.89369010925293
train/PNEUMONIA/person598_bacteria_2454.jpeg,train,1,PNEUMONIA,728,464,114.07585906982422,30.05851936340332
train/PNEUMONIA/person598_virus_1153.jpeg,train,1,PNEUMONIA,840,603,156.45176696777344,31.205583572387695
train/PNEUMONIA/person598_virus_1154.jpeg,train,1,PNEUMONIA,1111,621,131.3420867919922,33.42744827270508
train/PNEUMONIA/person599_bacteria_2455.jpeg,train,1,PNEUMONIA,1310,1029,128.8148651123047,37.03782272338867
train/PNEUMONIA/person599_virus_1155.jpeg,train,1,PNEUMONIA,1160,832,155.44578552246094,42.153690338134766
train/PNEUMONIA/person59_bacteria_279.jpeg,train,1,PNEUMONIA,840,488,116.17453002929688,31.937755584716797
train/PNEUMONIA/person59_bacteria_280.jpeg,train,1,PNEUMONIA,784,496,107.13838195800781,27.226482391357422
train/PNEUMONIA/person59_bacteria_281.jpeg,train,1,PNEUMONIA,792,584,157.56443786621094,31.019559860229492
train/PNEUMONIA/person59_bacteria_282.jpeg,train,1,PNEUMONIA,840,488,119.60639953613281,33.074710845947266
train/PNEUMONIA/person59_bacteria_283.jpeg,train,1,PNEUMONIA,816,480,126.44933319091797,30.775442123413086
train/PNEUMONIA/person59_bacteria_284.jpeg,train,1,PNEUMONIA,1122,639,113.0385513305664,40.92575454711914
train/PNEUMONIA/person5_bacteria_16.jpeg,train,1,PNEUMONIA,1168,840,102.3981704711914,35.86640548706055
train/PNEUMONIA/person5_bacteria_17.jpeg,train,1,PNEUMONIA,1120,784,123.07345581054688,39.40617752075195
train/PNEUMONIA/person5_bacteria_19.jpeg,train,1,PNEUMONIA,1160,776,147.46612548828125,43.27112579345703
train/PNEUMONIA/person600_bacteria_2456.jpeg,train,1,PNEUMONIA,1072,648,162.62843322753906,32.834808349609375
train/PNEUMONIA/person600_bacteria_2457.jpeg,train,1,PNEUMONIA,1000,680,131.31317138671875,35.68195343017578
train/PNEUMONIA/person601_bacteria_2459.jpeg,train,1,PNEUMONIA,1268,959,139.39830017089844,43.104095458984375
train/PNEUMONIA/person602_bacteria_2460.jpeg,train,1,PNEUMONIA,1288,851,116.14742279052734,39.88146209716797
train/PNEUMONIA/person603_bacteria_2461.jpeg,train,1,PNEUMONIA,1112,768,155.5265655517578,34.09064483642578
train/PNEUMONIA/person603_virus_1164.jpeg,train,1,PNEUMONIA,1160,736,151.10877990722656,41.59665298461914
train/PNEUMONIA/person604_bacteria_2462.jpeg,train,1,PNEUMONIA,952,568,158.76641845703125,29.263813018798828
train/PNEUMONIA/person605_bacteria_2464.jpeg,train,1,PNEUMONIA,888,560,109.43330383300781,27.2557373046875
train/PNEUMONIA/person605_bacteria_2465.jpeg,train,1,PNEUMONIA,1064,760,130.4429473876953,35.84079360961914
train/PNEUMONIA/person605_bacteria_2466.jpeg,train,1,PNEUMONIA,936,560,139.10186767578125,35.258392333984375
train/PNEUMONIA/person605_bacteria_2467.jpeg,train,1,PNEUMONIA,888,472,149.52886962890625,34.84820556640625
train/PNEUMONIA/person605_bacteria_2468.jpeg,train,1,PNEUMONIA,928,704,136.75645446777344,31.199613571166992
train/PNEUMONIA/person605_virus_1166.jpeg,train,1,PNEUMONIA,1336,1080,140.35121154785156,43.8652458190918
train/PNEUMONIA/person605_virus_1169.jpeg,train,1,PNEUMONIA,1504,992,93.41044616699219,37.2064323425293
train/PNEUMONIA/person606_bacteria_2469.jpeg,train,1,PNEUMONIA,1328,968,86.63861083984375,24.307540893554688
train/PNEUMONIA/person607_bacteria_2470.jpeg,train,1,PNEUMONIA,1446,1021,139.46543884277344,41.65668869018555
train/PNEUMONIA/person607_virus_1173.jpeg,train,1,PNEUMONIA,1512,1160,161.11378479003906,41.939361572265625
train/PNEUMONIA/person608_bacteria_2471.jpeg,train,1,PNEUMONIA,1024,728,111.79161834716797,26.884078979492188
train/PNEUMONIA/person608_bacteria_2472.jpeg,train,1,PNEUMONIA,1176,752,139.44789123535156,34.4934196472168
train/PNEUMONIA/person608_bacteria_2473.jpeg,train,1,PNEUMONIA,1192,672,112.90113067626953,30.13218116760254
train/PNEUMONIA/person608_virus_1175.jpeg,train,1,PNEUMONIA,1176,728,146.0291748046875,38.4334602355957
train/PNEUMONIA/person609_bacteria_2474.jpeg,train,1,PNEUMONIA,1704,1435,143.0510711669922,44.79098129272461
train/PNEUMONIA/person609_virus_1176.jpeg,train,1,PNEUMONIA,1024,656,132.29722595214844,47.48293685913086
train/PNEUMONIA/person60_bacteria_285.jpeg,train,1,PNEUMONIA,952,592,154.05694580078125,36.12422561645508
train/PNEUMONIA/person60_bacteria_286.jpeg,train,1,PNEUMONIA,920,528,162.203125,34.971778869628906
train/PNEUMONIA/person60_bacteria_287.jpeg,train,1,PNEUMONIA,1302,867,112.73416900634766,37.301021575927734
train/PNEUMONIA/person610_bacteria_2475.jpeg,train,1,PNEUMONIA,1338,1044,90.96101379394531,40.390045166015625
train/PNEUMONIA/person610_virus_1177.jpeg,train,1,PNEUMONIA,1440,1104,159.06829833984375,46.36363220214844
train/PNEUMONIA/person611_bacteria_2476.jpeg,train,1,PNEUMONIA,1560,1200,165.56817626953125,37.7476692199707
train/PNEUMONIA/person612_bacteria_2477.jpeg,train,1,PNEUMONIA,693,356,130.9870147705078,31.8620662689209
train/PNEUMONIA/person612_bacteria_2478.jpeg,train,1,PNEUMONIA,1112,624,110.47651672363281,36.27180099487305
train/PNEUMONIA/person612_virus_1179.jpeg,train,1,PNEUMONIA,1592,1328,166.7314910888672,38.24615478515625
train/PNEUMONIA/person613_virus_1181.jpeg,train,1,PNEUMONIA,1424,1168,154.4111328125,48.94668197631836
train/PNEUMONIA/person614_bacteria_2480.jpeg,train,1,PNEUMONIA,936,656,147.4736785888672,38.71479797363281
train/PNEUMONIA/person614_bacteria_2481.jpeg,train,1,PNEUMONIA,1080,648,123.11941528320312,35.24798583984375
train/PNEUMONIA/person614_bacteria_2483.jpeg,train,1,PNEUMONIA,920,576,156.31204223632812,39.390438079833984
train/PNEUMONIA/person614_virus_1183.jpeg,train,1,PNEUMONIA,1240,760,132.06813049316406,48.69866943359375
train/PNEUMONIA/person615_virus_1184.jpeg,train,1,PNEUMONIA,1752,1264,171.5551300048828,45.38059616088867
train/PNEUMONIA/person616_bacteria_2487.jpeg,train,1,PNEUMONIA,1206,848,134.68527221679688,35.2344856262207
train/PNEUMONIA/person617_bacteria_2488.jpeg,train,1,PNEUMONIA,1422,952,131.0410614013672,32.1274299621582
train/PNEUMONIA/person617_virus_1187.jpeg,train,1,PNEUMONIA,1360,776,133.779052734375,46.739261627197266
train/PNEUMONIA/person618_virus_1189.jpeg,train,1,PNEUMONIA,1152,664,146.55577087402344,46.14120864868164
train/PNEUMONIA/person619_bacteria_2491.jpeg,train,1,PNEUMONIA,1456,1104,120.78768157958984,35.597225189208984
train/PNEUMONIA/person619_virus_1190.jpeg,train,1,PNEUMONIA,1728,1008,148.3453826904297,45.62178039550781
train/PNEUMONIA/person61_bacteria_289.jpeg,train,1,PNEUMONIA,976,768,128.1077880859375,33.76616668701172
train/PNEUMONIA/person61_bacteria_290.jpeg,train,1,PNEUMONIA,968,672,132.38197326660156,32.92145919799805
train/PNEUMONIA/person61_bacteria_291.jpeg,train,1,PNEUMONIA,848,640,149.3887176513672,34.027400970458984
train/PNEUMONIA/person61_bacteria_292.jpeg,train,1,PNEUMONIA,968,744,112.84564208984375,35.17374038696289
train/PNEUMONIA/person61_bacteria_293.jpeg,train,1,PNEUMONIA,984,784,145.05970764160156,37.73229217529297
train/PNEUMONIA/person61_bacteria_294.jpeg,train,1,PNEUMONIA,1024,632,143.05445861816406,38.53301239013672
train/PNEUMONIA/person61_bacteria_295.jpeg,train,1,PNEUMONIA,1096,784,143.0491943359375,38.84783172607422
train/PNEUMONIA/person61_bacteria_296.jpeg,train,1,PNEUMONIA,1264,1071,109.29673767089844,47.25639724731445
train/PNEUMONIA/person61_bacteria_297.jpeg,train,1,PNEUMONIA,1252,990,117.60783386230469,45.703128814697266
train/PNEUMONIA/person620_virus_1191.jpeg,train,1,PNEUMONIA,1368,840,158.07362365722656,37.31427001953125
train/PNEUMONIA/person620_virus_1192.jpeg,train,1,PNEUMONIA,1416,864,157.8916015625,40.14516067504883
train/PNEUMONIA/person621_virus_1194.jpeg,train,1,PNEUMONIA,791,615,160.27796936035156,28.94713592529297
train/PNEUMONIA/person622_bacteria_2494.jpeg,train,1,PNEUMONIA,1381,1044,117.47056579589844,45.17560577392578
train/PNEUMONIA/person622_virus_1196.jpeg,train,1,PNEUMONIA,1360,1048,170.58587646484375,43.22787094116211
train/PNEUMONIA/person623_bacteria_2495.jpeg,train,1,PNEUMONIA,1088,752,173.55401611328125,32.274742126464844
train/PNEUMONIA/person623_virus_1197.jpeg,train,1,PNEUMONIA,1216,832,156.73245239257812,42.27389144897461
train/PNEUMONIA/person624_bacteria_2497.jpeg,train,1,PNEUMONIA,1442,898,143.0801544189453,36.244590759277344
train/PNEUMONIA/person624_virus_1198.jpeg,train,1,PNEUMONIA,1336,824,157.94078063964844,46.10750198364258
train/PNEUMONIA/person625_bacteria_2499.jpeg,train,1,PNEUMONIA,944,560,135.7436981201172,34.07159423828125
train/PNEUMONIA/person625_bacteria_2500.jpeg,train,1,PNEUMONIA,992,600,138.30731201171875,34.87962341308594
train/PNEUMONIA/person625_virus_1199.jpeg,train,1,PNEUMONIA,1408,1128,157.6175079345703,45.69441223144531
train/PNEUMONIA/person626_bacteria_2502.jpeg,train,1,PNEUMONIA,759,409,116.40974426269531,21.868589401245117
train/PNEUMONIA/person626_virus_1202.jpeg,train,1,PNEUMONIA,1416,1160,189.0384521484375,25.341432571411133
train/PNEUMONIA/person627_virus_1204.jpeg,train,1,PNEUMONIA,968,608,120.61449432373047,40.544578552246094
train/PNEUMONIA/person628_bacteria_2505.jpeg,train,1,PNEUMONIA,1650,1253,131.04733276367188,40.05220031738281
train/PNEUMONIA/person628_virus_1206.jpeg,train,1,PNEUMONIA,1400,968,155.76966857910156,44.620697021484375
train/PNEUMONIA/person629_bacteria_2506.jpeg,train,1,PNEUMONIA,1008,576,113.05072784423828,32.17816925048828
train/PNEUMONIA/person629_bacteria_2508.jpeg,train,1,PNEUMONIA,920,648,104.88948059082031,29.63164710998535
train/PNEUMONIA/person629_bacteria_2509.jpeg,train,1,PNEUMONIA,904,664,139.33535766601562,34.3747444152832
train/PNEUMONIA/person629_bacteria_2510.jpeg,train,1,PNEUMONIA,904,568,147.45327758789062,33.117286682128906
train/PNEUMONIA/person62_bacteria_298.jpeg,train,1,PNEUMONIA,1372,948,138.0627899169922,38.19830322265625
train/PNEUMONIA/person62_bacteria_299.jpeg,train,1,PNEUMONIA,1152,856,124.46379852294922,38.14072036743164
train/PNEUMONIA/person62_bacteria_301.jpeg,train,1,PNEUMONIA,1064,896,140.2139129638672,38.26234817504883
train/PNEUMONIA/person62_bacteria_302.jpeg,train,1,PNEUMONIA,1348,979,139.67294311523438,42.324607849121094
train/PNEUMONIA/person630_bacteria_2512.jpeg,train,1,PNEUMONIA,1110,886,132.2887420654297,41.720787048339844
train/PNEUMONIA/person630_bacteria_2513.jpeg,train,1,PNEUMONIA,920,760,90.7261734008789,24.497512817382812
train/PNEUMONIA/person630_bacteria_2514.jpeg,train,1,PNEUMONIA,936,768,148.270263671875,36.14423370361328
train/PNEUMONIA/person630_bacteria_2515.jpeg,train,1,PNEUMONIA,920,808,140.3675537109375,36.82893371582031
train/PNEUMONIA/person630_bacteria_2516.jpeg,train,1,PNEUMONIA,968,624,170.10679626464844,33.32182693481445
train/PNEUMONIA/person630_virus_1209.jpeg,train,1,PNEUMONIA,823,655,159.93655395507812,33.09164810180664
train/PNEUMONIA/person632_bacteria_2520.jpeg,train,1,PNEUMONIA,936,568,125.221435546875,30.893491744995117
train/PNEUMONIA/person632_bacteria_2521.jpeg,train,1,PNEUMONIA,1032,712,135.10800170898438,35.262657165527344
train/PNEUMONIA/person632_virus_1211.jpeg,train,1,PNEUMONIA,1624,1072,154.67233276367188,40.56180191040039
train/PNEUMONIA/person634_bacteria_2525.jpeg,train,1,PNEUMONIA,1240,832,188.8583984375,31.768163681030273
train/PNEUMONIA/person635_bacteria_2526.jpeg,train,1,PNEUMONIA,1431,1058,126.96662902832031,48.70403289794922
train/PNEUMONIA/person636_bacteria_2527.jpeg,train,1,PNEUMONIA,689,366,176.43014526367188,14.225135803222656
train/PNEUMONIA/person637_bacteria_2528.jpeg,train,1,PNEUMONIA,920,472,133.2757568359375,30.47675323486328
train/PNEUMONIA/person637_virus_1218.jpeg,train,1,PNEUMONIA,1312,928,167.02760314941406,34.862972259521484
train/PNEUMONIA/person639_virus_1220.jpeg,train,1,PNEUMONIA,1064,552,106.82643127441406,28.766584396362305
train/PNEUMONIA/person63_bacteria_306.jpeg,train,1,PNEUMONIA,1048,736,137.04869079589844,32.41145706176758
train/PNEUMONIA/person640_bacteria_2532.jpeg,train,1,PNEUMONIA,1733,1253,118.300537109375,45.57817459106445
train/PNEUMONIA/person641_virus_1222.jpeg,train,1,PNEUMONIA,1088,536,109.3752212524414,41.59548568725586
train/PNEUMONIA/person642_virus_1223.jpeg,train,1,PNEUMONIA,1184,928,172.70974731445312,36.026126861572266
train/PNEUMONIA/person643_bacteria_2534.jpeg,train,1,PNEUMONIA,992,656,146.17330932617188,38.51601791381836
train/PNEUMONIA/person644_bacteria_2536.jpeg,train,1,PNEUMONIA,1040,528,93.5537109375,29.10133934020996
train/PNEUMONIA/person644_virus_1225.jpeg,train,1,PNEUMONIA,1048,584,147.2094268798828,36.337608337402344
train/PNEUMONIA/person645_bacteria_2537.jpeg,train,1,PNEUMONIA,1082,658,134.90025329589844,39.138343811035156
train/PNEUMONIA/person645_virus_1226.jpeg,train,1,PNEUMONIA,1328,792,139.2132110595703,49.939510345458984
train/PNEUMONIA/person647_virus_1228.jpeg,train,1,PNEUMONIA,1416,1128,188.6498565673828,25.718639373779297
train/PNEUMONIA/person647_virus_1229.jpeg,train,1,PNEUMONIA,1704,1544,129.14321899414062,40.396934509277344
train/PNEUMONIA/person648_virus_1230.jpeg,train,1,PNEUMONIA,992,784,144.9840087890625,38.99076461791992
train/PNEUMONIA/person649_virus_1231.jpeg,train,1,PNEUMONIA,1192,864,171.27767944335938,35.9333381652832
train/PNEUMONIA/person64_bacteria_312.jpeg,train,1,PNEUMONIA,848,504,153.3196258544922,27.194108963012695
train/PNEUMONIA/person64_bacteria_316.jpeg,train,1,PNEUMONIA,1287,653,166.72836303710938,27.341182708740234
train/PNEUMONIA/person64_bacteria_317.jpeg,train,1,PNEUMONIA,828,485,150.56455993652344,22.921184539794922
train/PNEUMONIA/person64_bacteria_318.jpeg,train,1,PNEUMONIA,846,468,164.5369873046875,20.901893615722656
train/PNEUMONIA/person64_bacteria_319.jpeg,train,1,PNEUMONIA,864,535,123.2475814819336,20.05344009399414
train/PNEUMONIA/person64_bacteria_320.jpeg,train,1,PNEUMONIA,990,614,160.98304748535156,23.34210968017578
train/PNEUMONIA/person650_bacteria_2542.jpeg,train,1,PNEUMONIA,936,624,107.25345611572266,28.57242774963379
train/PNEUMONIA/person650_virus_1232.jpeg,train,1,PNEUMONIA,1248,664,124.15719604492188,50.60288619995117
train/PNEUMONIA/person651_bacteria_2543.jpeg,train,1,PNEUMONIA,904,560,92.13221740722656,26.521467208862305
train/PNEUMONIA/person652_bacteria_2544.jpeg,train,1,PNEUMONIA,1392,901,119.42806243896484,44.349613189697266
train/PNEUMONIA/person652_virus_1234.jpeg,train,1,PNEUMONIA,1176,744,121.13370513916016,42.604827880859375
train/PNEUMONIA/person653_bacteria_2545.jpeg,train,1,PNEUMONIA,1136,784,130.23001098632812,35.93198776245117
train/PNEUMONIA/person653_virus_1235.jpeg,train,1,PNEUMONIA,1224,888,173.80772399902344,45.09403991699219
train/PNEUMONIA/person654_bacteria_2546.jpeg,train,1,PNEUMONIA,1160,824,113.0149917602539,35.67842483520508
train/PNEUMONIA/person655_bacteria_2547.jpeg,train,1,PNEUMONIA,1008,704,79.74700164794922,23.46271324157715
train/PNEUMONIA/person656_bacteria_2548.jpeg,train,1,PNEUMONIA,1144,592,129.88613891601562,44.787784576416016
train/PNEUMONIA/person656_virus_1238.jpeg,train,1,PNEUMONIA,1568,1096,166.01437377929688,42.522117614746094
train/PNEUMONIA/person657_bacteria_2549.jpeg,train,1,PNEUMONIA,1226,655,129.8677520751953,47.46579360961914
train/PNEUMONIA/person657_virus_1240.jpeg,train,1,PNEUMONIA,1616,912,136.10659790039062,50.1185417175293
train/PNEUMONIA/person658_bacteria_2550.jpeg,train,1,PNEUMONIA,864,544,135.56619262695312,35.741268157958984
train/PNEUMONIA/person658_virus_1241.jpeg,train,1,PNEUMONIA,1392,912,140.41566467285156,46.294921875
train/PNEUMONIA/person659_bacteria_2551.jpeg,train,1,PNEUMONIA,992,608,155.3463897705078,38.49953079223633
train/PNEUMONIA/person659_virus_1243.jpeg,train,1,PNEUMONIA,1432,1160,150.53695678710938,43.82199478149414
train/PNEUMONIA/person65_bacteria_322.jpeg,train,1,PNEUMONIA,1189,720,163.6936492919922,19.180461883544922
train/PNEUMONIA/person660_bacteria_2552.jpeg,train,1,PNEUMONIA,1024,624,136.81553649902344,37.15610885620117
train/PNEUMONIA/person660_virus_1244.jpeg,train,1,PNEUMONIA,1232,848,146.00234985351562,46.228424072265625
train/PNEUMONIA/person661_bacteria_2553.jpeg,train,1,PNEUMONIA,864,480,146.5376739501953,28.945533752441406
train/PNEUMONIA/person661_virus_1245.jpeg,train,1,PNEUMONIA,1264,896,165.68069458007812,35.18073272705078
train/PNEUMONIA/person662_bacteria_2554.jpeg,train,1,PNEUMONIA,928,656,171.76499938964844,28.974517822265625
train/PNEUMONIA/person662_virus_1246.jpeg,train,1,PNEUMONIA,1552,1224,160.0317840576172,35.494911193847656
train/PNEUMONIA/person663_bacteria_2555.jpeg,train,1,PNEUMONIA,1164,809,135.7187957763672,45.4282341003418
train/PNEUMONIA/person663_virus_1247.jpeg,train,1,PNEUMONIA,1104,684,144.1556854248047,38.51555252075195
train/PNEUMONIA/person663_virus_1248.jpeg,train,1,PNEUMONIA,1216,872,124.46862030029297,40.52597427368164
train/PNEUMONIA/person664_virus_1249.jpeg,train,1,PNEUMONIA,1464,1296,162.65249633789062,44.6356086730957
train/PNEUMONIA/person665_bacteria_2557.jpeg,train,1,PNEUMONIA,1080,720,154.15090942382812,36.402976989746094
train/PNEUMONIA/person665_virus_1250.jpeg,train,1,PNEUMONIA,952,544,109.4726333618164,46.451377868652344
train/PNEUMONIA/person666_bacteria_2558.jpeg,train,1,PNEUMONIA,1320,792,148.78082275390625,32.50986862182617
train/PNEUMONIA/person666_virus_1251.jpeg,train,1,PNEUMONIA,936,684,163.67205810546875,33.44956970214844
train/PNEUMONIA/person667_virus_1252.jpeg,train,1,PNEUMONIA,1520,968,153.08494567871094,45.300846099853516
train/PNEUMONIA/person667_virus_1253.jpeg,train,1,PNEUMONIA,1528,1120,161.30581665039062,47.29021453857422
train/PNEUMONIA/person669_bacteria_2561.jpeg,train,1,PNEUMONIA,1016,576,136.8330535888672,31.694795608520508
train/PNEUMONIA/person669_bacteria_2562.jpeg,train,1,PNEUMONIA,976,552,145.26824951171875,35.402687072753906
train/PNEUMONIA/person669_virus_1255.jpeg,train,1,PNEUMONIA,929,435,165.67221069335938,45.27200698852539
train/PNEUMONIA/person66_bacteria_323.jpeg,train,1,PNEUMONIA,944,608,158.70523071289062,35.41593933105469
train/PNEUMONIA/person66_bacteria_324.jpeg,train,1,PNEUMONIA,1016,656,131.49192810058594,35.982398986816406
train/PNEUMONIA/person66_bacteria_325.jpeg,train,1,PNEUMONIA,904,560,120.00975799560547,28.65190315246582
train/PNEUMONIA/person66_bacteria_326.jpeg,train,1,PNEUMONIA,1176,728,123.13651275634766,36.25230407714844
train/PNEUMONIA/person670_bacteria_2563.jpeg,train,1,PNEUMONIA,992,736,159.1021270751953,31.058589935302734
train/PNEUMONIA/person670_virus_1256.jpeg,train,1,PNEUMONIA,877,523,124.0848388671875,33.46000289916992
train/PNEUMONIA/person670_virus_1259.jpeg,train,1,PNEUMONIA,810,391,133.73524475097656,26.42282485961914
train/PNEUMONIA/person671_bacteria_2564.jpeg,train,1,PNEUMONIA,832,528,146.28343200683594,30.97527503967285
train/PNEUMONIA/person671_virus_1260.jpeg,train,1,PNEUMONIA,856,577,164.57839965820312,27.308963775634766
train/PNEUMONIA/person672_virus_1261.jpeg,train,1,PNEUMONIA,1408,872,147.4014434814453,47.89175033569336
train/PNEUMONIA/person673_bacteria_2566.jpeg,train,1,PNEUMONIA,848,552,124.61969757080078,31.60468101501465
train/PNEUMONIA/person674_bacteria_2568.jpeg,train,1,PNEUMONIA,1381,1044,112.75088500976562,46.70542526245117
train/PNEUMONIA/person675_bacteria_2569.jpeg,train,1,PNEUMONIA,705,373,152.20652770996094,29.76152801513672
train/PNEUMONIA/person677_bacteria_2571.jpeg,train,1,PNEUMONIA,944,696,133.53091430664062,30.05240821838379
train/PNEUMONIA/person677_virus_1268.jpeg,train,1,PNEUMONIA,1144,632,96.28425598144531,46.71881103515625
train/PNEUMONIA/person678_bacteria_2572.jpeg,train,1,PNEUMONIA,1790,1145,125.57606506347656,45.02936935424805
train/PNEUMONIA/person679_virus_1270.jpeg,train,1,PNEUMONIA,1496,1040,163.48265075683594,48.2744026184082
train/PNEUMONIA/person67_bacteria_328.jpeg,train,1,PNEUMONIA,848,488,119.48149871826172,32.08344650268555
train/PNEUMONIA/person67_bacteria_329.jpeg,train,1,PNEUMONIA,792,448,126.94657897949219,29.134517669677734
train/PNEUMONIA/person67_bacteria_330.jpeg,train,1,PNEUMONIA,832,440,123.04188537597656,33.279293060302734
train/PNEUMONIA/person67_bacteria_331.jpeg,train,1,PNEUMONIA,832,568,126.60617065429688,33.736572265625
train/PNEUMONIA/person67_bacteria_332.jpeg,train,1,PNEUMONIA,728,392,120.89923095703125,25.558921813964844
train/PNEUMONIA/person67_bacteria_333.jpeg,train,1,PNEUMONIA,664,472,163.44300842285156,25.741281509399414
train/PNEUMONIA/person67_bacteria_334.jpeg,train,1,PNEUMONIA,948,542,135.04493713378906,39.07917785644531
train/PNEUMONIA/person680_bacteria_2575.jpeg,train,1,PNEUMONIA,789,469,172.91244506835938,32.750022888183594
train/PNEUMONIA/person681_bacteria_2576.jpeg,train,1,PNEUMONIA,1172,859,152.82745361328125,37.990482330322266
train/PNEUMONIA/person681_virus_1272.jpeg,train,1,PNEUMONIA,1072,800,124.60002899169922,36.991580963134766
train/PNEUMONIA/person683_bacteria_2578.jpeg,train,1,PNEUMONIA,1408,992,132.5447998046875,34.14262008666992
train/PNEUMONIA/person684_bacteria_2580.jpeg,train,1,PNEUMONIA,1128,704,149.5479278564453,40.708702087402344
train/PNEUMONIA/person684_virus_1275.jpeg,train,1,PNEUMONIA,1256,880,152.84881591796875,38.59266662597656
train/PNEUMONIA/person685_bacteria_2581.jpeg,train,1,PNEUMONIA,1112,688,161.3828125,30.58087730407715
train/PNEUMONIA/person687_bacteria_2583.jpeg,train,1,PNEUMONIA,948,763,122.26748657226562,38.62104797363281
train/PNEUMONIA/person688_bacteria_2584.jpeg,train,1,PNEUMONIA,872,528,161.4287567138672,33.606510162353516
train/PNEUMONIA/person688_virus_1281.jpeg,train,1,PNEUMONIA,1136,1024,147.40423583984375,37.08060073852539
train/PNEUMONIA/person688_virus_1282.jpeg,train,1,PNEUMONIA,1136,1024,147.40423583984375,37.08060073852539
train/PNEUMONIA/person689_bacteria_2585.jpeg,train,1,PNEUMONIA,992,736,153.46669006347656,32.425048828125
train/PNEUMONIA/person689_bacteria_2586.jpeg,train,1,PNEUMONIA,1000,728,142.48971557617188,36.916587829589844
train/PNEUMONIA/person68_bacteria_335.jpeg,train,1,PNEUMONIA,1032,824,163.65367126464844,34.67186737060547
train/PNEUMONIA/person68_bacteria_336.jpeg,train,1,PNEUMONIA,1148,805,151.05975341796875,40.90706253051758
train/PNEUMONIA/person68_bacteria_337.jpeg,train,1,PNEUMONIA,1222,886,141.92828369140625,43.65290451049805
train/PNEUMONIA/person692_bacteria_2589.jpeg,train,1,PNEUMONIA,992,800,145.42198181152344,31.569534301757812
train/PNEUMONIA/person692_virus_1286.jpeg,train,1,PNEUMONIA,1240,912,96.85353088378906,35.81604766845703
train/PNEUMONIA/person696_bacteria_2594.jpeg,train,1,PNEUMONIA,823,459,141.79745483398438,28.03766632080078
train/PNEUMONIA/person698_virus_1294.jpeg,train,1,PNEUMONIA,1192,808,167.8551025390625,30.13648223876953
train/PNEUMONIA/person699_bacteria_2598.jpeg,train,1,PNEUMONIA,984,648,118.44142150878906,31.386112213134766
train/PNEUMONIA/person699_virus_1295.jpeg,train,1,PNEUMONIA,1016,632,122.93111419677734,32.46708679199219
train/PNEUMONIA/person69_bacteria_338.jpeg,train,1,PNEUMONIA,850,560,175.17642211914062,16.976390838623047
train/PNEUMONIA/person6_bacteria_22.jpeg,train,1,PNEUMONIA,928,752,124.17695617675781,35.556129455566406
train/PNEUMONIA/person700_bacteria_2599.jpeg,train,1,PNEUMONIA,1276,917,136.12889099121094,41.88866424560547
train/PNEUMONIA/person701_bacteria_2600.jpeg,train,1,PNEUMONIA,1658,1010,131.1707000732422,44.56593322753906
train/PNEUMONIA/person702_virus_1299.jpeg,train,1,PNEUMONIA,1836,1535,132.19383239746094,47.824459075927734
train/PNEUMONIA/person703_virus_1300.jpeg,train,1,PNEUMONIA,1766,1403,127.52420806884766,37.6005744934082
train/PNEUMONIA/person704_bacteria_2603.jpeg,train,1,PNEUMONIA,936,624,145.32057189941406,31.50929832458496
train/PNEUMONIA/person704_virus_1301.jpeg,train,1,PNEUMONIA,1136,728,133.8950653076172,36.55260467529297
train/PNEUMONIA/person705_virus_1302.jpeg,train,1,PNEUMONIA,1080,808,137.20936584472656,37.1619873046875
train/PNEUMONIA/person705_virus_1303.jpeg,train,1,PNEUMONIA,1016,816,155.21197509765625,36.027095794677734
train/PNEUMONIA/person707_bacteria_2606.jpeg,train,1,PNEUMONIA,992,712,123.07609558105469,38.94454574584961
train/PNEUMONIA/person707_virus_1305.jpeg,train,1,PNEUMONIA,1748,1202,116.06140899658203,45.38753128051758
train/PNEUMONIA/person709_bacteria_2608.jpeg,train,1,PNEUMONIA,889,569,161.35528564453125,21.318517684936523
train/PNEUMONIA/person70_bacteria_341.jpeg,train,1,PNEUMONIA,952,600,128.08677673339844,35.284488677978516
train/PNEUMONIA/person70_bacteria_342.jpeg,train,1,PNEUMONIA,1016,560,115.0342025756836,34.95340347290039
train/PNEUMONIA/person70_bacteria_344.jpeg,train,1,PNEUMONIA,896,488,115.49095916748047,31.632871627807617
train/PNEUMONIA/person70_bacteria_345.jpeg,train,1,PNEUMONIA,944,576,133.67613220214844,38.77077102661133
train/PNEUMONIA/person710_bacteria_2611.jpeg,train,1,PNEUMONIA,1214,739,82.0359115600586,25.92639923095703
train/PNEUMONIA/person710_virus_1308.jpeg,train,1,PNEUMONIA,928,552,132.5682830810547,31.106815338134766
train/PNEUMONIA/person711_bacteria_2612.jpeg,train,1,PNEUMONIA,1064,616,154.2418670654297,32.361366271972656
train/PNEUMONIA/person711_virus_1309.jpeg,train,1,PNEUMONIA,888,568,121.84544372558594,29.522533416748047
train/PNEUMONIA/person712_bacteria_2613.jpeg,train,1,PNEUMONIA,944,784,111.86270141601562,29.332015991210938
train/PNEUMONIA/person712_virus_1310.jpeg,train,1,PNEUMONIA,645,462,169.19033813476562,22.427114486694336
train/PNEUMONIA/person713_bacteria_2614.jpeg,train,1,PNEUMONIA,848,632,110.39501953125,35.396018981933594
train/PNEUMONIA/person714_bacteria_2615.jpeg,train,1,PNEUMONIA,930,587,104.72315216064453,27.6282901763916
train/PNEUMONIA/person716_bacteria_2617.jpeg,train,1,PNEUMONIA,856,512,111.83967590332031,26.37807846069336
train/PNEUMONIA/person716_virus_1314.jpeg,train,1,PNEUMONIA,800,608,93.40709686279297,23.474964141845703
train/PNEUMONIA/person717_bacteria_2618.jpeg,train,1,PNEUMONIA,800,552,94.21624755859375,26.60387420654297
train/PNEUMONIA/person718_bacteria_2620.jpeg,train,1,PNEUMONIA,1974,1720,125.55046844482422,44.91585159301758
train/PNEUMONIA/person718_virus_1316.jpeg,train,1,PNEUMONIA,709,500,149.43890380859375,30.34491729736328
train/PNEUMONIA/person719_virus_1338.jpeg,train,1,PNEUMONIA,734,307,132.3657684326172,31.180185317993164
train/PNEUMONIA/person71_bacteria_347.jpeg,train,1,PNEUMONIA,1032,800,128.88949584960938,37.87241744995117
train/PNEUMONIA/person71_bacteria_348.jpeg,train,1,PNEUMONIA,824,656,114.24270629882812,28.492408752441406
train/PNEUMONIA/person71_bacteria_349.jpeg,train,1,PNEUMONIA,928,656,107.08349609375,33.84278869628906
train/PNEUMONIA/person71_bacteria_350.jpeg,train,1,PNEUMONIA,952,664,87.85859680175781,27.542871475219727
train/PNEUMONIA/person71_bacteria_351.jpeg,train,1,PNEUMONIA,1056,925,110.79949951171875,39.5925178527832
train/PNEUMONIA/person720_virus_1339.jpeg,train,1,PNEUMONIA,1160,744,124.26438903808594,38.2029914855957
train/PNEUMONIA/person721_bacteria_2623.jpeg,train,1,PNEUMONIA,816,584,126.81327056884766,36.30275344848633
train/PNEUMONIA/person721_virus_1340.jpeg,train,1,PNEUMONIA,1056,701,95.43681335449219,27.66341781616211
train/PNEUMONIA/person722_virus_1341.jpeg,train,1,PNEUMONIA,1430,921,117.72992706298828,36.37714767456055
train/PNEUMONIA/person723_bacteria_2625.jpeg,train,1,PNEUMONIA,1008,664,120.94383239746094,33.733829498291016
train/PNEUMONIA/person723_virus_1342.jpeg,train,1,PNEUMONIA,1776,1210,108.37184143066406,39.720924377441406
train/PNEUMONIA/person724_virus_1343.jpeg,train,1,PNEUMONIA,904,672,104.7453384399414,27.19274139404297
train/PNEUMONIA/person724_virus_1344.jpeg,train,1,PNEUMONIA,1024,528,124.63646697998047,40.43220520019531
train/PNEUMONIA/person726_bacteria_2628.jpeg,train,1,PNEUMONIA,768,480,145.1066131591797,35.81734848022461
train/PNEUMONIA/person727_bacteria_2629.jpeg,train,1,PNEUMONIA,1180,1025,115.31645202636719,34.73799514770508
train/PNEUMONIA/person727_virus_1347.jpeg,train,1,PNEUMONIA,1364,1242,126.98686981201172,39.504371643066406
train/PNEUMONIA/person72_bacteria_353.jpeg,train,1,PNEUMONIA,1256,960,152.1390838623047,35.8419189453125
train/PNEUMONIA/person72_bacteria_354.jpeg,train,1,PNEUMONIA,1500,1152,148.5312042236328,40.860382080078125
train/PNEUMONIA/person730_bacteria_2632.jpeg,train,1,PNEUMONIA,1176,760,105.01808166503906,27.638004302978516
train/PNEUMONIA/person730_virus_1351.jpeg,train,1,PNEUMONIA,1584,1184,100.29487609863281,33.091407775878906
train/PNEUMONIA/person731_bacteria_2633.jpeg,train,1,PNEUMONIA,1008,680,157.77078247070312,36.4265251159668
train/PNEUMONIA/person732_bacteria_2634.jpeg,train,1,PNEUMONIA,1360,1016,157.6282501220703,32.996864318847656
train/PNEUMONIA/person732_virus_1353.jpeg,train,1,PNEUMONIA,1098,651,131.1201171875,41.44111633300781
train/PNEUMONIA/person733_bacteria_2635.jpeg,train,1,PNEUMONIA,1216,928,151.7777557373047,34.30596160888672
train/PNEUMONIA/person734_bacteria_2637.jpeg,train,1,PNEUMONIA,1400,898,136.9412384033203,37.2452278137207
train/PNEUMONIA/person734_virus_1355.jpeg,train,1,PNEUMONIA,985,585,155.1329345703125,34.77665328979492
train/PNEUMONIA/person735_bacteria_2638.jpeg,train,1,PNEUMONIA,1589,1044,113.79843139648438,51.909881591796875
train/PNEUMONIA/person735_virus_1356.jpeg,train,1,PNEUMONIA,1276,947,83.30943298339844,27.553627014160156
train/PNEUMONIA/person737_bacteria_2640.jpeg,train,1,PNEUMONIA,880,552,145.46543884277344,30.811965942382812
train/PNEUMONIA/person738_virus_1360.jpeg,train,1,PNEUMONIA,1662,1083,146.09323120117188,36.94411087036133
train/PNEUMONIA/person739_bacteria_2642.jpeg,train,1,PNEUMONIA,1040,752,149.75555419921875,39.5627326965332
train/PNEUMONIA/person73_bacteria_356.jpeg,train,1,PNEUMONIA,1024,696,165.5398406982422,27.032804489135742
train/PNEUMONIA/person73_bacteria_357.jpeg,train,1,PNEUMONIA,1048,752,126.72673034667969,32.096588134765625
train/PNEUMONIA/person73_bacteria_358.jpeg,train,1,PNEUMONIA,1032,856,170.650146484375,32.084266662597656
train/PNEUMONIA/person73_bacteria_359.jpeg,train,1,PNEUMONIA,1272,896,152.24729919433594,39.1497802734375
train/PNEUMONIA/person73_bacteria_360.jpeg,train,1,PNEUMONIA,1298,971,154.6527862548828,38.45622634887695
train/PNEUMONIA/person740_bacteria_2643.jpeg,train,1,PNEUMONIA,838,498,136.0084991455078,32.1375732421875
train/PNEUMONIA/person740_virus_1362.jpeg,train,1,PNEUMONIA,1040,504,110.38774108886719,31.94025230407715
train/PNEUMONIA/person740_virus_1363.jpeg,train,1,PNEUMONIA,952,528,163.3111572265625,45.436241149902344
train/PNEUMONIA/person741_bacteria_2644.jpeg,train,1,PNEUMONIA,1320,840,126.70021057128906,35.251651763916016
train/PNEUMONIA/person741_virus_1364.jpeg,train,1,PNEUMONIA,984,552,129.2770233154297,35.81684875488281
train/PNEUMONIA/person742_virus_1365.jpeg,train,1,PNEUMONIA,928,432,132.46881103515625,32.234657287597656
train/PNEUMONIA/person743_bacteria_2646.jpeg,train,1,PNEUMONIA,984,760,105.88001251220703,27.35706329345703
train/PNEUMONIA/person743_virus_1366.jpeg,train,1,PNEUMONIA,920,736,157.5145721435547,32.61433029174805
train/PNEUMONIA/person744_virus_1367.jpeg,train,1,PNEUMONIA,1048,685,140.80706787109375,32.35513687133789
train/PNEUMONIA/person745_bacteria_2648.jpeg,train,1,PNEUMONIA,1322,890,148.22702026367188,39.03047561645508
train/PNEUMONIA/person745_virus_1368.jpeg,train,1,PNEUMONIA,942,674,123.21337127685547,30.72665023803711
train/PNEUMONIA/person746_bacteria_2649.jpeg,train,1,PNEUMONIA,1002,535,125.47209930419922,44.1905632019043
train/PNEUMONIA/person746_virus_1369.jpeg,train,1,PNEUMONIA,895,516,136.14797973632812,23.781352996826172
train/PNEUMONIA/person747_bacteria_2650.jpeg,train,1,PNEUMONIA,1000,792,109.43150329589844,30.405986785888672
train/PNEUMONIA/person747_virus_1370.jpeg,train,1,PNEUMONIA,856,568,133.56712341308594,35.40531539916992
train/PNEUMONIA/person747_virus_1372.jpeg,train,1,PNEUMONIA,944,632,130.21881103515625,37.280975341796875
train/PNEUMONIA/person748_virus_1373.jpeg,train,1,PNEUMONIA,992,608,116.03533935546875,35.974082946777344
train/PNEUMONIA/person749_bacteria_2652.jpeg,train,1,PNEUMONIA,944,552,129.9791717529297,31.83334732055664
train/PNEUMONIA/person749_virus_1374.jpeg,train,1,PNEUMONIA,968,728,108.58938598632812,34.9700927734375
train/PNEUMONIA/person74_bacteria_361.jpeg,train,1,PNEUMONIA,1240,928,162.14662170410156,31.409502029418945
train/PNEUMONIA/person74_bacteria_362.jpeg,train,1,PNEUMONIA,1368,928,149.489501953125,35.53420639038086
train/PNEUMONIA/person74_bacteria_363.jpeg,train,1,PNEUMONIA,1574,959,154.68930053710938,40.83212661743164
train/PNEUMONIA/person750_bacteria_2653.jpeg,train,1,PNEUMONIA,1008,656,125.8795394897461,33.01118469238281
train/PNEUMONIA/person751_bacteria_2654.jpeg,train,1,PNEUMONIA,995,604,138.20094299316406,27.729351043701172
train/PNEUMONIA/person752_virus_1377.jpeg,train,1,PNEUMONIA,894,610,158.04898071289062,43.7014274597168
train/PNEUMONIA/person753_bacteria_2656.jpeg,train,1,PNEUMONIA,1064,688,113.80789947509766,34.653202056884766
train/PNEUMONIA/person753_virus_1378.jpeg,train,1,PNEUMONIA,880,648,113.96104431152344,32.94389724731445
train/PNEUMONIA/person754_virus_1379.jpeg,train,1,PNEUMONIA,904,848,189.65248107910156,40.37557601928711
train/PNEUMONIA/person755_virus_1380.jpeg,train,1,PNEUMONIA,2160,2304,164.93212890625,37.947227478027344
train/PNEUMONIA/person756_bacteria_2660.jpeg,train,1,PNEUMONIA,904,584,164.8278350830078,31.950754165649414
train/PNEUMONIA/person757_bacteria_2661.jpeg,train,1,PNEUMONIA,1000,688,140.30075073242188,35.05941390991211
train/PNEUMONIA/person757_virus_1385.jpeg,train,1,PNEUMONIA,937,533,150.87875366210938,26.774497985839844
train/PNEUMONIA/person759_bacteria_2663.jpeg,train,1,PNEUMONIA,1064,736,165.67787170410156,39.56621170043945
train/PNEUMONIA/person759_virus_1387.jpeg,train,1,PNEUMONIA,1064,624,117.68086242675781,38.39632034301758
train/PNEUMONIA/person75_bacteria_364.jpeg,train,1,PNEUMONIA,1000,808,133.70889282226562,36.63897705078125
train/PNEUMONIA/person75_bacteria_365.jpeg,train,1,PNEUMONIA,1080,728,103.76293182373047,33.387779235839844
train/PNEUMONIA/person75_bacteria_366.jpeg,train,1,PNEUMONIA,1016,760,130.20005798339844,35.2802734375
train/PNEUMONIA/person75_bacteria_367.jpeg,train,1,PNEUMONIA,936,600,147.5132598876953,32.386009216308594
train/PNEUMONIA/person75_bacteria_368.jpeg,train,1,PNEUMONIA,1056,696,141.7840118408203,37.21059799194336
train/PNEUMONIA/person760_bacteria_2664.jpeg,train,1,PNEUMONIA,856,648,100.12528991699219,25.061561584472656
train/PNEUMONIA/person760_virus_1388.jpeg,train,1,PNEUMONIA,877,513,140.27847290039062,31.505762100219727
train/PNEUMONIA/person761_virus_1389.jpeg,train,1,PNEUMONIA,1016,616,147.7347869873047,39.356849670410156
train/PNEUMONIA/person762_virus_1390.jpeg,train,1,PNEUMONIA,1744,1312,131.1575469970703,33.74137496948242
train/PNEUMONIA/person763_bacteria_2667.jpeg,train,1,PNEUMONIA,968,672,104.8467788696289,28.913469314575195
train/PNEUMONIA/person763_virus_1391.jpeg,train,1,PNEUMONIA,840,548,174.86557006835938,24.586347579956055
train/PNEUMONIA/person764_bacteria_2668.jpeg,train,1,PNEUMONIA,1016,736,95.7705307006836,26.854671478271484
train/PNEUMONIA/person764_virus_1392.jpeg,train,1,PNEUMONIA,795,427,140.37869262695312,23.19919204711914
train/PNEUMONIA/person765_bacteria_2669.jpeg,train,1,PNEUMONIA,2050,1497,128.01182556152344,43.32572555541992
train/PNEUMONIA/person765_virus_1393.jpeg,train,1,PNEUMONIA,1352,817,74.95970153808594,39.80272674560547
train/PNEUMONIA/person766_bacteria_2670.jpeg,train,1,PNEUMONIA,920,544,128.0588836669922,36.161537170410156
train/PNEUMONIA/person767_bacteria_2671.jpeg,train,1,PNEUMONIA,1008,592,141.49212646484375,32.44629669189453
train/PNEUMONIA/person768_bacteria_2672.jpeg,train,1,PNEUMONIA,912,520,162.1314239501953,28.126686096191406
train/PNEUMONIA/person768_virus_1396.jpeg,train,1,PNEUMONIA,854,543,166.9793701171875,24.48321533203125
train/PNEUMONIA/person769_bacteria_2673.jpeg,train,1,PNEUMONIA,912,640,139.1603240966797,29.7951602935791
train/PNEUMONIA/person76_bacteria_370.jpeg,train,1,PNEUMONIA,1360,984,132.74407958984375,38.754337310791016
train/PNEUMONIA/person76_bacteria_371.jpeg,train,1,PNEUMONIA,1240,1048,140.2235870361328,37.430824279785156
train/PNEUMONIA/person76_bacteria_372.jpeg,train,1,PNEUMONIA,1458,1080,134.58506774902344,36.83932876586914
train/PNEUMONIA/person770_bacteria_2674.jpeg,train,1,PNEUMONIA,944,640,129.9045867919922,31.449708938598633
train/PNEUMONIA/person770_virus_1398.jpeg,train,1,PNEUMONIA,842,496,140.4749298095703,19.830644607543945
train/PNEUMONIA/person771_virus_1399.jpeg,train,1,PNEUMONIA,1240,552,109.27642822265625,30.222675323486328
train/PNEUMONIA/person772_virus_1401.jpeg,train,1,PNEUMONIA,1000,592,91.23837280273438,27.383872985839844
train/PNEUMONIA/person773_virus_1402.jpeg,train,1,PNEUMONIA,952,480,124.19718170166016,32.42219924926758
train/PNEUMONIA/person774_bacteria_2678.jpeg,train,1,PNEUMONIA,1088,712,120.83915710449219,37.553714752197266
train/PNEUMONIA/person774_virus_1403.jpeg,train,1,PNEUMONIA,840,584,134.56085205078125,34.05887985229492
train/PNEUMONIA/person775_bacteria_2679.jpeg,train,1,PNEUMONIA,1216,728,88.76215362548828,25.558759689331055
train/PNEUMONIA/person775_virus_1404.jpeg,train,1,PNEUMONIA,856,568,131.07261657714844,31.581336975097656
train/PNEUMONIA/person776_bacteria_2680.jpeg,train,1,PNEUMONIA,968,600,98.04641723632812,30.816402435302734
train/PNEUMONIA/person776_virus_1405.jpeg,train,1,PNEUMONIA,1776,1591,130.08583068847656,49.17646408081055
train/PNEUMONIA/person778_bacteria_2682.jpeg,train,1,PNEUMONIA,1224,656,111.85163879394531,34.29413604736328
train/PNEUMONIA/person778_virus_1408.jpeg,train,1,PNEUMONIA,896,512,100.22273254394531,29.646137237548828
train/PNEUMONIA/person779_bacteria_2683.jpeg,train,1,PNEUMONIA,1144,793,150.0109100341797,40.40507888793945
train/PNEUMONIA/person779_virus_1410.jpeg,train,1,PNEUMONIA,752,576,113.20062255859375,36.03464126586914
train/PNEUMONIA/person77_bacteria_374.jpeg,train,1,PNEUMONIA,1008,848,148.63027954101562,35.18790054321289
train/PNEUMONIA/person77_bacteria_375.jpeg,train,1,PNEUMONIA,1224,704,125.31217956542969,37.541358947753906
train/PNEUMONIA/person77_bacteria_377.jpeg,train,1,PNEUMONIA,1156,820,158.79347229003906,35.271446228027344
train/PNEUMONIA/person780_bacteria_2684.jpeg,train,1,PNEUMONIA,1453,1073,116.10957336425781,48.430824279785156
train/PNEUMONIA/person780_virus_1411.jpeg,train,1,PNEUMONIA,816,512,133.8521728515625,29.780534744262695
train/PNEUMONIA/person782_bacteria_2686.jpeg,train,1,PNEUMONIA,1312,1144,95.9192886352539,33.192081451416016
train/PNEUMONIA/person783_bacteria_2687.jpeg,train,1,PNEUMONIA,1431,1044,81.73918914794922,38.41529083251953
train/PNEUMONIA/person785_bacteria_2689.jpeg,train,1,PNEUMONIA,1080,720,164.35047912597656,37.001155853271484
train/PNEUMONIA/person786_bacteria_2690.jpeg,train,1,PNEUMONIA,1000,816,162.08493041992188,31.03427505493164
train/PNEUMONIA/person787_bacteria_2691.jpeg,train,1,PNEUMONIA,1546,1094,121.82987213134766,50.82402038574219
train/PNEUMONIA/person789_bacteria_2694.jpeg,train,1,PNEUMONIA,1080,584,172.94256591796875,30.248037338256836
train/PNEUMONIA/person789_virus_1420.jpeg,train,1,PNEUMONIA,1224,736,183.05203247070312,29.844295501708984
train/PNEUMONIA/person790_virus_1421.jpeg,train,1,PNEUMONIA,1658,1145,130.12515258789062,38.553871154785156
train/PNEUMONIA/person791_virus_1422.jpeg,train,1,PNEUMONIA,1468,1010,137.96730041503906,43.92753601074219
train/PNEUMONIA/person793_virus_1424.jpeg,train,1,PNEUMONIA,1144,848,148.24839782714844,36.03518295288086
train/PNEUMONIA/person795_virus_1427.jpeg,train,1,PNEUMONIA,878,584,138.0907440185547,30.147550582885742
train/PNEUMONIA/person796_bacteria_2702.jpeg,train,1,PNEUMONIA,1008,576,134.80093383789062,32.07530975341797
train/PNEUMONIA/person796_virus_1428.jpeg,train,1,PNEUMONIA,1072,752,163.21022033691406,32.07918930053711
train/PNEUMONIA/person797_virus_1429.jpeg,train,1,PNEUMONIA,920,512,117.29198455810547,29.26734161376953
train/PNEUMONIA/person799_bacteria_2705.jpeg,train,1,PNEUMONIA,1248,944,86.58968353271484,25.570831298828125
train/PNEUMONIA/person799_virus_1431.jpeg,train,1,PNEUMONIA,2016,2184,141.9822998046875,33.24436569213867
train/PNEUMONIA/person7_bacteria_25.jpeg,train,1,PNEUMONIA,932,588,163.4430389404297,32.71039962768555
train/PNEUMONIA/person7_bacteria_28.jpeg,train,1,PNEUMONIA,1033,697,142.86427307128906,32.83406066894531
train/PNEUMONIA/person7_bacteria_29.jpeg,train,1,PNEUMONIA,1200,824,131.1914520263672,34.089317321777344
train/PNEUMONIA/person800_bacteria_2706.jpeg,train,1,PNEUMONIA,985,621,159.98313903808594,32.47031021118164
train/PNEUMONIA/person801_virus_1434.jpeg,train,1,PNEUMONIA,1384,1021,149.9300994873047,38.9672966003418
train/PNEUMONIA/person802_bacteria_2708.jpeg,train,1,PNEUMONIA,1260,971,141.5808868408203,43.163307189941406
train/PNEUMONIA/person803_bacteria_2710.jpeg,train,1,PNEUMONIA,745,467,170.62106323242188,24.624195098876953
train/PNEUMONIA/person803_virus_1436.jpeg,train,1,PNEUMONIA,1296,847,125.4952392578125,43.57173538208008
train/PNEUMONIA/person805_bacteria_2712.jpeg,train,1,PNEUMONIA,1134,731,123.35873413085938,44.29296112060547
train/PNEUMONIA/person806_virus_1439.jpeg,train,1,PNEUMONIA,1416,1344,179.66122436523438,36.143741607666016
train/PNEUMONIA/person808_bacteria_2716.jpeg,train,1,PNEUMONIA,1132,821,126.96038818359375,44.072044372558594
train/PNEUMONIA/person808_virus_1442.jpeg,train,1,PNEUMONIA,1746,1523,132.2662353515625,49.473106384277344
train/PNEUMONIA/person809_bacteria_2717.jpeg,train,1,PNEUMONIA,1224,928,135.84288024902344,39.244346618652344
train/PNEUMONIA/person809_bacteria_2718.jpeg,train,1,PNEUMONIA,1008,688,152.31227111816406,35.818763732910156
train/PNEUMONIA/person80_virus_150.jpeg,train,1,PNEUMONIA,1248,880,139.0127410888672,40.947879791259766
train/PNEUMONIA/person810_bacteria_2719.jpeg,train,1,PNEUMONIA,872,608,108.2688217163086,24.78838539123535
train/PNEUMONIA/person810_virus_1445.jpeg,train,1,PNEUMONIA,2000,1688,119.85633850097656,34.14211654663086
train/PNEUMONIA/person810_virus_1446.jpeg,train,1,PNEUMONIA,1824,1632,170.24972534179688,34.01382064819336
train/PNEUMONIA/person811_virus_1447.jpeg,train,1,PNEUMONIA,1376,999,149.74853515625,43.15322494506836
train/PNEUMONIA/person813_bacteria_2723.jpeg,train,1,PNEUMONIA,968,499,135.05015563964844,34.43314743041992
train/PNEUMONIA/person813_virus_1449.jpeg,train,1,PNEUMONIA,1911,1806,162.4534454345703,46.36899948120117
train/PNEUMONIA/person814_bacteria_2725.jpeg,train,1,PNEUMONIA,1176,664,143.72520446777344,36.04621505737305
train/PNEUMONIA/person815_bacteria_2726.jpeg,train,1,PNEUMONIA,1400,1052,128.76905822753906,49.170867919921875
train/PNEUMONIA/person816_bacteria_2727.jpeg,train,1,PNEUMONIA,1184,864,125.38835144042969,35.07963943481445
train/PNEUMONIA/person817_bacteria_2728.jpeg,train,1,PNEUMONIA,700,463,188.97483825683594,18.449481964111328
train/PNEUMONIA/person818_bacteria_2729.jpeg,train,1,PNEUMONIA,1072,816,115.42860412597656,32.2380256652832
train/PNEUMONIA/person819_virus_1455.jpeg,train,1,PNEUMONIA,1072,603,164.64407348632812,23.380769729614258
train/PNEUMONIA/person81_virus_152.jpeg,train,1,PNEUMONIA,1520,984,147.2644500732422,49.458675384521484
train/PNEUMONIA/person820_bacteria_2731.jpeg,train,1,PNEUMONIA,1128,752,115.39263916015625,33.438392639160156
train/PNEUMONIA/person820_virus_1456.jpeg,train,1,PNEUMONIA,1716,1175,130.24392700195312,36.34282302856445
train/PNEUMONIA/person823_virus_1459.jpeg,train,1,PNEUMONIA,920,472,129.05596923828125,25.200777053833008
train/PNEUMONIA/person825_bacteria_2736.jpeg,train,1,PNEUMONIA,888,488,162.32215881347656,35.40974426269531
train/PNEUMONIA/person826_bacteria_2737.jpeg,train,1,PNEUMONIA,1152,752,148.2325439453125,32.12763595581055
train/PNEUMONIA/person826_virus_1462.jpeg,train,1,PNEUMONIA,843,484,147.1691436767578,31.366979598999023
train/PNEUMONIA/person827_bacteria_2738.jpeg,train,1,PNEUMONIA,1008,632,122.07440185546875,34.45642852783203
train/PNEUMONIA/person829_bacteria_2740.jpeg,train,1,PNEUMONIA,1048,704,144.1311492919922,31.46478271484375
train/PNEUMONIA/person82_virus_154.jpeg,train,1,PNEUMONIA,1400,896,155.25372314453125,50.80996322631836
train/PNEUMONIA/person82_virus_155.jpeg,train,1,PNEUMONIA,1328,888,141.78285217285156,45.08924102783203
train/PNEUMONIA/person830_bacteria_2741.jpeg,train,1,PNEUMONIA,1040,664,141.8949432373047,31.53314971923828
train/PNEUMONIA/person830_virus_1466.jpeg,train,1,PNEUMONIA,1160,752,114.96458435058594,32.562034606933594
train/PNEUMONIA/person831_bacteria_2742.jpeg,train,1,PNEUMONIA,896,528,132.4966583251953,36.50949478149414
train/PNEUMONIA/person832_virus_1468.jpeg,train,1,PNEUMONIA,801,541,164.379150390625,23.74340057373047
train/PNEUMONIA/person833_virus_1469.jpeg,train,1,PNEUMONIA,1716,1222,124.49745178222656,42.80949401855469
train/PNEUMONIA/person834_bacteria_2748.jpeg,train,1,PNEUMONIA,1000,560,150.05252075195312,40.333168029785156
train/PNEUMONIA/person835_bacteria_2750.jpeg,train,1,PNEUMONIA,928,392,136.8033905029297,41.03990936279297
train/PNEUMONIA/person835_virus_1472.jpeg,train,1,PNEUMONIA,1664,1136,131.39854431152344,37.32632827758789
train/PNEUMONIA/person836_bacteria_2752.jpeg,train,1,PNEUMONIA,1160,648,170.6667022705078,35.17589569091797
train/PNEUMONIA/person837_bacteria_2754.jpeg,train,1,PNEUMONIA,904,568,123.4336166381836,30.0365047454834
train/PNEUMONIA/person838_virus_1476.jpeg,train,1,PNEUMONIA,1000,664,154.6026153564453,26.23579216003418
train/PNEUMONIA/person839_bacteria_2757.jpeg,train,1,PNEUMONIA,760,440,121.8450698852539,35.82057189941406
train/PNEUMONIA/person83_virus_156.jpeg,train,1,PNEUMONIA,1504,720,129.33023071289062,45.9937858581543
train/PNEUMONIA/person840_bacteria_2758.jpeg,train,1,PNEUMONIA,1080,552,132.56825256347656,33.18342971801758
train/PNEUMONIA/person840_bacteria_2759.jpeg,train,1,PNEUMONIA,992,544,163.19764709472656,44.22225570678711
train/PNEUMONIA/person841_bacteria_2760.jpeg,train,1,PNEUMONIA,1024,616,149.68975830078125,29.797698974609375
train/PNEUMONIA/person842_bacteria_2762.jpeg,train,1,PNEUMONIA,1104,752,110.82781982421875,33.749114990234375
train/PNEUMONIA/person842_virus_1483.jpeg,train,1,PNEUMONIA,1616,1288,157.61854553222656,38.70793151855469
train/PNEUMONIA/person843_bacteria_2763.jpeg,train,1,PNEUMONIA,936,688,140.46542358398438,37.79340744018555
train/PNEUMONIA/person843_virus_1485.jpeg,train,1,PNEUMONIA,1432,944,146.47303771972656,46.53923797607422
train/PNEUMONIA/person844_virus_1487.jpeg,train,1,PNEUMONIA,1192,789,126.82211303710938,39.05561447143555
train/PNEUMONIA/person846_virus_1491.jpeg,train,1,PNEUMONIA,1998,1361,146.5260772705078,39.7161865234375
train/PNEUMONIA/person847_bacteria_2767.jpeg,train,1,PNEUMONIA,952,600,93.0540771484375,28.638771057128906
train/PNEUMONIA/person848_bacteria_2769.jpeg,train,1,PNEUMONIA,927,523,142.75411987304688,23.680063247680664
train/PNEUMONIA/person848_virus_1493.jpeg,train,1,PNEUMONIA,1376,800,164.5511016845703,49.949913024902344
train/PNEUMONIA/person849_bacteria_2770.jpeg,train,1,PNEUMONIA,952,544,124.18482208251953,35.05156326293945
train/PNEUMONIA/person84_virus_157.jpeg,train,1,PNEUMONIA,1264,704,132.32469177246094,39.1834831237793
train/PNEUMONIA/person850_bacteria_2771.jpeg,train,1,PNEUMONIA,1152,672,124.23389434814453,32.37127685546875
train/PNEUMONIA/person851_virus_1496.jpeg,train,1,PNEUMONIA,1432,1000,150.5366973876953,41.35932922363281
train/PNEUMONIA/person852_virus_1497.jpeg,train,1,PNEUMONIA,1168,1000,167.90231323242188,43.835418701171875
train/PNEUMONIA/person853_bacteria_2774.jpeg,train,1,PNEUMONIA,944,568,142.72732543945312,34.59831619262695
train/PNEUMONIA/person853_bacteria_2775.jpeg,train,1,PNEUMONIA,920,520,140.36769104003906,36.44126510620117
train/PNEUMONIA/person854_bacteria_2776.jpeg,train,1,PNEUMONIA,824,584,131.1975555419922,28.2615966796875
train/PNEUMONIA/person855_bacteria_2777.jpeg,train,1,PNEUMONIA,904,672,182.75192260742188,42.49629211425781
train/PNEUMONIA/person858_bacteria_2780.jpeg,train,1,PNEUMONIA,1072,744,118.95387268066406,31.626487731933594
train/PNEUMONIA/person859_virus_1504.jpeg,train,1,PNEUMONIA,1288,944,152.82179260253906,48.54694366455078
train/PNEUMONIA/person860_virus_1505.jpeg,train,1,PNEUMONIA,1000,664,129.82846069335938,49.878047943115234
train/PNEUMONIA/person861_virus_1506.jpeg,train,1,PNEUMONIA,1096,536,118.94984436035156,48.10567092895508
train/PNEUMONIA/person862_bacteria_2784.jpeg,train,1,PNEUMONIA,992,832,144.23370361328125,35.35160827636719
train/PNEUMONIA/person862_virus_1507.jpeg,train,1,PNEUMONIA,1336,1056,168.017822265625,49.868038177490234
train/PNEUMONIA/person863_bacteria_2785.jpeg,train,1,PNEUMONIA,1000,664,149.46978759765625,39.526588439941406
train/PNEUMONIA/person863_virus_1508.jpeg,train,1,PNEUMONIA,1456,1072,164.62762451171875,50.94966125488281
train/PNEUMONIA/person864_virus_1509.jpeg,train,1,PNEUMONIA,1272,936,157.824951171875,49.185997009277344
train/PNEUMONIA/person866_bacteria_2788.jpeg,train,1,PNEUMONIA,904,536,159.87322998046875,31.76200294494629
train/PNEUMONIA/person866_virus_1511.jpeg,train,1,PNEUMONIA,1608,1096,164.7023162841797,38.42262649536133
train/PNEUMONIA/person867_bacteria_2789.jpeg,train,1,PNEUMONIA,1104,832,116.63060760498047,30.334972381591797
train/PNEUMONIA/person867_virus_1512.jpeg,train,1,PNEUMONIA,1672,1184,169.28282165527344,47.98003005981445
train/PNEUMONIA/person868_virus_1513.jpeg,train,1,PNEUMONIA,984,656,126.81644439697266,40.07940673828125
train/PNEUMONIA/person868_virus_1514.jpeg,train,1,PNEUMONIA,992,616,122.36134338378906,37.56037139892578
train/PNEUMONIA/person870_virus_1516.jpeg,train,1,PNEUMONIA,1448,856,138.56631469726562,52.51551818847656
train/PNEUMONIA/person871_bacteria_2793.jpeg,train,1,PNEUMONIA,1156,747,133.8317413330078,42.35199737548828
train/PNEUMONIA/person872_bacteria_2795.jpeg,train,1,PNEUMONIA,1008,696,151.07777404785156,32.70686340332031
train/PNEUMONIA/person873_bacteria_2796.jpeg,train,1,PNEUMONIA,912,552,164.36903381347656,37.6951789855957
train/PNEUMONIA/person874_bacteria_2797.jpeg,train,1,PNEUMONIA,1016,744,211.904541015625,27.464336395263672
train/PNEUMONIA/person876_bacteria_2799.jpeg,train,1,PNEUMONIA,1096,672,130.14244079589844,31.607027053833008
train/PNEUMONIA/person877_bacteria_2800.jpeg,train,1,PNEUMONIA,1056,664,131.42575073242188,31.127056121826172
train/PNEUMONIA/person877_virus_1525.jpeg,train,1,PNEUMONIA,1216,672,126.68338775634766,47.26546859741211
train/PNEUMONIA/person878_bacteria_2801.jpeg,train,1,PNEUMONIA,1692,1295,130.32174682617188,36.635948181152344
train/PNEUMONIA/person878_virus_1526.jpeg,train,1,PNEUMONIA,1216,744,111.55119323730469,48.98710250854492
train/PNEUMONIA/person87_virus_160.jpeg,train,1,PNEUMONIA,1636,1130,132.5726318359375,39.14822769165039
train/PNEUMONIA/person880_bacteria_2804.jpeg,train,1,PNEUMONIA,1024,664,134.56246948242188,34.0938606262207
train/PNEUMONIA/person880_virus_1529.jpeg,train,1,PNEUMONIA,1416,912,123.37923431396484,37.21243667602539
train/PNEUMONIA/person881_bacteria_2805.jpeg,train,1,PNEUMONIA,1048,544,115.46401977539062,34.82198715209961
train/PNEUMONIA/person881_virus_1531.jpeg,train,1,PNEUMONIA,1168,760,133.2205047607422,48.46580505371094
train/PNEUMONIA/person882_bacteria_2806.jpeg,train,1,PNEUMONIA,1000,568,143.79579162597656,32.47980499267578
train/PNEUMONIA/person883_bacteria_2807.jpeg,train,1,PNEUMONIA,1008,584,151.81634521484375,32.98040008544922
train/PNEUMONIA/person883_virus_1533.jpeg,train,1,PNEUMONIA,1104,592,77.23074340820312,35.08013916015625
train/PNEUMONIA/person884_bacteria_2808.jpeg,train,1,PNEUMONIA,1306,762,139.66502380371094,42.706268310546875
train/PNEUMONIA/person884_virus_1534.jpeg,train,1,PNEUMONIA,1256,824,142.7164764404297,49.2724609375
train/PNEUMONIA/person886_bacteria_2810.jpeg,train,1,PNEUMONIA,1372,817,127.51301574707031,33.01771926879883
train/PNEUMONIA/person886_virus_1536.jpeg,train,1,PNEUMONIA,1656,1368,177.4156951904297,34.09847640991211
train/PNEUMONIA/person888_bacteria_2812.jpeg,train,1,PNEUMONIA,527,219,138.3860626220703,29.485498428344727
train/PNEUMONIA/person888_virus_1538.jpeg,train,1,PNEUMONIA,1392,832,131.28921508789062,51.69416809082031
train/PNEUMONIA/person889_bacteria_2813.jpeg,train,1,PNEUMONIA,856,536,171.52581787109375,32.675071716308594
train/PNEUMONIA/person88_virus_161.jpeg,train,1,PNEUMONIA,1328,976,151.7894744873047,33.68922424316406
train/PNEUMONIA/person88_virus_163.jpeg,train,1,PNEUMONIA,1472,1176,119.72046661376953,38.51427459716797
train/PNEUMONIA/person88_virus_164.jpeg,train,1,PNEUMONIA,1432,1176,73.64966583251953,18.016178131103516
train/PNEUMONIA/person88_virus_165.jpeg,train,1,PNEUMONIA,1520,1176,156.7722625732422,38.37153244018555
train/PNEUMONIA/person88_virus_166.jpeg,train,1,PNEUMONIA,1512,1008,128.17593383789062,35.90617370605469
train/PNEUMONIA/person88_virus_167.jpeg,train,1,PNEUMONIA,1344,1216,87.7475814819336,24.97439193725586
train/PNEUMONIA/person890_bacteria_2814.jpeg,train,1,PNEUMONIA,1016,608,114.87293243408203,32.63478088378906
train/PNEUMONIA/person890_virus_1540.jpeg,train,1,PNEUMONIA,1768,1072,141.35130310058594,49.65733337402344
train/PNEUMONIA/person891_virus_1541.jpeg,train,1,PNEUMONIA,1048,632,113.17202758789062,41.08519744873047
train/PNEUMONIA/person892_bacteria_2817.jpeg,train,1,PNEUMONIA,1080,784,152.33023071289062,34.656959533691406
train/PNEUMONIA/person893_bacteria_2818.jpeg,train,1,PNEUMONIA,1000,560,164.87686157226562,36.22725296020508
train/PNEUMONIA/person894_bacteria_2819.jpeg,train,1,PNEUMONIA,747,464,147.2903594970703,28.10980987548828
train/PNEUMONIA/person894_virus_1546.jpeg,train,1,PNEUMONIA,1368,928,155.2545928955078,51.067752838134766
train/PNEUMONIA/person895_bacteria_2820.jpeg,train,1,PNEUMONIA,1000,744,156.7979278564453,38.192771911621094
train/PNEUMONIA/person895_virus_1547.jpeg,train,1,PNEUMONIA,1608,1104,155.2128143310547,46.11272430419922
train/PNEUMONIA/person896_bacteria_2821.jpeg,train,1,PNEUMONIA,952,696,170.4082489013672,31.65244483947754
train/PNEUMONIA/person897_bacteria_2822.jpeg,train,1,PNEUMONIA,1008,704,143.76219177246094,31.04899024963379
train/PNEUMONIA/person898_bacteria_2823.jpeg,train,1,PNEUMONIA,912,520,159.0226287841797,39.688716888427734
train/PNEUMONIA/person898_virus_1552.jpeg,train,1,PNEUMONIA,1384,944,127.57282257080078,42.895809173583984
train/PNEUMONIA/person899_virus_1553.jpeg,train,1,PNEUMONIA,1456,912,115.1485824584961,45.5251350402832
train/PNEUMONIA/person89_virus_168.jpeg,train,1,PNEUMONIA,1508,1133,141.5016632080078,38.1335334777832
train/PNEUMONIA/person8_bacteria_37.jpeg,train,1,PNEUMONIA,1790,1326,149.91900634765625,40.306541442871094
train/PNEUMONIA/person900_virus_1554.jpeg,train,1,PNEUMONIA,1208,720,119.89132690429688,37.47734451293945
train/PNEUMONIA/person901_virus_1555.jpeg,train,1,PNEUMONIA,1272,792,143.88499450683594,46.43517303466797
train/PNEUMONIA/person902_bacteria_2827.jpeg,train,1,PNEUMONIA,1160,800,178.75775146484375,40.29132843017578
train/PNEUMONIA/person903_bacteria_2828.jpeg,train,1,PNEUMONIA,1208,920,118.39911651611328,34.180660247802734
train/PNEUMONIA/person904_bacteria_2829.jpeg,train,1,PNEUMONIA,508,218,141.53587341308594,27.854297637939453
train/PNEUMONIA/person905_bacteria_2830.jpeg,train,1,PNEUMONIA,721,349,147.2612762451172,23.758686065673828
train/PNEUMONIA/person905_virus_1561.jpeg,train,1,PNEUMONIA,1056,552,126.70806884765625,37.77294921875
train/PNEUMONIA/person906_bacteria_2831.jpeg,train,1,PNEUMONIA,1064,712,155.2366485595703,33.957427978515625
train/PNEUMONIA/person906_virus_1562.jpeg,train,1,PNEUMONIA,723,507,177.39678955078125,25.649320602416992
train/PNEUMONIA/person907_virus_1563.jpeg,train,1,PNEUMONIA,1208,704,141.44227600097656,46.12959289550781
train/PNEUMONIA/person908_virus_1564.jpeg,train,1,PNEUMONIA,1408,960,161.35142517089844,47.2694206237793
train/PNEUMONIA/person909_bacteria_2834.jpeg,train,1,PNEUMONIA,832,520,166.11619567871094,32.52970886230469
train/PNEUMONIA/person909_virus_1565.jpeg,train,1,PNEUMONIA,765,375,161.18833923339844,31.94767189025879
train/PNEUMONIA/person90_virus_169.jpeg,train,1,PNEUMONIA,1240,1072,119.63859558105469,35.02796936035156
train/PNEUMONIA/person90_virus_170.jpeg,train,1,PNEUMONIA,1224,768,114.20796966552734,34.14991760253906
train/PNEUMONIA/person911_bacteria_2836.jpeg,train,1,PNEUMONIA,1024,816,145.1248779296875,34.87541580200195
train/PNEUMONIA/person911_virus_1567.jpeg,train,1,PNEUMONIA,1168,776,141.48793029785156,48.08456802368164
train/PNEUMONIA/person912_bacteria_2837.jpeg,train,1,PNEUMONIA,1056,784,169.37200927734375,34.349327087402344
train/PNEUMONIA/person913_bacteria_2838.jpeg,train,1,PNEUMONIA,743,453,121.79877471923828,27.965852737426758
train/PNEUMONIA/person913_virus_1570.jpeg,train,1,PNEUMONIA,1112,672,151.6414794921875,49.37839126586914
train/PNEUMONIA/person914_bacteria_2839.jpeg,train,1,PNEUMONIA,1176,696,160.11962890625,36.70377731323242
train/PNEUMONIA/person914_virus_1571.jpeg,train,1,PNEUMONIA,1440,800,121.26397705078125,43.264339447021484
train/PNEUMONIA/person915_virus_1572.jpeg,train,1,PNEUMONIA,1608,1056,156.4591064453125,49.81720733642578
train/PNEUMONIA/person916_bacteria_2841.jpeg,train,1,PNEUMONIA,1368,768,181.09153747558594,34.203678131103516
train/PNEUMONIA/person917_bacteria_2842.jpeg,train,1,PNEUMONIA,1272,664,116.11266326904297,31.983434677124023
train/PNEUMONIA/person918_bacteria_2843.jpeg,train,1,PNEUMONIA,1008,640,164.3441162109375,32.03358840942383
train/PNEUMONIA/person919_bacteria_2844.jpeg,train,1,PNEUMONIA,1342,1110,138.555419921875,44.93679428100586
train/PNEUMONIA/person919_virus_1576.jpeg,train,1,PNEUMONIA,1408,720,139.33145141601562,50.3295783996582
train/PNEUMONIA/person920_bacteria_2845.jpeg,train,1,PNEUMONIA,1260,843,140.24102783203125,41.779136657714844
train/PNEUMONIA/person921_bacteria_2846.jpeg,train,1,PNEUMONIA,1080,672,181.99398803710938,30.0863094329834
train/PNEUMONIA/person923_bacteria_2848.jpeg,train,1,PNEUMONIA,580,294,157.66897583007812,29.847917556762695
train/PNEUMONIA/person924_bacteria_2849.jpeg,train,1,PNEUMONIA,920,752,116.01554870605469,27.076732635498047
train/PNEUMONIA/person925_bacteria_2850.jpeg,train,1,PNEUMONIA,1096,896,116.4591064453125,34.70709991455078
train/PNEUMONIA/person925_virus_1582.jpeg,train,1,PNEUMONIA,1264,792,109.30293273925781,43.718772888183594
train/PNEUMONIA/person926_virus_1583.jpeg,train,1,PNEUMONIA,1312,872,168.1981201171875,39.04292297363281
train/PNEUMONIA/person927_bacteria_2852.jpeg,train,1,PNEUMONIA,976,584,145.37059020996094,30.042980194091797
train/PNEUMONIA/person927_virus_1584.jpeg,train,1,PNEUMONIA,1256,904,158.57154846191406,44.770084381103516
train/PNEUMONIA/person928_virus_1586.jpeg,train,1,PNEUMONIA,896,664,153.28689575195312,35.16562271118164
train/PNEUMONIA/person929_virus_1588.jpeg,train,1,PNEUMONIA,1944,1576,166.6177520751953,30.180419921875
train/PNEUMONIA/person929_virus_1589.jpeg,train,1,PNEUMONIA,1828,1640,191.15289306640625,28.30457878112793
train/PNEUMONIA/person92_virus_174.jpeg,train,1,PNEUMONIA,1040,528,178.6302947998047,26.42965316772461
train/PNEUMONIA/person930_bacteria_2855.jpeg,train,1,PNEUMONIA,944,648,155.2034149169922,32.54203414916992
train/PNEUMONIA/person931_virus_1592.jpeg,train,1,PNEUMONIA,1264,888,143.89891052246094,40.610721588134766
train/PNEUMONIA/person932_virus_1593.jpeg,train,1,PNEUMONIA,1024,648,118.60802459716797,38.03120803833008
train/PNEUMONIA/person933_bacteria_2858.jpeg,train,1,PNEUMONIA,1152,816,130.00241088867188,36.11763000488281
train/PNEUMONIA/person933_virus_1594.jpeg,train,1,PNEUMONIA,1408,1168,170.4733123779297,41.229148864746094
train/PNEUMONIA/person934_bacteria_2859.jpeg,train,1,PNEUMONIA,1152,704,173.74192810058594,31.675174713134766
train/PNEUMONIA/person934_virus_1595.jpeg,train,1,PNEUMONIA,821,490,148.89012145996094,37.495662689208984
train/PNEUMONIA/person936_bacteria_2861.jpeg,train,1,PNEUMONIA,1256,872,165.58201599121094,31.61483383178711
train/PNEUMONIA/person936_virus_1598.jpeg,train,1,PNEUMONIA,1128,768,166.75228881835938,47.149139404296875
train/PNEUMONIA/person937_bacteria_2862.jpeg,train,1,PNEUMONIA,1072,672,104.94265747070312,30.97347068786621
train/PNEUMONIA/person937_virus_1599.jpeg,train,1,PNEUMONIA,1208,856,105.14017486572266,38.713985443115234
train/PNEUMONIA/person938_bacteria_2863.jpeg,train,1,PNEUMONIA,920,672,180.72731018066406,26.822040557861328
train/PNEUMONIA/person938_virus_1600.jpeg,train,1,PNEUMONIA,716,444,80.40130615234375,24.63033103942871
train/PNEUMONIA/person939_bacteria_2864.jpeg,train,1,PNEUMONIA,944,704,126.7271728515625,34.0516471862793
train/PNEUMONIA/person93_virus_175.jpeg,train,1,PNEUMONIA,1120,592,146.11827087402344,29.54213523864746
train/PNEUMONIA/person940_bacteria_2865.jpeg,train,1,PNEUMONIA,896,656,131.02162170410156,31.6881160736084
train/PNEUMONIA/person940_virus_1602.jpeg,train,1,PNEUMONIA,1504,992,120.02230834960938,39.58514404296875
train/PNEUMONIA/person940_virus_1604.jpeg,train,1,PNEUMONIA,778,631,159.16580200195312,29.475448608398438
train/PNEUMONIA/person940_virus_1607.jpeg,train,1,PNEUMONIA,1384,1072,194.24937438964844,25.825355529785156
train/PNEUMONIA/person940_virus_1609.jpeg,train,1,PNEUMONIA,923,604,129.9585418701172,34.119606018066406
train/PNEUMONIA/person941_virus_1610.jpeg,train,1,PNEUMONIA,1688,1120,147.37171936035156,48.533607482910156
train/PNEUMONIA/person942_bacteria_2867.jpeg,train,1,PNEUMONIA,679,304,124.23411560058594,27.783843994140625
train/PNEUMONIA/person942_virus_1611.jpeg,train,1,PNEUMONIA,1592,1120,185.60238647460938,43.431060791015625
train/PNEUMONIA/person943_bacteria_2868.jpeg,train,1,PNEUMONIA,1446,1087,120.03981018066406,47.96579360961914
train/PNEUMONIA/person944_bacteria_2869.jpeg,train,1,PNEUMONIA,992,760,152.13294982910156,30.142078399658203
train/PNEUMONIA/person945_bacteria_2870.jpeg,train,1,PNEUMONIA,968,656,168.98953247070312,33.6422119140625
train/PNEUMONIA/person945_virus_1616.jpeg,train,1,PNEUMONIA,1312,752,138.49346923828125,47.051544189453125
train/PNEUMONIA/person946_bacteria_2871.jpeg,train,1,PNEUMONIA,1284,762,129.85345458984375,40.76984405517578
train/PNEUMONIA/person947_bacteria_2872.jpeg,train,1,PNEUMONIA,968,560,127.83438110351562,28.75751495361328
train/PNEUMONIA/person949_bacteria_2874.jpeg,train,1,PNEUMONIA,960,616,107.29839324951172,27.195842742919922
train/PNEUMONIA/person949_virus_1620.jpeg,train,1,PNEUMONIA,1640,1160,151.04153442382812,35.4834098815918
train/PNEUMONIA/person94_virus_176.jpeg,train,1,PNEUMONIA,1472,1091,124.38575744628906,38.73122787475586
train/PNEUMONIA/person950_virus_1621.jpeg,train,1,PNEUMONIA,1048,616,135.8634796142578,47.65754699707031
train/PNEUMONIA/person951_bacteria_2876.jpeg,train,1,PNEUMONIA,904,544,185.12255859375,30.56745147705078
train/PNEUMONIA/person951_virus_1622.jpeg,train,1,PNEUMONIA,1248,856,144.2834014892578,46.02050018310547
train/PNEUMONIA/person952_bacteria_2877.jpeg,train,1,PNEUMONIA,1080,632,130.3668670654297,36.263912200927734
train/PNEUMONIA/person952_virus_1623.jpeg,train,1,PNEUMONIA,984,456,112.78008270263672,43.51771926879883
train/PNEUMONIA/person953_bacteria_2878.jpeg,train,1,PNEUMONIA,1104,744,152.88478088378906,35.77117156982422
train/PNEUMONIA/person954_bacteria_2879.jpeg,train,1,PNEUMONIA,1056,920,134.90673828125,32.09928512573242
train/PNEUMONIA/person955_bacteria_2880.jpeg,train,1,PNEUMONIA,1024,744,144.8828582763672,34.58698654174805
train/PNEUMONIA/person955_virus_1627.jpeg,train,1,PNEUMONIA,1080,688,106.15515899658203,43.63914108276367
train/PNEUMONIA/person956_bacteria_2881.jpeg,train,1,PNEUMONIA,848,624,123.13335418701172,31.61404800415039
train/PNEUMONIA/person957_bacteria_2882.jpeg,train,1,PNEUMONIA,904,792,127.58644104003906,34.85634231567383
train/PNEUMONIA/person957_virus_1629.jpeg,train,1,PNEUMONIA,1152,728,134.56597900390625,30.55276107788086
train/PNEUMONIA/person958_virus_1630.jpeg,train,1,PNEUMONIA,1528,1080,152.8721466064453,40.54686737060547
train/PNEUMONIA/person959_bacteria_2884.jpeg,train,1,PNEUMONIA,1488,1288,145.1647491455078,47.55869674682617
train/PNEUMONIA/person95_virus_177.jpeg,train,1,PNEUMONIA,1562,998,128.1057891845703,41.454524993896484
train/PNEUMONIA/person960_bacteria_2885.jpeg,train,1,PNEUMONIA,992,592,130.98431396484375,32.34687805175781
train/PNEUMONIA/person960_virus_1633.jpeg,train,1,PNEUMONIA,1376,1048,153.09034729003906,39.90937805175781
train/PNEUMONIA/person961_bacteria_2886.jpeg,train,1,PNEUMONIA,992,752,149.6454620361328,30.68674087524414
train/PNEUMONIA/person962_virus_1635.jpeg,train,1,PNEUMONIA,1456,928,127.51663970947266,51.09305191040039
train/PNEUMONIA/person963_bacteria_2888.jpeg,train,1,PNEUMONIA,1384,1376,143.6767578125,38.09951400756836
train/PNEUMONIA/person963_virus_1636.jpeg,train,1,PNEUMONIA,756,544,180.44711303710938,21.014137268066406
train/PNEUMONIA/person964_bacteria_2889.jpeg,train,1,PNEUMONIA,711,353,159.92857360839844,22.75505256652832
train/PNEUMONIA/person964_virus_1637.jpeg,train,1,PNEUMONIA,1152,536,107.96929931640625,45.0639762878418
train/PNEUMONIA/person965_bacteria_2890.jpeg,train,1,PNEUMONIA,968,832,165.77464294433594,37.16552734375
train/PNEUMONIA/person965_virus_1638.jpeg,train,1,PNEUMONIA,870,591,188.9324951171875,27.90701675415039
train/PNEUMONIA/person966_bacteria_2891.jpeg,train,1,PNEUMONIA,843,507,132.45692443847656,25.486162185668945
train/PNEUMONIA/person966_virus_1639.jpeg,train,1,PNEUMONIA,1016,760,135.71295166015625,39.4102668762207
train/PNEUMONIA/person967_bacteria_2892.jpeg,train,1,PNEUMONIA,1006,855,137.96995544433594,36.399295806884766
train/PNEUMONIA/person967_virus_1640.jpeg,train,1,PNEUMONIA,1288,712,125.63565826416016,45.174556732177734
train/PNEUMONIA/person968_bacteria_2893.jpeg,train,1,PNEUMONIA,1210,817,150.83377075195312,35.30463409423828
train/PNEUMONIA/person968_virus_1642.jpeg,train,1,PNEUMONIA,1264,840,172.65980529785156,29.385862350463867
train/PNEUMONIA/person969_virus_1643.jpeg,train,1,PNEUMONIA,1080,768,204.9129638671875,23.802608489990234
train/PNEUMONIA/person96_virus_178.jpeg,train,1,PNEUMONIA,1480,1144,167.1068115234375,35.20425033569336
train/PNEUMONIA/person96_virus_179.jpeg,train,1,PNEUMONIA,1624,1304,167.10858154296875,34.249794006347656
train/PNEUMONIA/person970_bacteria_2895.jpeg,train,1,PNEUMONIA,1006,674,129.83680725097656,36.69485092163086
train/PNEUMONIA/person970_virus_1644.jpeg,train,1,PNEUMONIA,1160,768,129.2725830078125,36.9664306640625
train/PNEUMONIA/person972_bacteria_2897.jpeg,train,1,PNEUMONIA,1805,1044,108.06008911132812,47.87358856201172
train/PNEUMONIA/person972_virus_1646.jpeg,train,1,PNEUMONIA,1632,1008,157.79006958007812,45.643836975097656
train/PNEUMONIA/person973_virus_1647.jpeg,train,1,PNEUMONIA,1224,872,168.07835388183594,37.48275375366211
train/PNEUMONIA/person974_bacteria_2899.jpeg,train,1,PNEUMONIA,1456,1232,134.6510772705078,35.670310974121094
train/PNEUMONIA/person974_virus_1649.jpeg,train,1,PNEUMONIA,968,536,95.59410858154297,35.79151916503906
train/PNEUMONIA/person975_virus_1650.jpeg,train,1,PNEUMONIA,1384,1088,96.4691390991211,36.089637756347656
train/PNEUMONIA/person976_bacteria_2901.jpeg,train,1,PNEUMONIA,1320,896,126.95494079589844,44.84033203125
train/PNEUMONIA/person976_virus_1651.jpeg,train,1,PNEUMONIA,960,576,142.75689697265625,39.684017181396484
train/PNEUMONIA/person977_bacteria_2902.jpeg,train,1,PNEUMONIA,1418,1059,127.41907501220703,51.71299362182617
train/PNEUMONIA/person977_virus_1652.jpeg,train,1,PNEUMONIA,768,552,153.4508514404297,20.645559310913086
train/PNEUMONIA/person978_bacteria_2904.jpeg,train,1,PNEUMONIA,1488,1312,170.697265625,49.449249267578125
train/PNEUMONIA/person978_virus_1653.jpeg,train,1,PNEUMONIA,1040,688,109.61996459960938,46.20115280151367
train/PNEUMONIA/person979_bacteria_2905.jpeg,train,1,PNEUMONIA,1604,1044,112.71006774902344,50.06679916381836
train/PNEUMONIA/person979_virus_1654.jpeg,train,1,PNEUMONIA,1312,888,167.24473571777344,33.91213607788086
train/PNEUMONIA/person97_virus_180.jpeg,train,1,PNEUMONIA,1184,880,96.98843383789062,31.501220703125
train/PNEUMONIA/person97_virus_181.jpeg,train,1,PNEUMONIA,1056,808,162.71536254882812,36.3816032409668
train/PNEUMONIA/person980_bacteria_2906.jpeg,train,1,PNEUMONIA,1214,937,127.56681060791016,36.2331657409668
train/PNEUMONIA/person981_bacteria_2907.jpeg,train,1,PNEUMONIA,1384,1312,185.56509399414062,36.16505813598633
train/PNEUMONIA/person981_bacteria_2908.jpeg,train,1,PNEUMONIA,1328,1192,177.03111267089844,44.378997802734375
train/PNEUMONIA/person982_bacteria_2909.jpeg,train,1,PNEUMONIA,1288,768,167.28726196289062,37.07099151611328
train/PNEUMONIA/person982_virus_1658.jpeg,train,1,PNEUMONIA,1584,1352,164.49436950683594,45.83944320678711
train/PNEUMONIA/person983_bacteria_2910.jpeg,train,1,PNEUMONIA,1138,677,107.28765106201172,35.157222747802734
train/PNEUMONIA/person984_bacteria_2911.jpeg,train,1,PNEUMONIA,1264,1248,148.72161865234375,36.57168197631836
train/PNEUMONIA/person985_bacteria_2912.jpeg,train,1,PNEUMONIA,1080,736,145.9521026611328,33.41175079345703
train/PNEUMONIA/person987_bacteria_2914.jpeg,train,1,PNEUMONIA,1000,752,161.03614807128906,28.366670608520508
train/PNEUMONIA/person988_bacteria_2915.jpeg,train,1,PNEUMONIA,1136,713,94.15839385986328,33.41353988647461
train/PNEUMONIA/person988_virus_1666.jpeg,train,1,PNEUMONIA,1288,840,156.4181365966797,45.581993103027344
train/PNEUMONIA/person989_virus_1667.jpeg,train,1,PNEUMONIA,1480,840,131.20408630371094,41.72652053833008
train/PNEUMONIA/person98_virus_182.jpeg,train,1,PNEUMONIA,1536,984,122.345703125,36.458587646484375
train/PNEUMONIA/person990_bacteria_2917.jpeg,train,1,PNEUMONIA,1314,940,157.82406616210938,40.037330627441406
train/PNEUMONIA/person991_virus_1669.jpeg,train,1,PNEUMONIA,1312,800,143.1641082763672,43.14884948730469
train/PNEUMONIA/person992_bacteria_2919.jpeg,train,1,PNEUMONIA,1128,752,138.2389678955078,31.894174575805664
train/PNEUMONIA/person992_bacteria_2920.jpeg,train,1,PNEUMONIA,795,491,171.58709716796875,26.801551818847656
train/PNEUMONIA/person992_virus_1670.jpeg,train,1,PNEUMONIA,1160,560,89.46015930175781,46.006805419921875
train/PNEUMONIA/person993_bacteria_2921.jpeg,train,1,PNEUMONIA,1184,792,138.35610961914062,37.84191131591797
train/PNEUMONIA/person993_virus_1671.jpeg,train,1,PNEUMONIA,1184,688,136.07528686523438,41.89094161987305
train/PNEUMONIA/person994_bacteria_2922.jpeg,train,1,PNEUMONIA,1304,1408,133.45884704589844,40.6927604675293
train/PNEUMONIA/person994_virus_1672.jpeg,train,1,PNEUMONIA,697,449,176.9759521484375,25.908132553100586
train/PNEUMONIA/person995_bacteria_2923.jpeg,train,1,PNEUMONIA,1032,744,116.58576965332031,31.223026275634766
train/PNEUMONIA/person995_virus_1676.jpeg,train,1,PNEUMONIA,1072,720,131.4713134765625,40.66389465332031
train/PNEUMONIA/person996_bacteria_2924.jpeg,train,1,PNEUMONIA,1294,1018,136.1970977783203,37.226417541503906
train/PNEUMONIA/person996_virus_1677.jpeg,train,1,PNEUMONIA,708,292,117.59040069580078,30.12726593017578
train/PNEUMONIA/person997_bacteria_2926.jpeg,train,1,PNEUMONIA,1072,736,156.3157501220703,40.2287483215332
train/PNEUMONIA/person997_virus_1678.jpeg,train,1,PNEUMONIA,984,512,112.67285919189453,44.885379791259766
train/PNEUMONIA/person998_bacteria_2927.jpeg,train,1,PNEUMONIA,1432,1152,161.04771423339844,45.99067687988281
train/PNEUMONIA/person998_bacteria_2928.jpeg,train,1,PNEUMONIA,1232,1096,179.95819091796875,31.821853637695312
train/PNEUMONIA/person99_virus_183.jpeg,train,1,PNEUMONIA,1414,882,132.36117553710938,42.3935661315918
train/PNEUMONIA/person9_bacteria_38.jpeg,train,1,PNEUMONIA,1256,696,151.16127014160156,36.75555419921875
train/PNEUMONIA/person9_bacteria_39.jpeg,train,1,PNEUMONIA,1152,856,146.10629272460938,34.015079498291016
train/PNEUMONIA/person9_bacteria_40.jpeg,train,1,PNEUMONIA,1248,728,165.6021270751953,35.10042953491211
train/PNEUMONIA/person9_bacteria_41.jpeg,train,1,PNEUMONIA,1176,784,131.2664337158203,32.853477478027344
val/NORMAL/NORMAL2-IM-1427-0001.jpeg,train,0,NORMAL,1776,1416,164.38214111328125,47.371280670166016
val/NORMAL/NORMAL2-IM-1430-0001.jpeg,train,0,NORMAL,1272,1040,160.2017059326172,45.0550537109375
val/NORMAL/NORMAL2-IM-1431-0001.jpeg,train,0,NORMAL,1736,1416,173.84756469726562,46.90702438354492
val/NORMAL/NORMAL2-IM-1436-0001.jpeg,train,0,NORMAL,1288,928,117.26361083984375,45.109310150146484
val/NORMAL/NORMAL2-IM-1437-0001.jpeg,train,0,NORMAL,1240,1104,148.87786865234375,44.24224090576172
val/NORMAL/NORMAL2-IM-1438-0001.jpeg,train,0,NORMAL,1328,1104,159.9561004638672,47.22624206542969
val/NORMAL/NORMAL2-IM-1440-0001.jpeg,train,0,NORMAL,1632,1225,106.04093170166016,40.10043716430664
val/NORMAL/NORMAL2-IM-1442-0001.jpeg,train,0,NORMAL,1564,1302,101.13319396972656,36.75173568725586
val/PNEUMONIA/person1946_bacteria_4874.jpeg,train,1,PNEUMONIA,968,592,131.01382446289062,37.083717346191406
val/PNEUMONIA/person1947_bacteria_4876.jpeg,train,1,PNEUMONIA,1152,664,155.80026245117188,40.91019058227539
val/PNEUMONIA/person1949_bacteria_4880.jpeg,train,1,PNEUMONIA,1416,944,145.91566467285156,39.89811706542969
val/PNEUMONIA/person1950_bacteria_4881.jpeg,train,1,PNEUMONIA,1256,864,161.52468872070312,39.707210540771484
val/PNEUMONIA/person1951_bacteria_4882.jpeg,train,1,PNEUMONIA,1016,656,161.095458984375,37.13175964355469
val/PNEUMONIA/person1952_bacteria_4883.jpeg,train,1,PNEUMONIA,1192,952,163.58778381347656,37.68367004394531
val/PNEUMONIA/person1954_bacteria_4886.jpeg,train,1,PNEUMONIA,1664,1128,121.2919921875,52.43181228637695
train/NORMAL/IM-0117-0001.jpeg,val,0,NORMAL,1422,1152,114.99596405029297,40.6676139831543
train/NORMAL/IM-0141-0001.jpeg,val,0,NORMAL,1740,1453,134.9152374267578,42.77773666381836
train/NORMAL/IM-0143-0001.jpeg,val,0,NORMAL,2138,1928,144.3447265625,47.410560607910156
train/NORMAL/IM-0154-0001.jpeg,val,0,NORMAL,1844,1438,125.64892578125,44.69230651855469
train/NORMAL/IM-0156-0001.jpeg,val,0,NORMAL,1488,1209,128.060791015625,35.532936096191406
train/NORMAL/IM-0182-0001.jpeg,val,0,NORMAL,1372,1005,155.41529846191406,45.97207260131836
train/NORMAL/IM-0193-0001.jpeg,val,0,NORMAL,2010,1747,127.78276062011719,42.175758361816406
train/NORMAL/IM-0226-0001.jpeg,val,0,NORMAL,1770,1387,95.3763427734375,45.35049819946289
train/NORMAL/IM-0255-0001.jpeg,val,0,NORMAL,1512,1171,121.02367401123047,45.09331130981445
train/NORMAL/IM-0262-0001.jpeg,val,0,NORMAL,1690,1538,154.39056396484375,38.574703216552734
train/NORMAL/IM-0268-0001.jpeg,val,0,NORMAL,1620,1356,163.33326721191406,40.96999740600586
train/NORMAL/IM-0272-0001.jpeg,val,0,NORMAL,1582,1155,148.74090576171875,38.19672775268555
train/NORMAL/IM-0289-0001.jpeg,val,0,NORMAL,2280,2066,132.44992065429688,43.002140045166016
train/NORMAL/IM-0299-0001.jpeg,val,0,NORMAL,1800,1503,151.17660522460938,39.52180480957031
train/NORMAL/IM-0300-0001.jpeg,val,0,NORMAL,2020,1565,115.12646484375,47.24372863769531
train/NORMAL/IM-0308-0001.jpeg,val,0,NORMAL,1654,1368,144.87818908691406,41.603111267089844
train/NORMAL/IM-0313-0001.jpeg,val,0,NORMAL,1696,1298,123.32429504394531,37.47872543334961
train/NORMAL/IM-0324-0001.jpeg,val,0,NORMAL,1198,931,133.90774536132812,39.11207962036133
train/NORMAL/IM-0327-0001.jpeg,val,0,NORMAL,1808,1507,145.38482666015625,38.004371643066406
train/NORMAL/IM-0347-0001.jpeg,val,0,NORMAL,1638,1168,117.8304672241211,40.325809478759766
train/NORMAL/IM-0353-0001.jpeg,val,0,NORMAL,1620,1151,126.87300109863281,41.61467742919922
train/NORMAL/IM-0377-0001.jpeg,val,0,NORMAL,1438,1106,154.5558624267578,40.24104309082031
train/NORMAL/IM-0379-0001.jpeg,val,0,NORMAL,1724,1395,131.38165283203125,41.07261276245117
train/NORMAL/IM-0382-0001.jpeg,val,0,NORMAL,1472,1225,121.03948974609375,40.4312744140625
train/NORMAL/IM-0391-0001.jpeg,val,0,NORMAL,2222,1669,137.4794464111328,48.08119583129883
train/NORMAL/IM-0394-0001.jpeg,val,0,NORMAL,1666,1333,129.7908172607422,41.76851272583008
train/NORMAL/IM-0395-0001.jpeg,val,0,NORMAL,1488,1275,143.1154022216797,39.0772819519043
train/NORMAL/IM-0399-0001.jpeg,val,0,NORMAL,1164,1086,141.9173583984375,35.64380645751953
train/NORMAL/IM-0403-0001.jpeg,val,0,NORMAL,1774,1612,155.46726989746094,41.985633850097656
train/NORMAL/IM-0404-0001.jpeg,val,0,NORMAL,1694,1182,139.02662658691406,36.580265045166016
train/NORMAL/IM-0419-0001.jpeg,val,0,NORMAL,2118,1522,157.781494140625,42.1075553894043
train/NORMAL/IM-0423-0001.jpeg,val,0,NORMAL,1480,1337,144.05584716796875,40.35251235961914
train/NORMAL/IM-0433-0001.jpeg,val,0,NORMAL,1916,1677,123.48334503173828,47.31569290161133
train/NORMAL/IM-0440-0001.jpeg,val,0,NORMAL,1690,1464,137.39300537109375,43.017738342285156
train/NORMAL/IM-0446-0001.jpeg,val,0,NORMAL,1816,1661,144.0191650390625,41.874271392822266
train/NORMAL/IM-0452-0001.jpeg,val,0,NORMAL,1848,1588,131.40213012695312,45.00276565551758
train/NORMAL/IM-0469-0001.jpeg,val,0,NORMAL,1948,1576,148.72665405273438,42.479164123535156
train/NORMAL/IM-0477-0001.jpeg,val,0,NORMAL,1666,1537,143.83438110351562,43.0199089050293
train/NORMAL/IM-0480-0001.jpeg,val,0,NORMAL,2218,2183,112.99042510986328,41.47239685058594
train/NORMAL/IM-0489-0001.jpeg,val,0,NORMAL,1310,1148,165.6048126220703,39.22507095336914
train/NORMAL/IM-0492-0001.jpeg,val,0,NORMAL,1636,1468,156.86924743652344,41.876434326171875
train/NORMAL/IM-0494-0001.jpeg,val,0,NORMAL,1692,1302,164.36827087402344,39.87565231323242
train/NORMAL/IM-0507-0001.jpeg,val,0,NORMAL,1752,1384,128.76075744628906,43.58461380004883
train/NORMAL/IM-0509-0001-0001.jpeg,val,0,NORMAL,1434,1125,147.41880798339844,45.46773147583008
train/NORMAL/IM-0517-0001.jpeg,val,0,NORMAL,2844,2067,138.0700225830078,43.67856216430664
train/NORMAL/IM-0523-0001-0001.jpeg,val,0,NORMAL,1342,1059,143.62197875976562,39.59447479248047
train/NORMAL/IM-0525-0001-0002.jpeg,val,0,NORMAL,1410,970,132.11651611328125,44.39362716674805
train/NORMAL/IM-0549-0001.jpeg,val,0,NORMAL,1272,1017,131.6022186279297,38.875938415527344
train/NORMAL/IM-0551-0001-0001.jpeg,val,0,NORMAL,1678,1156,133.23696899414062,44.51949691772461
train/NORMAL/IM-0553-0001-0002.jpeg,val,0,NORMAL,1796,1287,156.33018493652344,42.342384338378906
train/NORMAL/IM-0553-0001-0003.jpeg,val,0,NORMAL,2202,2129,138.06634521484375,44.877498626708984
train/NORMAL/IM-0554-0001.jpeg,val,0,NORMAL,1296,1082,119.7705078125,39.083675384521484
train/NORMAL/IM-0556-0001.jpeg,val,0,NORMAL,1566,1225,137.3236541748047,40.723289489746094
train/NORMAL/IM-0557-0001.jpeg,val,0,NORMAL,2442,2226,143.87420654296875,35.698631286621094
train/NORMAL/IM-0563-0001.jpeg,val,0,NORMAL,1302,970,147.58892822265625,40.43813705444336
train/NORMAL/IM-0566-0001.jpeg,val,0,NORMAL,2358,1673,156.7213897705078,46.900550842285156
train/NORMAL/IM-0568-0001.jpeg,val,0,NORMAL,2144,2129,134.62228393554688,41.946189880371094
train/NORMAL/IM-0569-0001.jpeg,val,0,NORMAL,1786,1437,144.2672882080078,42.48637390136719
train/NORMAL/IM-0575-0001.jpeg,val,0,NORMAL,1296,1036,136.02749633789062,40.90297317504883
train/NORMAL/IM-0591-0001.jpeg,val,0,NORMAL,1626,1280,149.36123657226562,38.23175811767578
train/NORMAL/IM-0615-0001.jpeg,val,0,NORMAL,1640,1322,121.96961975097656,48.33586502075195
train/NORMAL/IM-0623-0001.jpeg,val,0,NORMAL,1724,1422,139.36729431152344,46.16996383666992
train/NORMAL/IM-0626-0001-0001.jpeg,val,0,NORMAL,1754,1178,131.04188537597656,40.494319915771484
train/NORMAL/IM-0629-0001-0001.jpeg,val,0,NORMAL,2344,1855,133.5535888671875,47.866519927978516
train/NORMAL/IM-0629-0001.jpeg,val,0,NORMAL,1252,1044,150.4853973388672,40.129554748535156
train/NORMAL/IM-0635-0001.jpeg,val,0,NORMAL,1296,1052,149.82374572753906,41.71174621582031
train/NORMAL/IM-0644-0001-0002.jpeg,val,0,NORMAL,1476,1133,132.5352783203125,39.544227600097656
train/NORMAL/IM-0647-0001.jpeg,val,0,NORMAL,1214,994,116.5686264038086,34.76750183105469
train/NORMAL/IM-0650-0001-0002.jpeg,val,0,NORMAL,1798,1356,126.85320281982422,43.46477508544922
train/NORMAL/IM-0657-0001.jpeg,val,0,NORMAL,1608,1364,144.96548461914062,41.51934051513672
train/NORMAL/IM-0661-0001.jpeg,val,0,NORMAL,1754,1638,130.97145080566406,40.0639533996582
train/NORMAL/IM-0663-0001.jpeg,val,0,NORMAL,1246,931,135.97390747070312,39.56070327758789
train/NORMAL/IM-0671-0001.jpeg,val,0,NORMAL,1608,1152,133.480712890625,42.81037139892578
train/NORMAL/IM-0675-0001.jpeg,val,0,NORMAL,1218,1032,139.4800262451172,39.73609161376953
train/NORMAL/IM-0692-0001.jpeg,val,0,NORMAL,2512,2012,146.6056365966797,43.61631774902344
train/NORMAL/IM-0703-0001.jpeg,val,0,NORMAL,1426,1052,132.53785705566406,39.74826431274414
train/NORMAL/IM-0710-0001.jpeg,val,0,NORMAL,1910,1661,128.82984924316406,39.92673873901367
train/NORMAL/IM-0716-0001.jpeg,val,0,NORMAL,1426,1182,124.39608001708984,40.326995849609375
train/NORMAL/IM-0717-0001.jpeg,val,0,NORMAL,1442,1109,129.02186584472656,39.5760612487793
train/NORMAL/IM-0718-0001.jpeg,val,0,NORMAL,1634,1341,118.92347717285156,46.01333999633789
train/NORMAL/IM-0719-0001.jpeg,val,0,NORMAL,1550,1452,149.4329071044922,38.25227737426758
train/NORMAL/IM-0736-0001.jpeg,val,0,NORMAL,1430,1005,141.51885986328125,44.7913932800293
train/NORMAL/IM-0755-0001.jpeg,val,0,NORMAL,1346,1040,136.21563720703125,35.054847717285156
train/NORMAL/NORMAL2-IM-0386-0001.jpeg,val,0,NORMAL,1636,1321,154.1007537841797,40.201568603515625
train/NORMAL/NORMAL2-IM-0395-0001-0001.jpeg,val,0,NORMAL,1520,1070,135.68869018554688,47.92811965942383
train/NORMAL/NORMAL2-IM-0397-0001.jpeg,val,0,NORMAL,2036,1908,137.24746704101562,45.18925857543945
train/NORMAL/NORMAL2-IM-0416-0001-0001.jpeg,val,0,NORMAL,1584,1426,156.28842163085938,35.80562210083008
train/NORMAL/NORMAL2-IM-0419-0001.jpeg,val,0,NORMAL,1454,1071,105.91565704345703,42.637271881103516
train/NORMAL/NORMAL2-IM-0435-0001.jpeg,val,0,NORMAL,2185,1942,173.86019897460938,50.30230712890625
train/NORMAL/NORMAL2-IM-0437-0001.jpeg,val,0,NORMAL,1434,1074,125.4000473022461,40.68184280395508
train/NORMAL/NORMAL2-IM-0441-0001.jpeg,val,0,NORMAL,2288,2363,160.28610229492188,46.72169494628906
train/NORMAL/NORMAL2-IM-0443-0001.jpeg,val,0,NORMAL,1688,1542,143.81761169433594,40.255035400390625
train/NORMAL/NORMAL2-IM-0445-0001.jpeg,val,0,NORMAL,1782,1310,157.59564208984375,40.09579849243164
train/NORMAL/NORMAL2-IM-0447-0001.jpeg,val,0,NORMAL,1654,1441,141.34304809570312,42.94581604003906
train/NORMAL/NORMAL2-IM-0460-0001.jpeg,val,0,NORMAL,1186,940,140.5731658935547,34.482513427734375
train/NORMAL/NORMAL2-IM-0465-0001.jpeg,val,0,NORMAL,1418,1221,138.31947326660156,34.43545150756836
train/NORMAL/NORMAL2-IM-0490-0001.jpeg,val,0,NORMAL,1620,1340,119.87518310546875,43.64081954956055
train/NORMAL/NORMAL2-IM-0493-0001.jpeg,val,0,NORMAL,1882,1692,152.8942108154297,42.50589370727539
train/NORMAL/NORMAL2-IM-0499-0001.jpeg,val,0,NORMAL,1414,1106,116.50232696533203,42.006591796875
train/NORMAL/NORMAL2-IM-0515-0001.jpeg,val,0,NORMAL,1638,1020,143.1038818359375,47.2719612121582
train/NORMAL/NORMAL2-IM-0516-0001.jpeg,val,0,NORMAL,2120,2283,142.8934326171875,41.92002487182617
train/NORMAL/NORMAL2-IM-0520-0001.jpeg,val,0,NORMAL,1554,1402,137.36685180664062,44.01352310180664
train/NORMAL/NORMAL2-IM-0529-0001.jpeg,val,0,NORMAL,1388,1029,146.14019775390625,39.653228759765625
train/NORMAL/NORMAL2-IM-0541-0001.jpeg,val,0,NORMAL,2014,1746,128.89988708496094,43.34156036376953
train/NORMAL/NORMAL2-IM-0552-0001.jpeg,val,0,NORMAL,1638,1264,147.18540954589844,39.86669158935547
train/NORMAL/NORMAL2-IM-0555-0001-0002.jpeg,val,0,NORMAL,2414,2132,126.44075012207031,41.49396514892578
train/NORMAL/NORMAL2-IM-0572-0001.jpeg,val,0,NORMAL,1750,1526,156.5046844482422,39.993160247802734
train/NORMAL/NORMAL2-IM-0578-0001.jpeg,val,0,NORMAL,1894,1688,139.3699188232422,45.87955856323242
train/NORMAL/NORMAL2-IM-0579-0001.jpeg,val,0,NORMAL,1916,1488,143.7506561279297,45.03758239746094
train/NORMAL/NORMAL2-IM-0583-0001.jpeg,val,0,NORMAL,1712,1534,144.93528747558594,39.52736282348633
train/NORMAL/NORMAL2-IM-0600-0001.jpeg,val,0,NORMAL,1474,1527,141.4261016845703,47.79434585571289
train/NORMAL/NORMAL2-IM-0603-0001.jpeg,val,0,NORMAL,2234,1843,133.52845764160156,36.798011779785156
train/NORMAL/NORMAL2-IM-0611-0001.jpeg,val,0,NORMAL,1336,864,151.99757385253906,40.240928649902344
train/NORMAL/NORMAL2-IM-0621-0001.jpeg,val,0,NORMAL,1979,1978,157.71807861328125,51.310611724853516
train/NORMAL/NORMAL2-IM-0622-0001.jpeg,val,0,NORMAL,2114,1812,144.4031982421875,43.6248893737793
train/NORMAL/NORMAL2-IM-0627-0001.jpeg,val,0,NORMAL,2400,2121,130.55795288085938,45.2098503112793
train/NORMAL/NORMAL2-IM-0645-0001.jpeg,val,0,NORMAL,1510,1175,140.57122802734375,38.86549377441406
train/NORMAL/NORMAL2-IM-0649-0001.jpeg,val,0,NORMAL,1518,1194,129.80422973632812,33.817108154296875
train/NORMAL/NORMAL2-IM-0650-0001.jpeg,val,0,NORMAL,1528,1327,170.12075805664062,44.087188720703125
train/NORMAL/NORMAL2-IM-0660-0001.jpeg,val,0,NORMAL,1264,950,140.32965087890625,38.09186553955078
train/NORMAL/NORMAL2-IM-0661-0001.jpeg,val,0,NORMAL,2144,2028,142.69430541992188,44.75033187866211
train/NORMAL/NORMAL2-IM-0672-0001.jpeg,val,0,NORMAL,1576,1383,147.49456787109375,39.16731262207031
train/NORMAL/NORMAL2-IM-0696-0001.jpeg,val,0,NORMAL,1802,1422,141.92233276367188,43.38912582397461
train/NORMAL/NORMAL2-IM-0702-0001.jpeg,val,0,NORMAL,2514,2264,142.6372833251953,41.72354507446289
train/NORMAL/NORMAL2-IM-0723-0001.jpeg,val,0,NORMAL,1168,960,142.691650390625,39.41444778442383
train/NORMAL/NORMAL2-IM-0774-0001.jpeg,val,0,NORMAL,2510,2543,173.8101043701172,46.86553192138672
train/NORMAL/NORMAL2-IM-0776-0001.jpeg,val,0,NORMAL,1744,1769,122.06539154052734,42.96112823486328
train/NORMAL/NORMAL2-IM-0790-0001.jpeg,val,0,NORMAL,1624,1280,160.92982482910156,43.026771545410156
train/NORMAL/NORMAL2-IM-0797-0001.jpeg,val,0,NORMAL,1612,1515,137.05703735351562,40.9134521484375
train/NORMAL/NORMAL2-IM-0808-0001.jpeg,val,0,NORMAL,1932,1908,103.9918212890625,38.27207565307617
train/NORMAL/NORMAL2-IM-0809-0001.jpeg,val,0,NORMAL,1322,978,153.0067138671875,39.08296585083008
train/NORMAL/NORMAL2-IM-0818-0001-0002.jpeg,val,0,NORMAL,1679,1914,145.00770568847656,47.172119140625
train/NORMAL/NORMAL2-IM-0822-0001.jpeg,val,0,NORMAL,1904,1461,123.00820922851562,45.9145622253418
train/NORMAL/NORMAL2-IM-0831-0001.jpeg,val,0,NORMAL,2032,2016,141.56228637695312,34.78595733642578
train/NORMAL/NORMAL2-IM-0836-0001.jpeg,val,0,NORMAL,1666,1507,138.0930633544922,44.40581512451172
train/NORMAL/NORMAL2-IM-0869-0001.jpeg,val,0,NORMAL,1534,1063,119.76129913330078,49.94508743286133
train/NORMAL/NORMAL2-IM-0870-0001.jpeg,val,0,NORMAL,1480,1228,129.88819885253906,41.203338623046875
train/NORMAL/NORMAL2-IM-0897-0001.jpeg,val,0,NORMAL,1676,1400,177.2649383544922,41.02528762817383
train/NORMAL/NORMAL2-IM-0900-0001.jpeg,val,0,NORMAL,1554,1271,157.6176300048828,44.61494445800781
train/NORMAL/NORMAL2-IM-0903-0001.jpeg,val,0,NORMAL,1496,1155,138.57395935058594,45.58246994018555
train/NORMAL/NORMAL2-IM-0905-0001.jpeg,val,0,NORMAL,1546,1307,149.75160217285156,41.30687713623047
train/NORMAL/NORMAL2-IM-0908-0001.jpeg,val,0,NORMAL,1402,1105,145.2775421142578,43.34617233276367
train/NORMAL/NORMAL2-IM-0923-0001.jpeg,val,0,NORMAL,1820,1619,124.71732330322266,41.67473602294922
train/NORMAL/NORMAL2-IM-0926-0001.jpeg,val,0,NORMAL,1586,1217,122.21817016601562,45.85404968261719
train/NORMAL/NORMAL2-IM-0933-0001.jpeg,val,0,NORMAL,1372,1164,128.86705017089844,41.748741149902344
train/NORMAL/NORMAL2-IM-0950-0001.jpeg,val,0,NORMAL,1802,1437,107.16668701171875,46.381690979003906
train/NORMAL/NORMAL2-IM-0971-0001-0002.jpeg,val,0,NORMAL,1554,1353,118.38097381591797,40.447322845458984
train/NORMAL/NORMAL2-IM-0977-0001.jpeg,val,0,NORMAL,1388,1094,107.1318130493164,38.341739654541016
train/NORMAL/NORMAL2-IM-0978-0001.jpeg,val,0,NORMAL,1678,1129,130.28744506835938,42.65690994262695
train/NORMAL/NORMAL2-IM-0981-0001.jpeg,val,0,NORMAL,1418,1137,131.4580078125,42.99720764160156
train/NORMAL/NORMAL2-IM-0983-0001-0001.jpeg,val,0,NORMAL,1882,1812,141.76629638671875,46.66791534423828
train/NORMAL/NORMAL2-IM-0987-0001.jpeg,val,0,NORMAL,1572,1322,149.92637634277344,38.26711654663086
train/NORMAL/NORMAL2-IM-0992-0001.jpeg,val,0,NORMAL,1408,1090,148.53089904785156,37.72780227661133
train/NORMAL/NORMAL2-IM-1002-0001.jpeg,val,0,NORMAL,1364,1090,106.33396911621094,44.27525329589844
train/NORMAL/NORMAL2-IM-1011-0001.jpeg,val,0,NORMAL,1762,1391,133.25804138183594,37.55502700805664
train/NORMAL/NORMAL2-IM-1020-0001-0001.jpeg,val,0,NORMAL,1886,1357,119.89436340332031,48.443450927734375
train/NORMAL/NORMAL2-IM-1024-0001.jpeg,val,0,NORMAL,1974,2175,128.9097442626953,43.45474624633789
train/NORMAL/NORMAL2-IM-1027-0001.jpeg,val,0,NORMAL,1372,1074,124.51182556152344,42.058631896972656
train/NORMAL/NORMAL2-IM-1037-0001.jpeg,val,0,NORMAL,1920,1854,146.26055908203125,45.772884368896484
train/NORMAL/NORMAL2-IM-1045-0001.jpeg,val,0,NORMAL,1426,1067,145.97044372558594,37.46116256713867
train/NORMAL/NORMAL2-IM-1050-0001.jpeg,val,0,NORMAL,2564,2519,176.94419860839844,45.42136001586914
train/NORMAL/NORMAL2-IM-1056-0001.jpeg,val,0,NORMAL,1422,1067,132.2250213623047,38.84714889526367
train/NORMAL/NORMAL2-IM-1062-0001.jpeg,val,0,NORMAL,1805,1421,163.69094848632812,49.26396560668945
train/NORMAL/NORMAL2-IM-1090-0001.jpeg,val,0,NORMAL,1740,1541,147.3362579345703,43.91355895996094
train/NORMAL/NORMAL2-IM-1098-0001.jpeg,val,0,NORMAL,1732,1267,140.5977020263672,41.833065032958984
train/NORMAL/NORMAL2-IM-1103-0001-0001.jpeg,val,0,NORMAL,1418,1360,134.87501525878906,37.48210525512695
train/NORMAL/NORMAL2-IM-1117-0001.jpeg,val,0,NORMAL,1466,1265,173.5037841796875,35.68077087402344
train/NORMAL/NORMAL2-IM-1122-0001.jpeg,val,0,NORMAL,1624,1410,139.37294006347656,40.97858810424805
train/NORMAL/NORMAL2-IM-1125-0001.jpeg,val,0,NORMAL,1828,1704,142.5261688232422,38.9637336730957
train/NORMAL/NORMAL2-IM-1126-0001.jpeg,val,0,NORMAL,1580,1410,161.52780151367188,37.57162857055664
train/NORMAL/NORMAL2-IM-1131-0001.jpeg,val,0,NORMAL,1716,1353,134.6155242919922,44.75092315673828
train/NORMAL/NORMAL2-IM-1145-0001.jpeg,val,0,NORMAL,1376,967,145.09512329101562,36.59309387207031
train/NORMAL/NORMAL2-IM-1151-0001.jpeg,val,0,NORMAL,1640,1469,119.77690887451172,43.65497589111328
train/NORMAL/NORMAL2-IM-1152-0001-0001.jpeg,val,0,NORMAL,1636,1433,151.93136596679688,39.7719612121582
train/NORMAL/NORMAL2-IM-1152-0001-0002.jpeg,val,0,NORMAL,1562,1133,131.1033172607422,43.222076416015625
train/NORMAL/NORMAL2-IM-1157-0001.jpeg,val,0,NORMAL,1306,994,141.8395233154297,29.86126136779785
train/NORMAL/NORMAL2-IM-1179-0001.jpeg,val,0,NORMAL,1742,1372,156.2928466796875,39.4762077331543
train/NORMAL/NORMAL2-IM-1182-0001.jpeg,val,0,NORMAL,1716,1225,145.3955841064453,43.48773193359375
train/NORMAL/NORMAL2-IM-1183-0001.jpeg,val,0,NORMAL,1836,1592,145.34616088867188,41.0398063659668
train/NORMAL/NORMAL2-IM-1189-0001.jpeg,val,0,NORMAL,1306,1047,135.9689178466797,40.271888732910156
train/NORMAL/NORMAL2-IM-1196-0001.jpeg,val,0,NORMAL,1898,1804,148.30259704589844,44.51955032348633
train/NORMAL/NORMAL2-IM-1227-0001.jpeg,val,0,NORMAL,1172,986,133.278564453125,37.94244384765625
train/NORMAL/NORMAL2-IM-1231-0001.jpeg,val,0,NORMAL,1414,1167,151.13536071777344,36.80159378051758
train/NORMAL/NORMAL2-IM-1234-0001.jpeg,val,0,NORMAL,2114,1681,136.346435546875,43.813777923583984
train/NORMAL/NORMAL2-IM-1245-0001.jpeg,val,0,NORMAL,1422,1402,137.235595703125,44.689659118652344
train/NORMAL/NORMAL2-IM-1257-0001.jpeg,val,0,NORMAL,2916,2583,168.14622497558594,52.902801513671875
train/NORMAL/NORMAL2-IM-1260-0001.jpeg,val,0,NORMAL,1854,1495,127.02188873291016,47.09019088745117
train/NORMAL/NORMAL2-IM-1267-0001.jpeg,val,0,NORMAL,1920,1708,155.4768524169922,42.090538024902344
train/NORMAL/NORMAL2-IM-1269-0001.jpeg,val,0,NORMAL,1464,1164,164.93807983398438,36.59005355834961
train/NORMAL/NORMAL2-IM-1287-0001.jpeg,val,0,NORMAL,2450,2325,142.9437255859375,46.10438537597656
train/NORMAL/NORMAL2-IM-1288-0001.jpeg,val,0,NORMAL,1836,1592,146.40293884277344,45.797874450683594
train/NORMAL/NORMAL2-IM-1290-0001.jpeg,val,0,NORMAL,1412,1198,146.2117156982422,44.86817932128906
train/NORMAL/NORMAL2-IM-1292-0001.jpeg,val,0,NORMAL,1542,1341,143.61814880371094,43.637630462646484
train/NORMAL/NORMAL2-IM-1303-0001.jpeg,val,0,NORMAL,1322,1128,136.9759521484375,41.114280700683594
train/NORMAL/NORMAL2-IM-1311-0001.jpeg,val,0,NORMAL,1422,1156,142.51358032226562,36.54444885253906
train/NORMAL/NORMAL2-IM-1319-0001.jpeg,val,0,NORMAL,1588,1453,166.92999267578125,37.32707595825195
train/NORMAL/NORMAL2-IM-1322-0001.jpeg,val,0,NORMAL,1700,1178,157.57470703125,37.57972717285156
train/NORMAL/NORMAL2-IM-1344-0001.jpeg,val,0,NORMAL,1700,1379,153.3311309814453,33.45379638671875
train/NORMAL/NORMAL2-IM-1345-0001-0001.jpeg,val,0,NORMAL,1318,1067,120.82205200195312,41.54737854003906
train/NORMAL/NORMAL2-IM-1365-0001.jpeg,val,0,NORMAL,1392,1048,155.39500427246094,37.442928314208984
train/NORMAL/NORMAL2-IM-1385-0001.jpeg,val,0,NORMAL,1288,1080,127.7015609741211,40.81507873535156
train/NORMAL/NORMAL2-IM-1423-0001.jpeg,val,0,NORMAL,1400,1216,116.59706115722656,35.944496154785156
train/PNEUMONIA/person1000_virus_1681.jpeg,val,1,PNEUMONIA,1072,768,145.34580993652344,39.32304382324219
train/PNEUMONIA/person1001_bacteria_2932.jpeg,val,1,PNEUMONIA,1244,863,127.79357147216797,38.06562805175781
train/PNEUMONIA/person1006_bacteria_2937.jpeg,val,1,PNEUMONIA,1553,1044,111.98005676269531,49.100425720214844
train/PNEUMONIA/person1008_bacteria_2939.jpeg,val,1,PNEUMONIA,1240,792,160.3506622314453,36.21149444580078
train/PNEUMONIA/person1009_virus_1694.jpeg,val,1,PNEUMONIA,1520,936,140.23452758789062,46.82938766479492
train/PNEUMONIA/person1012_bacteria_2943.jpeg,val,1,PNEUMONIA,992,680,143.93528747558594,35.08973693847656
train/PNEUMONIA/person1014_bacteria_2945.jpeg,val,1,PNEUMONIA,1366,1044,124.53124237060547,47.33867645263672
train/PNEUMONIA/person1018_virus_1706.jpeg,val,1,PNEUMONIA,1280,784,142.93359375,48.90593338012695
train/PNEUMONIA/person1020_bacteria_2951.jpeg,val,1,PNEUMONIA,1136,712,150.64794921875,37.01936721801758
train/PNEUMONIA/person1021_virus_1711.jpeg,val,1,PNEUMONIA,1184,752,163.35069274902344,41.14283752441406
train/PNEUMONIA/person1022_bacteria_2953.jpeg,val,1,PNEUMONIA,1080,984,169.1943359375,38.11713409423828
train/PNEUMONIA/person1022_virus_1712.jpeg,val,1,PNEUMONIA,1584,1328,147.64715576171875,38.760292053222656
train/PNEUMONIA/person1023_bacteria_2954.jpeg,val,1,PNEUMONIA,1538,1299,116.4073715209961,41.503021240234375
train/PNEUMONIA/person1028_bacteria_2960.jpeg,val,1,PNEUMONIA,912,480,164.5396728515625,34.42431640625
train/PNEUMONIA/person1031_virus_1723.jpeg,val,1,PNEUMONIA,1504,1296,170.2900848388672,43.801300048828125
train/PNEUMONIA/person1043_bacteria_2977.jpeg,val,1,PNEUMONIA,1336,896,143.133544921875,41.11373519897461
train/PNEUMONIA/person104_virus_191.jpeg,val,1,PNEUMONIA,1644,1138,109.65322875976562,41.21141052246094
train/PNEUMONIA/person1053_bacteria_2987.jpeg,val,1,PNEUMONIA,1016,696,146.3122100830078,38.249908447265625
train/PNEUMONIA/person105_virus_193.jpeg,val,1,PNEUMONIA,1101,823,165.72450256347656,38.43110656738281
train/PNEUMONIA/person1063_bacteria_2997.jpeg,val,1,PNEUMONIA,1232,976,145.95140075683594,36.40549850463867
train/PNEUMONIA/person1066_virus_1769.jpeg,val,1,PNEUMONIA,1392,904,141.35487365722656,42.53348159790039
train/PNEUMONIA/person1069_virus_1772.jpeg,val,1,PNEUMONIA,1408,792,148.58409118652344,50.453773498535156
train/PNEUMONIA/person1076_bacteria_3016.jpeg,val,1,PNEUMONIA,1292,867,131.28823852539062,42.07329559326172
train/PNEUMONIA/person1079_virus_1789.jpeg,val,1,PNEUMONIA,1568,1152,137.88316345214844,39.47397994995117
train/PNEUMONIA/person1082_bacteria_3022.jpeg,val,1,PNEUMONIA,1280,984,130.49346923828125,33.60427474975586
train/PNEUMONIA/person1083_virus_1795.jpeg,val,1,PNEUMONIA,1152,696,152.24551391601562,41.413753509521484
train/PNEUMONIA/person108_virus_200.jpeg,val,1,PNEUMONIA,2048,1448,117.98233795166016,25.66676902770996
train/PNEUMONIA/person1092_virus_1811.jpeg,val,1,PNEUMONIA,1352,960,160.28257751464844,45.22602462768555
train/PNEUMONIA/person1096_bacteria_3037.jpeg,val,1,PNEUMONIA,1088,672,135.7440185546875,36.2536506652832
train/PNEUMONIA/person1102_bacteria_3043.jpeg,val,1,PNEUMONIA,976,616,137.06298828125,31.627819061279297
train/PNEUMONIA/person1107_virus_1831.jpeg,val,1,PNEUMONIA,1024,744,149.78880310058594,39.99343490600586
train/PNEUMONIA/person1115_bacteria_3056.jpeg,val,1,PNEUMONIA,1312,888,113.78643035888672,34.55108642578125
train/PNEUMONIA/person111_virus_210.jpeg,val,1,PNEUMONIA,1568,1504,119.70806884765625,40.359962463378906
train/PNEUMONIA/person1120_virus_1845.jpeg,val,1,PNEUMONIA,1104,536,131.57742309570312,50.06599044799805
train/PNEUMONIA/person1127_bacteria_3068.jpeg,val,1,PNEUMONIA,861,543,122.16043090820312,25.45046043395996
train/PNEUMONIA/person1138_bacteria_3080.jpeg,val,1,PNEUMONIA,1280,792,111.80069732666016,32.53887939453125
train/PNEUMONIA/person1139_bacteria_3081.jpeg,val,1,PNEUMONIA,904,600,145.99237060546875,33.439300537109375
train/PNEUMONIA/person1140_bacteria_3083.jpeg,val,1,PNEUMONIA,1152,784,168.21487426757812,33.14585494995117
train/PNEUMONIA/person1140_virus_1885.jpeg,val,1,PNEUMONIA,1330,844,124.17216491699219,37.01349639892578
train/PNEUMONIA/person1147_virus_1917.jpeg,val,1,PNEUMONIA,1624,1944,144.1125946044922,40.59657669067383
train/PNEUMONIA/person114_virus_217.jpeg,val,1,PNEUMONIA,1456,896,144.81817626953125,48.74332046508789
train/PNEUMONIA/person1151_virus_1928.jpeg,val,1,PNEUMONIA,1604,1462,131.52867126464844,44.88279724121094
train/PNEUMONIA/person1154_virus_1933.jpeg,val,1,PNEUMONIA,1574,1164,138.24700927734375,42.85616683959961
train/PNEUMONIA/person1157_virus_1937.jpeg,val,1,PNEUMONIA,1152,720,143.80654907226562,38.42196273803711
train/PNEUMONIA/person1159_virus_1944.jpeg,val,1,PNEUMONIA,1360,920,160.3877716064453,38.485748291015625
train/PNEUMONIA/person1159_virus_1946.jpeg,val,1,PNEUMONIA,620,359,170.68582153320312,33.21331024169922
train/PNEUMONIA/person1164_virus_1955.jpeg,val,1,PNEUMONIA,1392,1016,126.62689971923828,34.71614456176758
train/PNEUMONIA/person1165_bacteria_3111.jpeg,val,1,PNEUMONIA,1478,928,110.82569122314453,31.716562271118164
train/PNEUMONIA/person1165_virus_1959.jpeg,val,1,PNEUMONIA,923,586,141.6607208251953,24.364999771118164
train/PNEUMONIA/person1168_virus_1966.jpeg,val,1,PNEUMONIA,960,664,133.6925811767578,28.346479415893555
train/PNEUMONIA/person1169_virus_1968.jpeg,val,1,PNEUMONIA,1192,856,134.74472045898438,34.98823165893555
train/PNEUMONIA/person1177_bacteria_3125.jpeg,val,1,PNEUMONIA,1032,744,130.96701049804688,32.65312957763672
train/PNEUMONIA/person1177_virus_2001.jpeg,val,1,PNEUMONIA,862,528,164.8843994140625,22.56351661682129
train/PNEUMONIA/person1178_bacteria_3126.jpeg,val,1,PNEUMONIA,1152,720,178.25381469726562,28.181745529174805
train/PNEUMONIA/person1180_virus_2010.jpeg,val,1,PNEUMONIA,1024,712,85.32843017578125,27.64124870300293
train/PNEUMONIA/person1181_virus_2016.jpeg,val,1,PNEUMONIA,1664,1096,149.76976013183594,37.046932220458984
train/PNEUMONIA/person1184_bacteria_3132.jpeg,val,1,PNEUMONIA,1016,608,149.87625122070312,30.54582977294922
train/PNEUMONIA/person1186_bacteria_3134.jpeg,val,1,PNEUMONIA,1666,1276,120.01129913330078,42.521080017089844
train/PNEUMONIA/person1186_bacteria_3135.jpeg,val,1,PNEUMONIA,1168,808,174.8525848388672,33.88115310668945
train/PNEUMONIA/person1194_bacteria_3143.jpeg,val,1,PNEUMONIA,1008,584,127.95281982421875,31.23863983154297
train/PNEUMONIA/person1196_bacteria_3146.jpeg,val,1,PNEUMONIA,1832,1224,144.01290893554688,37.38743209838867
train/PNEUMONIA/person1202_virus_2045.jpeg,val,1,PNEUMONIA,1408,968,186.61814880371094,25.696792602539062
train/PNEUMONIA/person1203_bacteria_3155.jpeg,val,1,PNEUMONIA,713,353,120.0915298461914,31.7296085357666
train/PNEUMONIA/person1206_virus_2051.jpeg,val,1,PNEUMONIA,1160,1024,145.1894989013672,36.50337600708008
train/PNEUMONIA/person120_virus_226.jpeg,val,1,PNEUMONIA,1680,1336,167.9707489013672,46.24663543701172
train/PNEUMONIA/person1211_virus_2056.jpeg,val,1,PNEUMONIA,1525,1073,132.49554443359375,50.094329833984375
train/PNEUMONIA/person1212_bacteria_3164.jpeg,val,1,PNEUMONIA,1000,624,146.06495666503906,33.99152755737305
train/PNEUMONIA/person1217_bacteria_3169.jpeg,val,1,PNEUMONIA,880,576,162.61172485351562,30.332252502441406
train/PNEUMONIA/person1226_virus_2077.jpeg,val,1,PNEUMONIA,1152,672,154.62509155273438,52.87218475341797
train/PNEUMONIA/person1227_virus_2078.jpeg,val,1,PNEUMONIA,1640,1304,158.08445739746094,44.98452377319336
train/PNEUMONIA/person122_virus_229.jpeg,val,1,PNEUMONIA,1080,752,142.9410858154297,40.04337692260742
train/PNEUMONIA/person1236_bacteria_3192.jpeg,val,1,PNEUMONIA,888,584,138.0476837158203,32.45082092285156
train/PNEUMONIA/person1237_virus_2097.jpeg,val,1,PNEUMONIA,1224,584,144.29391479492188,44.65007019042969
train/PNEUMONIA/person1240_bacteria_3196.jpeg,val,1,PNEUMONIA,869,553,143.0934600830078,23.55547332763672
train/PNEUMONIA/person1242_virus_2109.jpeg,val,1,PNEUMONIA,1120,592,113.71935272216797,44.873958587646484
train/PNEUMONIA/person124_virus_236.jpeg,val,1,PNEUMONIA,1448,1112,90.0521240234375,37.62742614746094
train/PNEUMONIA/person124_virus_239.jpeg,val,1,PNEUMONIA,1328,1224,138.22903442382812,43.87462615966797
train/PNEUMONIA/person124_virus_249.jpeg,val,1,PNEUMONIA,1224,952,129.18482971191406,33.88010787963867
train/PNEUMONIA/person1252_bacteria_3209.jpeg,val,1,PNEUMONIA,1008,528,143.67718505859375,36.0750732421875
train/PNEUMONIA/person1254_virus_2130.jpeg,val,1,PNEUMONIA,1072,656,152.23585510253906,43.041046142578125
train/PNEUMONIA/person1266_bacteria_3225.jpeg,val,1,PNEUMONIA,816,368,113.71923065185547,34.578983306884766
train/PNEUMONIA/person1266_virus_2158.jpeg,val,1,PNEUMONIA,1176,856,128.09519958496094,42.12949752807617
train/PNEUMONIA/person1268_bacteria_3228.jpeg,val,1,PNEUMONIA,1256,864,166.12196350097656,40.94058609008789
train/PNEUMONIA/person1268_virus_2161.jpeg,val,1,PNEUMONIA,1208,984,158.01609802246094,47.06435775756836
train/PNEUMONIA/person1271_bacteria_3231.jpeg,val,1,PNEUMONIA,1422,971,150.9465789794922,43.783790588378906
train/PNEUMONIA/person1282_bacteria_3245.jpeg,val,1,PNEUMONIA,1008,808,136.74380493164062,31.479028701782227
train/PNEUMONIA/person1284_bacteria_3247.jpeg,val,1,PNEUMONIA,1434,986,106.11060333251953,46.78787612915039
train/PNEUMONIA/person1286_virus_2209.jpeg,val,1,PNEUMONIA,1048,776,162.2240447998047,43.25738525390625
train/PNEUMONIA/person1288_virus_2211.jpeg,val,1,PNEUMONIA,1304,880,139.37298583984375,57.11271286010742
train/PNEUMONIA/person1295_bacteria_3258.jpeg,val,1,PNEUMONIA,1168,648,160.0451202392578,32.98170471191406
train/PNEUMONIA/person1296_virus_2224.jpeg,val,1,PNEUMONIA,1592,1056,122.08502960205078,54.759239196777344
train/PNEUMONIA/person1300_bacteria_3264.jpeg,val,1,PNEUMONIA,1512,1488,172.74073791503906,32.5936279296875
train/PNEUMONIA/person1303_bacteria_3267.jpeg,val,1,PNEUMONIA,671,393,168.96812438964844,15.781557083129883
train/PNEUMONIA/person1304_bacteria_3269.jpeg,val,1,PNEUMONIA,1544,1008,152.2242889404297,43.152976989746094
train/PNEUMONIA/person1306_bacteria_3274.jpeg,val,1,PNEUMONIA,1064,760,165.50062561035156,43.01301956176758
train/PNEUMONIA/person1306_bacteria_3276.jpeg,val,1,PNEUMONIA,1120,568,134.58340454101562,39.63895797729492
train/PNEUMONIA/person1306_bacteria_3277.jpeg,val,1,PNEUMONIA,1136,528,171.62132263183594,43.235137939453125
train/PNEUMONIA/person1306_virus_2249.jpeg,val,1,PNEUMONIA,1160,664,156.52084350585938,52.49889373779297
train/PNEUMONIA/person130_virus_263.jpeg,val,1,PNEUMONIA,1568,1144,163.20213317871094,37.10460662841797
train/PNEUMONIA/person1311_bacteria_3312.jpeg,val,1,PNEUMONIA,490,189,159.20619201660156,36.84388732910156
train/PNEUMONIA/person1314_virus_2269.jpeg,val,1,PNEUMONIA,1216,768,146.60574340820312,42.20673370361328
train/PNEUMONIA/person1317_virus_2273.jpeg,val,1,PNEUMONIA,1200,784,152.33226013183594,46.18684387207031
train/PNEUMONIA/person1323_virus_2282.jpeg,val,1,PNEUMONIA,1056,592,141.69024658203125,47.79668426513672
train/PNEUMONIA/person1329_bacteria_3377.jpeg,val,1,PNEUMONIA,1064,592,102.54876708984375,29.214975357055664
train/PNEUMONIA/person1336_virus_2306.jpeg,val,1,PNEUMONIA,1152,776,168.2933349609375,53.37099838256836
train/PNEUMONIA/person1338_bacteria_3394.jpeg,val,1,PNEUMONIA,1448,1080,192.37892150878906,45.7860107421875
train/PNEUMONIA/person133_virus_267.jpeg,val,1,PNEUMONIA,1552,1000,152.93272399902344,46.97950744628906
train/PNEUMONIA/person1340_virus_2311.jpeg,val,1,PNEUMONIA,1032,744,127.91839599609375,44.241146087646484
train/PNEUMONIA/person1341_bacteria_3406.jpeg,val,1,PNEUMONIA,1088,544,148.39486694335938,55.459861755371094
train/PNEUMONIA/person1342_virus_2315.jpeg,val,1,PNEUMONIA,1448,880,138.22645568847656,48.599308013916016
train/PNEUMONIA/person1343_bacteria_3414.jpeg,val,1,PNEUMONIA,1384,864,171.64224243164062,42.45268249511719
train/PNEUMONIA/person1343_bacteria_3415.jpeg,val,1,PNEUMONIA,1376,1120,178.5336151123047,40.578590393066406
train/PNEUMONIA/person1343_virus_2316.jpeg,val,1,PNEUMONIA,1184,840,159.07383728027344,43.46116638183594
train/PNEUMONIA/person1343_virus_2317.jpeg,val,1,PNEUMONIA,1280,872,149.3944549560547,47.05379867553711
train/PNEUMONIA/person1344_virus_2320.jpeg,val,1,PNEUMONIA,984,656,139.15760803222656,53.64397430419922
train/PNEUMONIA/person1345_bacteria_3424.jpeg,val,1,PNEUMONIA,1320,856,156.46070861816406,38.63290786743164
train/PNEUMONIA/person1349_bacteria_3434.jpeg,val,1,PNEUMONIA,1512,872,161.00013732910156,44.05705642700195
train/PNEUMONIA/person1349_bacteria_3437.jpeg,val,1,PNEUMONIA,1480,1208,166.62754821777344,44.18441390991211
train/PNEUMONIA/person1349_bacteria_3439.jpeg,val,1,PNEUMONIA,1504,992,146.50274658203125,43.52141189575195
train/PNEUMONIA/person1352_bacteria_3444.jpeg,val,1,PNEUMONIA,1384,960,162.66629028320312,43.41925048828125
train/PNEUMONIA/person1352_bacteria_3445.jpeg,val,1,PNEUMONIA,1320,1008,150.92626953125,48.301273345947266
train/PNEUMONIA/person1358_bacteria_3463.jpeg,val,1,PNEUMONIA,1472,976,143.85804748535156,36.363155364990234
train/PNEUMONIA/person1358_virus_2339.jpeg,val,1,PNEUMONIA,1760,1360,165.90032958984375,47.73452377319336
train/PNEUMONIA/person1361_bacteria_3476.jpeg,val,1,PNEUMONIA,1240,920,175.06143188476562,40.65312576293945
train/PNEUMONIA/person1362_virus_2345.jpeg,val,1,PNEUMONIA,1360,1296,178.7281951904297,48.490478515625
train/PNEUMONIA/person1365_bacteria_3489.jpeg,val,1,PNEUMONIA,1000,568,137.04991149902344,48.45512771606445
train/PNEUMONIA/person1369_virus_2356.jpeg,val,1,PNEUMONIA,1003,413,156.69557189941406,42.070865631103516
train/PNEUMONIA/person1372_bacteria_3501.jpeg,val,1,PNEUMONIA,1800,1512,163.44808959960938,39.135440826416016
train/PNEUMONIA/person1372_bacteria_3502.jpeg,val,1,PNEUMONIA,1800,1512,163.44808959960938,39.135440826416016
train/PNEUMONIA/person1374_bacteria_3506.jpeg,val,1,PNEUMONIA,1552,840,185.65174865722656,39.48799514770508
train/PNEUMONIA/person1379_bacteria_3514.jpeg,val,1,PNEUMONIA,1216,720,171.7454071044922,42.89439010620117
train/PNEUMONIA/person137_virus_281.jpeg,val,1,PNEUMONIA,1320,1000,108.24981689453125,37.49620819091797
train/PNEUMONIA/person1381_bacteria_3517.jpeg,val,1,PNEUMONIA,1984,1576,177.1544647216797,39.28953552246094
train/PNEUMONIA/person138_virus_282.jpeg,val,1,PNEUMONIA,928,496,147.3087615966797,41.230010986328125
train/PNEUMONIA/person1390_bacteria_3535.jpeg,val,1,PNEUMONIA,1056,584,116.27564239501953,47.92543411254883
train/PNEUMONIA/person1394_virus_2397.jpeg,val,1,PNEUMONIA,1440,896,119.62548828125,49.50983810424805
train/PNEUMONIA/person13_bacteria_49.jpeg,val,1,PNEUMONIA,1666,1392,157.62669372558594,37.06219482421875
train/PNEUMONIA/person13_bacteria_50.jpeg,val,1,PNEUMONIA,1762,1535,159.9954071044922,41.193931579589844
train/PNEUMONIA/person1400_bacteria_3550.jpeg,val,1,PNEUMONIA,1272,784,165.65472412109375,42.774051666259766
train/PNEUMONIA/person1409_bacteria_3583.jpeg,val,1,PNEUMONIA,1712,1272,142.61119079589844,45.09705352783203
train/PNEUMONIA/person1413_bacteria_3615.jpeg,val,1,PNEUMONIA,1400,704,249.2751007080078,9.898124694824219
train/PNEUMONIA/person1414_bacteria_3627.jpeg,val,1,PNEUMONIA,1232,704,192.15032958984375,40.975772857666016
train/PNEUMONIA/person1418_bacteria_3643.jpeg,val,1,PNEUMONIA,1296,1040,154.59910583496094,47.65319061279297
train/PNEUMONIA/person1418_virus_2429.jpeg,val,1,PNEUMONIA,1496,976,178.78102111816406,39.3579216003418
train/PNEUMONIA/person1419_bacteria_3645.jpeg,val,1,PNEUMONIA,1096,592,81.00386047363281,32.529930114746094
train/PNEUMONIA/person1423_bacteria_3650.jpeg,val,1,PNEUMONIA,1232,776,158.80975341796875,45.54553985595703
train/PNEUMONIA/person1424_virus_2437.jpeg,val,1,PNEUMONIA,1152,664,145.06044006347656,45.129756927490234
train/PNEUMONIA/person1427_virus_2441.jpeg,val,1,PNEUMONIA,1712,1136,163.4116668701172,49.10984802246094
train/PNEUMONIA/person1430_bacteria_3693.jpeg,val,1,PNEUMONIA,984,520,127.43180847167969,48.489288330078125
train/PNEUMONIA/person1432_bacteria_3699.jpeg,val,1,PNEUMONIA,976,632,133.7085418701172,39.89374542236328
train/PNEUMONIA/person1433_virus_2447.jpeg,val,1,PNEUMONIA,1280,856,95.38406372070312,46.97674560546875
train/PNEUMONIA/person1438_bacteria_3715.jpeg,val,1,PNEUMONIA,944,632,135.0845947265625,48.28369903564453
train/PNEUMONIA/person1445_bacteria_3734.jpeg,val,1,PNEUMONIA,1552,1544,152.99769592285156,35.45185089111328
train/PNEUMONIA/person1445_bacteria_3735.jpeg,val,1,PNEUMONIA,1576,1544,188.00131225585938,26.868770599365234
train/PNEUMONIA/person1446_bacteria_3737.jpeg,val,1,PNEUMONIA,1224,768,119.00092315673828,49.5713005065918
train/PNEUMONIA/person1446_bacteria_3739.jpeg,val,1,PNEUMONIA,1248,712,141.8025665283203,45.209312438964844
train/PNEUMONIA/person1447_bacteria_3741.jpeg,val,1,PNEUMONIA,1552,1104,173.6085205078125,38.751102447509766
train/PNEUMONIA/person1451_virus_2479.jpeg,val,1,PNEUMONIA,880,560,135.55010986328125,36.44164276123047
train/PNEUMONIA/person1453_bacteria_3770.jpeg,val,1,PNEUMONIA,1208,1120,144.08535766601562,44.1576042175293
train/PNEUMONIA/person1453_virus_2485.jpeg,val,1,PNEUMONIA,904,544,140.4479522705078,37.018306732177734
train/PNEUMONIA/person1454_bacteria_3779.jpeg,val,1,PNEUMONIA,1440,1008,138.14340209960938,41.49648666381836
train/PNEUMONIA/person1454_bacteria_3781.jpeg,val,1,PNEUMONIA,1408,856,145.32574462890625,39.45820236206055
train/PNEUMONIA/person1455_virus_2487.jpeg,val,1,PNEUMONIA,896,536,139.31085205078125,33.574989318847656
train/PNEUMONIA/person1458_virus_2501.jpeg,val,1,PNEUMONIA,1160,960,132.53955078125,35.55949783325195
train/PNEUMONIA/person1458_virus_2503.jpeg,val,1,PNEUMONIA,1192,800,130.19451904296875,31.062604904174805
train/PNEUMONIA/person1459_bacteria_3796.jpeg,val,1,PNEUMONIA,1248,816,176.09971618652344,40.99029541015625
train/PNEUMONIA/person1459_bacteria_3797.jpeg,val,1,PNEUMONIA,1336,824,160.05035400390625,40.95172882080078
train/PNEUMONIA/person1462_virus_2512.jpeg,val,1,PNEUMONIA,1816,1550,111.78516387939453,41.28318786621094
train/PNEUMONIA/person1463_bacteria_3808.jpeg,val,1,PNEUMONIA,1432,736,131.21871948242188,41.79344177246094
train/PNEUMONIA/person1463_virus_2516.jpeg,val,1,PNEUMONIA,1168,744,146.5997772216797,36.794593811035156
train/PNEUMONIA/person1465_virus_2530.jpeg,val,1,PNEUMONIA,1008,560,127.51158142089844,39.114078521728516
train/PNEUMONIA/person1465_virus_2531.jpeg,val,1,PNEUMONIA,1000,760,131.13426208496094,32.49956130981445
train/PNEUMONIA/person1466_virus_2542.jpeg,val,1,PNEUMONIA,1112,704,122.13922882080078,41.00502395629883
train/PNEUMONIA/person1472_bacteria_3833.jpeg,val,1,PNEUMONIA,1456,1104,144.9303436279297,47.14759063720703
train/PNEUMONIA/person1474_bacteria_3837.jpeg,val,1,PNEUMONIA,872,552,130.97755432128906,41.67657470703125
train/PNEUMONIA/person1475_virus_2558.jpeg,val,1,PNEUMONIA,1358,870,143.82701110839844,36.73025131225586
train/PNEUMONIA/person1481_bacteria_3866.jpeg,val,1,PNEUMONIA,1600,1176,126.46771240234375,44.512718200683594
train/PNEUMONIA/person1482_virus_2572.jpeg,val,1,PNEUMONIA,1056,664,145.08981323242188,29.780942916870117
train/PNEUMONIA/person1482_virus_2573.jpeg,val,1,PNEUMONIA,1024,728,127.71186065673828,27.966190338134766
train/PNEUMONIA/person1484_bacteria_3878.jpeg,val,1,PNEUMONIA,1152,760,139.635009765625,36.39142990112305
train/PNEUMONIA/person1486_virus_2580.jpeg,val,1,PNEUMONIA,1064,512,136.81666564941406,33.8944091796875
train/PNEUMONIA/person1488_virus_2589.jpeg,val,1,PNEUMONIA,1520,904,156.65701293945312,34.47001647949219
train/PNEUMONIA/person1496_virus_2605.jpeg,val,1,PNEUMONIA,1192,688,128.0413055419922,33.06721878051758
train/PNEUMONIA/person1496_virus_2606.jpeg,val,1,PNEUMONIA,888,704,155.35812377929688,24.022607803344727
train/PNEUMONIA/person1497_virus_2607.jpeg,val,1,PNEUMONIA,1454,794,126.6552734375,39.03584671020508
train/PNEUMONIA/person1499_virus_2609.jpeg,val,1,PNEUMONIA,1016,640,170.2418212890625,31.57038116455078
train/PNEUMONIA/person1502_bacteria_3928.jpeg,val,1,PNEUMONIA,1176,776,92.04736328125,38.07975387573242
train/PNEUMONIA/person1507_bacteria_3935.jpeg,val,1,PNEUMONIA,1776,1352,131.30543518066406,41.4748649597168
train/PNEUMONIA/person1507_bacteria_3943.jpeg,val,1,PNEUMONIA,1592,1200,136.13768005371094,38.06328582763672
train/PNEUMONIA/person1507_bacteria_3945.jpeg,val,1,PNEUMONIA,1664,1088,148.77488708496094,38.158348083496094
train/PNEUMONIA/person1507_bacteria_3946.jpeg,val,1,PNEUMONIA,1416,1176,162.34024047851562,29.74773406982422
train/PNEUMONIA/person1512_bacteria_3958.jpeg,val,1,PNEUMONIA,1312,648,133.76109313964844,40.67735290527344
train/PNEUMONIA/person1518_virus_2645.jpeg,val,1,PNEUMONIA,1464,1056,156.81703186035156,49.19728088378906
train/PNEUMONIA/person1520_bacteria_3971.jpeg,val,1,PNEUMONIA,1008,776,110.29744720458984,46.946083068847656
train/PNEUMONIA/person1520_virus_2647.jpeg,val,1,PNEUMONIA,1536,1208,136.2347869873047,52.02920150756836
train/PNEUMONIA/person1535_bacteria_4015.jpeg,val,1,PNEUMONIA,920,552,138.4820098876953,38.13618850708008
train/PNEUMONIA/person1542_bacteria_4029.jpeg,val,1,PNEUMONIA,1144,760,141.34239196777344,39.848690032958984
train/PNEUMONIA/person1546_bacteria_4045.jpeg,val,1,PNEUMONIA,1288,776,134.9859161376953,46.04549026489258
train/PNEUMONIA/person1546_virus_2687.jpeg,val,1,PNEUMONIA,976,504,143.79995727539062,44.86442947387695
train/PNEUMONIA/person1549_virus_2690.jpeg,val,1,PNEUMONIA,1320,1032,207.0979461669922,42.54790496826172
train/PNEUMONIA/person1558_bacteria_4066.jpeg,val,1,PNEUMONIA,1408,1184,156.30885314941406,42.069480895996094
train/PNEUMONIA/person1559_bacteria_4067.jpeg,val,1,PNEUMONIA,856,528,154.05770874023438,38.84817123413086
train/PNEUMONIA/person1562_bacteria_4081.jpeg,val,1,PNEUMONIA,1656,1216,111.49939727783203,40.60896682739258
train/PNEUMONIA/person1566_bacteria_4099.jpeg,val,1,PNEUMONIA,888,440,135.74395751953125,37.0112419128418
train/PNEUMONIA/person1576_bacteria_4127.jpeg,val,1,PNEUMONIA,1296,944,143.07533264160156,35.29063034057617
train/PNEUMONIA/person1576_bacteria_4129.jpeg,val,1,PNEUMONIA,1384,1088,129.15293884277344,39.35593795776367
train/PNEUMONIA/person1579_bacteria_4133.jpeg,val,1,PNEUMONIA,936,632,137.3701934814453,36.898494720458984
train/PNEUMONIA/person1582_bacteria_4137.jpeg,val,1,PNEUMONIA,1248,1064,104.57989501953125,38.555809020996094
train/PNEUMONIA/person1582_bacteria_4143.jpeg,val,1,PNEUMONIA,1352,864,103.40884399414062,39.043827056884766
train/PNEUMONIA/person1584_bacteria_4148.jpeg,val,1,PNEUMONIA,1064,656,140.38783264160156,46.03909683227539
train/PNEUMONIA/person1585_bacteria_4155.jpeg,val,1,PNEUMONIA,1128,752,125.86143493652344,33.62369918823242
train/PNEUMONIA/person1588_virus_2762.jpeg,val,1,PNEUMONIA,1376,832,133.84414672851562,45.05797576904297
train/PNEUMONIA/person1590_virus_2764.jpeg,val,1,PNEUMONIA,1280,856,155.80697631835938,45.650997161865234
train/PNEUMONIA/person1597_bacteria_4187.jpeg,val,1,PNEUMONIA,1768,1488,177.545166015625,35.09295654296875
train/PNEUMONIA/person1597_bacteria_4189.jpeg,val,1,PNEUMONIA,1824,1776,163.2064971923828,40.24990463256836
train/PNEUMONIA/person1597_bacteria_4192.jpeg,val,1,PNEUMONIA,1632,1144,175.25759887695312,26.828737258911133
train/PNEUMONIA/person1597_bacteria_4193.jpeg,val,1,PNEUMONIA,1736,1368,188.64788818359375,30.20680046081543
train/PNEUMONIA/person1598_bacteria_4197.jpeg,val,1,PNEUMONIA,1264,920,122.30198669433594,36.4324836730957
train/PNEUMONIA/person1599_bacteria_4200.jpeg,val,1,PNEUMONIA,1624,864,118.43084716796875,51.277469635009766
train/PNEUMONIA/person1599_bacteria_4201.jpeg,val,1,PNEUMONIA,1520,1152,133.34140014648438,38.34572219848633
train/PNEUMONIA/person1608_bacteria_4235.jpeg,val,1,PNEUMONIA,1168,640,136.87338256835938,41.69789505004883
train/PNEUMONIA/person1616_bacteria_4251.jpeg,val,1,PNEUMONIA,1008,696,135.61550903320312,38.85639572143555
train/PNEUMONIA/person1617_bacteria_4254.jpeg,val,1,PNEUMONIA,816,456,133.40933227539062,35.00916290283203
train/PNEUMONIA/person1618_bacteria_4258.jpeg,val,1,PNEUMONIA,1248,760,149.94754028320312,35.88804244995117
train/PNEUMONIA/person1619_bacteria_4268.jpeg,val,1,PNEUMONIA,1512,1272,156.7537841796875,43.94789123535156
train/PNEUMONIA/person1628_bacteria_4293.jpeg,val,1,PNEUMONIA,1144,896,141.61660766601562,33.48749542236328
train/PNEUMONIA/person1628_bacteria_4295.jpeg,val,1,PNEUMONIA,1240,744,142.70997619628906,31.46158218383789
train/PNEUMONIA/person1628_bacteria_4298.jpeg,val,1,PNEUMONIA,1304,968,117.29350280761719,37.923160552978516
train/PNEUMONIA/person162_virus_320.jpeg,val,1,PNEUMONIA,1720,1128,164.96627807617188,60.1235466003418
train/PNEUMONIA/person1634_bacteria_4331.jpeg,val,1,PNEUMONIA,1720,1112,156.62791442871094,39.078033447265625
train/PNEUMONIA/person1639_bacteria_4347.jpeg,val,1,PNEUMONIA,809,476,148.90113830566406,34.37299346923828
train/PNEUMONIA/person1643_bacteria_4354.jpeg,val,1,PNEUMONIA,1088,664,123.12166595458984,43.35658264160156
train/PNEUMONIA/person1646_bacteria_4368.jpeg,val,1,PNEUMONIA,976,712,146.05328369140625,50.14358901977539
train/PNEUMONIA/person1652_bacteria_4383.jpeg,val,1,PNEUMONIA,1232,624,115.01348114013672,48.8980598449707
train/PNEUMONIA/person1670_bacteria_4428.jpeg,val,1,PNEUMONIA,1352,816,135.7647705078125,39.48397445678711
train/PNEUMONIA/person1673_bacteria_4434.jpeg,val,1,PNEUMONIA,896,624,92.07862854003906,28.967256546020508
train/PNEUMONIA/person1677_bacteria_4443.jpeg,val,1,PNEUMONIA,499,261,134.83177185058594,34.11088562011719
train/PNEUMONIA/person1689_bacteria_4472.jpeg,val,1,PNEUMONIA,1024,632,132.13902282714844,51.07181167602539
train/PNEUMONIA/person1691_bacteria_4479.jpeg,val,1,PNEUMONIA,1336,816,160.05908203125,48.627952575683594
train/PNEUMONIA/person16_bacteria_55.jpeg,val,1,PNEUMONIA,1488,936,149.77841186523438,48.04014205932617
train/PNEUMONIA/person1702_bacteria_4506.jpeg,val,1,PNEUMONIA,438,179,139.33987426757812,27.49595832824707
train/PNEUMONIA/person1709_bacteria_4523.jpeg,val,1,PNEUMONIA,441,255,158.73492431640625,31.305097579956055
train/PNEUMONIA/person1710_bacteria_4526.jpeg,val,1,PNEUMONIA,450,230,177.02198791503906,27.566425323486328
train/PNEUMONIA/person1726_bacteria_4552.jpeg,val,1,PNEUMONIA,1136,792,144.95852661132812,39.226505279541016
train/PNEUMONIA/person1745_bacteria_4584.jpeg,val,1,PNEUMONIA,1792,1280,176.20260620117188,35.7272834777832
train/PNEUMONIA/person1758_bacteria_4600.jpeg,val,1,PNEUMONIA,1728,1392,162.67123413085938,38.888275146484375
train/PNEUMONIA/person1790_bacteria_4638.jpeg,val,1,PNEUMONIA,1016,624,144.85247802734375,34.56221389770508
train/PNEUMONIA/person1816_bacteria_4673.jpeg,val,1,PNEUMONIA,1272,592,182.9026336669922,32.67804718017578
train/PNEUMONIA/person1850_bacteria_4721.jpeg,val,1,PNEUMONIA,880,520,178.51966857910156,29.009462356567383
train/PNEUMONIA/person1855_bacteria_4727.jpeg,val,1,PNEUMONIA,1048,664,133.78955078125,47.725914001464844
train/PNEUMONIA/person1857_bacteria_4729.jpeg,val,1,PNEUMONIA,1040,544,133.35345458984375,45.2799072265625
train/PNEUMONIA/person1869_bacteria_4745.jpeg,val,1,PNEUMONIA,1184,808,135.0980987548828,46.27973937988281
train/PNEUMONIA/person1872_bacteria_4750.jpeg,val,1,PNEUMONIA,1704,1616,171.44784545898438,28.077991485595703
train/PNEUMONIA/person1872_bacteria_4751.jpeg,val,1,PNEUMONIA,1848,1392,174.98182678222656,29.518030166625977
train/PNEUMONIA/person1875_bacteria_4756.jpeg,val,1,PNEUMONIA,1632,1208,158.60606384277344,36.23602294921875
train/PNEUMONIA/person1881_bacteria_4767.jpeg,val,1,PNEUMONIA,1224,776,145.24972534179688,43.87954330444336
train/PNEUMONIA/person1896_bacteria_4788.jpeg,val,1,PNEUMONIA,1184,808,173.73130798339844,36.64531326293945
train/PNEUMONIA/person18_bacteria_57.jpeg,val,1,PNEUMONIA,1504,1033,142.7956085205078,50.22978591918945
train/PNEUMONIA/person1921_bacteria_4828.jpeg,val,1,PNEUMONIA,1120,776,144.75390625,39.400909423828125
train/PNEUMONIA/person1924_bacteria_4832.jpeg,val,1,PNEUMONIA,1160,920,135.96559143066406,38.59706115722656
train/PNEUMONIA/person1926_bacteria_4835.jpeg,val,1,PNEUMONIA,1096,784,131.34060668945312,42.849212646484375
train/PNEUMONIA/person1935_bacteria_4849.jpeg,val,1,PNEUMONIA,1504,1152,141.55728149414062,42.6257438659668
train/PNEUMONIA/person19_bacteria_63.jpeg,val,1,PNEUMONIA,1064,627,140.47125244140625,42.75211715698242
train/PNEUMONIA/person20_bacteria_69.jpeg,val,1,PNEUMONIA,1118,740,127.72949981689453,47.748748779296875
train/PNEUMONIA/person23_bacteria_102.jpeg,val,1,PNEUMONIA,1152,688,149.6250457763672,40.34385299682617
train/PNEUMONIA/person255_bacteria_1161.jpeg,val,1,PNEUMONIA,952,632,153.4978790283203,29.03645896911621
train/PNEUMONIA/person255_bacteria_1165.jpeg,val,1,PNEUMONIA,1096,560,151.0663299560547,36.79338836669922
train/PNEUMONIA/person257_bacteria_1193.jpeg,val,1,PNEUMONIA,896,560,153.20742797851562,32.23723602294922
train/PNEUMONIA/person257_bacteria_1199.jpeg,val,1,PNEUMONIA,992,760,156.46258544921875,42.13698959350586
train/PNEUMONIA/person258_bacteria_1208.jpeg,val,1,PNEUMONIA,1056,856,129.84461975097656,34.00373077392578
train/PNEUMONIA/person258_bacteria_1212.jpeg,val,1,PNEUMONIA,1216,872,122.23683166503906,39.2476921081543
train/PNEUMONIA/person259_bacteria_1217.jpeg,val,1,PNEUMONIA,936,496,97.79688262939453,26.062162399291992
train/PNEUMONIA/person259_bacteria_1219.jpeg,val,1,PNEUMONIA,864,672,132.29786682128906,33.4813232421875
train/PNEUMONIA/person259_bacteria_1220.jpeg,val,1,PNEUMONIA,760,488,149.4537353515625,27.127840042114258
train/PNEUMONIA/person25_bacteria_113.jpeg,val,1,PNEUMONIA,1024,712,167.22091674804688,35.524227142333984
train/PNEUMONIA/person25_bacteria_116.jpeg,val,1,PNEUMONIA,1224,1000,146.1702880859375,39.7100715637207
train/PNEUMONIA/person264_bacteria_1232.jpeg,val,1,PNEUMONIA,1240,784,140.41476440429688,39.17820358276367
train/PNEUMONIA/person266_bacteria_1244.jpeg,val,1,PNEUMONIA,992,672,138.30543518066406,33.07310104370117
train/PNEUMONIA/person26_bacteria_122.jpeg,val,1,PNEUMONIA,1200,552,154.12069702148438,40.068355560302734
train/PNEUMONIA/person26_bacteria_128.jpeg,val,1,PNEUMONIA,960,648,159.00192260742188,36.056968688964844
train/PNEUMONIA/person26_bacteria_131.jpeg,val,1,PNEUMONIA,1024,568,154.35519409179688,38.464576721191406
train/PNEUMONIA/person26_bacteria_132.jpeg,val,1,PNEUMONIA,1072,632,100.5013656616211,29.872268676757812
train/PNEUMONIA/person272_virus_559.jpeg,val,1,PNEUMONIA,1704,1256,110.54316711425781,27.672990798950195
train/PNEUMONIA/person277_bacteria_1303.jpeg,val,1,PNEUMONIA,1008,648,159.82701110839844,33.96984100341797
train/PNEUMONIA/person278_bacteria_1313.jpeg,val,1,PNEUMONIA,1096,624,145.43121337890625,39.20543670654297
train/PNEUMONIA/person278_virus_575.jpeg,val,1,PNEUMONIA,1384,1016,161.1883087158203,39.02390670776367
train/PNEUMONIA/person280_bacteria_1318.jpeg,val,1,PNEUMONIA,1256,840,129.10226440429688,41.418052673339844
train/PNEUMONIA/person281_bacteria_1324.jpeg,val,1,PNEUMONIA,928,664,114.17792510986328,31.750913619995117
train/PNEUMONIA/person281_bacteria_1329.jpeg,val,1,PNEUMONIA,976,600,143.6639862060547,37.907615661621094
train/PNEUMONIA/person292_virus_599.jpeg,val,1,PNEUMONIA,1520,1192,147.2706756591797,32.739131927490234
train/PNEUMONIA/person294_bacteria_1388.jpeg,val,1,PNEUMONIA,1234,778,122.03272247314453,40.35411071777344
train/PNEUMONIA/person296_bacteria_1391.jpeg,val,1,PNEUMONIA,1136,704,104.78630065917969,31.326045989990234
train/PNEUMONIA/person297_bacteria_1400.jpeg,val,1,PNEUMONIA,1104,736,114.12806701660156,39.91421890258789
train/PNEUMONIA/person298_bacteria_1409.jpeg,val,1,PNEUMONIA,1232,904,142.69699096679688,34.523616790771484
train/PNEUMONIA/person298_bacteria_1411.jpeg,val,1,PNEUMONIA,1064,696,152.15499877929688,31.342456817626953
train/PNEUMONIA/person299_bacteria_1416.jpeg,val,1,PNEUMONIA,976,832,122.02510070800781,36.68388366699219
train/PNEUMONIA/person301_virus_622.jpeg,val,1,PNEUMONIA,2070,1550,140.37237548828125,46.84409713745117
train/PNEUMONIA/person302_virus_623.jpeg,val,1,PNEUMONIA,2006,1647,124.41931915283203,43.48074722290039
train/PNEUMONIA/person303_bacteria_1431.jpeg,val,1,PNEUMONIA,1562,1106,140.29212951660156,33.117164611816406
train/PNEUMONIA/person307_bacteria_1442.jpeg,val,1,PNEUMONIA,1142,689,143.9759063720703,36.548770904541016
train/PNEUMONIA/person308_bacteria_1443.jpeg,val,1,PNEUMONIA,920,672,159.81727600097656,26.745210647583008
train/PNEUMONIA/person309_virus_632.jpeg,val,1,PNEUMONIA,1128,736,166.95167541503906,40.855812072753906
train/PNEUMONIA/person310_bacteria_1451.jpeg,val,1,PNEUMONIA,1588,1010,150.78268432617188,48.85020446777344
train/PNEUMONIA/person311_bacteria_1452.jpeg,val,1,PNEUMONIA,1416,920,120.90662384033203,35.21043395996094
train/PNEUMONIA/person314_bacteria_1461.jpeg,val,1,PNEUMONIA,1202,986,132.4891815185547,39.882144927978516
train/PNEUMONIA/person317_virus_643.jpeg,val,1,PNEUMONIA,1064,640,147.37408447265625,37.797019958496094
train/PNEUMONIA/person319_bacteria_1476.jpeg,val,1,PNEUMONIA,1104,600,79.41901397705078,20.605863571166992
train/PNEUMONIA/person319_bacteria_1477.jpeg,val,1,PNEUMONIA,936,640,159.86923217773438,32.05309295654297
train/PNEUMONIA/person319_bacteria_1478.jpeg,val,1,PNEUMONIA,952,640,138.1405029296875,34.465232849121094
train/PNEUMONIA/person319_virus_645.jpeg,val,1,PNEUMONIA,1136,776,148.75453186035156,46.4218864440918
train/PNEUMONIA/person319_virus_646.jpeg,val,1,PNEUMONIA,1256,960,148.47938537597656,49.40987014770508
train/PNEUMONIA/person31_bacteria_162.jpeg,val,1,PNEUMONIA,944,480,125.5450668334961,35.412353515625
train/PNEUMONIA/person321_bacteria_1484.jpeg,val,1,PNEUMONIA,1104,728,181.64816284179688,29.764240264892578
train/PNEUMONIA/person321_bacteria_1486.jpeg,val,1,PNEUMONIA,1200,856,119.78266143798828,33.1693115234375
train/PNEUMONIA/person321_bacteria_1488.jpeg,val,1,PNEUMONIA,1216,728,120.74778747558594,36.348182678222656
train/PNEUMONIA/person321_virus_648.jpeg,val,1,PNEUMONIA,1560,1096,166.7352294921875,43.4811897277832
train/PNEUMONIA/person325_bacteria_1498.jpeg,val,1,PNEUMONIA,1008,680,133.41920471191406,36.697017669677734
train/PNEUMONIA/person325_virus_661.jpeg,val,1,PNEUMONIA,446,132,118.67424011230469,28.949844360351562
train/PNEUMONIA/person325_virus_664.jpeg,val,1,PNEUMONIA,438,190,154.06602478027344,29.68185043334961
train/PNEUMONIA/person328_bacteria_1510.jpeg,val,1,PNEUMONIA,1360,1261,134.56640625,39.42132568359375
train/PNEUMONIA/person328_bacteria_1512.jpeg,val,1,PNEUMONIA,1184,984,163.73573303222656,40.0069694519043
train/PNEUMONIA/person328_bacteria_1513.jpeg,val,1,PNEUMONIA,1080,840,178.4292755126953,29.684354782104492
train/PNEUMONIA/person328_bacteria_1515.jpeg,val,1,PNEUMONIA,1289,1253,181.7083282470703,41.13166046142578
train/PNEUMONIA/person331_bacteria_1526.jpeg,val,1,PNEUMONIA,1096,720,139.25909423828125,37.070613861083984
train/PNEUMONIA/person331_bacteria_1528.jpeg,val,1,PNEUMONIA,1016,640,150.76243591308594,34.4997673034668
train/PNEUMONIA/person332_bacteria_1535.jpeg,val,1,PNEUMONIA,904,576,140.5963134765625,36.20115280151367
train/PNEUMONIA/person332_virus_685.jpeg,val,1,PNEUMONIA,896,504,148.4009552001953,44.81684494018555
train/PNEUMONIA/person333_bacteria_1540.jpeg,val,1,PNEUMONIA,1504,1180,143.0714111328125,43.006675720214844
train/PNEUMONIA/person334_bacteria_1541.jpeg,val,1,PNEUMONIA,920,528,106.98480987548828,30.25412940979004
train/PNEUMONIA/person336_bacteria_1548.jpeg,val,1,PNEUMONIA,952,720,143.04998779296875,38.5922966003418
train/PNEUMONIA/person339_bacteria_1573.jpeg,val,1,PNEUMONIA,1024,632,108.46004486083984,35.18278884887695
train/PNEUMONIA/person33_bacteria_169.jpeg,val,1,PNEUMONIA,1202,743,123.09827423095703,37.24697494506836
train/PNEUMONIA/person347_bacteria_1597.jpeg,val,1,PNEUMONIA,1360,968,152.9506072998047,31.994335174560547
train/PNEUMONIA/person347_bacteria_1599.jpeg,val,1,PNEUMONIA,967,683,165.82479858398438,26.137157440185547
train/PNEUMONIA/person349_virus_724.jpeg,val,1,PNEUMONIA,1432,816,150.84300231933594,44.01289749145508
train/PNEUMONIA/person351_bacteria_1617.jpeg,val,1,PNEUMONIA,1218,1041,100.36509704589844,42.73979187011719
train/PNEUMONIA/person351_bacteria_1623.jpeg,val,1,PNEUMONIA,896,680,173.0527801513672,35.39552307128906
train/PNEUMONIA/person353_bacteria_1628.jpeg,val,1,PNEUMONIA,984,688,118.98472595214844,37.010414123535156
train/PNEUMONIA/person353_virus_728.jpeg,val,1,PNEUMONIA,1496,1040,116.53157806396484,45.10015106201172
train/PNEUMONIA/person359_virus_738.jpeg,val,1,PNEUMONIA,1448,1112,150.82614135742188,44.42465591430664
train/PNEUMONIA/person35_bacteria_178.jpeg,val,1,PNEUMONIA,2036,1627,143.94004821777344,43.8825798034668
train/PNEUMONIA/person361_virus_740.jpeg,val,1,PNEUMONIA,1632,888,112.97200012207031,47.2276611328125
train/PNEUMONIA/person364_bacteria_1660.jpeg,val,1,PNEUMONIA,1160,744,106.18041229248047,27.521730422973633
train/PNEUMONIA/person370_bacteria_1692.jpeg,val,1,PNEUMONIA,1064,760,153.19537353515625,39.89594268798828
train/PNEUMONIA/person377_bacteria_1717.jpeg,val,1,PNEUMONIA,1496,1049,168.9845733642578,40.68183517456055
train/PNEUMONIA/person377_bacteria_1718.jpeg,val,1,PNEUMONIA,1416,888,136.93975830078125,38.094390869140625
train/PNEUMONIA/person379_bacteria_1722.jpeg,val,1,PNEUMONIA,1152,792,141.3500518798828,34.314598083496094
train/PNEUMONIA/person37_bacteria_186.jpeg,val,1,PNEUMONIA,1128,744,102.52216339111328,27.718257904052734
train/PNEUMONIA/person381_bacteria_1730.jpeg,val,1,PNEUMONIA,976,656,150.90188598632812,31.98874855041504
train/PNEUMONIA/person382_bacteria_1742.jpeg,val,1,PNEUMONIA,1360,1191,100.31591796875,32.555015563964844
train/PNEUMONIA/person382_bacteria_1746.jpeg,val,1,PNEUMONIA,1176,760,106.8470458984375,30.828458786010742
train/PNEUMONIA/person383_bacteria_1748.jpeg,val,1,PNEUMONIA,1320,984,102.62333679199219,35.55072784423828
train/PNEUMONIA/person383_bacteria_1754.jpeg,val,1,PNEUMONIA,1392,984,101.30250549316406,38.93463897705078
train/PNEUMONIA/person384_bacteria_1755.jpeg,val,1,PNEUMONIA,1530,1029,148.85919189453125,39.1454963684082
train/PNEUMONIA/person386_virus_771.jpeg,val,1,PNEUMONIA,1440,976,147.5652313232422,46.842708587646484
train/PNEUMONIA/person387_bacteria_1769.jpeg,val,1,PNEUMONIA,928,544,119.5890121459961,31.72328758239746
train/PNEUMONIA/person387_bacteria_1770.jpeg,val,1,PNEUMONIA,904,416,113.09072875976562,32.07975769042969
train/PNEUMONIA/person387_bacteria_1772.jpeg,val,1,PNEUMONIA,824,472,150.98704528808594,34.15748977661133
train/PNEUMONIA/person397_bacteria_1797.jpeg,val,1,PNEUMONIA,976,720,123.41386413574219,34.36309814453125
train/PNEUMONIA/person405_bacteria_1817.jpeg,val,1,PNEUMONIA,1416,1037,129.8674774169922,41.65507507324219
train/PNEUMONIA/person40_bacteria_202.jpeg,val,1,PNEUMONIA,1216,960,164.70765686035156,35.921714782714844
train/PNEUMONIA/person40_bacteria_205.jpeg,val,1,PNEUMONIA,1400,1032,130.9937286376953,37.291603088378906
train/PNEUMONIA/person411_bacteria_1826.jpeg,val,1,PNEUMONIA,1800,1261,132.67739868164062,39.13858413696289
train/PNEUMONIA/person415_virus_847.jpeg,val,1,PNEUMONIA,1408,968,85.56961822509766,25.430837631225586
train/PNEUMONIA/person417_bacteria_1842.jpeg,val,1,PNEUMONIA,1424,1184,162.59205627441406,34.803428649902344
train/PNEUMONIA/person417_virus_850.jpeg,val,1,PNEUMONIA,1352,948,95.6302261352539,34.812870025634766
train/PNEUMONIA/person419_virus_857.jpeg,val,1,PNEUMONIA,1912,1928,124.68380737304688,32.61017608642578
train/PNEUMONIA/person419_virus_859.jpeg,val,1,PNEUMONIA,2080,2032,149.99310302734375,33.75550079345703
train/PNEUMONIA/person421_bacteria_1852.jpeg,val,1,PNEUMONIA,1074,708,149.77838134765625,37.389129638671875
train/PNEUMONIA/person422_virus_868.jpeg,val,1,PNEUMONIA,507,244,159.98593139648438,31.115079879760742
train/PNEUMONIA/person423_bacteria_1856.jpeg,val,1,PNEUMONIA,1072,696,117.58687591552734,35.940101623535156
train/PNEUMONIA/person426_bacteria_1861.jpeg,val,1,PNEUMONIA,1392,1240,159.23355102539062,45.000755310058594
train/PNEUMONIA/person426_bacteria_1863.jpeg,val,1,PNEUMONIA,1248,976,148.3146514892578,37.464412689208984
train/PNEUMONIA/person427_virus_875.jpeg,val,1,PNEUMONIA,1298,763,130.42877197265625,36.329689025878906
train/PNEUMONIA/person428_virus_876.jpeg,val,1,PNEUMONIA,1352,890,162.63134765625,37.348636627197266
train/PNEUMONIA/person430_bacteria_1871.jpeg,val,1,PNEUMONIA,1198,990,150.67283630371094,32.95914077758789
train/PNEUMONIA/person432_virus_881.jpeg,val,1,PNEUMONIA,1260,948,143.1588134765625,39.10499954223633
train/PNEUMONIA/person433_bacteria_1875.jpeg,val,1,PNEUMONIA,1032,576,108.36612701416016,31.107135772705078
train/PNEUMONIA/person434_bacteria_1877.jpeg,val,1,PNEUMONIA,904,704,123.33769226074219,31.222904205322266
train/PNEUMONIA/person434_virus_883.jpeg,val,1,PNEUMONIA,1456,1288,138.23074340820312,34.65193557739258
train/PNEUMONIA/person437_bacteria_1888.jpeg,val,1,PNEUMONIA,1144,808,90.77145385742188,29.1237735748291
train/PNEUMONIA/person438_bacteria_1891.jpeg,val,1,PNEUMONIA,928,520,91.88953399658203,28.21540641784668
train/PNEUMONIA/person441_bacteria_1902.jpeg,val,1,PNEUMONIA,888,664,109.7745590209961,29.31755256652832
train/PNEUMONIA/person441_bacteria_1910.jpeg,val,1,PNEUMONIA,864,640,125.3250732421875,34.03105545043945
train/PNEUMONIA/person441_bacteria_1914.jpeg,val,1,PNEUMONIA,936,616,108.44786071777344,32.60118103027344
train/PNEUMONIA/person441_virus_897.jpeg,val,1,PNEUMONIA,738,543,142.72743225097656,23.943347930908203
train/PNEUMONIA/person445_virus_918.jpeg,val,1,PNEUMONIA,1640,936,130.00160217285156,34.37733840942383
train/PNEUMONIA/person447_bacteria_1932.jpeg,val,1,PNEUMONIA,1562,1284,143.8267822265625,40.501922607421875
train/PNEUMONIA/person447_virus_921.jpeg,val,1,PNEUMONIA,1230,840,121.0190658569336,45.27388000488281
train/PNEUMONIA/person448_bacteria_1937.jpeg,val,1,PNEUMONIA,1208,896,76.23181915283203,19.33172607421875
train/PNEUMONIA/person448_virus_922.jpeg,val,1,PNEUMONIA,1284,832,167.09902954101562,35.01589584350586
train/PNEUMONIA/person458_bacteria_1955.jpeg,val,1,PNEUMONIA,888,504,117.30000305175781,37.59199905395508
train/PNEUMONIA/person45_bacteria_220.jpeg,val,1,PNEUMONIA,712,464,132.1339111328125,30.400184631347656
train/PNEUMONIA/person460_virus_948.jpeg,val,1,PNEUMONIA,1376,968,112.91380310058594,30.57431411743164
train/PNEUMONIA/person462_bacteria_1963.jpeg,val,1,PNEUMONIA,960,544,129.0913848876953,33.38714599609375
train/PNEUMONIA/person466_bacteria_1983.jpeg,val,1,PNEUMONIA,742,473,168.45187377929688,21.511337280273438
train/PNEUMONIA/person469_bacteria_1992.jpeg,val,1,PNEUMONIA,1272,808,168.39694213867188,33.53506088256836
train/PNEUMONIA/person472_bacteria_2010.jpeg,val,1,PNEUMONIA,777,531,131.57164001464844,23.709497451782227
train/PNEUMONIA/person475_bacteria_2021.jpeg,val,1,PNEUMONIA,1016,800,173.5926971435547,29.53795623779297
train/PNEUMONIA/person476_virus_973.jpeg,val,1,PNEUMONIA,1664,1000,136.08807373046875,51.559349060058594
train/PNEUMONIA/person478_bacteria_2035.jpeg,val,1,PNEUMONIA,1318,936,140.54295349121094,45.38026809692383
train/PNEUMONIA/person480_virus_982.jpeg,val,1,PNEUMONIA,801,493,179.89292907714844,24.961620330810547
train/PNEUMONIA/person481_virus_983.jpeg,val,1,PNEUMONIA,1256,1016,156.79200744628906,51.08208084106445
train/PNEUMONIA/person482_bacteria_2043.jpeg,val,1,PNEUMONIA,1176,813,121.2166748046875,43.917694091796875
train/PNEUMONIA/person483_virus_985.jpeg,val,1,PNEUMONIA,1024,632,140.60853576660156,45.98603057861328
train/PNEUMONIA/person48_bacteria_230.jpeg,val,1,PNEUMONIA,944,776,160.1023406982422,34.706172943115234
train/PNEUMONIA/person492_bacteria_2083.jpeg,val,1,PNEUMONIA,1000,744,136.74855041503906,31.611711502075195
train/PNEUMONIA/person4_bacteria_14.jpeg,val,1,PNEUMONIA,1032,592,160.9621124267578,37.06016159057617
train/PNEUMONIA/person501_bacteria_2114.jpeg,val,1,PNEUMONIA,1248,880,107.0119857788086,38.949249267578125
train/PNEUMONIA/person501_bacteria_2115.jpeg,val,1,PNEUMONIA,1072,736,125.8055648803711,35.22696304321289
train/PNEUMONIA/person504_bacteria_2127.jpeg,val,1,PNEUMONIA,998,740,110.45294952392578,34.652957916259766
train/PNEUMONIA/person504_bacteria_2129.jpeg,val,1,PNEUMONIA,928,640,111.9300537109375,31.89704704284668
train/PNEUMONIA/person504_bacteria_2130.jpeg,val,1,PNEUMONIA,1008,600,141.74317932128906,34.96664047241211
train/PNEUMONIA/person507_bacteria_2139.jpeg,val,1,PNEUMONIA,888,608,130.21087646484375,39.50737762451172
train/PNEUMONIA/person508_virus_1020.jpeg,val,1,PNEUMONIA,850,534,156.47689819335938,34.790443420410156
train/PNEUMONIA/person512_bacteria_2155.jpeg,val,1,PNEUMONIA,1276,801,133.7320556640625,48.61975860595703
train/PNEUMONIA/person512_virus_1029.jpeg,val,1,PNEUMONIA,1224,632,146.181884765625,44.45539855957031
train/PNEUMONIA/person515_bacteria_2185.jpeg,val,1,PNEUMONIA,848,704,93.38917541503906,25.943275451660156
train/PNEUMONIA/person516_bacteria_2192.jpeg,val,1,PNEUMONIA,667,322,142.9571075439453,22.901845932006836
train/PNEUMONIA/person517_virus_1035.jpeg,val,1,PNEUMONIA,1320,768,144.99945068359375,40.65858459472656
train/PNEUMONIA/person51_bacteria_242.jpeg,val,1,PNEUMONIA,1096,976,151.92169189453125,35.60955047607422
train/PNEUMONIA/person51_bacteria_247.jpeg,val,1,PNEUMONIA,1322,1018,143.04388427734375,41.98961639404297
train/PNEUMONIA/person522_bacteria_2211.jpeg,val,1,PNEUMONIA,1360,1024,154.0615234375,38.78291320800781
train/PNEUMONIA/person528_bacteria_2227.jpeg,val,1,PNEUMONIA,841,521,159.20851135253906,23.773338317871094
train/PNEUMONIA/person52_bacteria_251.jpeg,val,1,PNEUMONIA,1494,1044,138.09071350097656,44.97517776489258
train/PNEUMONIA/person533_virus_1055.jpeg,val,1,PNEUMONIA,1200,752,112.81201171875,50.19413375854492
train/PNEUMONIA/person534_bacteria_2254.jpeg,val,1,PNEUMONIA,1152,688,87.2668685913086,28.804943084716797
train/PNEUMONIA/person535_virus_1062.jpeg,val,1,PNEUMONIA,1368,912,137.9636688232422,50.5701789855957
train/PNEUMONIA/person537_bacteria_2265.jpeg,val,1,PNEUMONIA,1128,776,153.06619262695312,37.94209671020508
train/PNEUMONIA/person537_bacteria_2266.jpeg,val,1,PNEUMONIA,1200,872,91.02919006347656,28.30669593811035
train/PNEUMONIA/person544_virus_1079.jpeg,val,1,PNEUMONIA,1696,1248,156.8303680419922,39.456336975097656
train/PNEUMONIA/person546_virus_1085.jpeg,val,1,PNEUMONIA,1336,936,128.10427856445312,39.60836410522461
train/PNEUMONIA/person548_bacteria_2302.jpeg,val,1,PNEUMONIA,1264,856,126.70667266845703,36.72737121582031
train/PNEUMONIA/person549_bacteria_2306.jpeg,val,1,PNEUMONIA,896,552,101.17454528808594,28.72736930847168
train/PNEUMONIA/person549_virus_1089.jpeg,val,1,PNEUMONIA,1504,880,148.24942016601562,53.67139434814453
train/PNEUMONIA/person551_bacteria_2310.jpeg,val,1,PNEUMONIA,1176,824,109.63258361816406,27.883636474609375
train/PNEUMONIA/person552_bacteria_2315.jpeg,val,1,PNEUMONIA,1232,768,126.88004302978516,40.574554443359375
train/PNEUMONIA/person552_virus_1092.jpeg,val,1,PNEUMONIA,1448,880,141.9547576904297,47.39382553100586
train/PNEUMONIA/person554_bacteria_2321.jpeg,val,1,PNEUMONIA,1240,728,166.9225311279297,29.641523361206055
train/PNEUMONIA/person556_bacteria_2326.jpeg,val,1,PNEUMONIA,1210,886,135.06410217285156,34.36701202392578
train/PNEUMONIA/person558_virus_1098.jpeg,val,1,PNEUMONIA,1352,1072,161.2030792236328,40.48416519165039
train/PNEUMONIA/person560_bacteria_2330.jpeg,val,1,PNEUMONIA,1024,712,150.8355712890625,40.201114654541016
train/PNEUMONIA/person563_bacteria_2334.jpeg,val,1,PNEUMONIA,1152,664,119.87777709960938,36.75655746459961
train/PNEUMONIA/person563_bacteria_2336.jpeg,val,1,PNEUMONIA,976,672,113.0896987915039,30.760908126831055
train/PNEUMONIA/person564_bacteria_2344.jpeg,val,1,PNEUMONIA,960,744,105.07373809814453,31.647666931152344
train/PNEUMONIA/person564_bacteria_2346.jpeg,val,1,PNEUMONIA,976,744,135.0272674560547,39.3121452331543
train/PNEUMONIA/person567_virus_1107.jpeg,val,1,PNEUMONIA,1744,1104,137.1160125732422,50.80583572387695
train/PNEUMONIA/person570_bacteria_2365.jpeg,val,1,PNEUMONIA,1334,785,150.75448608398438,31.017908096313477
train/PNEUMONIA/person571_bacteria_2367.jpeg,val,1,PNEUMONIA,1296,920,123.34146881103516,34.25261688232422
train/PNEUMONIA/person574_bacteria_2372.jpeg,val,1,PNEUMONIA,1024,704,127.91059112548828,34.13309860229492
train/PNEUMONIA/person579_virus_1123.jpeg,val,1,PNEUMONIA,1168,840,162.62136840820312,40.842735290527344
train/PNEUMONIA/person580_bacteria_2387.jpeg,val,1,PNEUMONIA,880,656,163.46548461914062,35.139617919921875
train/PNEUMONIA/person580_bacteria_2389.jpeg,val,1,PNEUMONIA,816,584,117.7589111328125,30.101442337036133
train/PNEUMONIA/person581_bacteria_2393.jpeg,val,1,PNEUMONIA,896,576,141.3592071533203,31.43643569946289
train/PNEUMONIA/person581_bacteria_2394.jpeg,val,1,PNEUMONIA,1008,776,118.84126281738281,35.047645568847656
train/PNEUMONIA/person581_bacteria_2395.jpeg,val,1,PNEUMONIA,976,672,130.40438842773438,36.15448760986328
train/PNEUMONIA/person582_bacteria_2403.jpeg,val,1,PNEUMONIA,1408,1296,181.6204833984375,31.310392379760742
train/PNEUMONIA/person585_bacteria_2411.jpeg,val,1,PNEUMONIA,1144,864,113.78030395507812,33.724884033203125
train/PNEUMONIA/person585_bacteria_2412.jpeg,val,1,PNEUMONIA,1160,768,139.48741149902344,35.28227233886719
train/PNEUMONIA/person588_virus_1135.jpeg,val,1,PNEUMONIA,1064,904,121.15792846679688,45.644187927246094
train/PNEUMONIA/person58_bacteria_274.jpeg,val,1,PNEUMONIA,832,416,121.3043441772461,25.69098472595215
train/PNEUMONIA/person596_bacteria_2445.jpeg,val,1,PNEUMONIA,920,632,146.23036193847656,37.5239143371582
train/PNEUMONIA/person598_virus_1151.jpeg,val,1,PNEUMONIA,1021,701,132.4640655517578,31.871116638183594
train/PNEUMONIA/person5_bacteria_15.jpeg,val,1,PNEUMONIA,1276,1110,139.13482666015625,43.6190299987793
train/PNEUMONIA/person600_bacteria_2458.jpeg,val,1,PNEUMONIA,1016,728,94.34564208984375,26.960590362548828
train/PNEUMONIA/person600_virus_1156.jpeg,val,1,PNEUMONIA,796,548,188.72950744628906,21.74852752685547
train/PNEUMONIA/person604_bacteria_2463.jpeg,val,1,PNEUMONIA,1192,832,141.58799743652344,41.09516906738281
train/PNEUMONIA/person604_virus_1165.jpeg,val,1,PNEUMONIA,1312,800,146.04896545410156,46.61030578613281
train/PNEUMONIA/person613_bacteria_2479.jpeg,val,1,PNEUMONIA,1467,1123,110.29149627685547,42.344547271728516
train/PNEUMONIA/person616_virus_1186.jpeg,val,1,PNEUMONIA,1464,800,115.40048217773438,52.415008544921875
train/PNEUMONIA/person618_bacteria_2489.jpeg,val,1,PNEUMONIA,1430,1087,133.16122436523438,42.29689407348633
train/PNEUMONIA/person619_bacteria_2490.jpeg,val,1,PNEUMONIA,1686,1334,142.95684814453125,42.641536712646484
train/PNEUMONIA/person61_bacteria_288.jpeg,val,1,PNEUMONIA,1180,863,118.90904998779297,44.80482864379883
train/PNEUMONIA/person620_bacteria_2492.jpeg,val,1,PNEUMONIA,1778,1295,133.37461853027344,40.17108917236328
train/PNEUMONIA/person621_virus_1195.jpeg,val,1,PNEUMONIA,1328,736,145.98773193359375,38.708091735839844
train/PNEUMONIA/person623_bacteria_2496.jpeg,val,1,PNEUMONIA,1000,624,161.5171661376953,31.571870803833008
train/PNEUMONIA/person629_bacteria_2507.jpeg,val,1,PNEUMONIA,1040,560,123.02330780029297,34.81917190551758
train/PNEUMONIA/person629_virus_1207.jpeg,val,1,PNEUMONIA,1280,768,145.24795532226562,49.972835540771484
train/PNEUMONIA/person62_bacteria_300.jpeg,val,1,PNEUMONIA,1064,936,155.26187133789062,36.26758575439453
train/PNEUMONIA/person62_bacteria_303.jpeg,val,1,PNEUMONIA,1422,1032,117.82525634765625,38.441471099853516
train/PNEUMONIA/person633_bacteria_2522.jpeg,val,1,PNEUMONIA,1180,809,118.54872131347656,38.12166976928711
train/PNEUMONIA/person633_virus_1213.jpeg,val,1,PNEUMONIA,1288,656,150.67169189453125,41.048797607421875
train/PNEUMONIA/person636_virus_1217.jpeg,val,1,PNEUMONIA,1144,928,140.66485595703125,45.199127197265625
train/PNEUMONIA/person637_bacteria_2529.jpeg,val,1,PNEUMONIA,920,496,135.67283630371094,34.248321533203125
train/PNEUMONIA/person640_virus_1221.jpeg,val,1,PNEUMONIA,1360,768,143.63385009765625,45.66779708862305
train/PNEUMONIA/person641_bacteria_2533.jpeg,val,1,PNEUMONIA,1848,1576,117.7348403930664,44.37012481689453
train/PNEUMONIA/person646_bacteria_2538.jpeg,val,1,PNEUMONIA,1068,778,139.6550750732422,36.0916748046875
train/PNEUMONIA/person646_virus_1227.jpeg,val,1,PNEUMONIA,1048,552,138.40673828125,54.270572662353516
train/PNEUMONIA/person647_bacteria_2539.jpeg,val,1,PNEUMONIA,912,704,148.3070068359375,33.316932678222656
train/PNEUMONIA/person648_bacteria_2540.jpeg,val,1,PNEUMONIA,896,656,107.98422241210938,31.16672706604004
train/PNEUMONIA/person649_bacteria_2541.jpeg,val,1,PNEUMONIA,936,760,101.22644805908203,27.554183959960938
train/PNEUMONIA/person64_bacteria_310.jpeg,val,1,PNEUMONIA,856,464,114.00379180908203,29.139169692993164
train/PNEUMONIA/person672_bacteria_2565.jpeg,val,1,PNEUMONIA,1064,632,131.6353759765625,33.08419418334961
train/PNEUMONIA/person673_virus_1263.jpeg,val,1,PNEUMONIA,1624,1128,153.10227966308594,37.62788009643555
train/PNEUMONIA/person682_virus_1273.jpeg,val,1,PNEUMONIA,1384,792,122.33756256103516,39.91195297241211
train/PNEUMONIA/person690_bacteria_2587.jpeg,val,1,PNEUMONIA,800,640,162.55316162109375,28.351181030273438
train/PNEUMONIA/person691_bacteria_2588.jpeg,val,1,PNEUMONIA,920,552,156.29078674316406,30.890777587890625
train/PNEUMONIA/person693_bacteria_2590.jpeg,val,1,PNEUMONIA,1008,640,146.08944702148438,33.99570083618164
train/PNEUMONIA/person701_virus_1297.jpeg,val,1,PNEUMONIA,1504,1091,126.70135498046875,46.83948516845703
train/PNEUMONIA/person702_bacteria_2601.jpeg,val,1,PNEUMONIA,992,600,129.24871826171875,31.765623092651367
train/PNEUMONIA/person703_bacteria_2602.jpeg,val,1,PNEUMONIA,824,608,142.60507202148438,34.35884475708008
train/PNEUMONIA/person706_virus_1304.jpeg,val,1,PNEUMONIA,1474,1044,119.4407958984375,41.06059265136719
train/PNEUMONIA/person70_bacteria_343.jpeg,val,1,PNEUMONIA,1016,560,167.2518310546875,31.627124786376953
train/PNEUMONIA/person70_bacteria_346.jpeg,val,1,PNEUMONIA,1070,736,132.50624084472656,38.303184509277344
train/PNEUMONIA/person719_bacteria_2621.jpeg,val,1,PNEUMONIA,912,712,161.5345458984375,33.95415115356445
train/PNEUMONIA/person720_bacteria_2622.jpeg,val,1,PNEUMONIA,760,512,172.92764282226562,32.02676773071289
train/PNEUMONIA/person724_bacteria_2626.jpeg,val,1,PNEUMONIA,848,584,139.3545684814453,30.678068161010742
train/PNEUMONIA/person725_bacteria_2627.jpeg,val,1,PNEUMONIA,1224,880,142.7686004638672,35.3209342956543
train/PNEUMONIA/person728_bacteria_2630.jpeg,val,1,PNEUMONIA,1000,528,117.67374420166016,36.85021209716797
train/PNEUMONIA/person72_bacteria_352.jpeg,val,1,PNEUMONIA,1320,1056,126.40526580810547,37.16987991333008
train/PNEUMONIA/person731_virus_1352.jpeg,val,1,PNEUMONIA,1985,1533,152.05111694335938,51.615360260009766
train/PNEUMONIA/person736_bacteria_2639.jpeg,val,1,PNEUMONIA,800,512,149.9622344970703,33.24476623535156
train/PNEUMONIA/person736_virus_1358.jpeg,val,1,PNEUMONIA,982,573,122.26183319091797,31.5013427734375
train/PNEUMONIA/person738_bacteria_2641.jpeg,val,1,PNEUMONIA,976,704,132.37893676757812,33.74454116821289
train/PNEUMONIA/person739_virus_1361.jpeg,val,1,PNEUMONIA,883,559,146.49996948242188,33.84194564819336
train/PNEUMONIA/person73_bacteria_355.jpeg,val,1,PNEUMONIA,1152,944,152.82742309570312,37.05650329589844
train/PNEUMONIA/person744_bacteria_2647.jpeg,val,1,PNEUMONIA,1040,724,130.2290496826172,39.84080123901367
train/PNEUMONIA/person755_bacteria_2659.jpeg,val,1,PNEUMONIA,992,712,169.5482177734375,34.00308609008789
train/PNEUMONIA/person755_virus_1382.jpeg,val,1,PNEUMONIA,2096,1864,186.677001953125,38.61857604980469
train/PNEUMONIA/person758_bacteria_2662.jpeg,val,1,PNEUMONIA,1040,560,130.39669799804688,37.97297286987305
train/PNEUMONIA/person75_bacteria_369.jpeg,val,1,PNEUMONIA,1106,731,133.5869140625,33.78791809082031
train/PNEUMONIA/person761_bacteria_2665.jpeg,val,1,PNEUMONIA,936,624,137.22825622558594,33.66218948364258
train/PNEUMONIA/person771_bacteria_2675.jpeg,val,1,PNEUMONIA,992,552,142.7141876220703,34.222530364990234
train/PNEUMONIA/person779_virus_1409.jpeg,val,1,PNEUMONIA,861,626,131.32772827148438,33.56404495239258
train/PNEUMONIA/person77_bacteria_376.jpeg,val,1,PNEUMONIA,1024,872,172.63980102539062,35.33907699584961
train/PNEUMONIA/person781_virus_1412.jpeg,val,1,PNEUMONIA,2258,2109,121.00617218017578,39.521766662597656
train/PNEUMONIA/person783_virus_1414.jpeg,val,1,PNEUMONIA,912,536,119.70149230957031,30.952266693115234
train/PNEUMONIA/person788_virus_1419.jpeg,val,1,PNEUMONIA,1940,1469,146.2593536376953,38.287391662597656
train/PNEUMONIA/person794_bacteria_2700.jpeg,val,1,PNEUMONIA,1244,959,122.0073013305664,36.154869079589844
train/PNEUMONIA/person798_virus_1430.jpeg,val,1,PNEUMONIA,1294,902,124.22991180419922,35.593685150146484
train/PNEUMONIA/person7_bacteria_24.jpeg,val,1,PNEUMONIA,1224,896,128.1585693359375,35.1715087890625
train/PNEUMONIA/person804_bacteria_2711.jpeg,val,1,PNEUMONIA,1064,504,124.16478729248047,37.009769439697266
train/PNEUMONIA/person806_virus_1440.jpeg,val,1,PNEUMONIA,1216,1152,192.3553009033203,31.76039695739746
train/PNEUMONIA/person807_virus_1441.jpeg,val,1,PNEUMONIA,1672,1352,172.67132568359375,31.245712280273438
train/PNEUMONIA/person811_bacteria_2721.jpeg,val,1,PNEUMONIA,1558,933,98.9930191040039,41.28190231323242
train/PNEUMONIA/person813_bacteria_2724.jpeg,val,1,PNEUMONIA,1080,600,160.2080078125,45.10673141479492
train/PNEUMONIA/person819_bacteria_2730.jpeg,val,1,PNEUMONIA,864,528,166.7991485595703,28.76125717163086
train/PNEUMONIA/person81_virus_153.jpeg,val,1,PNEUMONIA,1472,1048,142.97264099121094,46.46866989135742
train/PNEUMONIA/person832_bacteria_2743.jpeg,val,1,PNEUMONIA,904,624,148.466552734375,32.683067321777344
train/PNEUMONIA/person834_bacteria_2747.jpeg,val,1,PNEUMONIA,1000,560,150.05252075195312,40.333168029785156
train/PNEUMONIA/person835_bacteria_2749.jpeg,val,1,PNEUMONIA,896,480,140.47509765625,38.614654541015625
train/PNEUMONIA/person836_virus_1473.jpeg,val,1,PNEUMONIA,1752,1192,179.7561798095703,42.04998016357422
train/PNEUMONIA/person837_bacteria_2753.jpeg,val,1,PNEUMONIA,1152,784,112.83012390136719,33.64099884033203
train/PNEUMONIA/person837_virus_1475.jpeg,val,1,PNEUMONIA,1656,1320,175.9042205810547,34.15080261230469
train/PNEUMONIA/person841_bacteria_2761.jpeg,val,1,PNEUMONIA,1008,768,151.1783447265625,37.24556350708008
train/PNEUMONIA/person841_virus_1481.jpeg,val,1,PNEUMONIA,1284,878,111.67109680175781,30.05738067626953
train/PNEUMONIA/person845_virus_1489.jpeg,val,1,PNEUMONIA,1448,1072,142.48770141601562,30.38715934753418
train/PNEUMONIA/person846_bacteria_2766.jpeg,val,1,PNEUMONIA,880,472,169.05189514160156,39.04323196411133
train/PNEUMONIA/person847_virus_1492.jpeg,val,1,PNEUMONIA,1808,1432,127.50679016113281,34.533084869384766
train/PNEUMONIA/person849_virus_1494.jpeg,val,1,PNEUMONIA,1376,792,146.39859008789062,53.656490325927734
train/PNEUMONIA/person853_virus_1498.jpeg,val,1,PNEUMONIA,1208,776,143.6629180908203,42.201744079589844
train/PNEUMONIA/person855_virus_1500.jpeg,val,1,PNEUMONIA,1432,944,161.41012573242188,41.06740951538086
train/PNEUMONIA/person86_virus_159.jpeg,val,1,PNEUMONIA,1758,1249,125.48188781738281,45.5013427734375
train/PNEUMONIA/person870_bacteria_2792.jpeg,val,1,PNEUMONIA,1032,640,145.9376220703125,33.20223617553711
train/PNEUMONIA/person871_virus_1517.jpeg,val,1,PNEUMONIA,1528,840,139.4933624267578,50.326236724853516
train/PNEUMONIA/person875_bacteria_2798.jpeg,val,1,PNEUMONIA,928,584,126.81742858886719,35.9649772644043
train/PNEUMONIA/person885_bacteria_2809.jpeg,val,1,PNEUMONIA,1256,720,153.24908447265625,38.95701217651367
train/PNEUMONIA/person887_bacteria_2811.jpeg,val,1,PNEUMONIA,942,571,143.02281188964844,31.814373016357422
train/PNEUMONIA/person896_virus_1548.jpeg,val,1,PNEUMONIA,1000,624,121.95897674560547,46.79423141479492
train/PNEUMONIA/person907_bacteria_2832.jpeg,val,1,PNEUMONIA,824,528,164.93814086914062,35.11931610107422
train/PNEUMONIA/person918_virus_1575.jpeg,val,1,PNEUMONIA,830,496,182.02029418945312,21.794570922851562
train/PNEUMONIA/person920_virus_1577.jpeg,val,1,PNEUMONIA,886,570,145.94488525390625,38.564979553222656
train/PNEUMONIA/person921_virus_1578.jpeg,val,1,PNEUMONIA,732,458,175.10202026367188,22.366552352905273
train/PNEUMONIA/person922_bacteria_2847.jpeg,val,1,PNEUMONIA,1048,752,118.4273681640625,33.5147705078125
train/PNEUMONIA/person924_virus_1581.jpeg,val,1,PNEUMONIA,1896,1056,148.81094360351562,58.69198226928711
train/PNEUMONIA/person929_bacteria_2854.jpeg,val,1,PNEUMONIA,1028,685,138.2281951904297,36.89319610595703
train/PNEUMONIA/person931_bacteria_2856.jpeg,val,1,PNEUMONIA,984,712,141.98257446289062,30.764944076538086
train/PNEUMONIA/person935_virus_1597.jpeg,val,1,PNEUMONIA,1288,728,137.17996215820312,39.6009407043457
train/PNEUMONIA/person940_virus_1605.jpeg,val,1,PNEUMONIA,1504,1064,148.3154754638672,39.50205993652344
train/PNEUMONIA/person947_virus_1618.jpeg,val,1,PNEUMONIA,1808,1280,156.884521484375,38.93598556518555
train/PNEUMONIA/person954_virus_1626.jpeg,val,1,PNEUMONIA,1076,630,133.8773651123047,26.995983123779297
train/PNEUMONIA/person956_virus_1628.jpeg,val,1,PNEUMONIA,1320,816,154.66244506835938,45.26017761230469
train/PNEUMONIA/person958_bacteria_2883.jpeg,val,1,PNEUMONIA,960,688,164.3346405029297,38.84581756591797
train/PNEUMONIA/person961_virus_1634.jpeg,val,1,PNEUMONIA,1576,792,111.62056732177734,40.257835388183594
train/PNEUMONIA/person962_bacteria_2887.jpeg,val,1,PNEUMONIA,1056,752,138.20310974121094,34.230079650878906
train/PNEUMONIA/person969_bacteria_2894.jpeg,val,1,PNEUMONIA,1202,643,111.8791275024414,40.61082077026367
train/PNEUMONIA/person971_bacteria_2896.jpeg,val,1,PNEUMONIA,1496,1304,156.54095458984375,43.09536361694336
train/PNEUMONIA/person980_virus_1655.jpeg,val,1,PNEUMONIA,754,411,130.9646453857422,32.321407318115234
train/PNEUMONIA/person981_virus_1657.jpeg,val,1,PNEUMONIA,984,552,113.78089904785156,34.804901123046875
train/PNEUMONIA/person983_virus_1660.jpeg,val,1,PNEUMONIA,1464,872,135.114990234375,46.1270751953125
train/PNEUMONIA/person986_bacteria_2913.jpeg,val,1,PNEUMONIA,1152,1032,156.2935028076172,44.95981979370117
train/PNEUMONIA/person991_bacteria_2918.jpeg,val,1,PNEUMONIA,1072,888,124.36585235595703,36.4896240234375
val/PNEUMONIA/person1946_bacteria_4875.jpeg,val,1,PNEUMONIA,1072,712,112.57017517089844,37.48768615722656
