relpath,split,label,label_name,width,height,mean_intensity,std_intensity
test/NORMAL/IM-0001-0001.jpeg,test,0,NORMAL,1857,1317,131.0174102783203,56.884063720703125
test/NORMAL/IM-0003-0001.jpeg,test,0,NORMAL,2111,1509,142.5745849609375,60.4974479675293
test/NORMAL/IM-0005-0001.jpeg,test,0,NORMAL,2031,1837,136.2693634033203,55.15373229980469
test/NORMAL/IM-0006-0001.jpeg,test,0,NORMAL,1663,1326,148.70773315429688,41.93623352050781
test/NORMAL/IM-0007-0001.jpeg,test,0,NORMAL,2053,1818,137.83297729492188,53.733699798583984
test/NORMAL/IM-0009-0001.jpeg,test,0,NORMAL,1852,1443,143.69918823242188,48.67115783691406
test/NORMAL/IM-0010-0001.jpeg,test,0,NORMAL,1873,1478,132.62440490722656,58.56438064575195
test/NORMAL/IM-0011-0001-0001.jpeg,test,0,NORMAL,2144,1916,137.20419311523438,52.701927185058594
test/NORMAL/IM-0011-0001-0002.jpeg,test,0,NORMAL,2214,1945,133.56234741210938,57.76154327392578
test/NORMAL/IM-0011-0001.jpeg,test,0,NORMAL,1863,1785,126.22508239746094,52.50944900512695
test/NORMAL/IM-0013-0001.jpeg,test,0,NORMAL,2444,2155,136.1902618408203,55.928035736083984
test/NORMAL/IM-0015-0001.jpeg,test,0,NORMAL,1803,1238,136.64076232910156,47.27400588989258
test/NORMAL/IM-0016-0001.jpeg,test,0,NORMAL,2498,2057,134.2715606689453,62.010047912597656
test/NORMAL/IM-0017-0001.jpeg,test,0,NORMAL,1984,1559,139.32237243652344,47.87297821044922
test/NORMAL/IM-0019-0001.jpeg,test,0,NORMAL,1917,1432,134.96292114257812,51.481971740722656
test/NORMAL/IM-0021-0001.jpeg,test,0,NORMAL,2624,1893,151.6145782470703,43.984107971191406
test/NORMAL/IM-0022-0001.jpeg,test,0,NORMAL,1300,617,86.48572540283203,32.76181411743164
test/NORMAL/IM-0023-0001.jpeg,test,0,NORMAL,2022,1384,132.70858764648438,54.19388961791992
test/NORMAL/IM-0025-0001.jpeg,test,0,NORMAL,2720,2458,133.30023193359375,66.19120788574219
test/NORMAL/IM-0027-0001.jpeg,test,0,NORMAL,2271,1827,143.11099243164062,53.451881408691406
test/NORMAL/IM-0028-0001.jpeg,test,0,NORMAL,2522,2124,127.87447357177734,58.86398696899414
test/NORMAL/IM-0029-0001.jpeg,test,0,NORMAL,2343,2139,149.77978515625,45.529144287109375
test/NORMAL/IM-0030-0001.jpeg,test,0,NORMAL,1647,1314,109.65665435791016,50.90669631958008
test/NORMAL/IM-0031-0001.jpeg,test,0,NORMAL,1949,1632,138.5791015625,57.98112106323242
test/NORMAL/IM-0033-0001-0001.jpeg,test,0,NORMAL,2170,1953,152.03375244140625,65.46133422851562
test/NORMAL/IM-0033-0001-0002.jpeg,test,0,NORMAL,2024,1836,147.5968017578125,54.77275848388672
test/NORMAL/IM-0033-0001.jpeg,test,0,NORMAL,1658,1534,143.4588623046875,51.59876251220703
test/NORMAL/IM-0035-0001.jpeg,test,0,NORMAL,2480,2329,130.93875122070312,58.446529388427734
test/NORMAL/IM-0036-0001.jpeg,test,0,NORMAL,2096,1709,154.2716827392578,69.95645904541016
test/NORMAL/IM-0037-0001.jpeg,test,0,NORMAL,1741,1504,140.31591796875,49.121421813964844
test/NORMAL/IM-0039-0001.jpeg,test,0,NORMAL,2153,1793,134.3330535888672,57.22237014770508
test/NORMAL/IM-0041-0001.jpeg,test,0,NORMAL,2022,2071,108.04151916503906,53.53880310058594
test/NORMAL/IM-0043-0001.jpeg,test,0,NORMAL,2297,2032,143.6174774169922,49.58479309082031
test/NORMAL/IM-0045-0001.jpeg,test,0,NORMAL,2746,2382,145.18418884277344,58.21432113647461
test/NORMAL/IM-0046-0001.jpeg,test,0,NORMAL,2001,1725,142.54824829101562,49.587677001953125
test/NORMAL/IM-0049-0001.jpeg,test,0,NORMAL,1762,1060,120.63489532470703,59.037925720214844
test/NORMAL/IM-0050-0001.jpeg,test,0,NORMAL,2752,1882,131.58810424804688,53.84821701049805
test/NORMAL/IM-0059-0001.jpeg,test,0,NORMAL,1616,1041,139.10487365722656,62.13761520385742
test/NORMAL/IM-0061-0001.jpeg,test,0,NORMAL,1754,1318,138.306396484375,72.79373931884766
test/NORMAL/IM-0063-0001.jpeg,test,0,NORMAL,2034,1761,113.51608276367188,59.170799255371094
test/NORMAL/IM-0065-0001.jpeg,test,0,NORMAL,1562,1021,106.42070770263672,63.512603759765625
test/NORMAL/IM-0067-0001.jpeg,test,0,NORMAL,1572,1125,109.06531524658203,61.51561737060547
test/NORMAL/IM-0069-0001.jpeg,test,0,NORMAL,1974,1226,124.7425537109375,64.05757141113281
test/NORMAL/IM-0070-0001.jpeg,test,0,NORMAL,2034,1392,105.5793228149414,64.18159484863281
test/NORMAL/IM-0071-0001.jpeg,test,0,NORMAL,2060,1558,130.404541015625,60.03761672973633
test/NORMAL/IM-0073-0001.jpeg,test,0,NORMAL,1322,650,131.669921875,53.67899703979492
test/NORMAL/IM-0075-0001.jpeg,test,0,NORMAL,1786,1068,131.7596435546875,59.08889389038086
test/NORMAL/IM-0077-0001.jpeg,test,0,NORMAL,1740,1246,130.08441162109375,57.16088104248047
test/NORMAL/IM-0079-0001.jpeg,test,0,NORMAL,1774,1230,137.60794067382812,60.67613983154297
test/NORMAL/IM-0081-0001.jpeg,test,0,NORMAL,1260,767,123.9730453491211,57.768226623535156
test/NORMAL/IM-0083-0001.jpeg,test,0,NORMAL,1240,925,128.0001983642578,55.45449447631836
test/NORMAL/IM-0084-0001.jpeg,test,0,NORMAL,1754,1187,129.79100036621094,64.29981994628906
test/NORMAL/IM-0085-0001.jpeg,test,0,NORMAL,1558,1014,127.91150665283203,57.23311996459961
test/NORMAL/IM-0086-0001.jpeg,test,0,NORMAL,2006,1461,108.92890167236328,64.62876892089844
test/NORMAL/IM-0087-0001.jpeg,test,0,NORMAL,1890,1357,117.6620864868164,63.76579284667969
test/NORMAL/IM-0089-0001.jpeg,test,0,NORMAL,2426,2076,136.38641357421875,61.69033432006836
test/NORMAL/IM-0091-0001.jpeg,test,0,NORMAL,1754,1036,119.5260238647461,60.28989028930664
test/NORMAL/IM-0093-0001.jpeg,test,0,NORMAL,1788,1282,148.2246551513672,54.80540084838867
test/NORMAL/IM-0095-0001.jpeg,test,0,NORMAL,1866,1311,119.6576156616211,68.94863891601562
test/NORMAL/IM-0097-0001.jpeg,test,0,NORMAL,1558,925,122.19215393066406,67.95386505126953
test/NORMAL/IM-0099-0001.jpeg,test,0,NORMAL,1862,1326,109.72562408447266,63.88117218017578
test/NORMAL/IM-0101-0001.jpeg,test,0,NORMAL,1460,906,100.96807098388672,61.93220901489258
test/NORMAL/IM-0102-0001.jpeg,test,0,NORMAL,1472,863,93.48726654052734,55.095008850097656
test/NORMAL/IM-0103-0001.jpeg,test,0,NORMAL,1970,2085,134.34080505371094,61.989463806152344
test/NORMAL/IM-0105-0001.jpeg,test,0,NORMAL,2022,1299,131.4508514404297,63.82626724243164
test/NORMAL/IM-0107-0001.jpeg,test,0,NORMAL,1824,1125,120.0020523071289,65.60685729980469
test/NORMAL/IM-0109-0001.jpeg,test,0,NORMAL,1802,1110,126.97703552246094,67.44001007080078
test/NORMAL/IM-0110-0001.jpeg,test,0,NORMAL,1542,871,122.98206329345703,64.08882904052734
test/NORMAL/IM-0111-0001.jpeg,test,0,NORMAL,1910,1303,127.80209350585938,56.93243408203125
test/NORMAL/NORMAL2-IM-0007-0001.jpeg,test,0,NORMAL,2165,1907,139.1761016845703,64.31817626953125
test/NORMAL/NORMAL2-IM-0012-0001.jpeg,test,0,NORMAL,1784,1440,101.3160171508789,61.386680603027344
test/NORMAL/NORMAL2-IM-0013-0001.jpeg,test,0,NORMAL,2165,1749,132.42332458496094,71.06380462646484
test/NORMAL/NORMAL2-IM-0019-0001.jpeg,test,0,NORMAL,2043,2087,113.41788482666016,59.454402923583984
test/NORMAL/NORMAL2-IM-0023-0001.jpeg,test,0,NORMAL,2071,1296,106.1046371459961,62.151004791259766
test/NORMAL/NORMAL2-IM-0027-0001.jpeg,test,0,NORMAL,1856,1418,107.93091583251953,63.89036560058594
test/NORMAL/NORMAL2-IM-0028-0001.jpeg,test,0,NORMAL,2381,1965,143.53390502929688,70.83135223388672
test/NORMAL/NORMAL2-IM-0029-0001.jpeg,test,0,NORMAL,1928,1756,105.14664459228516,63.39703369140625
test/NORMAL/NORMAL2-IM-0030-0001.jpeg,test,0,NORMAL,2517,2713,116.18854522705078,50.30812454223633
test/NORMAL/NORMAL2-IM-0033-0001.jpeg,test,0,NORMAL,2431,2195,110.16554260253906,58.35320281982422
test/NORMAL/NORMAL2-IM-0035-0001.jpeg,test,0,NORMAL,1762,1224,110.23469543457031,67.91999053955078
test/NORMAL/NORMAL2-IM-0041-0001.jpeg,test,0,NORMAL,2187,1332,114.9989013671875,71.74922180175781
test/NORMAL/NORMAL2-IM-0045-0001.jpeg,test,0,NORMAL,1733,1044,105.17053985595703,67.64584350585938
test/NORMAL/NORMAL2-IM-0051-0001.jpeg,test,0,NORMAL,2028,1742,101.16304779052734,69.04646301269531
test/NORMAL/NORMAL2-IM-0052-0001.jpeg,test,0,NORMAL,2446,2224,104.23422241210938,47.79153060913086
test/NORMAL/NORMAL2-IM-0058-0001.jpeg,test,0,NORMAL,1683,1361,107.71710205078125,63.48655700683594
test/NORMAL/NORMAL2-IM-0059-0001.jpeg,test,0,NORMAL,2244,2030,116.11029815673828,64.44754791259766
test/NORMAL/NORMAL2-IM-0060-0001.jpeg,test,0,NORMAL,2323,1893,105.77989959716797,63.157081604003906
test/NORMAL/NORMAL2-IM-0066-0001.jpeg,test,0,NORMAL,2194,2094,108.06109619140625,63.39126968383789
test/NORMAL/NORMAL2-IM-0072-0001.jpeg,test,0,NORMAL,1992,1620,134.75547790527344,66.6983413696289
test/NORMAL/NORMAL2-IM-0073-0001.jpeg,test,0,NORMAL,2496,2296,102.51593780517578,45.232608795166016
test/NORMAL/NORMAL2-IM-0079-0001.jpeg,test,0,NORMAL,2345,1936,105.22196197509766,56.772705078125
test/NORMAL/NORMAL2-IM-0081-0001.jpeg,test,0,NORMAL,2517,2310,132.04286193847656,66.48127746582031
test/NORMAL/NORMAL2-IM-0086-0001.jpeg,test,0,NORMAL,2474,2224,140.5720977783203,77.60487365722656
test/NORMAL/NORMAL2-IM-0092-0001.jpeg,test,0,NORMAL,2143,1576,127.75875854492188,68.43558502197266
test/NORMAL/NORMAL2-IM-0095-0001.jpeg,test,0,NORMAL,2517,1979,130.40281677246094,67.33918762207031
test/NORMAL/NORMAL2-IM-0096-0001.jpeg,test,0,NORMAL,2517,1979,130.40281677246094,67.33918762207031
test/NORMAL/NORMAL2-IM-0098-0001.jpeg,test,0,NORMAL,1266,1044,98.6410903930664,71.42697143554688
test/NORMAL/NORMAL2-IM-0102-0001.jpeg,test,0,NORMAL,2366,2152,105.99624633789062,60.959251403808594
test/NORMAL/NORMAL2-IM-0105-0001.jpeg,test,0,NORMAL,2352,2166,143.25357055664062,70.06852722167969
test/NORMAL/NORMAL2-IM-0107-0001.jpeg,test,0,NORMAL,1741,1706,114.80461120605469,61.44742965698242
test/NORMAL/NORMAL2-IM-0110-0001.jpeg,test,0,NORMAL,2251,1828,100.62970733642578,60.15277862548828
test/NORMAL/NORMAL2-IM-0111-0001.jpeg,test,0,NORMAL,2035,1526,140.3123016357422,63.81450653076172
test/NORMAL/NORMAL2-IM-0112-0001.jpeg,test,0,NORMAL,2266,1843,103.75255584716797,57.3969841003418
test/NORMAL/NORMAL2-IM-0117-0001.jpeg,test,0,NORMAL,1971,1526,129.5658721923828,68.73594665527344
test/NORMAL/NORMAL2-IM-0120-0001.jpeg,test,0,NORMAL,2093,1764,111.79511260986328,61.97768020629883
test/NORMAL/NORMAL2-IM-0123-0001.jpeg,test,0,NORMAL,2043,1217,122.55732727050781,66.19042205810547
test/NORMAL/NORMAL2-IM-0129-0001.jpeg,test,0,NORMAL,2302,1663,98.6728286743164,64.51775360107422
test/NORMAL/NORMAL2-IM-0130-0001.jpeg,test,0,NORMAL,1827,1641,113.25367736816406,59.48237228393555
test/NORMAL/NORMAL2-IM-0131-0001.jpeg,test,0,NORMAL,1784,1389,117.2290267944336,63.66303634643555
test/NORMAL/NORMAL2-IM-0132-0001.jpeg,test,0,NORMAL,2115,1792,148.5506591796875,62.933597564697266
test/NORMAL/NORMAL2-IM-0135-0001.jpeg,test,0,NORMAL,2136,1713,118.124755859375,75.45943450927734
test/NORMAL/NORMAL2-IM-0139-0001.jpeg,test,0,NORMAL,2014,1375,126.34349060058594,67.77243041992188
test/NORMAL/NORMAL2-IM-0141-0001.jpeg,test,0,NORMAL,1712,1519,111.25662231445312,63.23888397216797
test/NORMAL/NORMAL2-IM-0145-0001.jpeg,test,0,NORMAL,1726,1505,141.75364685058594,65.32830047607422
test/NORMAL/NORMAL2-IM-0146-0001.jpeg,test,0,NORMAL,1827,1375,115.12942504882812,69.07241821289062
test/NORMAL/NORMAL2-IM-0150-0001.jpeg,test,0,NORMAL,1611,1454,131.8835906982422,70.77387237548828
test/NORMAL/NORMAL2-IM-0171-0001.jpeg,test,0,NORMAL,1752,1224,133.1196746826172,62.40520095825195
test/NORMAL/NORMAL2-IM-0173-0001-0001.jpeg,test,0,NORMAL,1304,952,112.58326721191406,53.5064582824707
test/NORMAL/NORMAL2-IM-0173-0001-0002.jpeg,test,0,NORMAL,1304,952,112.58326721191406,53.5064582824707
test/NORMAL/NORMAL2-IM-0195-0001.jpeg,test,0,NORMAL,1432,1016,141.20716857910156,59.442108154296875
test/NORMAL/NORMAL2-IM-0196-0001.jpeg,test,0,NORMAL,1720,1568,156.06715393066406,65.17263793945312
test/NORMAL/NORMAL2-IM-0198-0001.jpeg,test,0,NORMAL,1960,1688,160.89219665527344,53.5864372253418
test/NORMAL/NORMAL2-IM-0199-0001.jpeg,test,0,NORMAL,1584,1168,152.09375,60.38193130493164
test/NORMAL/NORMAL2-IM-0201-0001.jpeg,test,0,NORMAL,1800,1456,147.51515197753906,62.92677307128906
test/NORMAL/NORMAL2-IM-0206-0001.jpeg,test,0,NORMAL,1536,1064,115.67242431640625,68.05366516113281
test/NORMAL/NORMAL2-IM-0207-0001.jpeg,test,0,NORMAL,1454,1079,133.24838256835938,47.24243927001953
test/NORMAL/NORMAL2-IM-0210-0001.jpeg,test,0,NORMAL,1680,984,139.43348693847656,69.55545806884766
test/NORMAL/NORMAL2-IM-0213-0001.jpeg,test,0,NORMAL,1952,1600,159.41659545898438,56.75095748901367
test/NORMAL/NORMAL2-IM-0217-0001.jpeg,test,0,NORMAL,1408,1040,137.49398803710938,65.1395034790039
test/NORMAL/NORMAL2-IM-0219-0001.jpeg,test,0,NORMAL,1248,680,131.46029663085938,61.47190856933594
test/NORMAL/NORMAL2-IM-0221-0001.jpeg,test,0,NORMAL,1336,936,109.89718627929688,66.74161529541016
test/NORMAL/NORMAL2-IM-0222-0001.jpeg,test,0,NORMAL,1504,1056,142.15701293945312,66.09597778320312
test/NORMAL/NORMAL2-IM-0229-0001.jpeg,test,0,NORMAL,1488,1168,148.3320770263672,58.24480438232422
test/NORMAL/NORMAL2-IM-0232-0001.jpeg,test,0,NORMAL,1392,912,128.56044006347656,71.5390396118164
test/NORMAL/NORMAL2-IM-0233-0001.jpeg,test,0,NORMAL,1560,1008,121.74812316894531,64.08411407470703
test/NORMAL/NORMAL2-IM-0237-0001.jpeg,test,0,NORMAL,1392,1168,156.67855834960938,50.53544616699219
test/NORMAL/NORMAL2-IM-0238-0001.jpeg,test,0,NORMAL,1440,1064,144.75184631347656,68.41043853759766
test/NORMAL/NORMAL2-IM-0241-0001.jpeg,test,0,NORMAL,1248,880,146.75363159179688,57.019065856933594
test/NORMAL/NORMAL2-IM-0246-0001-0001.jpeg,test,0,NORMAL,1168,824,112.99736785888672,51.7869987487793
test/NORMAL/NORMAL2-IM-0246-0001-0002.jpeg,test,0,NORMAL,1168,824,112.99736785888672,51.7869987487793
test/NORMAL/NORMAL2-IM-0246-0001.jpeg,test,0,NORMAL,1368,904,138.54124450683594,55.97087860107422
test/NORMAL/NORMAL2-IM-0249-0001.jpeg,test,0,NORMAL,1426,832,86.36528778076172,56.19643783569336
test/NORMAL/NORMAL2-IM-0251-0001.jpeg,test,0,NORMAL,1744,1168,116.37389373779297,53.01520538330078
test/NORMAL/NORMAL2-IM-0252-0001.jpeg,test,0,NORMAL,1264,832,146.6033172607422,62.49502182006836
test/NORMAL/NORMAL2-IM-0256-0001.jpeg,test,0,NORMAL,984,496,113.8597640991211,58.10371398925781
test/NORMAL/NORMAL2-IM-0259-0001.jpeg,test,0,NORMAL,1448,1136,159.76048278808594,45.135066986083984
test/NORMAL/NORMAL2-IM-0267-0001.jpeg,test,0,NORMAL,1560,1016,151.50978088378906,64.69277954101562
test/NORMAL/NORMAL2-IM-0271-0001.jpeg,test,0,NORMAL,1564,1010,156.84767150878906,53.80742645263672
test/NORMAL/NORMAL2-IM-0272-0001.jpeg,test,0,NORMAL,1340,917,111.87220764160156,46.23176193237305
test/NORMAL/NORMAL2-IM-0273-0001.jpeg,test,0,NORMAL,1720,1303,105.6073226928711,53.87400817871094
test/NORMAL/NORMAL2-IM-0274-0001.jpeg,test,0,NORMAL,1646,1214,112.5989761352539,64.444580078125
test/NORMAL/NORMAL2-IM-0275-0001.jpeg,test,0,NORMAL,1748,1079,120.29158782958984,60.71643829345703
test/NORMAL/NORMAL2-IM-0276-0001.jpeg,test,0,NORMAL,1604,1334,128.8701171875,55.201141357421875
test/NORMAL/NORMAL2-IM-0277-0001.jpeg,test,0,NORMAL,1754,1377,122.66809844970703,55.40013885498047
test/NORMAL/NORMAL2-IM-0278-0001.jpeg,test,0,NORMAL,1700,1113,108.31961059570312,64.40922546386719
test/NORMAL/NORMAL2-IM-0279-0001.jpeg,test,0,NORMAL,1376,1040,118.82475280761719,56.45399475097656
test/NORMAL/NORMAL2-IM-0280-0001.jpeg,test,0,NORMAL,1460,1071,126.62523651123047,59.98423767089844
test/NORMAL/NORMAL2-IM-0281-0001.jpeg,test,0,NORMAL,2040,1619,118.92681884765625,66.95829772949219
test/NORMAL/NORMAL2-IM-0282-0001.jpeg,test,0,NORMAL,2667,2280,153.1078643798828,67.50444030761719
test/NORMAL/NORMAL2-IM-0283-0001.jpeg,test,0,NORMAL,1400,882,136.47015380859375,52.825199127197266
test/NORMAL/NORMAL2-IM-0285-0001.jpeg,test,0,NORMAL,1456,839,87.6099624633789,57.381996154785156
test/NORMAL/NORMAL2-IM-0286-0001.jpeg,test,0,NORMAL,1692,1214,122.67760467529297,57.54483413696289
test/NORMAL/NORMAL2-IM-0287-0001.jpeg,test,0,NORMAL,1785,1585,136.8203125,65.87921142578125
test/NORMAL/NORMAL2-IM-0288-0001.jpeg,test,0,NORMAL,1348,812,121.96852111816406,60.71903610229492
test/NORMAL/NORMAL2-IM-0289-0001.jpeg,test,0,NORMAL,1894,1597,129.12930297851562,61.11244583129883
test/NORMAL/NORMAL2-IM-0290-0001.jpeg,test,0,NORMAL,1396,897,132.94708251953125,48.850528717041016
test/NORMAL/NORMAL2-IM-0292-0001.jpeg,test,0,NORMAL,2380,2074,151.74412536621094,66.15938568115234
test/NORMAL/NORMAL2-IM-0294-0001.jpeg,test,0,NORMAL,1530,994,103.42095184326172,51.515769958496094
test/NORMAL/NORMAL2-IM-0297-0001.jpeg,test,0,NORMAL,1890,1334,112.0234603881836,69.97956085205078
test/NORMAL/NORMAL2-IM-0300-0001.jpeg,test,0,NORMAL,1508,1260,124.7794418334961,56.26259231567383
test/NORMAL/NORMAL2-IM-0301-0001.jpeg,test,0,NORMAL,1816,1157,118.4073257446289,65.40205383300781
test/NORMAL/NORMAL2-IM-0302-0001.jpeg,test,0,NORMAL,1596,1087,107.76068115234375,62.582618713378906
test/NORMAL/NORMAL2-IM-0303-0001.jpeg,test,0,NORMAL,1504,948,112.1246337890625,62.38861083984375
test/NORMAL/NORMAL2-IM-0304-0001.jpeg,test,0,NORMAL,1532,986,122.86883544921875,65.2464599609375
test/NORMAL/NORMAL2-IM-0305-0001.jpeg,test,0,NORMAL,1612,1179,122.32328033447266,58.210899353027344
test/NORMAL/NORMAL2-IM-0307-0001.jpeg,test,0,NORMAL,1816,1435,129.51101684570312,63.41259002685547
test/NORMAL/NORMAL2-IM-0309-0001.jpeg,test,0,NORMAL,1724,1442,133.0380401611328,61.729347229003906
test/NORMAL/NORMAL2-IM-0310-0001.jpeg,test,0,NORMAL,1646,1346,128.76808166503906,59.16952133178711
test/NORMAL/NORMAL2-IM-0311-0001.jpeg,test,0,NORMAL,1844,1504,116.08606719970703,60.62302780151367
test/NORMAL/NORMAL2-IM-0312-0001.jpeg,test,0,NORMAL,2028,1538,119.25273895263672,50.90077590942383
test/NORMAL/NORMAL2-IM-0313-0001.jpeg,test,0,NORMAL,1620,1110,122.48731231689453,61.163330078125
test/NORMAL/NORMAL2-IM-0315-0001.jpeg,test,0,NORMAL,1442,770,108.70730590820312,63.1865234375
test/NORMAL/NORMAL2-IM-0316-0001.jpeg,test,0,NORMAL,1464,925,108.9505386352539,55.859230041503906
test/NORMAL/NORMAL2-IM-0317-0001.jpeg,test,0,NORMAL,1624,1187,106.38507843017578,61.8958625793457
test/NORMAL/NORMAL2-IM-0319-0001.jpeg,test,0,NORMAL,1678,1195,127.60803985595703,59.763179779052734
test/NORMAL/NORMAL2-IM-0321-0001.jpeg,test,0,NORMAL,2026,1412,119.81381225585938,67.3924560546875
test/NORMAL/NORMAL2-IM-0322-0001.jpeg,test,0,NORMAL,1256,813,113.2042465209961,52.464298248291016
test/NORMAL/NORMAL2-IM-0323-0001.jpeg,test,0,NORMAL,1796,1372,113.08580017089844,64.4079818725586
test/NORMAL/NORMAL2-IM-0325-0001.jpeg,test,0,NORMAL,1612,1164,113.66758728027344,66.84681701660156
test/NORMAL/NORMAL2-IM-0326-0001.jpeg,test,0,NORMAL,1522,1183,112.12407684326172,64.29778289794922
test/NORMAL/NORMAL2-IM-0327-0001.jpeg,test,0,NORMAL,1384,824,118.59712982177734,62.8492546081543
test/NORMAL/NORMAL2-IM-0328-0001.jpeg,test,0,NORMAL,1338,967,118.59228515625,58.057857513427734
test/NORMAL/NORMAL2-IM-0329-0001.jpeg,test,0,NORMAL,2216,1953,149.8060760498047,70.05078887939453
test/NORMAL/NORMAL2-IM-0330-0001.jpeg,test,0,NORMAL,1226,747,136.47706604003906,62.121307373046875
test/NORMAL/NORMAL2-IM-0331-0001.jpeg,test,0,NORMAL,1674,1064,120.154541015625,56.629573822021484
test/NORMAL/NORMAL2-IM-0332-0001.jpeg,test,0,NORMAL,1802,1226,124.77674102783203,54.36997985839844
test/NORMAL/NORMAL2-IM-0333-0001.jpeg,test,0,NORMAL,2226,1731,120.48026275634766,62.4353141784668
test/NORMAL/NORMAL2-IM-0335-0001.jpeg,test,0,NORMAL,1300,821,124.7265853881836,54.441993713378906
test/NORMAL/NORMAL2-IM-0336-0001.jpeg,test,0,NORMAL,1612,941,102.61621856689453,62.5025634765625
test/NORMAL/NORMAL2-IM-0337-0001.jpeg,test,0,NORMAL,1766,1349,107.767333984375,73.22657012939453
test/NORMAL/NORMAL2-IM-0338-0001.jpeg,test,0,NORMAL,1450,890,91.88996887207031,60.53594207763672
test/NORMAL/NORMAL2-IM-0339-0001.jpeg,test,0,NORMAL,1898,1403,127.33607482910156,58.71231460571289
test/NORMAL/NORMAL2-IM-0340-0001.jpeg,test,0,NORMAL,1292,751,113.43668365478516,58.243263244628906
test/NORMAL/NORMAL2-IM-0341-0001.jpeg,test,0,NORMAL,1670,1319,132.1417236328125,50.87990951538086
test/NORMAL/NORMAL2-IM-0343-0001.jpeg,test,0,NORMAL,1778,1168,80.06486511230469,50.96354675292969
test/NORMAL/NORMAL2-IM-0345-0001.jpeg,test,0,NORMAL,1538,1202,129.1687469482422,70.62129211425781
test/NORMAL/NORMAL2-IM-0346-0001.jpeg,test,0,NORMAL,1288,917,111.96720886230469,71.78573608398438
test/NORMAL/NORMAL2-IM-0347-0001.jpeg,test,0,NORMAL,1542,963,124.5991439819336,55.26906967163086
test/NORMAL/NORMAL2-IM-0348-0001.jpeg,test,0,NORMAL,1762,1249,117.30561065673828,61.266414642333984
test/NORMAL/NORMAL2-IM-0349-0001.jpeg,test,0,NORMAL,1214,662,130.9453887939453,54.16748046875
test/NORMAL/NORMAL2-IM-0350-0001.jpeg,test,0,NORMAL,1570,1164,122.33380126953125,64.86349487304688
test/NORMAL/NORMAL2-IM-0351-0001.jpeg,test,0,NORMAL,1550,1033,107.11581420898438,57.77988815307617
test/NORMAL/NORMAL2-IM-0352-0001.jpeg,test,0,NORMAL,1638,1323,128.71278381347656,57.070980072021484
test/NORMAL/NORMAL2-IM-0353-0001.jpeg,test,0,NORMAL,1782,1434,133.9244842529297,57.64981460571289
test/NORMAL/NORMAL2-IM-0354-0001.jpeg,test,0,NORMAL,1470,1072,112.6314926147461,63.30730438232422
test/NORMAL/NORMAL2-IM-0357-0001.jpeg,test,0,NORMAL,1936,1554,95.87042236328125,68.18096160888672
test/NORMAL/NORMAL2-IM-0359-0001.jpeg,test,0,NORMAL,1450,1149,117.34175872802734,53.65690612792969
test/NORMAL/NORMAL2-IM-0360-0001.jpeg,test,0,NORMAL,1094,898,127.55757141113281,53.24245834350586
test/NORMAL/NORMAL2-IM-0361-0001.jpeg,test,0,NORMAL,1778,1337,146.6793975830078,45.22145462036133
test/NORMAL/NORMAL2-IM-0362-0001.jpeg,test,0,NORMAL,1592,921,108.69062805175781,57.582393646240234
test/NORMAL/NORMAL2-IM-0364-0001.jpeg,test,0,NORMAL,1472,921,97.71438598632812,60.12038803100586
test/NORMAL/NORMAL2-IM-0366-0001.jpeg,test,0,NORMAL,1298,747,107.03820037841797,61.107696533203125
test/NORMAL/NORMAL2-IM-0368-0001.jpeg,test,0,NORMAL,1686,1122,115.88480377197266,61.59447479248047
test/NORMAL/NORMAL2-IM-0369-0001.jpeg,test,0,NORMAL,1434,906,110.70536041259766,59.7499885559082
test/NORMAL/NORMAL2-IM-0370-0001.jpeg,test,0,NORMAL,1742,1392,115.72245788574219,61.16627502441406
test/NORMAL/NORMAL2-IM-0372-0001.jpeg,test,0,NORMAL,2198,1485,124.28495025634766,63.17203903198242
test/NORMAL/NORMAL2-IM-0373-0001.jpeg,test,0,NORMAL,1454,979,88.67134094238281,51.989295959472656
test/NORMAL/NORMAL2-IM-0374-0001-0001.jpeg,test,0,NORMAL,1968,1484,123.64385986328125,58.66520690917969
test/NORMAL/NORMAL2-IM-0374-0001-0002.jpeg,test,0,NORMAL,1516,982,117.26290893554688,60.355262756347656
test/NORMAL/NORMAL2-IM-0374-0001.jpeg,test,0,NORMAL,2148,1600,105.47285461425781,69.55297088623047
test/NORMAL/NORMAL2-IM-0376-0001.jpeg,test,0,NORMAL,1124,716,113.02070617675781,63.40763473510742
test/NORMAL/NORMAL2-IM-0378-0001.jpeg,test,0,NORMAL,1586,1048,94.63419342041016,56.07919692993164
test/NORMAL/NORMAL2-IM-0380-0001.jpeg,test,0,NORMAL,1940,1489,128.90968322753906,61.38761520385742
test/NORMAL/NORMAL2-IM-0381-0001.jpeg,test,0,NORMAL,2010,1705,130.36224365234375,55.76217269897461
test/PNEUMONIA/person100_bacteria_475.jpeg,test,1,PNEUMONIA,1106,762,110.5749740600586,55.66675567626953
test/PNEUMONIA/person100_bacteria_477.jpeg,test,1,PNEUMONIA,1024,680,73.03548431396484,40.49599075317383
test/PNEUMONIA/person100_bacteria_478.jpeg,test,1,PNEUMONIA,1128,624,135.2799530029297,51.824100494384766
test/PNEUMONIA/person100_bacteria_479.jpeg,test,1,PNEUMONIA,904,552,112.28821563720703,45.33223342895508
test/PNEUMONIA/person100_bacteria_480.jpeg,test,1,PNEUMONIA,880,536,114.38420104980469,48.84334945678711
test/PNEUMONIA/person100_bacteria_481.jpeg,test,1,PNEUMONIA,952,624,108.0522232055664,47.87952423095703
test/PNEUMONIA/person100_bacteria_482.jpeg,test,1,PNEUMONIA,1040,696,106.5116958618164,55.330467224121094
test/PNEUMONIA/person101_bacteria_483.jpeg,test,1,PNEUMONIA,1064,720,156.0929412841797,44.27208709716797
test/PNEUMONIA/person101_bacteria_484.jpeg,test,1,PNEUMONIA,1064,840,142.5966796875,52.5251350402832
test/PNEUMONIA/person101_bacteria_485.jpeg,test,1,PNEUMONIA,1032,752,113.44998168945312,43.5261344909668
test/PNEUMONIA/person101_bacteria_486.jpeg,test,1,PNEUMONIA,1136,680,136.31129455566406,47.262001037597656
test/PNEUMONIA/person102_bacteria_487.jpeg,test,1,PNEUMONIA,1240,936,123.21817016601562,54.545814514160156
test/PNEUMONIA/person103_bacteria_488.jpeg,test,1,PNEUMONIA,904,656,118.7571792602539,55.17295837402344
test/PNEUMONIA/person103_bacteria_489.jpeg,test,1,PNEUMONIA,1000,744,110.39630126953125,57.96525955200195
test/PNEUMONIA/person103_bacteria_490.jpeg,test,1,PNEUMONIA,1206,871,89.73247528076172,69.18099975585938
test/PNEUMONIA/person104_bacteria_491.jpeg,test,1,PNEUMONIA,1144,784,112.7066650390625,56.3746337890625
test/PNEUMONIA/person104_bacteria_492.jpeg,test,1,PNEUMONIA,992,592,123.87568664550781,50.84275436401367
test/PNEUMONIA/person108_bacteria_504.jpeg,test,1,PNEUMONIA,1336,1040,141.26112365722656,64.27731323242188
test/PNEUMONIA/person108_bacteria_506.jpeg,test,1,PNEUMONIA,1184,1032,149.5977325439453,55.176055908203125
test/PNEUMONIA/person108_bacteria_507.jpeg,test,1,PNEUMONIA,1176,1032,125.71300506591797,57.84849548339844
test/PNEUMONIA/person108_bacteria_511.jpeg,test,1,PNEUMONIA,1438,1260,120.38270568847656,62.453487396240234
test/PNEUMONIA/person109_bacteria_512.jpeg,test,1,PNEUMONIA,1256,808,149.1074981689453,65.9279556274414
test/PNEUMONIA/person109_bacteria_513.jpeg,test,1,PNEUMONIA,976,696,121.0246353149414,51.99549102783203
test/PNEUMONIA/person109_bacteria_517.jpeg,test,1,PNEUMONIA,1024,752,102.17710876464844,52.6357536315918
test/PNEUMONIA/person109_bacteria_519.jpeg,test,1,PNEUMONIA,1080,776,105.61878204345703,51.813053131103516
test/PNEUMONIA/person109_bacteria_522.jpeg,test,1,PNEUMONIA,1112,736,95.13807678222656,62.248046875
test/PNEUMONIA/person109_bacteria_523.jpeg,test,1,PNEUMONIA,952,640,125.47344970703125,51.909305572509766
test/PNEUMONIA/person109_bacteria_526.jpeg,test,1,PNEUMONIA,1088,576,107.95973205566406,55.345218658447266
test/PNEUMONIA/person109_bacteria_527.jpeg,test,1,PNEUMONIA,968,536,134.61941528320312,53.255104064941406
test/PNEUMONIA/person109_bacteria_528.jpeg,test,1,PNEUMONIA,1322,736,78.20572662353516,64.6617431640625
test/PNEUMONIA/person10_virus_35.jpeg,test,1,PNEUMONIA,1488,1136,142.54367065429688,46.40987014770508
test/PNEUMONIA/person110_bacteria_531.jpeg,test,1,PNEUMONIA,1160,688,119.9925765991211,47.95278549194336
test/PNEUMONIA/person111_bacteria_533.jpeg,test,1,PNEUMONIA,992,600,105.82383728027344,55.20854949951172
test/PNEUMONIA/person111_bacteria_534.jpeg,test,1,PNEUMONIA,976,712,118.17349243164062,50.769283294677734
test/PNEUMONIA/person111_bacteria_535.jpeg,test,1,PNEUMONIA,888,536,121.36923217773438,50.6298828125
test/PNEUMONIA/person111_bacteria_536.jpeg,test,1,PNEUMONIA,1008,648,128.08750915527344,53.48134994506836
test/PNEUMONIA/person111_bacteria_537.jpeg,test,1,PNEUMONIA,1130,666,130.9015350341797,56.20734405517578
test/PNEUMONIA/person112_bacteria_538.jpeg,test,1,PNEUMONIA,952,640,124.39968872070312,52.20720672607422
test/PNEUMONIA/person112_bacteria_539.jpeg,test,1,PNEUMONIA,936,712,128.9446563720703,54.44029998779297
test/PNEUMONIA/person113_bacteria_540.jpeg,test,1,PNEUMONIA,1160,776,131.04747009277344,54.86925506591797
test/PNEUMONIA/person113_bacteria_541.jpeg,test,1,PNEUMONIA,1080,824,136.24533081054688,54.654571533203125
test/PNEUMONIA/person113_bacteria_542.jpeg,test,1,PNEUMONIA,1088,768,133.147705078125,51.68535614013672
test/PNEUMONIA/person113_bacteria_543.jpeg,test,1,PNEUMONIA,1388,1013,127.42646026611328,63.51630401611328
test/PNEUMONIA/person114_bacteria_544.jpeg,test,1,PNEUMONIA,1144,672,130.76055908203125,53.82978439331055
test/PNEUMONIA/person114_bacteria_545.jpeg,test,1,PNEUMONIA,1328,920,108.61589050292969,56.89744567871094
test/PNEUMONIA/person114_bacteria_546.jpeg,test,1,PNEUMONIA,1080,696,122.07485961914062,49.07710266113281
test/PNEUMONIA/person117_bacteria_553.jpeg,test,1,PNEUMONIA,952,624,115.77281188964844,51.545894622802734
test/PNEUMONIA/person117_bacteria_556.jpeg,test,1,PNEUMONIA,904,648,108.88394165039062,53.24293518066406
test/PNEUMONIA/person117_bacteria_557.jpeg,test,1,PNEUMONIA,1086,739,92.88524627685547,66.07451629638672
test/PNEUMONIA/person118_bacteria_559.jpeg,test,1,PNEUMONIA,952,680,104.50012969970703,46.415462493896484
test/PNEUMONIA/person118_bacteria_560.jpeg,test,1,PNEUMONIA,1088,600,77.68579864501953,43.71753692626953
test/PNEUMONIA/person119_bacteria_565.jpeg,test,1,PNEUMONIA,1072,608,113.36540985107422,50.228118896484375
test/PNEUMONIA/person119_bacteria_566.jpeg,test,1,PNEUMONIA,1088,784,127.0245361328125,56.779754638671875
test/PNEUMONIA/person119_bacteria_567.jpeg,test,1,PNEUMONIA,1210,859,102.57659912109375,59.62774658203125
test/PNEUMONIA/person119_bacteria_568.jpeg,test,1,PNEUMONIA,1222,878,101.58946228027344,62.76599884033203
test/PNEUMONIA/person11_virus_38.jpeg,test,1,PNEUMONIA,1496,960,106.01101684570312,49.60663986206055
test/PNEUMONIA/person120_bacteria_570.jpeg,test,1,PNEUMONIA,1112,736,101.84062957763672,51.832183837890625
test/PNEUMONIA/person120_bacteria_571.jpeg,test,1,PNEUMONIA,1120,592,117.69116973876953,55.798301696777344
test/PNEUMONIA/person120_bacteria_572.jpeg,test,1,PNEUMONIA,1024,688,147.33689880371094,46.78803634643555
test/PNEUMONIA/person120_bacteria_573.jpeg,test,1,PNEUMONIA,1272,813,112.18511199951172,68.66272735595703
test/PNEUMONIA/person121_bacteria_575.jpeg,test,1,PNEUMONIA,1072,632,135.39382934570312,50.1766471862793
test/PNEUMONIA/person121_bacteria_576.jpeg,test,1,PNEUMONIA,1088,584,124.63286590576172,47.276371002197266
test/PNEUMONIA/person121_bacteria_578.jpeg,test,1,PNEUMONIA,1032,520,117.55789184570312,52.519622802734375
test/PNEUMONIA/person121_bacteria_579.jpeg,test,1,PNEUMONIA,1112,600,114.24884796142578,49.675289154052734
test/PNEUMONIA/person121_bacteria_580.jpeg,test,1,PNEUMONIA,1198,701,115.52037811279297,57.22902297973633
test/PNEUMONIA/person122_bacteria_581.jpeg,test,1,PNEUMONIA,1206,875,106.94002532958984,72.59859466552734
test/PNEUMONIA/person122_bacteria_582.jpeg,test,1,PNEUMONIA,984,520,109.07366180419922,51.50054931640625
test/PNEUMONIA/person122_bacteria_583.jpeg,test,1,PNEUMONIA,936,632,109.16131591796875,47.2171745300293
test/PNEUMONIA/person122_bacteria_584.jpeg,test,1,PNEUMONIA,832,640,86.59577178955078,34.881202697753906
test/PNEUMONIA/person122_bacteria_585.jpeg,test,1,PNEUMONIA,928,624,119.45663452148438,54.18002700805664
test/PNEUMONIA/person122_bacteria_586.jpeg,test,1,PNEUMONIA,864,496,115.7196273803711,56.85380172729492
test/PNEUMONIA/person123_bacteria_587.jpeg,test,1,PNEUMONIA,1232,808,105.54454803466797,51.40616989135742
test/PNEUMONIA/person124_bacteria_589.jpeg,test,1,PNEUMONIA,976,608,112.34567260742188,52.020843505859375
test/PNEUMONIA/person124_bacteria_590.jpeg,test,1,PNEUMONIA,992,696,106.0921630859375,50.298091888427734
test/PNEUMONIA/person124_bacteria_591.jpeg,test,1,PNEUMONIA,1072,696,115.7082290649414,58.737369537353516
test/PNEUMONIA/person124_bacteria_592.jpeg,test,1,PNEUMONIA,1094,709,112.16983795166016,54.39307403564453
test/PNEUMONIA/person125_bacteria_594.jpeg,test,1,PNEUMONIA,1072,704,106.53522491455078,45.57257080078125
test/PNEUMONIA/person125_bacteria_595.jpeg,test,1,PNEUMONIA,1336,744,117.4259033203125,57.32390213012695
test/PNEUMONIA/person126_bacteria_598.jpeg,test,1,PNEUMONIA,912,648,122.73210144042969,54.80697250366211
test/PNEUMONIA/person126_bacteria_599.jpeg,test,1,PNEUMONIA,856,592,128.94700622558594,53.39096450805664
test/PNEUMONIA/person126_bacteria_600.jpeg,test,1,PNEUMONIA,840,600,145.02354431152344,48.46947479248047
test/PNEUMONIA/person127_bacteria_602.jpeg,test,1,PNEUMONIA,992,608,133.97357177734375,51.64385223388672
test/PNEUMONIA/person127_bacteria_603.jpeg,test,1,PNEUMONIA,1032,648,127.21541595458984,56.83302688598633
test/PNEUMONIA/person127_bacteria_604.jpeg,test,1,PNEUMONIA,1300,812,105.6314697265625,66.17713165283203
test/PNEUMONIA/person128_bacteria_605.jpeg,test,1,PNEUMONIA,1000,600,118.9471664428711,54.288352966308594
test/PNEUMONIA/person128_bacteria_606.jpeg,test,1,PNEUMONIA,1160,736,103.08533477783203,56.336551666259766
test/PNEUMONIA/person128_bacteria_607.jpeg,test,1,PNEUMONIA,1160,736,103.08533477783203,56.336551666259766
test/PNEUMONIA/person128_bacteria_608.jpeg,test,1,PNEUMONIA,1086,874,105.24899291992188,51.93402099609375
test/PNEUMONIA/person130_bacteria_623.jpeg,test,1,PNEUMONIA,1310,882,109.00080108642578,61.54623794555664
test/PNEUMONIA/person130_bacteria_625.jpeg,test,1,PNEUMONIA,1040,656,124.33831024169922,52.682716369628906
test/PNEUMONIA/person130_bacteria_626.jpeg,test,1,PNEUMONIA,1000,704,123.00830841064453,52.958919525146484
test/PNEUMONIA/person130_bacteria_627.jpeg,test,1,PNEUMONIA,1080,720,114.7642822265625,52.01872634887695
test/PNEUMONIA/person130_bacteria_628.jpeg,test,1,PNEUMONIA,1330,797,91.08308410644531,48.47901153564453
test/PNEUMONIA/person131_bacteria_629.jpeg,test,1,PNEUMONIA,1184,648,125.49018096923828,46.99689483642578
test/PNEUMONIA/person132_bacteria_632.jpeg,test,1,PNEUMONIA,1120,704,140.22889709472656,46.802181243896484
test/PNEUMONIA/person133_bacteria_633.jpeg,test,1,PNEUMONIA,976,632,91.52664947509766,47.07670974731445
test/PNEUMONIA/person133_bacteria_634.jpeg,test,1,PNEUMONIA,936,696,109.64468383789062,54.329681396484375
test/PNEUMONIA/person133_bacteria_635.jpeg,test,1,PNEUMONIA,936,704,105.22579193115234,53.26264190673828
test/PNEUMONIA/person133_bacteria_637.jpeg,test,1,PNEUMONIA,992,640,109.15331268310547,56.135040283203125
test/PNEUMONIA/person133_bacteria_638.jpeg,test,1,PNEUMONIA,944,616,88.89283752441406,50.20012664794922
test/PNEUMONIA/person134_bacteria_640.jpeg,test,1,PNEUMONIA,1256,856,118.88199615478516,50.92168426513672
test/PNEUMONIA/person134_bacteria_641.jpeg,test,1,PNEUMONIA,1280,872,152.7335968017578,50.33336639404297
test/PNEUMONIA/person134_bacteria_642.jpeg,test,1,PNEUMONIA,1280,848,122.48951721191406,46.9135627746582
test/PNEUMONIA/person134_bacteria_643.jpeg,test,1,PNEUMONIA,1184,792,142.33529663085938,42.538230895996094
test/PNEUMONIA/person134_bacteria_644.jpeg,test,1,PNEUMONIA,1184,792,142.33529663085938,42.538230895996094
test/PNEUMONIA/person135_bacteria_646.jpeg,test,1,PNEUMONIA,1056,616,111.47535705566406,41.79862976074219
test/PNEUMONIA/person135_bacteria_647.jpeg,test,1,PNEUMONIA,1008,600,125.47945404052734,46.214515686035156
test/PNEUMONIA/person136_bacteria_648.jpeg,test,1,PNEUMONIA,1068,720,96.33772277832031,49.102256774902344
test/PNEUMONIA/person136_bacteria_649.jpeg,test,1,PNEUMONIA,840,648,143.22869873046875,49.14826583862305
test/PNEUMONIA/person136_bacteria_650.jpeg,test,1,PNEUMONIA,936,528,112.75495147705078,48.14977264404297
test/PNEUMONIA/person136_bacteria_652.jpeg,test,1,PNEUMONIA,920,608,123.58560180664062,57.237457275390625
test/PNEUMONIA/person136_bacteria_654.jpeg,test,1,PNEUMONIA,1082,720,100.87433624267578,49.5363655090332
test/PNEUMONIA/person137_bacteria_655.jpeg,test,1,PNEUMONIA,1168,712,119.05015563964844,50.65010452270508
test/PNEUMONIA/person138_bacteria_657.jpeg,test,1,PNEUMONIA,1296,888,101.29676055908203,51.87717819213867
test/PNEUMONIA/person138_bacteria_658.jpeg,test,1,PNEUMONIA,1200,944,124.83062744140625,52.2066535949707
test/PNEUMONIA/person138_bacteria_659.jpeg,test,1,PNEUMONIA,1248,816,147.44647216796875,56.68135452270508
test/PNEUMONIA/person139_bacteria_661.jpeg,test,1,PNEUMONIA,1040,856,109.67405700683594,53.43064498901367
test/PNEUMONIA/person139_bacteria_662.jpeg,test,1,PNEUMONIA,1000,776,116.7879409790039,55.39484786987305
test/PNEUMONIA/person139_bacteria_663.jpeg,test,1,PNEUMONIA,920,920,123.12168884277344,53.39362335205078
test/PNEUMONIA/person139_bacteria_664.jpeg,test,1,PNEUMONIA,976,664,113.41703796386719,53.3542594909668
test/PNEUMONIA/person139_bacteria_665.jpeg,test,1,PNEUMONIA,928,736,118.12552642822266,53.3474235534668
test/PNEUMONIA/person139_bacteria_666.jpeg,test,1,PNEUMONIA,1260,1029,115.85367584228516,70.15662384033203
test/PNEUMONIA/person140_bacteria_667.jpeg,test,1,PNEUMONIA,992,792,99.81371307373047,46.638771057128906
test/PNEUMONIA/person140_bacteria_668.jpeg,test,1,PNEUMONIA,1344,824,114.44499969482422,71.5325927734375
test/PNEUMONIA/person141_bacteria_670.jpeg,test,1,PNEUMONIA,944,536,129.41513061523438,59.66227722167969
test/PNEUMONIA/person141_bacteria_676.jpeg,test,1,PNEUMONIA,920,568,134.55267333984375,52.269500732421875
test/PNEUMONIA/person141_bacteria_677.jpeg,test,1,PNEUMONIA,848,632,93.05140686035156,36.91498947143555
test/PNEUMONIA/person141_bacteria_678.jpeg,test,1,PNEUMONIA,856,536,134.3253936767578,46.38475036621094
test/PNEUMONIA/person141_bacteria_681.jpeg,test,1,PNEUMONIA,920,624,118.09266662597656,49.42963409423828
test/PNEUMONIA/person142_bacteria_682.jpeg,test,1,PNEUMONIA,1088,776,89.01695251464844,48.49622344970703
test/PNEUMONIA/person142_bacteria_683.jpeg,test,1,PNEUMONIA,904,576,115.13611602783203,45.97195816040039
test/PNEUMONIA/person142_bacteria_684.jpeg,test,1,PNEUMONIA,1096,712,112.29229736328125,56.594966888427734
test/PNEUMONIA/person143_bacteria_687.jpeg,test,1,PNEUMONIA,944,744,89.45821380615234,47.04478454589844
test/PNEUMONIA/person143_bacteria_688.jpeg,test,1,PNEUMONIA,872,696,148.33995056152344,48.70490264892578
test/PNEUMONIA/person143_bacteria_689.jpeg,test,1,PNEUMONIA,1190,925,106.65419006347656,71.44794464111328
test/PNEUMONIA/person144_bacteria_690.jpeg,test,1,PNEUMONIA,1016,648,130.4088592529297,49.263153076171875
test/PNEUMONIA/person145_bacteria_696.jpeg,test,1,PNEUMONIA,984,672,113.38057708740234,46.664031982421875
test/PNEUMONIA/person146_bacteria_700.jpeg,test,1,PNEUMONIA,1168,776,111.66631317138672,49.06589889526367
test/PNEUMONIA/person146_bacteria_703.jpeg,test,1,PNEUMONIA,976,616,136.19808959960938,43.73004913330078
test/PNEUMONIA/person146_bacteria_704.jpeg,test,1,PNEUMONIA,1410,720,95.44413757324219,52.8394775390625
test/PNEUMONIA/person147_bacteria_705.jpeg,test,1,PNEUMONIA,1008,704,128.99127197265625,53.784175872802734
test/PNEUMONIA/person147_bacteria_706.jpeg,test,1,PNEUMONIA,1120,808,108.56364440917969,54.80781936645508
test/PNEUMONIA/person147_bacteria_707.jpeg,test,1,PNEUMONIA,1088,856,95.76995086669922,54.36106491088867
test/PNEUMONIA/person147_bacteria_711.jpeg,test,1,PNEUMONIA,1268,816,124.17781066894531,62.497528076171875
test/PNEUMONIA/person149_bacteria_713.jpeg,test,1,PNEUMONIA,1224,1008,121.00684356689453,48.063934326171875
test/PNEUMONIA/person14_virus_44.jpeg,test,1,PNEUMONIA,1568,1184,58.72234344482422,25.25381851196289
test/PNEUMONIA/person150_bacteria_715.jpeg,test,1,PNEUMONIA,968,584,123.4560317993164,46.12651062011719
test/PNEUMONIA/person150_bacteria_716.jpeg,test,1,PNEUMONIA,992,608,116.47900390625,44.00554656982422
test/PNEUMONIA/person150_bacteria_717.jpeg,test,1,PNEUMONIA,1260,816,110.4220199584961,63.30186080932617
test/PNEUMONIA/person151_bacteria_718.jpeg,test,1,PNEUMONIA,824,424,112.7701187133789,45.94182586669922
test/PNEUMONIA/person152_bacteria_720.jpeg,test,1,PNEUMONIA,1192,760,122.96690368652344,53.135494232177734
test/PNEUMONIA/person152_bacteria_721.jpeg,test,1,PNEUMONIA,1232,824,131.31488037109375,56.23625564575195
test/PNEUMONIA/person152_bacteria_722.jpeg,test,1,PNEUMONIA,1120,648,138.4033966064453,45.99454116821289
test/PNEUMONIA/person152_bacteria_723.jpeg,test,1,PNEUMONIA,1136,752,134.2038116455078,49.36399841308594
test/PNEUMONIA/person152_bacteria_724.jpeg,test,1,PNEUMONIA,1350,936,131.82162475585938,60.47772216796875
test/PNEUMONIA/person153_bacteria_725.jpeg,test,1,PNEUMONIA,1464,808,100.54068756103516,47.45848083496094
test/PNEUMONIA/person153_bacteria_726.jpeg,test,1,PNEUMONIA,1720,1095,94.92733764648438,56.3625602722168
test/PNEUMONIA/person154_bacteria_728.jpeg,test,1,PNEUMONIA,1558,1218,118.71612548828125,58.80533981323242
test/PNEUMONIA/person155_bacteria_729.jpeg,test,1,PNEUMONIA,1224,976,146.48973083496094,45.80105972290039
test/PNEUMONIA/person155_bacteria_730.jpeg,test,1,PNEUMONIA,1184,1128,109.8530044555664,47.652488708496094
test/PNEUMONIA/person155_bacteria_731.jpeg,test,1,PNEUMONIA,1312,792,137.1215362548828,53.242431640625
test/PNEUMONIA/person157_bacteria_735.jpeg,test,1,PNEUMONIA,1008,728,107.26445007324219,53.1358642578125
test/PNEUMONIA/person157_bacteria_739.jpeg,test,1,PNEUMONIA,1232,792,107.74762725830078,59.650203704833984
test/PNEUMONIA/person157_bacteria_740.jpeg,test,1,PNEUMONIA,1152,832,96.37700653076172,55.22389602661133
test/PNEUMONIA/person158_bacteria_742.jpeg,test,1,PNEUMONIA,936,680,129.6127166748047,47.622291564941406
test/PNEUMONIA/person158_bacteria_743.jpeg,test,1,PNEUMONIA,992,784,125.17750549316406,47.85796356201172
test/PNEUMONIA/person158_bacteria_744.jpeg,test,1,PNEUMONIA,968,656,127.41776275634766,48.857200622558594
test/PNEUMONIA/person158_bacteria_745.jpeg,test,1,PNEUMONIA,1406,913,103.41519165039062,72.00300598144531
test/PNEUMONIA/person159_bacteria_746.jpeg,test,1,PNEUMONIA,1032,648,126.56260681152344,43.65081024169922
test/PNEUMONIA/person159_bacteria_747.jpeg,test,1,PNEUMONIA,1144,704,107.0907211303711,47.29067611694336
test/PNEUMONIA/person15_virus_46.jpeg,test,1,PNEUMONIA,1314,1145,112.04573822021484,60.20846176147461
test/PNEUMONIA/person1608_virus_2786.jpeg,test,1,PNEUMONIA,1072,800,150.5674285888672,63.43278503417969
test/PNEUMONIA/person1610_virus_2793.jpeg,test,1,PNEUMONIA,1120,880,111.61785125732422,65.46205139160156
test/PNEUMONIA/person1612_virus_2797.jpeg,test,1,PNEUMONIA,832,448,112.8972396850586,53.2736701965332
test/PNEUMONIA/person1612_virus_2798.jpeg,test,1,PNEUMONIA,1040,576,132.16818237304688,74.571533203125
test/PNEUMONIA/person1613_virus_2799.jpeg,test,1,PNEUMONIA,1112,600,124.61060333251953,59.387657165527344
test/PNEUMONIA/person1614_virus_2800.jpeg,test,1,PNEUMONIA,1216,936,147.7621307373047,61.385929107666016
test/PNEUMONIA/person1615_virus_2801.jpeg,test,1,PNEUMONIA,1400,1048,122.87432861328125,72.9325942993164
test/PNEUMONIA/person1616_virus_2802.jpeg,test,1,PNEUMONIA,1288,920,120.66365814208984,71.11116790771484
test/PNEUMONIA/person1618_virus_2805.jpeg,test,1,PNEUMONIA,1072,640,138.16683959960938,49.89331817626953
test/PNEUMONIA/person1619_virus_2806.jpeg,test,1,PNEUMONIA,1304,816,150.9718780517578,65.84071350097656
test/PNEUMONIA/person161_bacteria_757.jpeg,test,1,PNEUMONIA,856,696,75.46083068847656,31.84490394592285
test/PNEUMONIA/person161_bacteria_759.jpeg,test,1,PNEUMONIA,856,480,131.86094665527344,47.003211975097656
test/PNEUMONIA/person161_bacteria_762.jpeg,test,1,PNEUMONIA,1164,801,78.80342864990234,55.029170989990234
test/PNEUMONIA/person1620_virus_2807.jpeg,test,1,PNEUMONIA,1112,736,125.9979476928711,68.94132995605469
test/PNEUMONIA/person1622_virus_2810.jpeg,test,1,PNEUMONIA,1184,648,127.2482681274414,70.27852630615234
test/PNEUMONIA/person1623_virus_2813.jpeg,test,1,PNEUMONIA,1344,1152,149.91571044921875,65.24980163574219
test/PNEUMONIA/person1625_virus_2817.jpeg,test,1,PNEUMONIA,1112,704,125.02729797363281,68.30529022216797
test/PNEUMONIA/person1626_virus_2818.jpeg,test,1,PNEUMONIA,1344,968,140.77349853515625,55.341243743896484
test/PNEUMONIA/person1627_virus_2819.jpeg,test,1,PNEUMONIA,1000,448,103.3591537475586,67.12016296386719
test/PNEUMONIA/person1628_virus_2821.jpeg,test,1,PNEUMONIA,1024,608,123.3003158569336,56.00672149658203
test/PNEUMONIA/person1628_virus_2822.jpeg,test,1,PNEUMONIA,1096,472,105.95185852050781,61.23894500732422
test/PNEUMONIA/person1629_virus_2823.jpeg,test,1,PNEUMONIA,1072,616,103.34310913085938,69.29725646972656
test/PNEUMONIA/person1631_virus_2826.jpeg,test,1,PNEUMONIA,1120,784,124.4867935180664,63.90477752685547
test/PNEUMONIA/person1632_virus_2827.jpeg,test,1,PNEUMONIA,1592,1000,154.93344116210938,62.500579833984375
test/PNEUMONIA/person1633_virus_2829.jpeg,test,1,PNEUMONIA,1120,528,97.7103271484375,56.67165756225586
test/PNEUMONIA/person1634_virus_2830.jpeg,test,1,PNEUMONIA,1336,1024,138.89207458496094,64.62838745117188
test/PNEUMONIA/person1635_virus_2831.jpeg,test,1,PNEUMONIA,1056,840,123.33345031738281,65.90476989746094
test/PNEUMONIA/person1637_virus_2834.jpeg,test,1,PNEUMONIA,1080,672,110.10601043701172,65.57441711425781
test/PNEUMONIA/person1640_virus_2839.jpeg,test,1,PNEUMONIA,1248,768,125.00071716308594,61.450279235839844
test/PNEUMONIA/person1641_virus_2840.jpeg,test,1,PNEUMONIA,1088,712,127.8005599975586,60.28337097167969
test/PNEUMONIA/person1642_virus_2842.jpeg,test,1,PNEUMONIA,1312,1000,128.936279296875,69.74429321289062
test/PNEUMONIA/person1643_virus_2843.jpeg,test,1,PNEUMONIA,1432,1288,148.8382110595703,57.811851501464844
test/PNEUMONIA/person1644_virus_2844.jpeg,test,1,PNEUMONIA,1400,1048,121.8293685913086,64.90440368652344
test/PNEUMONIA/person1645_virus_2845.jpeg,test,1,PNEUMONIA,1144,680,125.08464050292969,60.487491607666016
test/PNEUMONIA/person1647_virus_2848.jpeg,test,1,PNEUMONIA,1168,768,134.0970001220703,68.00298309326172
test/PNEUMONIA/person1649_virus_2850.jpeg,test,1,PNEUMONIA,1360,920,118.31927490234375,78.54850769042969
test/PNEUMONIA/person1650_virus_2852.jpeg,test,1,PNEUMONIA,1120,784,118.59979248046875,60.35270309448242
test/PNEUMONIA/person1650_virus_2854.jpeg,test,1,PNEUMONIA,1120,680,102.02813720703125,55.32966613769531
test/PNEUMONIA/person1651_virus_2855.jpeg,test,1,PNEUMONIA,888,464,84.02533721923828,53.60672378540039
test/PNEUMONIA/person1653_virus_2858.jpeg,test,1,PNEUMONIA,1008,592,119.28811645507812,64.4203109741211
test/PNEUMONIA/person1653_virus_2859.jpeg,test,1,PNEUMONIA,1096,760,111.25235748291016,70.49476623535156
test/PNEUMONIA/person1655_virus_2861.jpeg,test,1,PNEUMONIA,1544,1264,159.43849182128906,59.95168685913086
test/PNEUMONIA/person1656_virus_2862.jpeg,test,1,PNEUMONIA,1160,960,146.0866241455078,60.365604400634766
test/PNEUMONIA/person1657_virus_2864.jpeg,test,1,PNEUMONIA,1624,1288,139.31387329101562,64.44560241699219
test/PNEUMONIA/person1659_virus_2867.jpeg,test,1,PNEUMONIA,1264,744,119.58183288574219,71.2328109741211
test/PNEUMONIA/person1660_virus_2869.jpeg,test,1,PNEUMONIA,1024,568,93.60384368896484,63.97500991821289
test/PNEUMONIA/person1661_virus_2872.jpeg,test,1,PNEUMONIA,1600,992,78.53724670410156,46.95519256591797
test/PNEUMONIA/person1661_virus_2873.jpeg,test,1,PNEUMONIA,1600,992,78.53724670410156,46.95519256591797
test/PNEUMONIA/person1662_virus_2875.jpeg,test,1,PNEUMONIA,1160,672,120.25886535644531,68.5754165649414
test/PNEUMONIA/person1663_virus_2876.jpeg,test,1,PNEUMONIA,944,528,101.31044006347656,57.74315643310547
test/PNEUMONIA/person1664_virus_2877.jpeg,test,1,PNEUMONIA,1280,984,117.59941864013672,71.5502700805664
test/PNEUMONIA/person1665_virus_2878.jpeg,test,1,PNEUMONIA,1432,1024,140.4368133544922,59.47606658935547
test/PNEUMONIA/person1667_virus_2881.jpeg,test,1,PNEUMONIA,952,664,106.36953735351562,63.14311599731445
test/PNEUMONIA/person1668_virus_2882.jpeg,test,1,PNEUMONIA,1168,728,112.3752212524414,66.9461441040039
test/PNEUMONIA/person1669_virus_2884.jpeg,test,1,PNEUMONIA,1288,736,129.09326171875,61.6851806640625
test/PNEUMONIA/person1669_virus_2885.jpeg,test,1,PNEUMONIA,1248,728,131.47726440429688,57.94105529785156
test/PNEUMONIA/person1670_virus_2886.jpeg,test,1,PNEUMONIA,1120,552,104.25439453125,56.871559143066406
test/PNEUMONIA/person1671_virus_2887.jpeg,test,1,PNEUMONIA,1512,888,121.26084899902344,78.3430404663086
test/PNEUMONIA/person1672_virus_2888.jpeg,test,1,PNEUMONIA,1456,1080,137.99302673339844,56.477603912353516
test/PNEUMONIA/person1673_virus_2889.jpeg,test,1,PNEUMONIA,1168,840,134.4086456298828,65.0012435913086
test/PNEUMONIA/person1674_virus_2890.jpeg,test,1,PNEUMONIA,1960,1416,154.15646362304688,60.241519927978516
test/PNEUMONIA/person1675_virus_2891.jpeg,test,1,PNEUMONIA,952,520,104.83272552490234,75.12435913085938
test/PNEUMONIA/person1676_virus_2892.jpeg,test,1,PNEUMONIA,1624,1104,145.7542724609375,59.06328582763672
test/PNEUMONIA/person1678_virus_2895.jpeg,test,1,PNEUMONIA,1408,840,118.70227813720703,73.91531372070312
test/PNEUMONIA/person1679_virus_2896.jpeg,test,1,PNEUMONIA,1248,840,117.65680694580078,65.11444854736328
test/PNEUMONIA/person1680_virus_2897.jpeg,test,1,PNEUMONIA,1624,968,112.4346923828125,71.15327453613281
test/PNEUMONIA/person1682_virus_2899.jpeg,test,1,PNEUMONIA,1712,1392,141.49917602539062,48.782100677490234
test/PNEUMONIA/person1685_virus_2903.jpeg,test,1,PNEUMONIA,792,560,146.0985870361328,51.05369567871094
test/PNEUMONIA/person16_virus_47.jpeg,test,1,PNEUMONIA,1582,1333,131.7216033935547,54.935245513916016
test/PNEUMONIA/person171_bacteria_826.jpeg,test,1,PNEUMONIA,1088,672,120.1231918334961,58.60857009887695
test/PNEUMONIA/person172_bacteria_827.jpeg,test,1,PNEUMONIA,1088,752,114.69758605957031,44.971092224121094
test/PNEUMONIA/person172_bacteria_828.jpeg,test,1,PNEUMONIA,1458,990,94.29914093017578,52.27372360229492
test/PNEUMONIA/person173_bacteria_829.jpeg,test,1,PNEUMONIA,1192,992,109.36905670166016,49.17385482788086
test/PNEUMONIA/person173_bacteria_830.jpeg,test,1,PNEUMONIA,1208,792,116.69817352294922,55.004966735839844
test/PNEUMONIA/person173_bacteria_831.jpeg,test,1,PNEUMONIA,1368,1002,102.6021957397461,54.87430953979492
test/PNEUMONIA/person174_bacteria_832.jpeg,test,1,PNEUMONIA,1365,1118,131.10882568359375,59.52389144897461
test/PNEUMONIA/person175_bacteria_833.jpeg,test,1,PNEUMONIA,1096,880,119.3451919555664,54.6639404296875
test/PNEUMONIA/person175_bacteria_834.jpeg,test,1,PNEUMONIA,1184,960,109.55279541015625,58.492774963378906
test/PNEUMONIA/person175_bacteria_835.jpeg,test,1,PNEUMONIA,1208,640,107.39371490478516,57.540767669677734
test/PNEUMONIA/person17_virus_48.jpeg,test,1,PNEUMONIA,1224,856,117.90885925292969,53.925384521484375
test/PNEUMONIA/person18_virus_49.jpeg,test,1,PNEUMONIA,1198,654,109.29573059082031,57.13315963745117
test/PNEUMONIA/person19_virus_50.jpeg,test,1,PNEUMONIA,1462,1010,87.76580810546875,57.12486267089844
test/PNEUMONIA/person1_virus_11.jpeg,test,1,PNEUMONIA,872,560,128.38717651367188,47.96818923950195
test/PNEUMONIA/person1_virus_12.jpeg,test,1,PNEUMONIA,1080,624,105.00057983398438,52.442317962646484
test/PNEUMONIA/person1_virus_13.jpeg,test,1,PNEUMONIA,1136,654,91.7744140625,55.7549934387207
test/PNEUMONIA/person1_virus_6.jpeg,test,1,PNEUMONIA,944,640,118.11241149902344,52.416725158691406
test/PNEUMONIA/person1_virus_7.jpeg,test,1,PNEUMONIA,1000,544,144.85348510742188,57.436798095703125
test/PNEUMONIA/person1_virus_8.jpeg,test,1,PNEUMONIA,960,544,107.4816665649414,47.53034210205078
test/PNEUMONIA/person1_virus_9.jpeg,test,1,PNEUMONIA,856,552,120.5362319946289,45.83079147338867
test/PNEUMONIA/person20_virus_51.jpeg,test,1,PNEUMONIA,1320,1208,139.82992553710938,48.97336959838867
test/PNEUMONIA/person21_virus_52.jpeg,test,1,PNEUMONIA,1952,1296,139.15093994140625,54.505279541015625
test/PNEUMONIA/person21_virus_53.jpeg,test,1,PNEUMONIA,2000,1456,148.93304443359375,58.37299728393555
test/PNEUMONIA/person22_virus_54.jpeg,test,1,PNEUMONIA,1216,584,109.04219055175781,63.63960647583008
test/PNEUMONIA/person22_virus_55.jpeg,test,1,PNEUMONIA,1096,712,139.5160675048828,62.326210021972656
test/PNEUMONIA/person23_virus_56.jpeg,test,1,PNEUMONIA,1520,872,133.49859619140625,71.03214263916016
test/PNEUMONIA/person24_virus_58.jpeg,test,1,PNEUMONIA,1352,792,129.21963500976562,50.819122314453125
test/PNEUMONIA/person25_virus_59.jpeg,test,1,PNEUMONIA,960,616,146.07162475585938,74.83644104003906
test/PNEUMONIA/person26_virus_60.jpeg,test,1,PNEUMONIA,1152,720,131.8504638671875,61.71146774291992
test/PNEUMONIA/person28_virus_62.jpeg,test,1,PNEUMONIA,1216,872,112.5638427734375,63.250648498535156
test/PNEUMONIA/person28_virus_63.jpeg,test,1,PNEUMONIA,1232,864,139.5609130859375,70.75836944580078
test/PNEUMONIA/person29_virus_64.jpeg,test,1,PNEUMONIA,1024,600,110.7335433959961,59.822540283203125
test/PNEUMONIA/person30_virus_69.jpeg,test,1,PNEUMONIA,1576,1216,127.96231842041016,56.045833587646484
test/PNEUMONIA/person31_virus_70.jpeg,test,1,PNEUMONIA,896,544,138.31141662597656,61.80009460449219
test/PNEUMONIA/person32_virus_71.jpeg,test,1,PNEUMONIA,1288,952,145.88076782226562,68.63233947753906
test/PNEUMONIA/person33_virus_72.jpeg,test,1,PNEUMONIA,1024,552,113.04264068603516,63.19907760620117
test/PNEUMONIA/person34_virus_76.jpeg,test,1,PNEUMONIA,1648,1400,130.25308227539062,63.99189376831055
test/PNEUMONIA/person35_virus_80.jpeg,test,1,PNEUMONIA,1552,1016,127.27742767333984,70.3295669555664
test/PNEUMONIA/person36_virus_81.jpeg,test,1,PNEUMONIA,1264,824,125.65110778808594,75.0423812866211
test/PNEUMONIA/person37_virus_82.jpeg,test,1,PNEUMONIA,1080,752,120.10977172851562,58.601497650146484
test/PNEUMONIA/person38_virus_83.jpeg,test,1,PNEUMONIA,1400,1136,152.3544921875,70.89291381835938
test/PNEUMONIA/person38_virus_84.jpeg,test,1,PNEUMONIA,1488,976,137.13511657714844,75.83991241455078
test/PNEUMONIA/person39_virus_85.jpeg,test,1,PNEUMONIA,1120,696,112.0511245727539,59.6352424621582
test/PNEUMONIA/person3_virus_15.jpeg,test,1,PNEUMONIA,1304,968,105.92048645019531,48.167274475097656
test/PNEUMONIA/person3_virus_16.jpeg,test,1,PNEUMONIA,1256,848,149.93643188476562,44.01176834106445
test/PNEUMONIA/person3_virus_17.jpeg,test,1,PNEUMONIA,1344,1120,112.0672836303711,53.596439361572266
test/PNEUMONIA/person40_virus_87.jpeg,test,1,PNEUMONIA,1040,768,114.55524444580078,66.08521270751953
test/PNEUMONIA/person41_virus_88.jpeg,test,1,PNEUMONIA,1328,984,146.2362518310547,61.21931457519531
test/PNEUMONIA/person42_virus_89.jpeg,test,1,PNEUMONIA,1016,616,112.82437133789062,66.88104248046875
test/PNEUMONIA/person43_virus_92.jpeg,test,1,PNEUMONIA,1192,752,120.88735961914062,57.80043411254883
test/PNEUMONIA/person44_virus_93.jpeg,test,1,PNEUMONIA,1192,920,149.8711700439453,55.84318542480469
test/PNEUMONIA/person44_virus_94.jpeg,test,1,PNEUMONIA,1392,1008,138.67575073242188,68.85069274902344
test/PNEUMONIA/person45_virus_95.jpeg,test,1,PNEUMONIA,1376,912,126.56791687011719,69.82534790039062
test/PNEUMONIA/person46_virus_96.jpeg,test,1,PNEUMONIA,1192,872,109.54112243652344,60.193145751953125
test/PNEUMONIA/person47_virus_99.jpeg,test,1,PNEUMONIA,1344,864,121.96900177001953,69.12278747558594
test/PNEUMONIA/person48_virus_100.jpeg,test,1,PNEUMONIA,1352,1064,139.3056182861328,61.5222053527832
test/PNEUMONIA/person49_virus_101.jpeg,test,1,PNEUMONIA,1336,1032,133.08152770996094,64.5662841796875
test/PNEUMONIA/person50_virus_102.jpeg,test,1,PNEUMONIA,1280,760,111.01994323730469,60.85145568847656
test/PNEUMONIA/person51_virus_105.jpeg,test,1,PNEUMONIA,1160,696,118.80598449707031,58.26400375366211
test/PNEUMONIA/person52_virus_106.jpeg,test,1,PNEUMONIA,1048,688,134.1508331298828,63.50086212158203
test/PNEUMONIA/person53_virus_107.jpeg,test,1,PNEUMONIA,1168,712,123.17813873291016,63.928199768066406
test/PNEUMONIA/person53_virus_108.jpeg,test,1,PNEUMONIA,1152,728,124.53337097167969,60.964691162109375
test/PNEUMONIA/person54_virus_109.jpeg,test,1,PNEUMONIA,1184,816,128.2247772216797,58.94731140136719
test/PNEUMONIA/person55_virus_110.jpeg,test,1,PNEUMONIA,1464,744,130.44287109375,58.70582580566406
test/PNEUMONIA/person56_virus_112.jpeg,test,1,PNEUMONIA,1088,576,118.54873657226562,59.88792037963867
test/PNEUMONIA/person57_virus_113.jpeg,test,1,PNEUMONIA,1192,856,109.24755859375,60.78247833251953
test/PNEUMONIA/person59_virus_116.jpeg,test,1,PNEUMONIA,1072,616,136.2708740234375,71.29498291015625
test/PNEUMONIA/person60_virus_117.jpeg,test,1,PNEUMONIA,1072,880,132.55628967285156,50.8940315246582
test/PNEUMONIA/person61_virus_118.jpeg,test,1,PNEUMONIA,1088,696,123.55268859863281,54.730010986328125
test/PNEUMONIA/person62_virus_119.jpeg,test,1,PNEUMONIA,1544,872,135.14962768554688,59.91852569580078
test/PNEUMONIA/person63_virus_121.jpeg,test,1,PNEUMONIA,1504,1032,120.4523696899414,65.49198913574219
test/PNEUMONIA/person64_virus_122.jpeg,test,1,PNEUMONIA,1112,592,131.25839233398438,68.5177993774414
test/PNEUMONIA/person65_virus_123.jpeg,test,1,PNEUMONIA,1320,768,123.54753112792969,73.04619598388672
test/PNEUMONIA/person66_virus_125.jpeg,test,1,PNEUMONIA,1432,976,130.43663024902344,58.894935607910156
test/PNEUMONIA/person67_virus_126.jpeg,test,1,PNEUMONIA,1296,880,135.64608764648438,57.770469665527344
test/PNEUMONIA/person69_virus_129.jpeg,test,1,PNEUMONIA,1048,440,109.11473846435547,65.65678405761719
test/PNEUMONIA/person70_virus_130.jpeg,test,1,PNEUMONIA,1160,624,113.74141693115234,63.17029571533203
test/PNEUMONIA/person71_virus_131.jpeg,test,1,PNEUMONIA,1232,888,131.15899658203125,61.315765380859375
test/PNEUMONIA/person71_virus_132.jpeg,test,1,PNEUMONIA,1368,904,127.74015045166016,74.63943481445312
test/PNEUMONIA/person72_virus_133.jpeg,test,1,PNEUMONIA,1528,968,131.92750549316406,60.06340408325195
test/PNEUMONIA/person74_virus_135.jpeg,test,1,PNEUMONIA,840,560,106.0556869506836,56.23722457885742
test/PNEUMONIA/person75_virus_136.jpeg,test,1,PNEUMONIA,960,576,121.82469177246094,54.72103500366211
test/PNEUMONIA/person76_virus_138.jpeg,test,1,PNEUMONIA,1224,744,120.9830322265625,68.04866027832031
test/PNEUMONIA/person77_virus_139.jpeg,test,1,PNEUMONIA,1240,784,99.0635757446289,63.18693542480469
test/PNEUMONIA/person78_bacteria_378.jpeg,test,1,PNEUMONIA,728,368,143.5637664794922,42.30699157714844
test/PNEUMONIA/person78_bacteria_380.jpeg,test,1,PNEUMONIA,864,464,132.1527557373047,49.339080810546875
test/PNEUMONIA/person78_bacteria_381.jpeg,test,1,PNEUMONIA,824,536,108.60110473632812,42.00065231323242
test/PNEUMONIA/person78_bacteria_382.jpeg,test,1,PNEUMONIA,1016,544,122.44049072265625,57.43718719482422
test/PNEUMONIA/person78_bacteria_384.jpeg,test,1,PNEUMONIA,744,424,115.9112777709961,46.687198638916016
test/PNEUMONIA/person78_bacteria_385.jpeg,test,1,PNEUMONIA,936,568,93.44593811035156,51.444705963134766
test/PNEUMONIA/person78_bacteria_386.jpeg,test,1,PNEUMONIA,744,416,115.65192413330078,45.11795425415039
test/PNEUMONIA/person78_bacteria_387.jpeg,test,1,PNEUMONIA,1022,643,92.71669006347656,63.32858657836914
test/PNEUMONIA/person78_virus_140.jpeg,test,1,PNEUMONIA,1592,1144,134.9256134033203,65.67040252685547
test/PNEUMONIA/person79_virus_148.jpeg,test,1,PNEUMONIA,1632,1312,136.42379760742188,53.6429557800293
test/PNEUMONIA/person80_bacteria_389.jpeg,test,1,PNEUMONIA,1144,824,74.5198974609375,39.82979965209961
test/PNEUMONIA/person80_bacteria_390.jpeg,test,1,PNEUMONIA,1104,640,119.60884857177734,54.33097457885742
test/PNEUMONIA/person80_bacteria_391.jpeg,test,1,PNEUMONIA,1032,744,98.21915435791016,42.88555145263672
test/PNEUMONIA/person80_bacteria_392.jpeg,test,1,PNEUMONIA,1152,832,94.57295227050781,50.60332489013672
test/PNEUMONIA/person80_bacteria_393.jpeg,test,1,PNEUMONIA,1310,844,122.90444946289062,64.2032470703125
test/PNEUMONIA/person81_bacteria_395.jpeg,test,1,PNEUMONIA,912,584,129.35081481933594,53.3311653137207
test/PNEUMONIA/person81_bacteria_396.jpeg,test,1,PNEUMONIA,1048,480,78.44032287597656,40.58928298950195
test/PNEUMONIA/person81_bacteria_397.jpeg,test,1,PNEUMONIA,888,344,117.44749450683594,44.386253356933594
test/PNEUMONIA/person81_bacteria_398.jpeg,test,1,PNEUMONIA,848,600,141.32394409179688,44.77810287475586
test/PNEUMONIA/person82_bacteria_402.jpeg,test,1,PNEUMONIA,928,536,102.08980560302734,53.31583786010742
test/PNEUMONIA/person82_bacteria_403.jpeg,test,1,PNEUMONIA,936,496,67.63113403320312,36.176231384277344
test/PNEUMONIA/person82_bacteria_404.jpeg,test,1,PNEUMONIA,840,464,102.72726440429688,47.67967224121094
test/PNEUMONIA/person82_bacteria_405.jpeg,test,1,PNEUMONIA,952,568,133.79660034179688,53.0301399230957
test/PNEUMONIA/person83_bacteria_407.jpeg,test,1,PNEUMONIA,1148,897,87.96853637695312,56.75111770629883
test/PNEUMONIA/person83_bacteria_409.jpeg,test,1,PNEUMONIA,968,712,113.30126953125,52.33016586303711
test/PNEUMONIA/person83_bacteria_410.jpeg,test,1,PNEUMONIA,912,648,115.34667205810547,51.4533805847168
test/PNEUMONIA/person83_bacteria_411.jpeg,test,1,PNEUMONIA,1016,832,112.73200988769531,62.43500518798828
test/PNEUMONIA/person83_bacteria_412.jpeg,test,1,PNEUMONIA,864,560,145.96173095703125,46.719974517822266
test/PNEUMONIA/person83_bacteria_414.jpeg,test,1,PNEUMONIA,1010,717,125.94213104248047,54.96677780151367
test/PNEUMONIA/person85_bacteria_417.jpeg,test,1,PNEUMONIA,1048,568,111.6357650756836,55.612205505371094
test/PNEUMONIA/person85_bacteria_419.jpeg,test,1,PNEUMONIA,952,672,101.34558868408203,51.8763313293457
test/PNEUMONIA/person85_bacteria_421.jpeg,test,1,PNEUMONIA,952,632,125.38026428222656,53.745121002197266
test/PNEUMONIA/person85_bacteria_422.jpeg,test,1,PNEUMONIA,904,480,125.96754455566406,55.552085876464844
test/PNEUMONIA/person85_bacteria_423.jpeg,test,1,PNEUMONIA,872,504,110.81391143798828,46.99196243286133
test/PNEUMONIA/person85_bacteria_424.jpeg,test,1,PNEUMONIA,1032,632,122.2168197631836,55.043582916259766
test/PNEUMONIA/person86_bacteria_428.jpeg,test,1,PNEUMONIA,832,552,118.80034637451172,49.15719223022461
test/PNEUMONIA/person86_bacteria_429.jpeg,test,1,PNEUMONIA,784,552,126.99789428710938,45.67582702636719
test/PNEUMONIA/person87_bacteria_433.jpeg,test,1,PNEUMONIA,1064,808,135.27584838867188,50.87844467163086
test/PNEUMONIA/person87_bacteria_434.jpeg,test,1,PNEUMONIA,1032,760,136.8495330810547,54.14778518676758
test/PNEUMONIA/person88_bacteria_437.jpeg,test,1,PNEUMONIA,1144,848,134.66241455078125,54.84031295776367
test/PNEUMONIA/person88_bacteria_438.jpeg,test,1,PNEUMONIA,1144,760,131.55160522460938,48.68047332763672
test/PNEUMONIA/person88_bacteria_439.jpeg,test,1,PNEUMONIA,1512,991,106.65638732910156,68.01756286621094
test/PNEUMONIA/person89_bacteria_440.jpeg,test,1,PNEUMONIA,1280,1000,147.35446166992188,50.79864501953125
test/PNEUMONIA/person8_virus_27.jpeg,test,1,PNEUMONIA,1008,696,108.91048431396484,48.310359954833984
test/PNEUMONIA/person8_virus_28.jpeg,test,1,PNEUMONIA,992,688,83.41233825683594,36.00513458251953
test/PNEUMONIA/person90_bacteria_442.jpeg,test,1,PNEUMONIA,1232,888,122.81889343261719,59.813785552978516
test/PNEUMONIA/person90_bacteria_443.jpeg,test,1,PNEUMONIA,904,664,127.32232666015625,45.67247009277344
test/PNEUMONIA/person91_bacteria_445.jpeg,test,1,PNEUMONIA,1110,870,94.76548767089844,56.67978286743164
test/PNEUMONIA/person91_bacteria_446.jpeg,test,1,PNEUMONIA,864,664,135.6899871826172,55.40087890625
test/PNEUMONIA/person91_bacteria_447.jpeg,test,1,PNEUMONIA,936,656,95.05520629882812,52.169219970703125
test/PNEUMONIA/person91_bacteria_448.jpeg,test,1,PNEUMONIA,1128,817,103.24365997314453,70.79825592041016
test/PNEUMONIA/person91_bacteria_449.jpeg,test,1,PNEUMONIA,1006,740,114.98957824707031,56.20469665527344
test/PNEUMONIA/person92_bacteria_450.jpeg,test,1,PNEUMONIA,1072,560,101.76036834716797,49.796775817871094
test/PNEUMONIA/person92_bacteria_451.jpeg,test,1,PNEUMONIA,1040,568,91.39310455322266,38.646915435791016
test/PNEUMONIA/person93_bacteria_453.jpeg,test,1,PNEUMONIA,952,656,150.14479064941406,45.6063346862793
test/PNEUMONIA/person93_bacteria_454.jpeg,test,1,PNEUMONIA,1056,592,109.06388854980469,43.038448333740234
test/PNEUMONIA/person94_bacteria_456.jpeg,test,1,PNEUMONIA,1008,704,72.3318862915039,39.91676330566406
test/PNEUMONIA/person94_bacteria_457.jpeg,test,1,PNEUMONIA,1016,688,132.77609252929688,51.57209014892578
test/PNEUMONIA/person94_bacteria_458.jpeg,test,1,PNEUMONIA,952,560,101.77701568603516,49.204959869384766
test/PNEUMONIA/person95_bacteria_463.jpeg,test,1,PNEUMONIA,1000,704,109.44107818603516,50.890586853027344
test/PNEUMONIA/person96_bacteria_464.jpeg,test,1,PNEUMONIA,936,800,139.40191650390625,50.452423095703125
test/PNEUMONIA/person96_bacteria_465.jpeg,test,1,PNEUMONIA,1120,856,125.28314971923828,63.41375732421875
test/PNEUMONIA/person96_bacteria_466.jpeg,test,1,PNEUMONIA,1064,856,124.74346923828125,58.477596282958984
test/PNEUMONIA/person97_bacteria_468.jpeg,test,1,PNEUMONIA,1400,1024,139.85076904296875,61.282081604003906
test/PNEUMONIA/person99_bacteria_473.jpeg,test,1,PNEUMONIA,1264,1016,131.683349609375,49.418190002441406
test/PNEUMONIA/person99_bacteria_474.jpeg,test,1,PNEUMONIA,1704,1122,125.55120849609375,63.17509078979492
train/NORMAL/IM-0115-0001.jpeg,train,0,NORMAL,2090,1858,129.03358459472656,62.19839859008789
train/NORMAL/IM-0119-0001.jpeg,train,0,NORMAL,1810,1434,121.97198486328125,68.75724792480469
train/NORMAL/IM-0122-0001.jpeg,train,0,NORMAL,1618,1279,132.98712158203125,64.88912200927734
train/NORMAL/IM-0125-0001.jpeg,train,0,NORMAL,1600,1125,106.22258758544922,64.97496032714844
train/NORMAL/IM-0127-0001.jpeg,train,0,NORMAL,1974,1306,130.37791442871094,56.9522590637207
train/NORMAL/IM-0128-0001.jpeg,train,0,NORMAL,1528,1013,97.19579315185547,58.67036437988281
train/NORMAL/IM-0129-0001.jpeg,train,0,NORMAL,1384,1167,115.63641357421875,62.39925765991211
train/NORMAL/IM-0131-0001.jpeg,train,0,NORMAL,1450,1144,109.5525894165039,54.88301467895508
train/NORMAL/IM-0133-0001.jpeg,train,0,NORMAL,1468,993,109.62174987792969,64.67560577392578
train/NORMAL/IM-0135-0001.jpeg,train,0,NORMAL,1724,1581,120.2920913696289,66.27961730957031
train/NORMAL/IM-0137-0001.jpeg,train,0,NORMAL,1346,1044,127.72408294677734,52.5816764831543
train/NORMAL/IM-0140-0001.jpeg,train,0,NORMAL,1156,1237,148.880615234375,52.32017517089844
train/NORMAL/IM-0145-0001.jpeg,train,0,NORMAL,1596,1156,119.44832611083984,60.29948425292969
train/NORMAL/IM-0147-0001.jpeg,train,0,NORMAL,2102,1974,117.13914489746094,64.92277526855469
train/NORMAL/IM-0149-0001.jpeg,train,0,NORMAL,1542,1152,119.62013244628906,66.69622039794922
train/NORMAL/IM-0151-0001.jpeg,train,0,NORMAL,1518,1156,101.80677032470703,66.90825653076172
train/NORMAL/IM-0152-0001.jpeg,train,0,NORMAL,1612,1133,129.01368713378906,59.262481689453125
train/NORMAL/IM-0158-0001.jpeg,train,0,NORMAL,994,758,105.5639419555664,56.343605041503906
train/NORMAL/IM-0160-0001.jpeg,train,0,NORMAL,1750,1314,128.58001708984375,54.56825256347656
train/NORMAL/IM-0162-0001.jpeg,train,0,NORMAL,1762,1430,116.60309600830078,55.62179946899414
train/NORMAL/IM-0164-0001.jpeg,train,0,NORMAL,1202,808,132.5593719482422,50.9798698425293
train/NORMAL/IM-0166-0001.jpeg,train,0,NORMAL,1972,1719,118.47498321533203,66.27586364746094
train/NORMAL/IM-0168-0001.jpeg,train,0,NORMAL,1534,1187,119.23810577392578,68.04009246826172
train/NORMAL/IM-0170-0001.jpeg,train,0,NORMAL,2148,1496,149.0837860107422,59.75972366333008
train/NORMAL/IM-0172-0001.jpeg,train,0,NORMAL,1876,1893,141.03848266601562,57.39627456665039
train/NORMAL/IM-0176-0001.jpeg,train,0,NORMAL,1680,1557,154.8841094970703,51.96723175048828
train/NORMAL/IM-0177-0001.jpeg,train,0,NORMAL,2172,1615,90.22252655029297,71.284423828125
train/NORMAL/IM-0178-0001.jpeg,train,0,NORMAL,1646,1124,142.16819763183594,58.80137634277344
train/NORMAL/IM-0180-0001.jpeg,train,0,NORMAL,2136,1650,138.51748657226562,58.642356872558594
train/NORMAL/IM-0183-0001.jpeg,train,0,NORMAL,2338,2025,119.42027282714844,66.56053924560547
train/NORMAL/IM-0185-0001.jpeg,train,0,NORMAL,1458,1190,129.64691162109375,65.4187240600586
train/NORMAL/IM-0187-0001.jpeg,train,0,NORMAL,1854,1572,125.67146301269531,59.878482818603516
train/NORMAL/IM-0189-0001.jpeg,train,0,NORMAL,1466,1109,123.03456115722656,60.85942840576172
train/NORMAL/IM-0191-0001.jpeg,train,0,NORMAL,2164,1746,135.8958740234375,62.76993179321289
train/NORMAL/IM-0195-0001.jpeg,train,0,NORMAL,1774,1546,131.7318572998047,60.72321319580078
train/NORMAL/IM-0199-0001.jpeg,train,0,NORMAL,1506,833,121.31879425048828,64.31754302978516
train/NORMAL/IM-0201-0001.jpeg,train,0,NORMAL,1446,1310,102.91410827636719,62.09627914428711
train/NORMAL/IM-0203-0001.jpeg,train,0,NORMAL,1434,1260,121.52593994140625,61.355064392089844
train/NORMAL/IM-0205-0001.jpeg,train,0,NORMAL,1554,1075,104.7015380859375,62.98881530761719
train/NORMAL/IM-0206-0001.jpeg,train,0,NORMAL,1040,747,117.34109497070312,54.211036682128906
train/NORMAL/IM-0207-0001.jpeg,train,0,NORMAL,1426,1049,112.82626342773438,59.809383392333984
train/NORMAL/IM-0209-0001.jpeg,train,0,NORMAL,1164,1021,126.32384490966797,57.847145080566406
train/NORMAL/IM-0210-0001.jpeg,train,0,NORMAL,1688,1105,110.79329681396484,66.47117614746094
train/NORMAL/IM-0211-0001.jpeg,train,0,NORMAL,1642,1245,122.21638488769531,59.1788215637207
train/NORMAL/IM-0213-0001.jpeg,train,0,NORMAL,1928,1303,120.4203872680664,63.03224563598633
train/NORMAL/IM-0214-0001.jpeg,train,0,NORMAL,1522,1221,129.21627807617188,58.05338668823242
train/NORMAL/IM-0215-0001.jpeg,train,0,NORMAL,1666,1209,109.66032409667969,65.87998962402344
train/NORMAL/IM-0216-0001.jpeg,train,0,NORMAL,1944,1367,108.2152328491211,69.26966094970703
train/NORMAL/IM-0217-0001.jpeg,train,0,NORMAL,1654,1275,98.54349517822266,66.60796356201172
train/NORMAL/IM-0218-0001.jpeg,train,0,NORMAL,1678,1654,124.90536499023438,57.707672119140625
train/NORMAL/IM-0219-0001.jpeg,train,0,NORMAL,1592,1272,134.64105224609375,55.57524871826172
train/NORMAL/IM-0220-0001.jpeg,train,0,NORMAL,1484,1399,122.86356353759766,66.19275665283203
train/NORMAL/IM-0221-0001.jpeg,train,0,NORMAL,1804,1480,137.93795776367188,63.174861907958984
train/NORMAL/IM-0222-0001.jpeg,train,0,NORMAL,1604,1179,109.4372787475586,75.31214141845703
train/NORMAL/IM-0223-0001.jpeg,train,0,NORMAL,1852,1433,111.02617645263672,63.14590835571289
train/NORMAL/IM-0224-0001.jpeg,train,0,NORMAL,1766,1287,157.47747802734375,43.75670623779297
train/NORMAL/IM-0225-0001.jpeg,train,0,NORMAL,2214,1974,114.59508514404297,63.39241027832031
train/NORMAL/IM-0227-0001.jpeg,train,0,NORMAL,1870,1612,114.35191345214844,61.299034118652344
train/NORMAL/IM-0228-0001.jpeg,train,0,NORMAL,1608,1175,121.25415802001953,82.9863052368164
train/NORMAL/IM-0229-0001.jpeg,train,0,NORMAL,1442,1101,115.6474609375,63.475914001464844
train/NORMAL/IM-0230-0001.jpeg,train,0,NORMAL,1624,1256,124.55644989013672,62.885433197021484
train/NORMAL/IM-0231-0001.jpeg,train,0,NORMAL,1650,1437,132.4287872314453,54.07691955566406
train/NORMAL/IM-0234-0001.jpeg,train,0,NORMAL,1550,1075,104.10810089111328,69.92076873779297
train/NORMAL/IM-0235-0001.jpeg,train,0,NORMAL,1816,1500,115.38114166259766,63.884822845458984
train/NORMAL/IM-0236-0001.jpeg,train,0,NORMAL,1442,974,100.11083984375,65.46946716308594
train/NORMAL/IM-0237-0001.jpeg,train,0,NORMAL,1790,1140,109.91410827636719,68.36184692382812
train/NORMAL/IM-0238-0001.jpeg,train,0,NORMAL,1464,1051,110.44396209716797,57.70015335083008
train/NORMAL/IM-0239-0001.jpeg,train,0,NORMAL,1690,1314,92.8935317993164,64.66600036621094
train/NORMAL/IM-0240-0001.jpeg,train,0,NORMAL,1944,1708,120.32556915283203,62.376678466796875
train/NORMAL/IM-0241-0001.jpeg,train,0,NORMAL,1806,1392,119.66546630859375,62.29121398925781
train/NORMAL/IM-0242-0001.jpeg,train,0,NORMAL,1844,1468,133.31541442871094,55.52945327758789
train/NORMAL/IM-0243-0001.jpeg,train,0,NORMAL,1936,1677,117.15863800048828,65.84440612792969
train/NORMAL/IM-0244-0001.jpeg,train,0,NORMAL,1354,1024,110.8514633178711,63.885311126708984
train/NORMAL/IM-0245-0001.jpeg,train,0,NORMAL,1724,1480,125.93346405029297,57.47882080078125
train/NORMAL/IM-0248-0001.jpeg,train,0,NORMAL,1608,1228,87.2817611694336,59.918514251708984
train/NORMAL/IM-0249-0001.jpeg,train,0,NORMAL,2396,1990,118.70641326904297,71.57640075683594
train/NORMAL/IM-0250-0001.jpeg,train,0,NORMAL,1550,1368,125.91014099121094,53.33477020263672
train/NORMAL/IM-0251-0001.jpeg,train,0,NORMAL,1812,1206,126.4560317993164,62.1312370300293
train/NORMAL/IM-0253-0001.jpeg,train,0,NORMAL,1720,1306,121.74046325683594,68.64822387695312
train/NORMAL/IM-0256-0001.jpeg,train,0,NORMAL,1562,1086,102.71710205078125,67.80313110351562
train/NORMAL/IM-0257-0001.jpeg,train,0,NORMAL,1682,1418,115.58208465576172,62.825077056884766
train/NORMAL/IM-0261-0001.jpeg,train,0,NORMAL,1596,1330,133.48854064941406,57.45257568359375
train/NORMAL/IM-0264-0001.jpeg,train,0,NORMAL,1810,1545,98.51741790771484,74.00435638427734
train/NORMAL/IM-0265-0001.jpeg,train,0,NORMAL,1616,1109,90.30414581298828,64.12403869628906
train/NORMAL/IM-0266-0001.jpeg,train,0,NORMAL,1848,1495,113.85049438476562,67.98385620117188
train/NORMAL/IM-0269-0001.jpeg,train,0,NORMAL,2002,1786,147.61300659179688,56.153743743896484
train/NORMAL/IM-0270-0001.jpeg,train,0,NORMAL,1346,1109,122.79078674316406,55.49474334716797
train/NORMAL/IM-0273-0001.jpeg,train,0,NORMAL,1522,1093,113.93733215332031,57.51136016845703
train/NORMAL/IM-0274-0001.jpeg,train,0,NORMAL,1704,1449,133.99252319335938,55.33884048461914
train/NORMAL/IM-0275-0001.jpeg,train,0,NORMAL,1866,1595,105.8916244506836,64.78693389892578
train/NORMAL/IM-0276-0001.jpeg,train,0,NORMAL,1828,1654,139.41439819335938,60.98320770263672
train/NORMAL/IM-0277-0001.jpeg,train,0,NORMAL,1608,1345,128.8968505859375,60.69314956665039
train/NORMAL/IM-0278-0001.jpeg,train,0,NORMAL,1766,1503,130.02987670898438,60.26327896118164
train/NORMAL/IM-0279-0001.jpeg,train,0,NORMAL,1616,1121,115.97444915771484,70.94203186035156
train/NORMAL/IM-0280-0001.jpeg,train,0,NORMAL,1728,1222,102.67304229736328,64.86307525634766
train/NORMAL/IM-0282-0001.jpeg,train,0,NORMAL,1588,1372,115.72857666015625,59.12101364135742
train/NORMAL/IM-0283-0001.jpeg,train,0,NORMAL,1936,1612,110.11661529541016,57.44553756713867
train/NORMAL/IM-0285-0001.jpeg,train,0,NORMAL,1426,1101,126.79637908935547,60.74633026123047
train/NORMAL/IM-0286-0001.jpeg,train,0,NORMAL,1982,1804,126.09862518310547,63.2308349609375
train/NORMAL/IM-0288-0001.jpeg,train,0,NORMAL,1438,1140,127.70943450927734,56.335784912109375
train/NORMAL/IM-0290-0001.jpeg,train,0,NORMAL,1708,1434,91.90848541259766,67.44778442382812
train/NORMAL/IM-0291-0001.jpeg,train,0,NORMAL,1518,1005,106.80118560791016,69.0560073852539
train/NORMAL/IM-0292-0001.jpeg,train,0,NORMAL,1858,1500,120.66799926757812,61.55379104614258
train/NORMAL/IM-0293-0001.jpeg,train,0,NORMAL,1438,1059,114.97233581542969,55.507415771484375
train/NORMAL/IM-0294-0001.jpeg,train,0,NORMAL,1700,1383,134.72576904296875,63.75222396850586
train/NORMAL/IM-0295-0001.jpeg,train,0,NORMAL,1828,1511,108.14098358154297,59.51426315307617
train/NORMAL/IM-0297-0001.jpeg,train,0,NORMAL,1708,1415,143.15042114257812,60.97126007080078
train/NORMAL/IM-0298-0001.jpeg,train,0,NORMAL,1704,1487,138.51153564453125,56.04298400878906
train/NORMAL/IM-0301-0001.jpeg,train,0,NORMAL,1708,1267,102.49224853515625,60.84600067138672
train/NORMAL/IM-0302-0001.jpeg,train,0,NORMAL,1430,1128,142.3640594482422,55.72756576538086
train/NORMAL/IM-0303-0001.jpeg,train,0,NORMAL,1762,1264,99.20623016357422,71.15857696533203
train/NORMAL/IM-0304-0001.jpeg,train,0,NORMAL,1472,978,99.3879623413086,61.54000473022461
train/NORMAL/IM-0305-0001.jpeg,train,0,NORMAL,1304,1097,120.82878112792969,57.53886413574219
train/NORMAL/IM-0306-0001.jpeg,train,0,NORMAL,1380,1040,129.28807067871094,52.14492416381836
train/NORMAL/IM-0307-0001.jpeg,train,0,NORMAL,1766,1557,126.60589599609375,62.01717758178711
train/NORMAL/IM-0309-0001.jpeg,train,0,NORMAL,2144,1805,119.89453887939453,60.41454315185547
train/NORMAL/IM-0311-0001.jpeg,train,0,NORMAL,1268,885,118.45476531982422,64.79418182373047
train/NORMAL/IM-0312-0001.jpeg,train,0,NORMAL,1508,1093,112.7982406616211,62.70672607421875
train/NORMAL/IM-0314-0001.jpeg,train,0,NORMAL,1014,846,131.66957092285156,58.16986846923828
train/NORMAL/IM-0315-0001.jpeg,train,0,NORMAL,1268,959,138.06585693359375,48.847530364990234
train/NORMAL/IM-0316-0001.jpeg,train,0,NORMAL,1368,1009,120.22588348388672,51.54508590698242
train/NORMAL/IM-0317-0001.jpeg,train,0,NORMAL,2106,1719,116.28938293457031,66.9969253540039
train/NORMAL/IM-0318-0001.jpeg,train,0,NORMAL,1634,1210,129.6043701171875,60.371883392333984
train/NORMAL/IM-0319-0001.jpeg,train,0,NORMAL,1292,1225,124.58578491210938,50.918052673339844
train/NORMAL/IM-0320-0001.jpeg,train,0,NORMAL,1700,1271,112.59186553955078,62.763404846191406
train/NORMAL/IM-0323-0001.jpeg,train,0,NORMAL,1824,1430,131.7965850830078,55.44086456298828
train/NORMAL/IM-0325-0001.jpeg,train,0,NORMAL,1504,1174,118.88871002197266,65.23991394042969
train/NORMAL/IM-0326-0001.jpeg,train,0,NORMAL,1520,1306,119.5145034790039,53.21809005737305
train/NORMAL/IM-0329-0001.jpeg,train,0,NORMAL,1196,974,127.16522216796875,47.711692810058594
train/NORMAL/IM-0330-0001.jpeg,train,0,NORMAL,1422,1191,129.04067993164062,60.6970100402832
train/NORMAL/IM-0331-0001.jpeg,train,0,NORMAL,1360,1341,130.79115295410156,72.43881225585938
train/NORMAL/IM-0332-0001.jpeg,train,0,NORMAL,1512,1202,128.50318908691406,55.42319869995117
train/NORMAL/IM-0333-0001.jpeg,train,0,NORMAL,1114,843,117.2076644897461,52.56706237792969
train/NORMAL/IM-0335-0001.jpeg,train,0,NORMAL,2538,1897,99.38581085205078,74.36822509765625
train/NORMAL/IM-0337-0001.jpeg,train,0,NORMAL,1584,1237,127.94419860839844,60.19321823120117
train/NORMAL/IM-0338-0001.jpeg,train,0,NORMAL,1746,1392,102.43183898925781,61.4605712890625
train/NORMAL/IM-0339-0001.jpeg,train,0,NORMAL,1792,1623,128.1598663330078,58.617069244384766
train/NORMAL/IM-0340-0001.jpeg,train,0,NORMAL,1840,1480,118.97101593017578,68.02709197998047
train/NORMAL/IM-0341-0001.jpeg,train,0,NORMAL,1654,1364,123.0972671508789,58.153018951416016
train/NORMAL/IM-0343-0001.jpeg,train,0,NORMAL,1588,1217,118.17135620117188,56.455169677734375
train/NORMAL/IM-0345-0001.jpeg,train,0,NORMAL,1310,1071,134.58978271484375,52.823150634765625
train/NORMAL/IM-0346-0001.jpeg,train,0,NORMAL,1592,1411,114.93562316894531,62.84800338745117
train/NORMAL/IM-0348-0001.jpeg,train,0,NORMAL,1388,1063,133.21127319335938,58.60102081298828
train/NORMAL/IM-0349-0001.jpeg,train,0,NORMAL,1592,1329,125.10902404785156,66.71036529541016
train/NORMAL/IM-0350-0001.jpeg,train,0,NORMAL,1392,998,119.97850799560547,76.96780395507812
train/NORMAL/IM-0351-0001.jpeg,train,0,NORMAL,1774,1588,121.40196228027344,61.953712463378906
train/NORMAL/IM-0354-0001.jpeg,train,0,NORMAL,1538,986,112.94921875,72.7077407836914
train/NORMAL/IM-0355-0001.jpeg,train,0,NORMAL,1372,1109,122.89006042480469,54.28062438964844
train/NORMAL/IM-0356-0001.jpeg,train,0,NORMAL,1300,974,103.82766723632812,50.953269958496094
train/NORMAL/IM-0357-0001.jpeg,train,0,NORMAL,2064,1951,122.07288360595703,62.13715362548828
train/NORMAL/IM-0358-0001.jpeg,train,0,NORMAL,1646,1299,109.86844635009766,58.77522277832031
train/NORMAL/IM-0359-0001.jpeg,train,0,NORMAL,1634,1272,118.14893341064453,64.21432495117188
train/NORMAL/IM-0361-0001.jpeg,train,0,NORMAL,1570,1156,121.3499984741211,65.61402893066406
train/NORMAL/IM-0362-0001.jpeg,train,0,NORMAL,1582,1183,125.45763397216797,61.791439056396484
train/NORMAL/IM-0363-0001.jpeg,train,0,NORMAL,1580,1402,108.3373794555664,65.49584197998047
train/NORMAL/IM-0364-0001.jpeg,train,0,NORMAL,1396,1001,118.45829772949219,64.83972930908203
train/NORMAL/IM-0365-0001.jpeg,train,0,NORMAL,1600,1229,116.32422637939453,59.21856689453125
train/NORMAL/IM-0367-0001.jpeg,train,0,NORMAL,1472,1171,121.17134094238281,67.88473510742188
train/NORMAL/IM-0368-0001.jpeg,train,0,NORMAL,1426,1164,122.7290267944336,57.71019744873047
train/NORMAL/IM-0369-0001.jpeg,train,0,NORMAL,1396,1024,135.09568786621094,57.66238021850586
train/NORMAL/IM-0370-0001.jpeg,train,0,NORMAL,1114,832,124.97570037841797,55.07687759399414
train/NORMAL/IM-0371-0001.jpeg,train,0,NORMAL,2024,2036,138.95692443847656,60.56842041015625
train/NORMAL/IM-0372-0001.jpeg,train,0,NORMAL,1790,1654,129.62347412109375,56.56904983520508
train/NORMAL/IM-0374-0001.jpeg,train,0,NORMAL,1744,1402,153.83013916015625,66.34147644042969
train/NORMAL/IM-0375-0001.jpeg,train,0,NORMAL,1816,1627,113.19186401367188,59.89364242553711
train/NORMAL/IM-0381-0001.jpeg,train,0,NORMAL,1744,1388,119.07923126220703,60.197357177734375
train/NORMAL/IM-0383-0001.jpeg,train,0,NORMAL,1472,1318,128.74656677246094,64.57758331298828
train/NORMAL/IM-0384-0001.jpeg,train,0,NORMAL,1608,1226,131.39013671875,73.3117904663086
train/NORMAL/IM-0385-0001.jpeg,train,0,NORMAL,1712,1330,121.3900146484375,63.78279495239258
train/NORMAL/IM-0386-0001.jpeg,train,0,NORMAL,1550,1302,117.97245788574219,61.01146697998047
train/NORMAL/IM-0387-0001.jpeg,train,0,NORMAL,1920,1801,120.1627426147461,62.98644256591797
train/NORMAL/IM-0388-0001.jpeg,train,0,NORMAL,1680,1353,119.37452697753906,57.46543884277344
train/NORMAL/IM-0389-0001.jpeg,train,0,NORMAL,1530,1028,130.78245544433594,67.07946014404297
train/NORMAL/IM-0392-0001.jpeg,train,0,NORMAL,1442,1059,101.97832489013672,61.981868743896484
train/NORMAL/IM-0393-0001.jpeg,train,0,NORMAL,1754,1221,91.6484603881836,74.25210571289062
train/NORMAL/IM-0400-0001.jpeg,train,0,NORMAL,1446,1082,114.56847381591797,64.25825500488281
train/NORMAL/IM-0401-0001.jpeg,train,0,NORMAL,1820,1670,135.83457946777344,56.94019317626953
train/NORMAL/IM-0405-0001.jpeg,train,0,NORMAL,1952,1619,123.36617279052734,64.11560821533203
train/NORMAL/IM-0408-0001.jpeg,train,0,NORMAL,1442,1148,131.6023406982422,58.48003387451172
train/NORMAL/IM-0409-0001.jpeg,train,0,NORMAL,1090,793,144.5605010986328,47.54835891723633
train/NORMAL/IM-0410-0001.jpeg,train,0,NORMAL,1632,1375,126.09103393554688,60.8043327331543
train/NORMAL/IM-0411-0001.jpeg,train,0,NORMAL,1728,1518,113.06871032714844,66.89125061035156
train/NORMAL/IM-0413-0001.jpeg,train,0,NORMAL,2318,2411,115.27010345458984,62.20684051513672
train/NORMAL/IM-0414-0001.jpeg,train,0,NORMAL,1450,1287,118.67724609375,58.21847152709961
train/NORMAL/IM-0416-0001.jpeg,train,0,NORMAL,1808,1418,128.34449768066406,51.69590377807617
train/NORMAL/IM-0417-0001.jpeg,train,0,NORMAL,1786,1500,114.06510162353516,65.53300476074219
train/NORMAL/IM-0420-0001.jpeg,train,0,NORMAL,1558,1352,119.2816390991211,49.33323287963867
train/NORMAL/IM-0421-0001.jpeg,train,0,NORMAL,1574,1129,107.17436218261719,58.98765182495117
train/NORMAL/IM-0424-0001.jpeg,train,0,NORMAL,1368,1078,126.6020278930664,64.44842529296875
train/NORMAL/IM-0425-0001.jpeg,train,0,NORMAL,1850,1314,106.3573989868164,61.8083381652832
train/NORMAL/IM-0427-0001.jpeg,train,0,NORMAL,1828,1357,133.99183654785156,65.3850326538086
train/NORMAL/IM-0428-0001.jpeg,train,0,NORMAL,1562,1348,147.67190551757812,61.706871032714844
train/NORMAL/IM-0429-0001-0001.jpeg,train,0,NORMAL,1918,1569,122.97698211669922,64.40733337402344
train/NORMAL/IM-0429-0001-0002.jpeg,train,0,NORMAL,1858,1380,120.36885070800781,63.13164520263672
train/NORMAL/IM-0429-0001.jpeg,train,0,NORMAL,1964,1692,113.46582794189453,54.49436569213867
train/NORMAL/IM-0430-0001.jpeg,train,0,NORMAL,1438,1082,126.76128387451172,62.1866340637207
train/NORMAL/IM-0431-0001.jpeg,train,0,NORMAL,1678,1414,125.8579330444336,61.0612678527832
train/NORMAL/IM-0432-0001.jpeg,train,0,NORMAL,1480,1228,135.966064453125,67.61752319335938
train/NORMAL/IM-0434-0001.jpeg,train,0,NORMAL,2214,1715,134.44102478027344,58.3779182434082
train/NORMAL/IM-0435-0001-0001.jpeg,train,0,NORMAL,1512,1209,90.8218765258789,57.18251037597656
train/NORMAL/IM-0435-0001.jpeg,train,0,NORMAL,1130,831,125.33334350585938,54.794837951660156
train/NORMAL/IM-0437-0001-0001.jpeg,train,0,NORMAL,2022,1445,134.4708251953125,57.6633186340332
train/NORMAL/IM-0437-0001-0002.jpeg,train,0,NORMAL,1508,1152,127.62586212158203,62.459930419921875
train/NORMAL/IM-0437-0001.jpeg,train,0,NORMAL,1410,1179,107.1512680053711,53.32737731933594
train/NORMAL/IM-0438-0001.jpeg,train,0,NORMAL,1904,1422,126.49996185302734,64.7304458618164
train/NORMAL/IM-0439-0001-0001.jpeg,train,0,NORMAL,1766,1380,128.91136169433594,61.34347152709961
train/NORMAL/IM-0439-0001-0002.jpeg,train,0,NORMAL,1368,1032,117.70922088623047,62.0991096496582
train/NORMAL/IM-0439-0001.jpeg,train,0,NORMAL,1816,1558,136.34388732910156,60.96501159667969
train/NORMAL/IM-0441-0001.jpeg,train,0,NORMAL,1472,1171,110.40213012695312,63.40096664428711
train/NORMAL/IM-0442-0001.jpeg,train,0,NORMAL,1510,1352,135.74725341796875,60.746315002441406
train/NORMAL/IM-0444-0001.jpeg,train,0,NORMAL,1928,1754,110.74720764160156,62.472259521484375
train/NORMAL/IM-0445-0001.jpeg,train,0,NORMAL,1762,1506,125.84652709960938,61.10887908935547
train/NORMAL/IM-0447-0001.jpeg,train,0,NORMAL,1840,1499,116.77886962890625,61.802635192871094
train/NORMAL/IM-0448-0001.jpeg,train,0,NORMAL,1954,1279,98.5239486694336,59.963165283203125
train/NORMAL/IM-0449-0001.jpeg,train,0,NORMAL,1638,1236,129.11038208007812,60.67647933959961
train/NORMAL/IM-0450-0001.jpeg,train,0,NORMAL,1678,1480,118.18875885009766,59.8350830078125
train/NORMAL/IM-0451-0001.jpeg,train,0,NORMAL,1850,1746,113.39363098144531,60.77729415893555
train/NORMAL/IM-0453-0001-0002.jpeg,train,0,NORMAL,2088,2074,122.0827865600586,63.97621536254883
train/NORMAL/IM-0453-0001.jpeg,train,0,NORMAL,1762,1715,90.30670928955078,68.16728973388672
train/NORMAL/IM-0455-0001.jpeg,train,0,NORMAL,1364,1148,134.7327117919922,56.813232421875
train/NORMAL/IM-0456-0001.jpeg,train,0,NORMAL,1812,1693,113.79254913330078,52.83949279785156
train/NORMAL/IM-0457-0001.jpeg,train,0,NORMAL,2090,1785,126.28436279296875,65.86908721923828
train/NORMAL/IM-0458-0001.jpeg,train,0,NORMAL,1226,955,123.56143188476562,59.57365798950195
train/NORMAL/IM-0459-0001.jpeg,train,0,NORMAL,2338,1970,136.24472045898438,64.1961898803711
train/NORMAL/IM-0460-0001.jpeg,train,0,NORMAL,1654,1259,123.74980163574219,58.76473617553711
train/NORMAL/IM-0461-0001.jpeg,train,0,NORMAL,1704,1341,118.54054260253906,65.21896362304688
train/NORMAL/IM-0463-0001.jpeg,train,0,NORMAL,1804,1758,126.66138458251953,59.102088928222656
train/NORMAL/IM-0464-0001.jpeg,train,0,NORMAL,1770,1353,111.30125427246094,70.74334716796875
train/NORMAL/IM-0465-0001.jpeg,train,0,NORMAL,1750,1334,124.8253402709961,64.64014434814453
train/NORMAL/IM-0466-0001.jpeg,train,0,NORMAL,1600,1264,128.50982666015625,52.290164947509766
train/NORMAL/IM-0467-0001-0001.jpeg,train,0,NORMAL,1912,1739,105.16802215576172,69.11636352539062
train/NORMAL/IM-0467-0001-0002.jpeg,train,0,NORMAL,1634,1372,124.75165557861328,68.18367004394531
train/NORMAL/IM-0467-0001.jpeg,train,0,NORMAL,2114,1866,107.00566864013672,68.21379852294922
train/NORMAL/IM-0471-0001.jpeg,train,0,NORMAL,2080,1781,139.4381103515625,59.37908172607422
train/NORMAL/IM-0472-0001.jpeg,train,0,NORMAL,1616,1318,145.05372619628906,51.41963577270508
train/NORMAL/IM-0473-0001.jpeg,train,0,NORMAL,1558,1179,132.0508270263672,61.38212966918945
train/NORMAL/IM-0474-0001.jpeg,train,0,NORMAL,1472,1013,132.89462280273438,66.98442077636719
train/NORMAL/IM-0475-0001.jpeg,train,0,NORMAL,1736,1345,126.01932525634766,61.4835090637207
train/NORMAL/IM-0476-0001.jpeg,train,0,NORMAL,1558,1048,126.03599548339844,65.29651641845703
train/NORMAL/IM-0478-0001.jpeg,train,0,NORMAL,1676,1561,128.4823760986328,59.376522064208984
train/NORMAL/IM-0479-0001.jpeg,train,0,NORMAL,1438,927,126.76663970947266,69.43286895751953
train/NORMAL/IM-0481-0001.jpeg,train,0,NORMAL,1222,970,111.14592742919922,54.41274642944336
train/NORMAL/IM-0482-0001.jpeg,train,0,NORMAL,1252,1028,117.88809204101562,56.51416015625
train/NORMAL/IM-0483-0001.jpeg,train,0,NORMAL,1690,1167,135.5413818359375,58.35331344604492
train/NORMAL/IM-0484-0001.jpeg,train,0,NORMAL,1506,1121,125.60741424560547,62.14272689819336
train/NORMAL/IM-0485-0001.jpeg,train,0,NORMAL,1404,1059,130.29983520507812,54.59605407714844
train/NORMAL/IM-0486-0001.jpeg,train,0,NORMAL,1808,1488,121.01210021972656,66.78520965576172
train/NORMAL/IM-0487-0001.jpeg,train,0,NORMAL,1778,1461,135.10687255859375,68.44538879394531
train/NORMAL/IM-0488-0001.jpeg,train,0,NORMAL,1280,909,121.08071899414062,59.89292907714844
train/NORMAL/IM-0490-0001.jpeg,train,0,NORMAL,2226,2013,126.78787994384766,57.07169723510742
train/NORMAL/IM-0491-0001-0001.jpeg,train,0,NORMAL,1584,1295,129.98367309570312,63.79865264892578
train/NORMAL/IM-0491-0001-0002.jpeg,train,0,NORMAL,1604,1414,130.06729125976562,74.44461059570312
train/NORMAL/IM-0491-0001.jpeg,train,0,NORMAL,2304,2086,105.48925018310547,60.069271087646484
train/NORMAL/IM-0493-0001.jpeg,train,0,NORMAL,2260,2237,93.58203887939453,55.45778274536133
train/NORMAL/IM-0495-0001.jpeg,train,0,NORMAL,2064,1750,122.24287414550781,68.06056213378906
train/NORMAL/IM-0496-0001.jpeg,train,0,NORMAL,1824,1426,150.18800354003906,53.603538513183594
train/NORMAL/IM-0497-0001-0001.jpeg,train,0,NORMAL,1284,1013,131.0580596923828,56.90480041503906
train/NORMAL/IM-0497-0001-0002.jpeg,train,0,NORMAL,1932,1561,118.58442687988281,60.084171295166016
train/NORMAL/IM-0497-0001.jpeg,train,0,NORMAL,1338,1194,131.22146606445312,54.965694427490234
train/NORMAL/IM-0499-0001-0001.jpeg,train,0,NORMAL,1582,1056,117.27961730957031,62.75303649902344
train/NORMAL/IM-0499-0001-0002.jpeg,train,0,NORMAL,1446,1391,126.45978546142578,59.7813720703125
train/NORMAL/IM-0499-0001.jpeg,train,0,NORMAL,1674,1493,132.50048828125,58.35995864868164
train/NORMAL/IM-0500-0001.jpeg,train,0,NORMAL,1400,1239,127.35335540771484,69.6175308227539
train/NORMAL/IM-0501-0001-0001.jpeg,train,0,NORMAL,1364,1051,123.48076629638672,64.53485870361328
train/NORMAL/IM-0501-0001-0002.jpeg,train,0,NORMAL,1562,1059,100.33892822265625,48.02027893066406
train/NORMAL/IM-0501-0001.jpeg,train,0,NORMAL,1870,1905,122.50614166259766,58.278900146484375
train/NORMAL/IM-0502-0001.jpeg,train,0,NORMAL,2156,1936,159.7084503173828,64.80268859863281
train/NORMAL/IM-0503-0001.jpeg,train,0,NORMAL,1504,1171,122.83192443847656,60.42119216918945
train/NORMAL/IM-0504-0001.jpeg,train,0,NORMAL,1554,1449,110.99069213867188,68.10183715820312
train/NORMAL/IM-0505-0001-0001.jpeg,train,0,NORMAL,1400,1221,132.35592651367188,62.132667541503906
train/NORMAL/IM-0505-0001-0002.jpeg,train,0,NORMAL,1314,1171,103.9869613647461,51.85216522216797
train/NORMAL/IM-0505-0001.jpeg,train,0,NORMAL,1696,1330,132.41079711914062,61.2471809387207
train/NORMAL/IM-0506-0001.jpeg,train,0,NORMAL,1700,1368,122.13662719726562,59.09197998046875
train/NORMAL/IM-0508-0001.jpeg,train,0,NORMAL,1936,1669,115.48287200927734,66.73987579345703
train/NORMAL/IM-0509-0001-0002.jpeg,train,0,NORMAL,1306,920,140.0980987548828,60.35330581665039
train/NORMAL/IM-0509-0001.jpeg,train,0,NORMAL,1248,1044,126.15367889404297,69.37904357910156
train/NORMAL/IM-0510-0001.jpeg,train,0,NORMAL,1616,1147,120.57177734375,71.02593231201172
train/NORMAL/IM-0511-0001-0001.jpeg,train,0,NORMAL,1302,1187,120.26057434082031,51.53032684326172
train/NORMAL/IM-0511-0001-0002.jpeg,train,0,NORMAL,1870,1495,112.64786529541016,60.05030059814453
train/NORMAL/IM-0511-0001.jpeg,train,0,NORMAL,2060,1839,120.07271575927734,67.78662872314453
train/NORMAL/IM-0512-0001.jpeg,train,0,NORMAL,1558,1279,130.992431640625,68.25162506103516
train/NORMAL/IM-0513-0001.jpeg,train,0,NORMAL,1492,1024,112.41190338134766,62.02854919433594
train/NORMAL/IM-0514-0001.jpeg,train,0,NORMAL,1866,1302,119.79185485839844,72.0356216430664
train/NORMAL/IM-0515-0001.jpeg,train,0,NORMAL,1644,1167,102.88919067382812,60.13932418823242
train/NORMAL/IM-0516-0001.jpeg,train,0,NORMAL,1496,981,106.6156997680664,71.31742858886719
train/NORMAL/IM-0517-0001-0001.jpeg,train,0,NORMAL,2102,1654,138.97569274902344,61.21025848388672
train/NORMAL/IM-0519-0001-0001.jpeg,train,0,NORMAL,1742,1322,127.88883972167969,54.54686737060547
train/NORMAL/IM-0519-0001-0002.jpeg,train,0,NORMAL,2014,1577,113.80379486083984,67.87297058105469
train/NORMAL/IM-0519-0001.jpeg,train,0,NORMAL,1822,1705,131.3821563720703,64.0352554321289
train/NORMAL/IM-0520-0001.jpeg,train,0,NORMAL,1642,1545,107.42150115966797,64.716064453125
train/NORMAL/IM-0521-0001.jpeg,train,0,NORMAL,2890,2534,135.53115844726562,58.64109420776367
train/NORMAL/IM-0522-0001.jpeg,train,0,NORMAL,1636,1074,108.38414764404297,70.09317779541016
train/NORMAL/IM-0523-0001-0002.jpeg,train,0,NORMAL,1762,1480,121.41368103027344,60.17582702636719
train/NORMAL/IM-0523-0001-0003.jpeg,train,0,NORMAL,1628,1167,130.08253479003906,61.034725189208984
train/NORMAL/IM-0523-0001.jpeg,train,0,NORMAL,1492,1106,141.02777099609375,61.67221450805664
train/NORMAL/IM-0524-0001.jpeg,train,0,NORMAL,1964,1611,140.06504821777344,61.09617233276367
train/NORMAL/IM-0525-0001-0001.jpeg,train,0,NORMAL,1268,1017,132.86090087890625,49.416358947753906
train/NORMAL/IM-0525-0001.jpeg,train,0,NORMAL,1418,1024,116.46918487548828,48.60529327392578
train/NORMAL/IM-0526-0001.jpeg,train,0,NORMAL,1576,1395,118.42916870117188,69.38137817382812
train/NORMAL/IM-0527-0001.jpeg,train,0,NORMAL,1728,1175,108.34085083007812,67.67061614990234
train/NORMAL/IM-0528-0001.jpeg,train,0,NORMAL,1426,1128,114.52139282226562,61.66893768310547
train/NORMAL/IM-0529-0001.jpeg,train,0,NORMAL,1484,1267,121.50244903564453,57.56184768676758
train/NORMAL/IM-0530-0001.jpeg,train,0,NORMAL,1458,1128,128.72329711914062,57.37083435058594
train/NORMAL/IM-0531-0001-0001.jpeg,train,0,NORMAL,1882,1353,114.89846801757812,67.0585708618164
train/NORMAL/IM-0531-0001.jpeg,train,0,NORMAL,1626,1600,130.3737335205078,59.57673645019531
train/NORMAL/IM-0532-0001.jpeg,train,0,NORMAL,1466,1140,122.56171417236328,64.98397827148438
train/NORMAL/IM-0533-0001-0001.jpeg,train,0,NORMAL,1908,1476,112.86253356933594,60.195316314697266
train/NORMAL/IM-0533-0001-0002.jpeg,train,0,NORMAL,1756,1484,135.74375915527344,62.58328628540039
train/NORMAL/IM-0533-0001.jpeg,train,0,NORMAL,2518,2364,131.02166748046875,59.57927322387695
train/NORMAL/IM-0534-0001.jpeg,train,0,NORMAL,1624,1375,105.50955963134766,59.68834686279297
train/NORMAL/IM-0535-0001.jpeg,train,0,NORMAL,1522,1109,135.04798889160156,63.69999694824219
train/NORMAL/IM-0536-0001.jpeg,train,0,NORMAL,1670,1344,118.59078979492188,72.92979431152344
train/NORMAL/IM-0537-0001.jpeg,train,0,NORMAL,1550,1059,134.40225219726562,62.47549819946289
train/NORMAL/IM-0538-0001.jpeg,train,0,NORMAL,1902,1595,121.90446472167969,63.780120849609375
train/NORMAL/IM-0539-0001-0001.jpeg,train,0,NORMAL,2110,1700,115.00580596923828,57.46210861206055
train/NORMAL/IM-0539-0001-0002.jpeg,train,0,NORMAL,1526,1195,127.32139587402344,54.97544479370117
train/NORMAL/IM-0539-0001.jpeg,train,0,NORMAL,1724,1476,130.83897399902344,61.78472900390625
train/NORMAL/IM-0540-0001.jpeg,train,0,NORMAL,1496,1333,125.31017303466797,66.0260238647461
train/NORMAL/IM-0541-0001.jpeg,train,0,NORMAL,1940,1522,109.00444793701172,72.29236602783203
train/NORMAL/IM-0542-0001.jpeg,train,0,NORMAL,1886,1406,130.6991729736328,61.166542053222656
train/NORMAL/IM-0543-0001-0002.jpeg,train,0,NORMAL,1640,1410,123.33930969238281,55.74441909790039
train/NORMAL/IM-0543-0001.jpeg,train,0,NORMAL,1778,1318,112.43326568603516,62.56425094604492
train/NORMAL/IM-0544-0001.jpeg,train,0,NORMAL,1542,1286,120.00306701660156,58.07167434692383
train/NORMAL/IM-0545-0001-0001.jpeg,train,0,NORMAL,1924,1580,116.70121002197266,64.8580551147461
train/NORMAL/IM-0545-0001-0002.jpeg,train,0,NORMAL,1940,1503,121.08866119384766,63.66019821166992
train/NORMAL/IM-0545-0001.jpeg,train,0,NORMAL,1658,1183,106.68675231933594,69.62673950195312
train/NORMAL/IM-0546-0001.jpeg,train,0,NORMAL,1854,1457,108.579345703125,69.78980255126953
train/NORMAL/IM-0547-0001.jpeg,train,0,NORMAL,1296,1074,159.2375030517578,60.368221282958984
train/NORMAL/IM-0548-0001.jpeg,train,0,NORMAL,1790,1132,117.89417266845703,75.17674255371094
train/NORMAL/IM-0549-0001-0001.jpeg,train,0,NORMAL,1696,1349,125.77979278564453,62.57386779785156
train/NORMAL/IM-0549-0001-0002.jpeg,train,0,NORMAL,1912,1708,126.39151763916016,64.16082763671875
train/NORMAL/IM-0551-0001-0002.jpeg,train,0,NORMAL,1624,1341,122.57430267333984,58.47759246826172
train/NORMAL/IM-0551-0001.jpeg,train,0,NORMAL,1944,1746,146.31361389160156,45.20487976074219
train/NORMAL/IM-0552-0001.jpeg,train,0,NORMAL,1924,1623,122.01311492919922,63.635501861572266
train/NORMAL/IM-0553-0001-0001.jpeg,train,0,NORMAL,1632,1206,113.58030700683594,59.93832015991211
train/NORMAL/IM-0553-0001.jpeg,train,0,NORMAL,2264,1900,133.82949829101562,64.86997985839844
train/NORMAL/IM-0555-0001-0001.jpeg,train,0,NORMAL,1902,1854,118.30664825439453,63.2742805480957
train/NORMAL/IM-0555-0001-0002.jpeg,train,0,NORMAL,1446,1171,127.03369903564453,59.9365119934082
train/NORMAL/IM-0555-0001.jpeg,train,0,NORMAL,1646,1476,128.9368896484375,59.730506896972656
train/NORMAL/IM-0559-0001.jpeg,train,0,NORMAL,1346,1024,133.22900390625,62.68925476074219
train/NORMAL/IM-0560-0001.jpeg,train,0,NORMAL,1778,1356,120.48280334472656,67.7149429321289
train/NORMAL/IM-0561-0001.jpeg,train,0,NORMAL,2172,1963,130.88796997070312,55.6443977355957
train/NORMAL/IM-0562-0001.jpeg,train,0,NORMAL,1330,1133,118.4177017211914,56.65493392944336
train/NORMAL/IM-0564-0001.jpeg,train,0,NORMAL,1472,1360,132.4786376953125,54.2857666015625
train/NORMAL/IM-0565-0001.jpeg,train,0,NORMAL,1940,1755,119.34640502929688,61.695289611816406
train/NORMAL/IM-0570-0001.jpeg,train,0,NORMAL,1816,1554,128.72483825683594,60.568084716796875
train/NORMAL/IM-0571-0001.jpeg,train,0,NORMAL,1746,1445,118.4918441772461,59.9909553527832
train/NORMAL/IM-0574-0001.jpeg,train,0,NORMAL,1736,1553,134.88522338867188,61.202239990234375
train/NORMAL/IM-0577-0001.jpeg,train,0,NORMAL,1376,1210,125.40283203125,57.79395294189453
train/NORMAL/IM-0578-0001.jpeg,train,0,NORMAL,1630,1353,137.93995666503906,62.57047653198242
train/NORMAL/IM-0579-0001.jpeg,train,0,NORMAL,1604,1117,116.9991683959961,66.91799926757812
train/NORMAL/IM-0580-0001.jpeg,train,0,NORMAL,1728,1522,123.90404510498047,60.744544982910156
train/NORMAL/IM-0581-0001.jpeg,train,0,NORMAL,1338,1433,121.68681335449219,58.76203918457031
train/NORMAL/IM-0582-0001.jpeg,train,0,NORMAL,2180,1955,107.33506774902344,57.559967041015625
train/NORMAL/IM-0583-0001.jpeg,train,0,NORMAL,1692,1341,121.44327545166016,66.17633056640625
train/NORMAL/IM-0584-0001.jpeg,train,0,NORMAL,1148,908,115.94990539550781,62.031333923339844
train/NORMAL/IM-0586-0001.jpeg,train,0,NORMAL,1812,1476,109.46207427978516,49.93657684326172
train/NORMAL/IM-0588-0001.jpeg,train,0,NORMAL,1488,1017,118.79772186279297,63.98108673095703
train/NORMAL/IM-0590-0001.jpeg,train,0,NORMAL,2056,1673,135.0923309326172,56.25052261352539
train/NORMAL/IM-0592-0001.jpeg,train,0,NORMAL,1932,1712,131.14671325683594,61.89106750488281
train/NORMAL/IM-0593-0001.jpeg,train,0,NORMAL,1728,1333,155.84922790527344,73.6068115234375
train/NORMAL/IM-0595-0001.jpeg,train,0,NORMAL,1924,2102,117.25281524658203,61.64051055908203
train/NORMAL/IM-0596-0001.jpeg,train,0,NORMAL,1430,1141,110.79641723632812,69.37683868408203
train/NORMAL/IM-0598-0001.jpeg,train,0,NORMAL,1518,1302,108.43895721435547,66.65922546386719
train/NORMAL/IM-0599-0001.jpeg,train,0,NORMAL,1550,1144,121.68336486816406,54.36820602416992
train/NORMAL/IM-0600-0001.jpeg,train,0,NORMAL,1832,1488,134.19102478027344,61.748809814453125
train/NORMAL/IM-0601-0001.jpeg,train,0,NORMAL,1858,1680,125.85924530029297,60.258827209472656
train/NORMAL/IM-0602-0001.jpeg,train,0,NORMAL,1350,1062,138.85372924804688,62.19425964355469
train/NORMAL/IM-0604-0001.jpeg,train,0,NORMAL,1724,1353,123.72905731201172,59.478126525878906
train/NORMAL/IM-0605-0001.jpeg,train,0,NORMAL,1396,955,115.7765884399414,63.379150390625
train/NORMAL/IM-0606-0001.jpeg,train,0,NORMAL,1850,1445,126.92184448242188,62.936744689941406
train/NORMAL/IM-0607-0001.jpeg,train,0,NORMAL,1518,1121,109.80489349365234,65.29273223876953
train/NORMAL/IM-0608-0001-0001.jpeg,train,0,NORMAL,1300,928,126.09551239013672,59.964630126953125
train/NORMAL/IM-0608-0001-0002.jpeg,train,0,NORMAL,1580,1604,143.12159729003906,61.50466537475586
train/NORMAL/IM-0608-0001.jpeg,train,0,NORMAL,1852,1403,128.57452392578125,63.70158004760742
train/NORMAL/IM-0609-0001.jpeg,train,0,NORMAL,1394,1257,122.47696685791016,63.41614532470703
train/NORMAL/IM-0612-0001-0001.jpeg,train,0,NORMAL,1488,1094,108.63177490234375,68.75641632080078
train/NORMAL/IM-0612-0001-0002.jpeg,train,0,NORMAL,1466,1175,110.1907958984375,63.624088287353516
train/NORMAL/IM-0612-0001.jpeg,train,0,NORMAL,1460,1279,120.6453857421875,64.89105987548828
train/NORMAL/IM-0613-0001.jpeg,train,0,NORMAL,1732,1662,118.29169464111328,67.89144897460938
train/NORMAL/IM-0614-0001.jpeg,train,0,NORMAL,1750,1480,109.93226623535156,64.84120178222656
train/NORMAL/IM-0616-0001.jpeg,train,0,NORMAL,1792,1422,126.04219818115234,67.10118103027344
train/NORMAL/IM-0617-0001.jpeg,train,0,NORMAL,1622,1383,109.53948974609375,55.42232131958008
train/NORMAL/IM-0618-0001-0001.jpeg,train,0,NORMAL,2292,1893,106.29779052734375,57.58283233642578
train/NORMAL/IM-0618-0001-0002.jpeg,train,0,NORMAL,2178,1970,109.31002044677734,56.71421432495117
train/NORMAL/IM-0618-0001.jpeg,train,0,NORMAL,2078,2047,125.37943267822266,64.38777923583984
train/NORMAL/IM-0619-0001.jpeg,train,0,NORMAL,1554,1345,138.32211303710938,62.21118927001953
train/NORMAL/IM-0620-0001-0001.jpeg,train,0,NORMAL,1832,1472,129.2176971435547,59.80719757080078
train/NORMAL/IM-0620-0001-0002.jpeg,train,0,NORMAL,1512,1302,131.6174774169922,56.534976959228516
train/NORMAL/IM-0620-0001.jpeg,train,0,NORMAL,1514,1395,126.63031005859375,56.85395050048828
train/NORMAL/IM-0621-0001.jpeg,train,0,NORMAL,1524,1171,91.69157409667969,47.67283630371094
train/NORMAL/IM-0622-0001-0001.jpeg,train,0,NORMAL,1598,1197,119.15155029296875,63.87681579589844
train/NORMAL/IM-0622-0001-0002.jpeg,train,0,NORMAL,1626,1268,118.7257080078125,64.44390869140625
train/NORMAL/IM-0622-0001.jpeg,train,0,NORMAL,1840,1507,114.10420227050781,70.10311126708984
train/NORMAL/IM-0624-0001-0002.jpeg,train,0,NORMAL,1690,1334,108.66960144042969,59.48966979980469
train/NORMAL/IM-0624-0001.jpeg,train,0,NORMAL,1630,1333,113.85818481445312,62.2402229309082
train/NORMAL/IM-0625-0001.jpeg,train,0,NORMAL,1678,1229,133.522705078125,58.425376892089844
train/NORMAL/IM-0626-0001-0002.jpeg,train,0,NORMAL,1728,1249,112.77962493896484,59.751800537109375
train/NORMAL/IM-0627-0001.jpeg,train,0,NORMAL,1802,1514,122.14701843261719,62.176422119140625
train/NORMAL/IM-0628-0001.jpeg,train,0,NORMAL,2012,1457,144.7733612060547,52.5795783996582
train/NORMAL/IM-0629-0001-0002.jpeg,train,0,NORMAL,1804,1510,118.0958251953125,61.474891662597656
train/NORMAL/IM-0629-0001-0003.jpeg,train,0,NORMAL,1874,1735,123.17643737792969,56.88561248779297
train/NORMAL/IM-0630-0001.jpeg,train,0,NORMAL,1956,1634,129.20985412597656,49.055843353271484
train/NORMAL/IM-0631-0001-0001.jpeg,train,0,NORMAL,1744,1337,129.15284729003906,67.05948638916016
train/NORMAL/IM-0631-0001-0002.jpeg,train,0,NORMAL,1738,1430,124.03785705566406,66.8804931640625
train/NORMAL/IM-0631-0001.jpeg,train,0,NORMAL,1746,1279,137.02296447753906,62.27447509765625
train/NORMAL/IM-0632-0001.jpeg,train,0,NORMAL,1438,1067,124.84532165527344,61.54650115966797
train/NORMAL/IM-0633-0001.jpeg,train,0,NORMAL,1836,1719,120.6352310180664,62.383243560791016
train/NORMAL/IM-0634-0001.jpeg,train,0,NORMAL,1500,1051,142.71719360351562,59.262935638427734
train/NORMAL/IM-0636-0001.jpeg,train,0,NORMAL,1766,1611,129.6277313232422,58.3865966796875
train/NORMAL/IM-0637-0001.jpeg,train,0,NORMAL,1746,1442,112.46102905273438,58.11915588378906
train/NORMAL/IM-0640-0001-0001.jpeg,train,0,NORMAL,1462,1140,111.73568725585938,55.9163703918457
train/NORMAL/IM-0640-0001-0002.jpeg,train,0,NORMAL,1470,1248,127.03443145751953,59.00385665893555
train/NORMAL/IM-0640-0001.jpeg,train,0,NORMAL,1642,1221,131.37669372558594,61.81001281738281
train/NORMAL/IM-0641-0001.jpeg,train,0,NORMAL,1858,1480,132.37794494628906,60.895023345947266
train/NORMAL/IM-0642-0001.jpeg,train,0,NORMAL,1508,1052,130.1197509765625,61.182682037353516
train/NORMAL/IM-0643-0001.jpeg,train,0,NORMAL,2348,1851,132.0498504638672,72.26151275634766
train/NORMAL/IM-0644-0001-0001.jpeg,train,0,NORMAL,1284,1020,129.84658813476562,61.27891159057617
train/NORMAL/IM-0644-0001.jpeg,train,0,NORMAL,1414,1086,125.98765563964844,67.0249252319336
train/NORMAL/IM-0645-0001.jpeg,train,0,NORMAL,2048,1777,140.0138702392578,62.64464569091797
train/NORMAL/IM-0646-0001.jpeg,train,0,NORMAL,1630,1179,130.14292907714844,65.02983093261719
train/NORMAL/IM-0648-0001.jpeg,train,0,NORMAL,1604,1279,139.16558837890625,56.30665588378906
train/NORMAL/IM-0649-0001.jpeg,train,0,NORMAL,1512,1005,117.68568420410156,64.92919158935547
train/NORMAL/IM-0650-0001-0001.jpeg,train,0,NORMAL,1682,1341,110.29708862304688,65.73309326171875
train/NORMAL/IM-0650-0001.jpeg,train,0,NORMAL,1620,1159,135.18643188476562,66.1070327758789
train/NORMAL/IM-0651-0001.jpeg,train,0,NORMAL,1126,1012,115.4200439453125,58.059059143066406
train/NORMAL/IM-0652-0001-0002.jpeg,train,0,NORMAL,1512,1237,130.9877471923828,65.0086898803711
train/NORMAL/IM-0652-0001.jpeg,train,0,NORMAL,2480,1924,91.43010711669922,56.51437759399414
train/NORMAL/IM-0654-0001.jpeg,train,0,NORMAL,1790,1519,146.37567138671875,58.256195068359375
train/NORMAL/IM-0655-0001.jpeg,train,0,NORMAL,2134,1827,120.11194610595703,68.22794342041016
train/NORMAL/IM-0656-0001-0001.jpeg,train,0,NORMAL,2194,1966,148.2681427001953,59.90608596801758
train/NORMAL/IM-0656-0001-0002.jpeg,train,0,NORMAL,1624,1299,114.02470397949219,67.7841567993164
train/NORMAL/IM-0656-0001.jpeg,train,0,NORMAL,1504,1395,129.68687438964844,65.19740295410156
train/NORMAL/IM-0658-0001.jpeg,train,0,NORMAL,1800,1723,137.51144409179688,66.22171783447266
train/NORMAL/IM-0659-0001.jpeg,train,0,NORMAL,1566,1271,121.58719635009766,61.86347579956055
train/NORMAL/IM-0660-0001-0001.jpeg,train,0,NORMAL,1330,1132,125.8020248413086,55.22637176513672
train/NORMAL/IM-0660-0001-0002.jpeg,train,0,NORMAL,1654,1688,104.38165283203125,67.31182861328125
train/NORMAL/IM-0660-0001.jpeg,train,0,NORMAL,1680,1642,123.54080963134766,60.184608459472656
train/NORMAL/IM-0662-0001.jpeg,train,0,NORMAL,1538,1179,126.51243591308594,67.90789031982422
train/NORMAL/IM-0664-0001.jpeg,train,0,NORMAL,2016,1603,116.46907806396484,70.8106918334961
train/NORMAL/IM-0665-0001.jpeg,train,0,NORMAL,1364,1179,124.36074829101562,50.872013092041016
train/NORMAL/IM-0666-0001-0001.jpeg,train,0,NORMAL,1748,1442,124.61050415039062,67.1435546875
train/NORMAL/IM-0666-0001-0002.jpeg,train,0,NORMAL,1480,1306,133.53211975097656,55.569908142089844
train/NORMAL/IM-0666-0001.jpeg,train,0,NORMAL,2418,2260,118.25269317626953,65.46887969970703
train/NORMAL/IM-0667-0001.jpeg,train,0,NORMAL,1754,1615,119.7612533569336,61.91189956665039
train/NORMAL/IM-0668-0001.jpeg,train,0,NORMAL,1596,1306,127.32157897949219,67.28628540039062
train/NORMAL/IM-0669-0001.jpeg,train,0,NORMAL,1458,1074,112.72521209716797,61.7700080871582
train/NORMAL/IM-0670-0001.jpeg,train,0,NORMAL,2434,2418,120.63365936279297,64.79042053222656
train/NORMAL/IM-0672-0001.jpeg,train,0,NORMAL,2018,1920,116.56658172607422,59.524417877197266
train/NORMAL/IM-0673-0001.jpeg,train,0,NORMAL,1364,1136,134.86390686035156,50.01089096069336
train/NORMAL/IM-0674-0001.jpeg,train,0,NORMAL,1870,1380,119.29314422607422,57.69734191894531
train/NORMAL/IM-0676-0001.jpeg,train,0,NORMAL,1752,1160,119.45972442626953,60.54515838623047
train/NORMAL/IM-0677-0001.jpeg,train,0,NORMAL,1604,1202,135.93487548828125,65.69295501708984
train/NORMAL/IM-0678-0001.jpeg,train,0,NORMAL,1792,1611,137.07241821289062,55.12437057495117
train/NORMAL/IM-0679-0001.jpeg,train,0,NORMAL,1368,1151,112.71951293945312,62.2681884765625
train/NORMAL/IM-0680-0001.jpeg,train,0,NORMAL,1530,1078,101.00382995605469,55.71932601928711
train/NORMAL/IM-0681-0001.jpeg,train,0,NORMAL,1496,1074,119.2640151977539,58.09423065185547
train/NORMAL/IM-0682-0001.jpeg,train,0,NORMAL,1948,1670,130.1759490966797,59.96488952636719
train/NORMAL/IM-0683-0001.jpeg,train,0,NORMAL,1674,1144,127.62169647216797,78.14067077636719
train/NORMAL/IM-0684-0001.jpeg,train,0,NORMAL,2078,1801,118.89933776855469,55.895057678222656
train/NORMAL/IM-0685-0001.jpeg,train,0,NORMAL,1530,1279,95.21405029296875,56.63474655151367
train/NORMAL/IM-0686-0001.jpeg,train,0,NORMAL,1160,897,112.00286865234375,50.81081771850586
train/NORMAL/IM-0687-0001.jpeg,train,0,NORMAL,1554,1298,127.69525909423828,49.60018539428711
train/NORMAL/IM-0688-0001.jpeg,train,0,NORMAL,1514,1310,114.0627670288086,61.37968826293945
train/NORMAL/IM-0689-0001.jpeg,train,0,NORMAL,1454,1229,117.62681579589844,55.17974090576172
train/NORMAL/IM-0691-0001.jpeg,train,0,NORMAL,1284,893,126.10945129394531,59.534210205078125
train/NORMAL/IM-0693-0001.jpeg,train,0,NORMAL,1118,932,115.09296417236328,53.122337341308594
train/NORMAL/IM-0694-0001.jpeg,train,0,NORMAL,1820,1410,121.84268951416016,61.49448013305664
train/NORMAL/IM-0695-0001.jpeg,train,0,NORMAL,1828,1437,118.26921844482422,57.42450714111328
train/NORMAL/IM-0696-0001.jpeg,train,0,NORMAL,1064,842,104.50750732421875,62.955726623535156
train/NORMAL/IM-0697-0001.jpeg,train,0,NORMAL,1538,1353,112.85562133789062,61.0830192565918
train/NORMAL/IM-0698-0001.jpeg,train,0,NORMAL,1952,1777,119.28173828125,64.38521575927734
train/NORMAL/IM-0700-0001.jpeg,train,0,NORMAL,1994,1865,111.72570037841797,63.03974151611328
train/NORMAL/IM-0701-0001.jpeg,train,0,NORMAL,1576,1272,108.31643676757812,62.053504943847656
train/NORMAL/IM-0702-0001.jpeg,train,0,NORMAL,1968,1484,123.47569274902344,64.44877624511719
train/NORMAL/IM-0704-0001.jpeg,train,0,NORMAL,1596,1248,128.4307098388672,63.1264533996582
train/NORMAL/IM-0705-0001.jpeg,train,0,NORMAL,1734,1426,115.28206634521484,65.50032806396484
train/NORMAL/IM-0706-0001.jpeg,train,0,NORMAL,1454,1160,130.37738037109375,60.13243865966797
train/NORMAL/IM-0707-0001.jpeg,train,0,NORMAL,1712,1430,132.4063720703125,62.144615173339844
train/NORMAL/IM-0709-0001.jpeg,train,0,NORMAL,1570,1272,126.4752426147461,64.46890258789062
train/NORMAL/IM-0711-0001.jpeg,train,0,NORMAL,1596,1306,110.24203491210938,60.68888473510742
train/NORMAL/IM-0712-0001.jpeg,train,0,NORMAL,1882,1557,119.29647064208984,64.36442565917969
train/NORMAL/IM-0713-0001.jpeg,train,0,NORMAL,1636,1329,107.03671264648438,58.886871337890625
train/NORMAL/IM-0714-0001.jpeg,train,0,NORMAL,1728,1260,97.56465911865234,68.60193634033203
train/NORMAL/IM-0715-0001.jpeg,train,0,NORMAL,1546,1105,105.10258483886719,64.7697982788086
train/NORMAL/IM-0721-0001.jpeg,train,0,NORMAL,1434,1310,121.59519958496094,57.65791702270508
train/NORMAL/IM-0722-0001.jpeg,train,0,NORMAL,1662,1403,118.78005981445312,64.27902221679688
train/NORMAL/IM-0724-0001.jpeg,train,0,NORMAL,1840,1341,109.67595672607422,63.799827575683594
train/NORMAL/IM-0727-0001.jpeg,train,0,NORMAL,1400,1190,121.94213104248047,49.75107955932617
train/NORMAL/IM-0728-0001.jpeg,train,0,NORMAL,1574,1229,115.69078063964844,52.696468353271484
train/NORMAL/IM-0729-0001.jpeg,train,0,NORMAL,1572,1194,121.88709259033203,58.19074630737305
train/NORMAL/IM-0730-0001.jpeg,train,0,NORMAL,1310,951,99.92182159423828,54.9046745300293
train/NORMAL/IM-0732-0001.jpeg,train,0,NORMAL,1296,800,97.05108642578125,55.4904670715332
train/NORMAL/IM-0733-0001.jpeg,train,0,NORMAL,1430,1194,122.00001525878906,60.919490814208984
train/NORMAL/IM-0734-0001.jpeg,train,0,NORMAL,2572,2476,121.05073547363281,60.358314514160156
train/NORMAL/IM-0735-0001.jpeg,train,0,NORMAL,1654,1051,110.71745300292969,59.19648742675781
train/NORMAL/IM-0737-0001.jpeg,train,0,NORMAL,1384,1121,127.48509216308594,60.08907699584961
train/NORMAL/IM-0738-0001.jpeg,train,0,NORMAL,1546,1314,116.74182891845703,63.40745162963867
train/NORMAL/IM-0739-0001.jpeg,train,0,NORMAL,1114,815,116.81558227539062,50.10346984863281
train/NORMAL/IM-0740-0001.jpeg,train,0,NORMAL,1840,1283,99.79939270019531,59.37532424926758
train/NORMAL/IM-0741-0001.jpeg,train,0,NORMAL,1256,1097,96.05046844482422,64.60482025146484
train/NORMAL/IM-0742-0001.jpeg,train,0,NORMAL,1670,1302,97.97830200195312,55.49697494506836
train/NORMAL/IM-0746-0001.jpeg,train,0,NORMAL,1712,1259,117.9417495727539,62.697998046875
train/NORMAL/IM-0747-0001.jpeg,train,0,NORMAL,1604,1171,113.65412902832031,52.372623443603516
train/NORMAL/IM-0748-0001.jpeg,train,0,NORMAL,1844,1573,129.87574768066406,59.901573181152344
train/NORMAL/IM-0750-0001.jpeg,train,0,NORMAL,1198,978,96.0450439453125,58.73307418823242
train/NORMAL/IM-0751-0001.jpeg,train,0,NORMAL,1488,1136,119.11143493652344,59.89111328125
train/NORMAL/IM-0752-0001.jpeg,train,0,NORMAL,1438,1144,121.89457702636719,58.3921012878418
train/NORMAL/IM-0753-0001.jpeg,train,0,NORMAL,1518,1097,117.7309341430664,58.15024185180664
train/NORMAL/IM-0754-0001.jpeg,train,0,NORMAL,1782,1460,125.15877532958984,56.76192855834961
train/NORMAL/IM-0757-0001.jpeg,train,0,NORMAL,1284,1086,121.19908142089844,62.10249710083008
train/NORMAL/IM-0761-0001.jpeg,train,0,NORMAL,1348,1028,123.1719741821289,54.682804107666016
train/NORMAL/IM-0764-0001.jpeg,train,0,NORMAL,1620,1480,85.3325424194336,62.308773040771484
train/NORMAL/IM-0766-0001.jpeg,train,0,NORMAL,2252,1913,135.32846069335938,61.226802825927734
train/NORMAL/NORMAL2-IM-0383-0001.jpeg,train,0,NORMAL,1882,1480,101.54647064208984,66.93367004394531
train/NORMAL/NORMAL2-IM-0384-0001.jpeg,train,0,NORMAL,1268,924,113.03158569335938,57.62393569946289
train/NORMAL/NORMAL2-IM-0385-0001.jpeg,train,0,NORMAL,1676,1391,125.70465087890625,60.96110534667969
train/NORMAL/NORMAL2-IM-0388-0001.jpeg,train,0,NORMAL,1388,1009,138.02435302734375,56.36086654663086
train/NORMAL/NORMAL2-IM-0389-0001.jpeg,train,0,NORMAL,1484,1136,124.23125457763672,52.475372314453125
train/NORMAL/NORMAL2-IM-0390-0001.jpeg,train,0,NORMAL,2434,2376,108.64187622070312,67.01046752929688
train/NORMAL/NORMAL2-IM-0391-0001.jpeg,train,0,NORMAL,1582,1582,86.68170166015625,71.22860717773438
train/NORMAL/NORMAL2-IM-0392-0001.jpeg,train,0,NORMAL,1546,1414,120.25480651855469,64.87071228027344
train/NORMAL/NORMAL2-IM-0393-0001.jpeg,train,0,NORMAL,1410,1106,113.37943267822266,56.3661994934082
train/NORMAL/NORMAL2-IM-0394-0001.jpeg,train,0,NORMAL,1588,1144,132.40789794921875,54.31468963623047
train/NORMAL/NORMAL2-IM-0395-0001-0002.jpeg,train,0,NORMAL,1416,1148,114.33174133300781,63.21017074584961
train/NORMAL/NORMAL2-IM-0395-0001.jpeg,train,0,NORMAL,1464,1167,96.24462127685547,56.532386779785156
train/NORMAL/NORMAL2-IM-0396-0001.jpeg,train,0,NORMAL,1882,1653,99.73109436035156,50.98853302001953
train/NORMAL/NORMAL2-IM-0399-0001.jpeg,train,0,NORMAL,1546,1399,135.02285766601562,55.87379455566406
train/NORMAL/NORMAL2-IM-0401-0001.jpeg,train,0,NORMAL,1898,1854,131.89224243164062,61.667762756347656
train/NORMAL/NORMAL2-IM-0402-0001.jpeg,train,0,NORMAL,1666,1252,106.00369262695312,63.287357330322266
train/NORMAL/NORMAL2-IM-0403-0001.jpeg,train,0,NORMAL,1476,1013,117.06018829345703,64.68251037597656
train/NORMAL/NORMAL2-IM-0404-0001.jpeg,train,0,NORMAL,1532,1256,135.7024383544922,56.18862533569336
train/NORMAL/NORMAL2-IM-0406-0001.jpeg,train,0,NORMAL,1470,1043,90.75141906738281,48.09992980957031
train/NORMAL/NORMAL2-IM-0407-0001.jpeg,train,0,NORMAL,1690,1368,106.45348358154297,65.40272521972656
train/NORMAL/NORMAL2-IM-0408-0001.jpeg,train,0,NORMAL,1978,1766,115.07550811767578,67.37422943115234
train/NORMAL/NORMAL2-IM-0409-0001.jpeg,train,0,NORMAL,1542,1310,128.02755737304688,61.67857360839844
train/NORMAL/NORMAL2-IM-0410-0001.jpeg,train,0,NORMAL,1372,1070,130.78260803222656,65.08777618408203
train/NORMAL/NORMAL2-IM-0412-0001.jpeg,train,0,NORMAL,1450,1210,125.35721588134766,44.327762603759766
train/NORMAL/NORMAL2-IM-0413-0001.jpeg,train,0,NORMAL,2106,1986,132.42987060546875,64.75727844238281
train/NORMAL/NORMAL2-IM-0414-0001.jpeg,train,0,NORMAL,1778,1754,116.05358123779297,59.66101837158203
train/NORMAL/NORMAL2-IM-0415-0001.jpeg,train,0,NORMAL,1524,1410,131.70217895507812,57.60927200317383
train/NORMAL/NORMAL2-IM-0416-0001-0002.jpeg,train,0,NORMAL,1844,1272,116.39192962646484,51.20004653930664
train/NORMAL/NORMAL2-IM-0416-0001.jpeg,train,0,NORMAL,1624,1341,124.88619232177734,65.81364440917969
train/NORMAL/NORMAL2-IM-0417-0001.jpeg,train,0,NORMAL,2302,1514,112.27581024169922,64.78234100341797
train/NORMAL/NORMAL2-IM-0418-0001.jpeg,train,0,NORMAL,1530,1299,103.33415985107422,62.081974029541016
train/NORMAL/NORMAL2-IM-0421-0001.jpeg,train,0,NORMAL,1804,1453,134.69520568847656,63.33560562133789
train/NORMAL/NORMAL2-IM-0423-0001.jpeg,train,0,NORMAL,1816,1534,122.95232391357422,66.74559020996094
train/NORMAL/NORMAL2-IM-0424-0001.jpeg,train,0,NORMAL,1538,1205,130.721435546875,56.47287368774414
train/NORMAL/NORMAL2-IM-0425-0001.jpeg,train,0,NORMAL,2101,1606,137.5098876953125,71.6111831665039
train/NORMAL/NORMAL2-IM-0427-0001.jpeg,train,0,NORMAL,1574,1225,124.83036041259766,63.84223556518555
train/NORMAL/NORMAL2-IM-0428-0001.jpeg,train,0,NORMAL,1692,1221,107.88922882080078,60.729225158691406
train/NORMAL/NORMAL2-IM-0429-0001.jpeg,train,0,NORMAL,1572,1389,154.8162384033203,60.311073303222656
train/NORMAL/NORMAL2-IM-0433-0001.jpeg,train,0,NORMAL,1546,1255,118.57587432861328,61.01009750366211
train/NORMAL/NORMAL2-IM-0439-0001.jpeg,train,0,NORMAL,1808,1666,133.10911560058594,55.00977325439453
train/NORMAL/NORMAL2-IM-0440-0001.jpeg,train,0,NORMAL,1516,1295,131.80409240722656,54.686302185058594
train/NORMAL/NORMAL2-IM-0448-0001.jpeg,train,0,NORMAL,1774,1225,130.01927185058594,66.27140808105469
train/NORMAL/NORMAL2-IM-0449-0001.jpeg,train,0,NORMAL,1284,1013,112.1625747680664,59.68268585205078
train/NORMAL/NORMAL2-IM-0450-0001.jpeg,train,0,NORMAL,1622,1422,119.32591247558594,65.24748992919922
train/NORMAL/NORMAL2-IM-0451-0001.jpeg,train,0,NORMAL,1574,1043,106.68844604492188,67.58903503417969
train/NORMAL/NORMAL2-IM-0452-0001.jpeg,train,0,NORMAL,1454,978,124.82858276367188,65.85481262207031
train/NORMAL/NORMAL2-IM-0453-0001.jpeg,train,0,NORMAL,1434,1179,111.64834594726562,58.99330520629883
train/NORMAL/NORMAL2-IM-0454-0001.jpeg,train,0,NORMAL,1650,1341,121.71283721923828,63.72594451904297
train/NORMAL/NORMAL2-IM-0455-0001.jpeg,train,0,NORMAL,1928,1631,121.87004852294922,60.99090576171875
train/NORMAL/NORMAL2-IM-0456-0001.jpeg,train,0,NORMAL,1368,1079,112.29901885986328,56.46173858642578
train/NORMAL/NORMAL2-IM-0458-0001.jpeg,train,0,NORMAL,1558,1106,100.96517944335938,60.38228988647461
train/NORMAL/NORMAL2-IM-0462-0001.jpeg,train,0,NORMAL,1684,1240,128.191162109375,60.439212799072266
train/NORMAL/NORMAL2-IM-0463-0001.jpeg,train,0,NORMAL,1646,1121,123.22068786621094,64.35478210449219
train/NORMAL/NORMAL2-IM-0464-0001.jpeg,train,0,NORMAL,1662,1214,124.89820861816406,63.691558837890625
train/NORMAL/NORMAL2-IM-0466-0001.jpeg,train,0,NORMAL,2346,2032,100.8849868774414,69.07560729980469
train/NORMAL/NORMAL2-IM-0468-0001.jpeg,train,0,NORMAL,1114,850,124.30648803710938,60.87348556518555
train/NORMAL/NORMAL2-IM-0472-0001.jpeg,train,0,NORMAL,1670,1330,123.26022338867188,61.94429016113281
train/NORMAL/NORMAL2-IM-0473-0001.jpeg,train,0,NORMAL,1418,1121,115.80528259277344,66.65586853027344
train/NORMAL/NORMAL2-IM-0474-0001.jpeg,train,0,NORMAL,1728,1619,139.3892059326172,57.0681266784668
train/NORMAL/NORMAL2-IM-0475-0001.jpeg,train,0,NORMAL,1512,1225,139.7340850830078,51.86027526855469
train/NORMAL/NORMAL2-IM-0476-0001.jpeg,train,0,NORMAL,1588,1337,124.99807739257812,50.956085205078125
train/NORMAL/NORMAL2-IM-0478-0001.jpeg,train,0,NORMAL,1724,1638,113.78392028808594,62.38808059692383
train/NORMAL/NORMAL2-IM-0479-0001.jpeg,train,0,NORMAL,1480,1256,109.03082275390625,64.03764343261719
train/NORMAL/NORMAL2-IM-0480-0001.jpeg,train,0,NORMAL,1878,1729,141.10520935058594,67.0520248413086
train/NORMAL/NORMAL2-IM-0481-0001.jpeg,train,0,NORMAL,1956,1596,131.17649841308594,62.513755798339844
train/NORMAL/NORMAL2-IM-0482-0001.jpeg,train,0,NORMAL,2048,1804,117.53426361083984,64.46381378173828
train/NORMAL/NORMAL2-IM-0485-0001.jpeg,train,0,NORMAL,1120,904,126.45584106445312,57.881595611572266
train/NORMAL/NORMAL2-IM-0486-0001.jpeg,train,0,NORMAL,1214,1106,113.99188232421875,56.40258026123047
train/NORMAL/NORMAL2-IM-0487-0001.jpeg,train,0,NORMAL,1238,874,108.53952026367188,54.76664733886719
train/NORMAL/NORMAL2-IM-0488-0001.jpeg,train,0,NORMAL,1298,959,130.00791931152344,48.92257308959961
train/NORMAL/NORMAL2-IM-0489-0001.jpeg,train,0,NORMAL,1700,1302,130.57022094726562,60.07123565673828
train/NORMAL/NORMAL2-IM-0491-0001.jpeg,train,0,NORMAL,1808,1604,111.30830383300781,66.33586120605469
train/NORMAL/NORMAL2-IM-0496-0001.jpeg,train,0,NORMAL,1716,1202,119.86430358886719,62.81886672973633
train/NORMAL/NORMAL2-IM-0497-0001.jpeg,train,0,NORMAL,1434,1411,129.07020568847656,57.67978286743164
train/NORMAL/NORMAL2-IM-0500-0001.jpeg,train,0,NORMAL,1442,1152,108.67992401123047,62.181610107421875
train/NORMAL/NORMAL2-IM-0501-0001.jpeg,train,0,NORMAL,1782,1503,127.99321746826172,58.73472213745117
train/NORMAL/NORMAL2-IM-0502-0001.jpeg,train,0,NORMAL,1454,1183,124.13782501220703,60.033084869384766
train/NORMAL/NORMAL2-IM-0503-0001.jpeg,train,0,NORMAL,1658,1465,127.68203735351562,54.35029602050781
train/NORMAL/NORMAL2-IM-0506-0001.jpeg,train,0,NORMAL,1762,1399,138.81776428222656,59.406471252441406
train/NORMAL/NORMAL2-IM-0507-0001.jpeg,train,0,NORMAL,1658,1407,123.44806671142578,69.16203308105469
train/NORMAL/NORMAL2-IM-0508-0001.jpeg,train,0,NORMAL,1422,1066,110.07571411132812,66.86018371582031
train/NORMAL/NORMAL2-IM-0509-0001.jpeg,train,0,NORMAL,1904,1534,115.54734802246094,71.59629821777344
train/NORMAL/NORMAL2-IM-0511-0001.jpeg,train,0,NORMAL,1924,1356,107.91387939453125,51.71003341674805
train/NORMAL/NORMAL2-IM-0512-0001.jpeg,train,0,NORMAL,1376,1229,132.85443115234375,56.27351760864258
train/NORMAL/NORMAL2-IM-0513-0001.jpeg,train,0,NORMAL,1986,1604,128.59799194335938,62.933536529541016
train/NORMAL/NORMAL2-IM-0517-0001.jpeg,train,0,NORMAL,1542,1032,112.353271484375,64.01589965820312
train/NORMAL/NORMAL2-IM-0518-0001.jpeg,train,0,NORMAL,1650,1217,125.35569763183594,67.17015838623047
train/NORMAL/NORMAL2-IM-0521-0001.jpeg,train,0,NORMAL,1952,1496,110.19912719726562,65.38031768798828
train/NORMAL/NORMAL2-IM-0522-0001.jpeg,train,0,NORMAL,1198,1032,116.54153442382812,61.265201568603516
train/NORMAL/NORMAL2-IM-0523-0001.jpeg,train,0,NORMAL,1914,1581,143.260009765625,58.876407623291016
train/NORMAL/NORMAL2-IM-0525-0001.jpeg,train,0,NORMAL,1929,1802,143.83871459960938,76.28129577636719
train/NORMAL/NORMAL2-IM-0526-0001.jpeg,train,0,NORMAL,1422,1128,119.10401916503906,51.85780334472656
train/NORMAL/NORMAL2-IM-0528-0001.jpeg,train,0,NORMAL,1628,1314,120.64904022216797,65.4245834350586
train/NORMAL/NORMAL2-IM-0530-0001.jpeg,train,0,NORMAL,2186,2086,129.84317016601562,60.2259635925293
train/NORMAL/NORMAL2-IM-0531-0001.jpeg,train,0,NORMAL,1744,1345,96.19200897216797,49.84817886352539
train/NORMAL/NORMAL2-IM-0533-0001.jpeg,train,0,NORMAL,1924,1797,121.59386444091797,59.49575424194336
train/NORMAL/NORMAL2-IM-0535-0001-0002.jpeg,train,0,NORMAL,1192,862,120.78910827636719,60.3198356628418
train/NORMAL/NORMAL2-IM-0535-0001.jpeg,train,0,NORMAL,1682,1519,112.53655242919922,61.909271240234375
train/NORMAL/NORMAL2-IM-0536-0001.jpeg,train,0,NORMAL,1400,1120,132.014404296875,64.83954620361328
train/NORMAL/NORMAL2-IM-0537-0001.jpeg,train,0,NORMAL,2458,1870,115.40548706054688,68.61739349365234
train/NORMAL/NORMAL2-IM-0539-0001.jpeg,train,0,NORMAL,1845,1761,154.9535675048828,59.830169677734375
train/NORMAL/NORMAL2-IM-0540-0001.jpeg,train,0,NORMAL,1970,1554,133.6959686279297,59.930763244628906
train/NORMAL/NORMAL2-IM-0543-0001.jpeg,train,0,NORMAL,1410,1244,129.55836486816406,58.79920196533203
train/NORMAL/NORMAL2-IM-0545-0001.jpeg,train,0,NORMAL,2006,1878,130.03256225585938,67.4167251586914
train/NORMAL/NORMAL2-IM-0547-0001.jpeg,train,0,NORMAL,2068,1982,116.46910095214844,65.38995361328125
train/NORMAL/NORMAL2-IM-0550-0001.jpeg,train,0,NORMAL,1404,1333,119.4700698852539,58.831459045410156
train/NORMAL/NORMAL2-IM-0551-0001.jpeg,train,0,NORMAL,1729,1668,132.84182739257812,67.19932556152344
train/NORMAL/NORMAL2-IM-0553-0001.jpeg,train,0,NORMAL,1708,1248,118.25609588623047,56.803165435791016
train/NORMAL/NORMAL2-IM-0554-0001.jpeg,train,0,NORMAL,1180,885,132.2936248779297,62.12064743041992
train/NORMAL/NORMAL2-IM-0555-0001-0001.jpeg,train,0,NORMAL,2056,2206,116.08137512207031,62.78105926513672
train/NORMAL/NORMAL2-IM-0555-0001.jpeg,train,0,NORMAL,1302,958,140.0874481201172,63.29148483276367
train/NORMAL/NORMAL2-IM-0557-0001.jpeg,train,0,NORMAL,1812,1325,122.51596069335938,60.94668197631836
train/NORMAL/NORMAL2-IM-0558-0001.jpeg,train,0,NORMAL,1110,944,122.62970733642578,56.142276763916016
train/NORMAL/NORMAL2-IM-0559-0001.jpeg,train,0,NORMAL,1767,1869,130.27247619628906,57.16232681274414
train/NORMAL/NORMAL2-IM-0561-0001.jpeg,train,0,NORMAL,1650,1214,111.36083221435547,68.43504333496094
train/NORMAL/NORMAL2-IM-0563-0001.jpeg,train,0,NORMAL,1546,1425,128.25125122070312,59.130374908447266
train/NORMAL/NORMAL2-IM-0564-0001.jpeg,train,0,NORMAL,1554,1198,113.33322143554688,62.386722564697266
train/NORMAL/NORMAL2-IM-0566-0001.jpeg,train,0,NORMAL,1608,1195,126.92090606689453,58.594512939453125
train/NORMAL/NORMAL2-IM-0567-0001.jpeg,train,0,NORMAL,1962,2169,106.2767562866211,60.81658172607422
train/NORMAL/NORMAL2-IM-0568-0001.jpeg,train,0,NORMAL,1796,1696,125.43303680419922,60.14595413208008
train/NORMAL/NORMAL2-IM-0569-0001.jpeg,train,0,NORMAL,1724,1160,132.05853271484375,57.02594757080078
train/NORMAL/NORMAL2-IM-0571-0001.jpeg,train,0,NORMAL,2124,1630,122.48765563964844,68.23551940917969
train/NORMAL/NORMAL2-IM-0573-0001.jpeg,train,0,NORMAL,1696,1568,134.021240234375,56.399654388427734
train/NORMAL/NORMAL2-IM-0575-0001.jpeg,train,0,NORMAL,1688,1469,138.149658203125,56.680145263671875
train/NORMAL/NORMAL2-IM-0576-0001.jpeg,train,0,NORMAL,1688,1422,125.78543090820312,56.85729217529297
train/NORMAL/NORMAL2-IM-0577-0001.jpeg,train,0,NORMAL,1866,1654,125.28264617919922,61.55136489868164
train/NORMAL/NORMAL2-IM-0580-0001.jpeg,train,0,NORMAL,1724,1588,130.8296356201172,52.80393981933594
train/NORMAL/NORMAL2-IM-0582-0001.jpeg,train,0,NORMAL,1484,1190,117.03274536132812,64.90162658691406
train/NORMAL/NORMAL2-IM-0585-0001.jpeg,train,0,NORMAL,1848,1848,93.60363006591797,65.67625427246094
train/NORMAL/NORMAL2-IM-0587-0001-0001.jpeg,train,0,NORMAL,2428,2540,164.1368408203125,67.10227966308594
train/NORMAL/NORMAL2-IM-0587-0001-0002.jpeg,train,0,NORMAL,2428,2540,164.1368408203125,67.10227966308594
train/NORMAL/NORMAL2-IM-0587-0001.jpeg,train,0,NORMAL,1504,1206,130.822021484375,56.88957977294922
train/NORMAL/NORMAL2-IM-0588-0001.jpeg,train,0,NORMAL,1218,808,103.56668090820312,58.00373458862305
train/NORMAL/NORMAL2-IM-0589-0001.jpeg,train,0,NORMAL,1622,1272,99.79253387451172,65.69733428955078
train/NORMAL/NORMAL2-IM-0592-0001.jpeg,train,0,NORMAL,1450,1210,137.82823181152344,63.13978576660156
train/NORMAL/NORMAL2-IM-0594-0001.jpeg,train,0,NORMAL,1852,1442,125.26557922363281,72.26203155517578
train/NORMAL/NORMAL2-IM-0595-0001.jpeg,train,0,NORMAL,1318,1082,134.86129760742188,56.84611892700195
train/NORMAL/NORMAL2-IM-0596-0001.jpeg,train,0,NORMAL,1496,1314,133.6277618408203,57.16340255737305
train/NORMAL/NORMAL2-IM-0599-0001.jpeg,train,0,NORMAL,1484,1036,125.26290893554688,60.14787292480469
train/NORMAL/NORMAL2-IM-0601-0001.jpeg,train,0,NORMAL,1906,1909,116.50042724609375,63.75869369506836
train/NORMAL/NORMAL2-IM-0602-0001.jpeg,train,0,NORMAL,2619,2628,137.73345947265625,69.63491821289062
train/NORMAL/NORMAL2-IM-0604-0001.jpeg,train,0,NORMAL,1700,1437,114.47045135498047,63.23527908325195
train/NORMAL/NORMAL2-IM-0609-0001.jpeg,train,0,NORMAL,1852,1943,120.45789337158203,62.71937942504883
train/NORMAL/NORMAL2-IM-0616-0001.jpeg,train,0,NORMAL,1456,1279,145.0113525390625,48.02947998046875
train/NORMAL/NORMAL2-IM-0617-0001.jpeg,train,0,NORMAL,1692,1383,126.19125366210938,48.95436477661133
train/NORMAL/NORMAL2-IM-0618-0001.jpeg,train,0,NORMAL,1534,1121,119.96546936035156,63.235591888427734
train/NORMAL/NORMAL2-IM-0619-0001.jpeg,train,0,NORMAL,1566,1465,101.05229949951172,52.732452392578125
train/NORMAL/NORMAL2-IM-0620-0001.jpeg,train,0,NORMAL,1736,1785,130.42454528808594,63.92249298095703
train/NORMAL/NORMAL2-IM-0623-0001.jpeg,train,0,NORMAL,1808,1542,109.78874206542969,55.74237823486328
train/NORMAL/NORMAL2-IM-0626-0001.jpeg,train,0,NORMAL,1820,1476,110.95709991455078,60.65294647216797
train/NORMAL/NORMAL2-IM-0629-0001.jpeg,train,0,NORMAL,1558,1380,115.12157440185547,65.90904998779297
train/NORMAL/NORMAL2-IM-0630-0001.jpeg,train,0,NORMAL,1600,1329,122.12643432617188,63.90407180786133
train/NORMAL/NORMAL2-IM-0633-0001.jpeg,train,0,NORMAL,1670,1279,119.17071533203125,66.17662811279297
train/NORMAL/NORMAL2-IM-0634-0001.jpeg,train,0,NORMAL,1418,1048,106.49886322021484,68.67918395996094
train/NORMAL/NORMAL2-IM-0635-0001.jpeg,train,0,NORMAL,1400,1070,128.12557983398438,59.73314666748047
train/NORMAL/NORMAL2-IM-0636-0001.jpeg,train,0,NORMAL,1376,1051,132.2078857421875,55.5146484375
train/NORMAL/NORMAL2-IM-0637-0001.jpeg,train,0,NORMAL,1604,1248,136.25225830078125,54.85096740722656
train/NORMAL/NORMAL2-IM-0640-0001.jpeg,train,0,NORMAL,1510,1136,118.14019775390625,58.314720153808594
train/NORMAL/NORMAL2-IM-0641-0001.jpeg,train,0,NORMAL,1920,1816,124.48576354980469,57.15854263305664
train/NORMAL/NORMAL2-IM-0642-0001.jpeg,train,0,NORMAL,1546,1368,110.58599853515625,63.4986457824707
train/NORMAL/NORMAL2-IM-0643-0001.jpeg,train,0,NORMAL,1902,1495,129.51654052734375,62.540836334228516
train/NORMAL/NORMAL2-IM-0647-0001.jpeg,train,0,NORMAL,1682,1619,115.4207534790039,64.06476593017578
train/NORMAL/NORMAL2-IM-0648-0001.jpeg,train,0,NORMAL,1462,1245,112.16010284423828,62.37936782836914
train/NORMAL/NORMAL2-IM-0651-0001.jpeg,train,0,NORMAL,1955,1672,152.9549102783203,63.35772705078125
train/NORMAL/NORMAL2-IM-0651-0004.jpeg,train,0,NORMAL,1686,1231,140.75218200683594,52.87793731689453
train/NORMAL/NORMAL2-IM-0652-0001.jpeg,train,0,NORMAL,1422,1125,107.93275451660156,61.8310546875
train/NORMAL/NORMAL2-IM-0653-0001.jpeg,train,0,NORMAL,1966,1499,130.1258544921875,58.52315902709961
train/NORMAL/NORMAL2-IM-0654-0001.jpeg,train,0,NORMAL,1670,1144,111.17109680175781,59.96754455566406
train/NORMAL/NORMAL2-IM-0655-0001.jpeg,train,0,NORMAL,1802,1407,125.88687133789062,54.827754974365234
train/NORMAL/NORMAL2-IM-0657-0001.jpeg,train,0,NORMAL,1524,1295,121.65554809570312,57.408756256103516
train/NORMAL/NORMAL2-IM-0659-0001.jpeg,train,0,NORMAL,1438,1187,137.56964111328125,54.78919219970703
train/NORMAL/NORMAL2-IM-0662-0001.jpeg,train,0,NORMAL,1418,1020,109.0414810180664,55.39374923706055
train/NORMAL/NORMAL2-IM-0663-0001.jpeg,train,0,NORMAL,2090,1932,134.72784423828125,61.52298355102539
train/NORMAL/NORMAL2-IM-0664-0001.jpeg,train,0,NORMAL,1878,1647,145.61351013183594,64.21044158935547
train/NORMAL/NORMAL2-IM-0665-0001.jpeg,train,0,NORMAL,1186,769,99.62085723876953,57.01507568359375
train/NORMAL/NORMAL2-IM-0666-0001.jpeg,train,0,NORMAL,1920,1750,147.18736267089844,52.25050354003906
train/NORMAL/NORMAL2-IM-0667-0001.jpeg,train,0,NORMAL,1566,1210,103.0260009765625,67.9112319946289
train/NORMAL/NORMAL2-IM-0668-0001.jpeg,train,0,NORMAL,1600,1542,132.7169952392578,58.75107192993164
train/NORMAL/NORMAL2-IM-0669-0001.jpeg,train,0,NORMAL,1692,1735,123.76017761230469,58.94540023803711
train/NORMAL/NORMAL2-IM-0671-0001.jpeg,train,0,NORMAL,1546,1205,105.9588851928711,62.44400405883789
train/NORMAL/NORMAL2-IM-0673-0001.jpeg,train,0,NORMAL,1616,1318,129.90818786621094,69.54158782958984
train/NORMAL/NORMAL2-IM-0675-0001.jpeg,train,0,NORMAL,1460,1233,107.25605773925781,58.3250617980957
train/NORMAL/NORMAL2-IM-0678-0001.jpeg,train,0,NORMAL,1634,1183,111.5219955444336,61.6267204284668
train/NORMAL/NORMAL2-IM-0680-0001.jpeg,train,0,NORMAL,1592,1344,116.206298828125,67.1026611328125
train/NORMAL/NORMAL2-IM-0682-0001.jpeg,train,0,NORMAL,1778,1492,130.14337158203125,62.64176559448242
train/NORMAL/NORMAL2-IM-0683-0001.jpeg,train,0,NORMAL,1538,1222,118.46405029296875,59.014930725097656
train/NORMAL/NORMAL2-IM-0684-0001-0001.jpeg,train,0,NORMAL,1857,1815,156.20248413085938,63.74675750732422
train/NORMAL/NORMAL2-IM-0686-0001.jpeg,train,0,NORMAL,1512,1325,118.42887115478516,60.152923583984375
train/NORMAL/NORMAL2-IM-0687-0001.jpeg,train,0,NORMAL,1504,1244,114.2219467163086,56.25105285644531
train/NORMAL/NORMAL2-IM-0689-0001.jpeg,train,0,NORMAL,1244,1097,114.54627227783203,50.660552978515625
train/NORMAL/NORMAL2-IM-0690-0001.jpeg,train,0,NORMAL,1198,897,118.86449432373047,61.33643341064453
train/NORMAL/NORMAL2-IM-0692-0001.jpeg,train,0,NORMAL,1724,1534,115.70916748046875,59.83771514892578
train/NORMAL/NORMAL2-IM-0693-0001.jpeg,train,0,NORMAL,2020,1700,127.59017181396484,76.88011932373047
train/NORMAL/NORMAL2-IM-0694-0001.jpeg,train,0,NORMAL,2018,1881,135.16334533691406,59.15363311767578
train/NORMAL/NORMAL2-IM-0695-0001.jpeg,train,0,NORMAL,1500,1294,125.2015609741211,63.551658630371094
train/NORMAL/NORMAL2-IM-0698-0001.jpeg,train,0,NORMAL,1554,1245,123.69840240478516,57.45164108276367
train/NORMAL/NORMAL2-IM-0699-0001.jpeg,train,0,NORMAL,1920,1920,122.37948608398438,60.99980926513672
train/NORMAL/NORMAL2-IM-0700-0001.jpeg,train,0,NORMAL,1874,1774,119.42784118652344,66.86538696289062
train/NORMAL/NORMAL2-IM-0705-0001.jpeg,train,0,NORMAL,1960,1648,126.19107818603516,57.02161407470703
train/NORMAL/NORMAL2-IM-0707-0001.jpeg,train,0,NORMAL,1384,1208,168.38595581054688,68.64574432373047
train/NORMAL/NORMAL2-IM-0718-0001.jpeg,train,0,NORMAL,1248,1136,158.31910705566406,40.41252899169922
train/NORMAL/NORMAL2-IM-0719-0001.jpeg,train,0,NORMAL,1616,1408,140.22671508789062,68.77000427246094
train/NORMAL/NORMAL2-IM-0725-0001.jpeg,train,0,NORMAL,1088,824,114.21935272216797,55.143497467041016
train/NORMAL/NORMAL2-IM-0727-0001.jpeg,train,0,NORMAL,1672,1432,149.6461639404297,55.988033294677734
train/NORMAL/NORMAL2-IM-0730-0001.jpeg,train,0,NORMAL,1672,1328,148.05465698242188,63.88300323486328
train/NORMAL/NORMAL2-IM-0736-0001.jpeg,train,0,NORMAL,1432,1184,138.49685668945312,61.70207214355469
train/NORMAL/NORMAL2-IM-0741-0001.jpeg,train,0,NORMAL,1240,1064,127.44732666015625,65.4227294921875
train/NORMAL/NORMAL2-IM-0744-0001.jpeg,train,0,NORMAL,1416,1296,119.10604095458984,55.29679489135742
train/NORMAL/NORMAL2-IM-0746-0001.jpeg,train,0,NORMAL,1456,1272,140.9512481689453,70.87635040283203
train/NORMAL/NORMAL2-IM-0749-0001.jpeg,train,0,NORMAL,1412,1066,120.11044311523438,63.28956604003906
train/NORMAL/NORMAL2-IM-0753-0001.jpeg,train,0,NORMAL,1088,968,104.45291900634766,49.98942184448242
train/NORMAL/NORMAL2-IM-0757-0001.jpeg,train,0,NORMAL,1160,904,124.2981948852539,54.46724319458008
train/NORMAL/NORMAL2-IM-0765-0001.jpeg,train,0,NORMAL,1264,984,116.94790649414062,56.192684173583984
train/NORMAL/NORMAL2-IM-0771-0001.jpeg,train,0,NORMAL,1336,1128,73.29923248291016,37.986488342285156
train/NORMAL/NORMAL2-IM-0772-0001.jpeg,train,0,NORMAL,1376,1048,102.77904510498047,53.67292022705078
train/NORMAL/NORMAL2-IM-0775-0001.jpeg,train,0,NORMAL,1310,1136,114.9428482055664,61.7692756652832
train/NORMAL/NORMAL2-IM-0777-0001.jpeg,train,0,NORMAL,1522,1407,121.4926986694336,62.935550689697266
train/NORMAL/NORMAL2-IM-0780-0001.jpeg,train,0,NORMAL,1709,1787,151.60498046875,71.6064682006836
train/NORMAL/NORMAL2-IM-0781-0001.jpeg,train,0,NORMAL,2276,2221,130.73631286621094,62.63120651245117
train/NORMAL/NORMAL2-IM-0793-0001.jpeg,train,0,NORMAL,2179,1604,100.57742309570312,75.98403930664062
train/NORMAL/NORMAL2-IM-0796-0001.jpeg,train,0,NORMAL,1554,1136,115.61466217041016,56.3118896484375
train/NORMAL/NORMAL2-IM-0798-0001.jpeg,train,0,NORMAL,1450,1051,97.19258880615234,62.01262664794922
train/NORMAL/NORMAL2-IM-0799-0001.jpeg,train,0,NORMAL,1856,1333,122.72467041015625,57.309532165527344
train/NORMAL/NORMAL2-IM-0803-0001.jpeg,train,0,NORMAL,1740,1279,110.6411361694336,69.7284164428711
train/NORMAL/NORMAL2-IM-0804-0001.jpeg,train,0,NORMAL,1646,1391,108.5075454711914,57.67301559448242
train/NORMAL/NORMAL2-IM-0806-0001.jpeg,train,0,NORMAL,1508,1337,118.8855972290039,63.974613189697266
train/NORMAL/NORMAL2-IM-0807-0001.jpeg,train,0,NORMAL,1496,1337,117.46255493164062,59.997196197509766
train/NORMAL/NORMAL2-IM-0810-0001.jpeg,train,0,NORMAL,1638,1279,121.50809478759766,58.98802947998047
train/NORMAL/NORMAL2-IM-0811-0001.jpeg,train,0,NORMAL,1678,1368,144.71263122558594,62.872596740722656
train/NORMAL/NORMAL2-IM-0812-0001.jpeg,train,0,NORMAL,1754,1341,137.4588623046875,61.858726501464844
train/NORMAL/NORMAL2-IM-0814-0001.jpeg,train,0,NORMAL,1736,1399,130.89479064941406,59.751529693603516
train/NORMAL/NORMAL2-IM-0815-0001.jpeg,train,0,NORMAL,1554,1067,122.60016632080078,68.29342651367188
train/NORMAL/NORMAL2-IM-0816-0001.jpeg,train,0,NORMAL,1642,1422,109.2498779296875,52.214256286621094
train/NORMAL/NORMAL2-IM-0818-0001.jpeg,train,0,NORMAL,1874,1670,134.28427124023438,60.38212203979492
train/NORMAL/NORMAL2-IM-0819-0001.jpeg,train,0,NORMAL,1796,1283,133.98048400878906,64.60900115966797
train/NORMAL/NORMAL2-IM-0820-0001.jpeg,train,0,NORMAL,1620,1438,116.92831420898438,70.10205078125
train/NORMAL/NORMAL2-IM-0821-0001.jpeg,train,0,NORMAL,1836,1487,113.86296844482422,59.328067779541016
train/NORMAL/NORMAL2-IM-0824-0001.jpeg,train,0,NORMAL,1230,993,114.67456817626953,66.618896484375
train/NORMAL/NORMAL2-IM-0825-0001.jpeg,train,0,NORMAL,1720,1507,118.34013366699219,60.77946090698242
train/NORMAL/NORMAL2-IM-0826-0001.jpeg,train,0,NORMAL,1450,1020,119.03315734863281,65.86422729492188
train/NORMAL/NORMAL2-IM-0827-0001.jpeg,train,0,NORMAL,1646,1588,102.28208923339844,55.059165954589844
train/NORMAL/NORMAL2-IM-0828-0001.jpeg,train,0,NORMAL,2553,2305,140.8834228515625,75.8984146118164
train/NORMAL/NORMAL2-IM-0829-0001.jpeg,train,0,NORMAL,1144,966,129.44802856445312,57.92817687988281
train/NORMAL/NORMAL2-IM-0830-0001.jpeg,train,0,NORMAL,1386,1158,146.04281616210938,55.633934020996094
train/NORMAL/NORMAL2-IM-0832-0001-0001.jpeg,train,0,NORMAL,1632,1186,116.9888687133789,72.68225860595703
train/NORMAL/NORMAL2-IM-0832-0001-0002.jpeg,train,0,NORMAL,1426,1206,123.07740020751953,61.26211929321289
train/NORMAL/NORMAL2-IM-0832-0001.jpeg,train,0,NORMAL,1538,1164,136.85426330566406,58.64578628540039
train/NORMAL/NORMAL2-IM-0833-0001.jpeg,train,0,NORMAL,1800,1499,113.65615844726562,61.33511734008789
train/NORMAL/NORMAL2-IM-0834-0001.jpeg,train,0,NORMAL,2031,1693,113.81217193603516,70.26048278808594
train/NORMAL/NORMAL2-IM-0837-0001.jpeg,train,0,NORMAL,1566,1248,128.0069580078125,65.88194274902344
train/NORMAL/NORMAL2-IM-0838-0001.jpeg,train,0,NORMAL,1300,1051,128.62347412109375,51.26494216918945
train/NORMAL/NORMAL2-IM-0839-0001.jpeg,train,0,NORMAL,1882,1855,121.34175109863281,62.99431610107422
train/NORMAL/NORMAL2-IM-0840-0001.jpeg,train,0,NORMAL,1786,1175,112.95423889160156,74.70408630371094
train/NORMAL/NORMAL2-IM-0841-0001.jpeg,train,0,NORMAL,2132,2017,119.83805084228516,63.00162887573242
train/NORMAL/NORMAL2-IM-0842-0001.jpeg,train,0,NORMAL,1658,1294,109.90025329589844,66.37333679199219
train/NORMAL/NORMAL2-IM-0843-0001.jpeg,train,0,NORMAL,1708,1468,141.33770751953125,52.014400482177734
train/NORMAL/NORMAL2-IM-0845-0001.jpeg,train,0,NORMAL,1698,1473,98.9012680053711,66.88135528564453
train/NORMAL/NORMAL2-IM-0846-0001.jpeg,train,0,NORMAL,1952,1967,127.55856323242188,58.101959228515625
train/NORMAL/NORMAL2-IM-0847-0001.jpeg,train,0,NORMAL,1566,1353,122.77916717529297,56.12118148803711
train/NORMAL/NORMAL2-IM-0848-0001.jpeg,train,0,NORMAL,1514,1032,125.65081024169922,63.59742736816406
train/NORMAL/NORMAL2-IM-0849-0001.jpeg,train,0,NORMAL,1704,1283,116.10453796386719,59.46506881713867
train/NORMAL/NORMAL2-IM-0851-0001-0001.jpeg,train,0,NORMAL,1562,1164,121.15377807617188,56.22661209106445
train/NORMAL/NORMAL2-IM-0851-0001-0002.jpeg,train,0,NORMAL,1782,1437,134.55758666992188,58.56230926513672
train/NORMAL/NORMAL2-IM-0851-0001.jpeg,train,0,NORMAL,1442,1229,126.22503662109375,60.093544006347656
train/NORMAL/NORMAL2-IM-0852-0001.jpeg,train,0,NORMAL,1360,1167,122.71051025390625,53.87931442260742
train/NORMAL/NORMAL2-IM-0853-0001.jpeg,train,0,NORMAL,1554,1151,126.84774780273438,65.23721313476562
train/NORMAL/NORMAL2-IM-0854-0001.jpeg,train,0,NORMAL,1662,1194,141.71798706054688,62.688175201416016
train/NORMAL/NORMAL2-IM-0855-0001.jpeg,train,0,NORMAL,1675,1428,153.03106689453125,61.83164596557617
train/NORMAL/NORMAL2-IM-0856-0001.jpeg,train,0,NORMAL,1395,1312,162.3014678955078,51.57461166381836
train/NORMAL/NORMAL2-IM-0857-0001.jpeg,train,0,NORMAL,1586,1306,104.55438995361328,62.60344314575195
train/NORMAL/NORMAL2-IM-0858-0001.jpeg,train,0,NORMAL,1558,1259,100.88326263427734,66.64104461669922
train/NORMAL/NORMAL2-IM-0859-0001.jpeg,train,0,NORMAL,1906,1527,126.06505584716797,64.0439224243164
train/NORMAL/NORMAL2-IM-0860-0001.jpeg,train,0,NORMAL,1704,1553,104.4848403930664,63.23194885253906
train/NORMAL/NORMAL2-IM-0862-0001.jpeg,train,0,NORMAL,1570,1310,124.62553405761719,60.0205078125
train/NORMAL/NORMAL2-IM-0863-0001.jpeg,train,0,NORMAL,1770,1472,120.59241485595703,54.472564697265625
train/NORMAL/NORMAL2-IM-0865-0001.jpeg,train,0,NORMAL,2180,2085,147.2150115966797,71.4726791381836
train/NORMAL/NORMAL2-IM-0866-0001.jpeg,train,0,NORMAL,1414,1206,109.3118896484375,57.04515838623047
train/NORMAL/NORMAL2-IM-0867-0001.jpeg,train,0,NORMAL,1334,994,112.9883804321289,67.5113296508789
train/NORMAL/NORMAL2-IM-0868-0001.jpeg,train,0,NORMAL,1504,1283,132.11802673339844,53.054786682128906
train/NORMAL/NORMAL2-IM-0871-0001.jpeg,train,0,NORMAL,1632,1260,122.07054138183594,69.11537170410156
train/NORMAL/NORMAL2-IM-0872-0001.jpeg,train,0,NORMAL,1156,804,116.7519302368164,57.524871826171875
train/NORMAL/NORMAL2-IM-0873-0001.jpeg,train,0,NORMAL,1210,1017,143.9165496826172,55.789920806884766
train/NORMAL/NORMAL2-IM-0874-0001.jpeg,train,0,NORMAL,1748,1299,113.53565979003906,62.9367790222168
train/NORMAL/NORMAL2-IM-0875-0001.jpeg,train,0,NORMAL,2094,1912,114.76982116699219,65.71292114257812
train/NORMAL/NORMAL2-IM-0876-0001.jpeg,train,0,NORMAL,1874,1187,132.5221405029297,67.99088287353516
train/NORMAL/NORMAL2-IM-0877-0001.jpeg,train,0,NORMAL,1584,1407,123.04132843017578,57.3843879699707
train/NORMAL/NORMAL2-IM-0879-0001.jpeg,train,0,NORMAL,1454,1078,113.7075424194336,54.76142501831055
train/NORMAL/NORMAL2-IM-0880-0001.jpeg,train,0,NORMAL,1426,1055,95.24868774414062,65.97993469238281
train/NORMAL/NORMAL2-IM-0881-0001.jpeg,train,0,NORMAL,1600,1464,128.28822326660156,56.927547454833984
train/NORMAL/NORMAL2-IM-0882-0001.jpeg,train,0,NORMAL,2090,1743,116.60297393798828,61.62738800048828
train/NORMAL/NORMAL2-IM-0885-0001.jpeg,train,0,NORMAL,1268,900,122.99705505371094,57.436344146728516
train/NORMAL/NORMAL2-IM-0886-0001.jpeg,train,0,NORMAL,1816,1607,119.90009307861328,64.58893585205078
train/NORMAL/NORMAL2-IM-0887-0001.jpeg,train,0,NORMAL,1496,1094,111.95187377929688,66.62584686279297
train/NORMAL/NORMAL2-IM-0888-0001.jpeg,train,0,NORMAL,2450,2145,127.55509185791016,67.4901123046875
train/NORMAL/NORMAL2-IM-0890-0001.jpeg,train,0,NORMAL,1744,1532,156.17312622070312,59.335716247558594
train/NORMAL/NORMAL2-IM-0892-0001.jpeg,train,0,NORMAL,2022,1947,111.76107788085938,65.01238250732422
train/NORMAL/NORMAL2-IM-0893-0001.jpeg,train,0,NORMAL,1292,885,136.58990478515625,47.3735466003418
train/NORMAL/NORMAL2-IM-0894-0001.jpeg,train,0,NORMAL,1808,1383,125.13490295410156,61.955772399902344
train/NORMAL/NORMAL2-IM-0895-0001.jpeg,train,0,NORMAL,1434,1036,114.94677734375,57.41408157348633
train/NORMAL/NORMAL2-IM-0896-0001.jpeg,train,0,NORMAL,1732,1666,115.38997650146484,58.50896453857422
train/NORMAL/NORMAL2-IM-0898-0001.jpeg,train,0,NORMAL,1418,1078,117.78016662597656,59.60639953613281
train/NORMAL/NORMAL2-IM-0899-0001.jpeg,train,0,NORMAL,2427,2374,169.7852783203125,54.096004486083984
train/NORMAL/NORMAL2-IM-0904-0001.jpeg,train,0,NORMAL,2534,2169,160.57933044433594,64.0469741821289
train/NORMAL/NORMAL2-IM-0906-0001.jpeg,train,0,NORMAL,1824,1565,126.16266632080078,58.9721794128418
train/NORMAL/NORMAL2-IM-0907-0001.jpeg,train,0,NORMAL,1720,1642,117.36088562011719,62.399803161621094
train/NORMAL/NORMAL2-IM-0909-0001.jpeg,train,0,NORMAL,1948,1905,141.16305541992188,61.3312873840332
train/NORMAL/NORMAL2-IM-0910-0001.jpeg,train,0,NORMAL,1754,1179,134.26358032226562,63.74272537231445
train/NORMAL/NORMAL2-IM-0911-0001.jpeg,train,0,NORMAL,2251,1853,157.39181518554688,58.64441680908203
train/NORMAL/NORMAL2-IM-0912-0001.jpeg,train,0,NORMAL,1244,1005,139.2345428466797,49.71137237548828
train/NORMAL/NORMAL2-IM-0913-0001.jpeg,train,0,NORMAL,1508,1240,116.14535522460938,62.53989028930664
train/NORMAL/NORMAL2-IM-0914-0001.jpeg,train,0,NORMAL,1430,1113,138.3177490234375,51.478851318359375
train/NORMAL/NORMAL2-IM-0915-0001.jpeg,train,0,NORMAL,1276,1036,137.32196044921875,51.01198196411133
train/NORMAL/NORMAL2-IM-0917-0001.jpeg,train,0,NORMAL,1492,1148,140.4299774169922,56.8702507019043
train/NORMAL/NORMAL2-IM-0918-0001.jpeg,train,0,NORMAL,1450,1275,135.86354064941406,54.35891342163086
train/NORMAL/NORMAL2-IM-0919-0001.jpeg,train,0,NORMAL,2148,1773,122.91523742675781,65.99713897705078
train/NORMAL/NORMAL2-IM-0922-0001.jpeg,train,0,NORMAL,1508,1140,125.46758270263672,67.70842742919922
train/NORMAL/NORMAL2-IM-0924-0001.jpeg,train,0,NORMAL,1692,1364,101.80164337158203,56.299564361572266
train/NORMAL/NORMAL2-IM-0925-0001.jpeg,train,0,NORMAL,1886,1916,98.06076049804688,67.48128509521484
train/NORMAL/NORMAL2-IM-0927-0001.jpeg,train,0,NORMAL,2359,2234,124.52398681640625,55.789894104003906
train/NORMAL/NORMAL2-IM-0929-0001.jpeg,train,0,NORMAL,1906,1627,113.98682403564453,62.46054458618164
train/NORMAL/NORMAL2-IM-0930-0001.jpeg,train,0,NORMAL,1666,1171,115.8226318359375,65.16293334960938
train/NORMAL/NORMAL2-IM-0931-0001.jpeg,train,0,NORMAL,1774,1662,121.61839294433594,50.64322280883789
train/NORMAL/NORMAL2-IM-0932-0001.jpeg,train,0,NORMAL,1650,1078,102.60853576660156,67.28317260742188
train/NORMAL/NORMAL2-IM-0934-0001.jpeg,train,0,NORMAL,1508,1349,119.07479858398438,61.80267333984375
train/NORMAL/NORMAL2-IM-0935-0001.jpeg,train,0,NORMAL,1662,1276,120.33768463134766,61.70797348022461
train/NORMAL/NORMAL2-IM-0936-0001.jpeg,train,0,NORMAL,1582,1418,103.16629791259766,65.53128051757812
train/NORMAL/NORMAL2-IM-0937-0001.jpeg,train,0,NORMAL,1642,1496,122.80857849121094,60.80044937133789
train/NORMAL/NORMAL2-IM-0939-0001.jpeg,train,0,NORMAL,2342,2399,125.29428100585938,66.92091369628906
train/NORMAL/NORMAL2-IM-0941-0001.jpeg,train,0,NORMAL,1704,1499,141.86154174804688,64.5154800415039
train/NORMAL/NORMAL2-IM-0942-0001.jpeg,train,0,NORMAL,1746,1812,124.01252746582031,64.58766174316406
train/NORMAL/NORMAL2-IM-0944-0001.jpeg,train,0,NORMAL,2566,2321,135.82763671875,53.72096252441406
train/NORMAL/NORMAL2-IM-0945-0001.jpeg,train,0,NORMAL,1268,924,149.18470764160156,60.91704177856445
train/NORMAL/NORMAL2-IM-0946-0001.jpeg,train,0,NORMAL,1654,1313,111.29509735107422,65.11602020263672
train/NORMAL/NORMAL2-IM-0947-0001.jpeg,train,0,NORMAL,1662,1241,130.38487243652344,63.15634536743164
train/NORMAL/NORMAL2-IM-0948-0001.jpeg,train,0,NORMAL,1994,1839,111.67655944824219,64.7488021850586
train/NORMAL/NORMAL2-IM-0949-0001.jpeg,train,0,NORMAL,1646,1410,130.9217987060547,55.86250305175781
train/NORMAL/NORMAL2-IM-0951-0001.jpeg,train,0,NORMAL,1558,1279,108.81452941894531,55.712398529052734
train/NORMAL/NORMAL2-IM-0952-0001.jpeg,train,0,NORMAL,1554,1229,131.0139617919922,57.46921920776367
train/NORMAL/NORMAL2-IM-0954-0001.jpeg,train,0,NORMAL,1570,1499,106.02101135253906,60.179264068603516
train/NORMAL/NORMAL2-IM-0955-0001.jpeg,train,0,NORMAL,1770,1325,119.13108825683594,69.1051025390625
train/NORMAL/NORMAL2-IM-0956-0001.jpeg,train,0,NORMAL,1334,1171,118.86249542236328,55.709510803222656
train/NORMAL/NORMAL2-IM-0957-0001.jpeg,train,0,NORMAL,2633,2578,143.69259643554688,75.47615051269531
train/NORMAL/NORMAL2-IM-0959-0001.jpeg,train,0,NORMAL,1128,966,113.78631591796875,54.08733367919922
train/NORMAL/NORMAL2-IM-0960-0001.jpeg,train,0,NORMAL,1862,1429,122.88571166992188,61.48138427734375
train/NORMAL/NORMAL2-IM-0961-0001.jpeg,train,0,NORMAL,1840,1642,133.5168914794922,59.68742370605469
train/NORMAL/NORMAL2-IM-0962-0001.jpeg,train,0,NORMAL,1496,1137,126.9529037475586,57.254371643066406
train/NORMAL/NORMAL2-IM-0965-0001.jpeg,train,0,NORMAL,1500,1249,129.80653381347656,63.2628288269043
train/NORMAL/NORMAL2-IM-0966-0001.jpeg,train,0,NORMAL,1518,1071,113.16447448730469,63.59745407104492
train/NORMAL/NORMAL2-IM-0967-0001.jpeg,train,0,NORMAL,1844,1256,119.96821594238281,70.45843505859375
train/NORMAL/NORMAL2-IM-0969-0001.jpeg,train,0,NORMAL,1790,1472,131.7240447998047,63.076507568359375
train/NORMAL/NORMAL2-IM-0970-0001.jpeg,train,0,NORMAL,1546,1294,129.93057250976562,53.90729904174805
train/NORMAL/NORMAL2-IM-0971-0001-0001.jpeg,train,0,NORMAL,1850,1785,120.3768310546875,66.01922607421875
train/NORMAL/NORMAL2-IM-0974-0001.jpeg,train,0,NORMAL,1642,1507,107.31748962402344,63.17666244506836
train/NORMAL/NORMAL2-IM-0975-0001.jpeg,train,0,NORMAL,1566,1383,131.79820251464844,54.60487365722656
train/NORMAL/NORMAL2-IM-0976-0001.jpeg,train,0,NORMAL,1546,1236,97.18001556396484,63.90776062011719
train/NORMAL/NORMAL2-IM-0979-0001.jpeg,train,0,NORMAL,1416,1079,116.65278625488281,68.04280853271484
train/NORMAL/NORMAL2-IM-0980-0001.jpeg,train,0,NORMAL,1236,1013,121.99006652832031,59.58510208129883
train/NORMAL/NORMAL2-IM-0983-0001-0002.jpeg,train,0,NORMAL,1466,1178,118.04683685302734,64.16531372070312
train/NORMAL/NORMAL2-IM-0983-0001.jpeg,train,0,NORMAL,1846,1676,117.31454467773438,63.55696105957031
train/NORMAL/NORMAL2-IM-0986-0001.jpeg,train,0,NORMAL,1786,1449,111.35423278808594,69.45091247558594
train/NORMAL/NORMAL2-IM-0988-0001.jpeg,train,0,NORMAL,1960,1920,124.02116394042969,67.75166320800781
train/NORMAL/NORMAL2-IM-0989-0001.jpeg,train,0,NORMAL,1450,1160,128.0194549560547,68.8494873046875
train/NORMAL/NORMAL2-IM-0993-0001.jpeg,train,0,NORMAL,1846,1488,130.12918090820312,64.73397827148438
train/NORMAL/NORMAL2-IM-0994-0001.jpeg,train,0,NORMAL,2373,2663,150.1319580078125,69.33411407470703
train/NORMAL/NORMAL2-IM-0995-0001-0001.jpeg,train,0,NORMAL,1172,967,135.05487060546875,54.98059844970703
train/NORMAL/NORMAL2-IM-0995-0001-0002.jpeg,train,0,NORMAL,1692,1878,131.1909942626953,61.10688018798828
train/NORMAL/NORMAL2-IM-0995-0001.jpeg,train,0,NORMAL,1774,1318,143.9588165283203,68.05906677246094
train/NORMAL/NORMAL2-IM-0997-0001.jpeg,train,0,NORMAL,1338,1102,108.13031005859375,67.5593490600586
train/NORMAL/NORMAL2-IM-0998-0001.jpeg,train,0,NORMAL,1276,1059,94.15897369384766,54.18914794921875
train/NORMAL/NORMAL2-IM-0999-0001.jpeg,train,0,NORMAL,1916,2059,107.09473419189453,67.85433959960938
train/NORMAL/NORMAL2-IM-1001-0001.jpeg,train,0,NORMAL,1808,1665,133.4733123779297,56.39731216430664
train/NORMAL/NORMAL2-IM-1004-0001.jpeg,train,0,NORMAL,1402,1117,129.78433227539062,56.231483459472656
train/NORMAL/NORMAL2-IM-1005-0001.jpeg,train,0,NORMAL,1716,1569,129.78341674804688,63.978424072265625
train/NORMAL/NORMAL2-IM-1006-0001.jpeg,train,0,NORMAL,1754,1352,123.1219711303711,53.95107650756836
train/NORMAL/NORMAL2-IM-1008-0001.jpeg,train,0,NORMAL,1882,1329,99.48130798339844,74.33198547363281
train/NORMAL/NORMAL2-IM-1010-0001.jpeg,train,0,NORMAL,1720,1348,129.48519897460938,62.42206954956055
train/NORMAL/NORMAL2-IM-1014-0001.jpeg,train,0,NORMAL,1696,1542,130.41615295410156,60.794654846191406
train/NORMAL/NORMAL2-IM-1015-0001.jpeg,train,0,NORMAL,1422,1066,108.71324920654297,58.466636657714844
train/NORMAL/NORMAL2-IM-1016-0001.jpeg,train,0,NORMAL,1458,1233,129.95230102539062,61.54971694946289
train/NORMAL/NORMAL2-IM-1017-0001.jpeg,train,0,NORMAL,1364,1067,114.00422668457031,61.497474670410156
train/NORMAL/NORMAL2-IM-1018-0001.jpeg,train,0,NORMAL,2694,2625,143.07052612304688,73.4697494506836
train/NORMAL/NORMAL2-IM-1019-0001.jpeg,train,0,NORMAL,1414,1020,104.67817687988281,57.766571044921875
train/NORMAL/NORMAL2-IM-1020-0001-0002.jpeg,train,0,NORMAL,1870,1785,124.15001678466797,66.02407836914062
train/NORMAL/NORMAL2-IM-1020-0001.jpeg,train,0,NORMAL,1720,1380,128.23077392578125,63.23099899291992
train/NORMAL/NORMAL2-IM-1022-0001.jpeg,train,0,NORMAL,1804,1314,125.49800872802734,63.435543060302734
train/NORMAL/NORMAL2-IM-1023-0001.jpeg,train,0,NORMAL,1974,1627,147.82260131835938,52.58631134033203
train/NORMAL/NORMAL2-IM-1025-0001.jpeg,train,0,NORMAL,1740,1291,98.3692398071289,53.2908935546875
train/NORMAL/NORMAL2-IM-1026-0001.jpeg,train,0,NORMAL,1836,1604,122.8340835571289,65.60260009765625
train/NORMAL/NORMAL2-IM-1028-0001.jpeg,train,0,NORMAL,1850,1793,106.76921844482422,64.7265625
train/NORMAL/NORMAL2-IM-1030-0001.jpeg,train,0,NORMAL,1646,1395,114.24405670166016,54.35077667236328
train/NORMAL/NORMAL2-IM-1033-0001.jpeg,train,0,NORMAL,1530,1272,113.70330047607422,56.563045501708984
train/NORMAL/NORMAL2-IM-1035-0001.jpeg,train,0,NORMAL,1812,1446,121.42778778076172,63.401851654052734
train/NORMAL/NORMAL2-IM-1038-0001.jpeg,train,0,NORMAL,2309,2601,147.79766845703125,72.25212860107422
train/NORMAL/NORMAL2-IM-1039-0001.jpeg,train,0,NORMAL,1384,1090,127.52085876464844,58.16107177734375
train/NORMAL/NORMAL2-IM-1040-0001.jpeg,train,0,NORMAL,1318,951,99.47408294677734,55.31665802001953
train/NORMAL/NORMAL2-IM-1041-0001.jpeg,train,0,NORMAL,1654,1541,114.6678695678711,66.73108673095703
train/NORMAL/NORMAL2-IM-1043-0001.jpeg,train,0,NORMAL,1804,1612,118.42926788330078,66.07704162597656
train/NORMAL/NORMAL2-IM-1044-0001.jpeg,train,0,NORMAL,1458,1248,104.1759033203125,63.624332427978516
train/NORMAL/NORMAL2-IM-1046-0001.jpeg,train,0,NORMAL,1542,1461,127.39868927001953,70.61737060546875
train/NORMAL/NORMAL2-IM-1047-0001.jpeg,train,0,NORMAL,1596,1233,119.8939208984375,59.462120056152344
train/NORMAL/NORMAL2-IM-1048-0001.jpeg,train,0,NORMAL,1496,1012,102.14460754394531,63.18446731567383
train/NORMAL/NORMAL2-IM-1049-0001.jpeg,train,0,NORMAL,1812,1627,128.427734375,64.67642211914062
train/NORMAL/NORMAL2-IM-1051-0001.jpeg,train,0,NORMAL,1400,1125,120.95338439941406,61.257144927978516
train/NORMAL/NORMAL2-IM-1052-0001.jpeg,train,0,NORMAL,2340,2431,157.51649475097656,73.56449127197266
train/NORMAL/NORMAL2-IM-1053-0001.jpeg,train,0,NORMAL,1692,1372,108.51416015625,69.33462524414062
train/NORMAL/NORMAL2-IM-1054-0001.jpeg,train,0,NORMAL,1468,1163,115.74771118164062,55.5587158203125
train/NORMAL/NORMAL2-IM-1055-0001.jpeg,train,0,NORMAL,2126,1345,137.62356567382812,64.95768737792969
train/NORMAL/NORMAL2-IM-1058-0001.jpeg,train,0,NORMAL,1608,1469,114.93721771240234,64.01676940917969
train/NORMAL/NORMAL2-IM-1059-0001.jpeg,train,0,NORMAL,1592,1337,107.71855163574219,57.078311920166016
train/NORMAL/NORMAL2-IM-1060-0001.jpeg,train,0,NORMAL,1546,1271,121.28089904785156,64.82686614990234
train/NORMAL/NORMAL2-IM-1064-0001.jpeg,train,0,NORMAL,1880,1552,135.96446228027344,80.29035949707031
train/NORMAL/NORMAL2-IM-1067-0001-0001.jpeg,train,0,NORMAL,1304,968,116.9610824584961,56.94502639770508
train/NORMAL/NORMAL2-IM-1067-0001.jpeg,train,0,NORMAL,1416,1160,134.7032012939453,56.8789176940918
train/NORMAL/NORMAL2-IM-1073-0001.jpeg,train,0,NORMAL,1568,1560,133.47445678710938,65.51151275634766
train/NORMAL/NORMAL2-IM-1084-0001.jpeg,train,0,NORMAL,1360,1128,139.0230255126953,72.06282043457031
train/NORMAL/NORMAL2-IM-1086-0001.jpeg,train,0,NORMAL,1288,1008,123.50273132324219,66.89710235595703
train/NORMAL/NORMAL2-IM-1088-0001.jpeg,train,0,NORMAL,1546,1152,114.64900207519531,60.41249465942383
train/NORMAL/NORMAL2-IM-1089-0001.jpeg,train,0,NORMAL,1350,1152,120.5094223022461,62.23542785644531
train/NORMAL/NORMAL2-IM-1091-0001.jpeg,train,0,NORMAL,1512,1164,100.56700134277344,63.39101791381836
train/NORMAL/NORMAL2-IM-1093-0001.jpeg,train,0,NORMAL,1422,1186,130.03982543945312,48.359161376953125
train/NORMAL/NORMAL2-IM-1094-0001-0001.jpeg,train,0,NORMAL,1638,1634,116.26734924316406,55.82146072387695
train/NORMAL/NORMAL2-IM-1094-0001-0002.jpeg,train,0,NORMAL,1674,1337,90.39037322998047,51.75823974609375
train/NORMAL/NORMAL2-IM-1094-0001.jpeg,train,0,NORMAL,1522,1256,133.585205078125,55.98899841308594
train/NORMAL/NORMAL2-IM-1096-0001-0001.jpeg,train,0,NORMAL,1674,1291,130.7550048828125,66.00370788574219
train/NORMAL/NORMAL2-IM-1096-0001-0003.jpeg,train,0,NORMAL,1840,1511,121.18158721923828,69.78829956054688
train/NORMAL/NORMAL2-IM-1096-0001.jpeg,train,0,NORMAL,1580,1329,109.9398193359375,57.92397689819336
train/NORMAL/NORMAL2-IM-1100-0001.jpeg,train,0,NORMAL,2098,1770,118.35011291503906,68.03150177001953
train/NORMAL/NORMAL2-IM-1102-0001-0001.jpeg,train,0,NORMAL,2114,1758,140.3805389404297,55.5849723815918
train/NORMAL/NORMAL2-IM-1102-0001-0002.jpeg,train,0,NORMAL,1230,1136,125.60294342041016,51.35850143432617
train/NORMAL/NORMAL2-IM-1102-0001.jpeg,train,0,NORMAL,1790,1441,131.70339965820312,58.89435577392578
train/NORMAL/NORMAL2-IM-1104-0001.jpeg,train,0,NORMAL,2268,1959,116.81200408935547,53.061607360839844
train/NORMAL/NORMAL2-IM-1105-0001.jpeg,train,0,NORMAL,1248,936,153.64186096191406,49.14350128173828
train/NORMAL/NORMAL2-IM-1106-0001.jpeg,train,0,NORMAL,1778,1542,123.02095794677734,61.70713806152344
train/NORMAL/NORMAL2-IM-1108-0001.jpeg,train,0,NORMAL,1620,1310,130.23495483398438,59.88172912597656
train/NORMAL/NORMAL2-IM-1109-0001.jpeg,train,0,NORMAL,1500,1268,118.28990936279297,60.72502517700195
train/NORMAL/NORMAL2-IM-1110-0001.jpeg,train,0,NORMAL,1902,1665,89.06632232666016,66.31260681152344
train/NORMAL/NORMAL2-IM-1111-0001.jpeg,train,0,NORMAL,1496,1201,109.99617767333984,60.127403259277344
train/NORMAL/NORMAL2-IM-1112-0001.jpeg,train,0,NORMAL,2148,1820,113.80169677734375,64.79362487792969
train/NORMAL/NORMAL2-IM-1113-0001.jpeg,train,0,NORMAL,2128,1630,117.18865966796875,64.091064453125
train/NORMAL/NORMAL2-IM-1114-0001.jpeg,train,0,NORMAL,1570,1286,124.37992095947266,65.89190673828125
train/NORMAL/NORMAL2-IM-1116-0001-0001.jpeg,train,0,NORMAL,2272,1989,123.14689636230469,61.08969497680664
train/NORMAL/NORMAL2-IM-1116-0001-0002.jpeg,train,0,NORMAL,1940,1761,126.73872375488281,60.11738586425781
train/NORMAL/NORMAL2-IM-1116-0001.jpeg,train,0,NORMAL,1878,1654,128.7152862548828,59.451019287109375
train/NORMAL/NORMAL2-IM-1118-0001.jpeg,train,0,NORMAL,1304,1028,118.22891998291016,57.08045196533203
train/NORMAL/NORMAL2-IM-1120-0001.jpeg,train,0,NORMAL,1500,1113,145.44081115722656,61.143611907958984
train/NORMAL/NORMAL2-IM-1123-0001.jpeg,train,0,NORMAL,1384,950,122.88817596435547,58.771453857421875
train/NORMAL/NORMAL2-IM-1124-0001.jpeg,train,0,NORMAL,1687,1595,153.59848022460938,63.202919006347656
train/NORMAL/NORMAL2-IM-1127-0001.jpeg,train,0,NORMAL,1654,1291,100.43498229980469,67.06773376464844
train/NORMAL/NORMAL2-IM-1128-0001-0001.jpeg,train,0,NORMAL,1860,1569,150.04046630859375,51.46349334716797
train/NORMAL/NORMAL2-IM-1128-0001-0002.jpeg,train,0,NORMAL,1414,1164,128.68751525878906,63.80707550048828
train/NORMAL/NORMAL2-IM-1128-0001.jpeg,train,0,NORMAL,1666,1290,111.06361389160156,68.56698608398438
train/NORMAL/NORMAL2-IM-1130-0001.jpeg,train,0,NORMAL,2056,1793,124.07831573486328,60.998165130615234
train/NORMAL/NORMAL2-IM-1132-0001.jpeg,train,0,NORMAL,1500,1194,110.01177978515625,66.01764678955078
train/NORMAL/NORMAL2-IM-1134-0001.jpeg,train,0,NORMAL,1724,1410,113.6612548828125,62.32380294799805
train/NORMAL/NORMAL2-IM-1135-0001.jpeg,train,0,NORMAL,1550,1194,135.56666564941406,47.83818817138672
train/NORMAL/NORMAL2-IM-1136-0001.jpeg,train,0,NORMAL,1778,1473,133.74478149414062,62.95124053955078
train/NORMAL/NORMAL2-IM-1138-0001.jpeg,train,0,NORMAL,1778,1356,112.56304168701172,69.13263702392578
train/NORMAL/NORMAL2-IM-1141-0001.jpeg,train,0,NORMAL,1824,1090,139.4778594970703,64.0303726196289
train/NORMAL/NORMAL2-IM-1142-0001-0001.jpeg,train,0,NORMAL,1604,1442,118.60142517089844,62.073509216308594
train/NORMAL/NORMAL2-IM-1142-0001-0002.jpeg,train,0,NORMAL,1516,1283,118.60842895507812,61.77962875366211
train/NORMAL/NORMAL2-IM-1142-0001.jpeg,train,0,NORMAL,1666,1433,133.93301391601562,61.82756423950195
train/NORMAL/NORMAL2-IM-1144-0001.jpeg,train,0,NORMAL,1682,1241,131.4341278076172,60.00515365600586
train/NORMAL/NORMAL2-IM-1147-0001.jpeg,train,0,NORMAL,1890,1615,106.20868682861328,44.70702362060547
train/NORMAL/NORMAL2-IM-1148-0001.jpeg,train,0,NORMAL,1852,1453,124.41014862060547,67.04817962646484
train/NORMAL/NORMAL2-IM-1149-0001.jpeg,train,0,NORMAL,1098,955,128.4494171142578,49.34489440917969
train/NORMAL/NORMAL2-IM-1150-0001.jpeg,train,0,NORMAL,1696,1310,129.2861785888672,57.99066162109375
train/NORMAL/NORMAL2-IM-1152-0001.jpeg,train,0,NORMAL,1472,1175,132.92318725585938,59.70094299316406
train/NORMAL/NORMAL2-IM-1153-0001.jpeg,train,0,NORMAL,1628,1283,122.36839294433594,60.669891357421875
train/NORMAL/NORMAL2-IM-1154-0001-0001.jpeg,train,0,NORMAL,2026,1468,113.86676788330078,70.45708465576172
train/NORMAL/NORMAL2-IM-1154-0001-0002.jpeg,train,0,NORMAL,1644,1487,124.85478210449219,60.2978630065918
train/NORMAL/NORMAL2-IM-1154-0001.jpeg,train,0,NORMAL,1744,1422,127.76093292236328,64.0506591796875
train/NORMAL/NORMAL2-IM-1155-0001.jpeg,train,0,NORMAL,1364,1114,129.57156372070312,59.11366271972656
train/NORMAL/NORMAL2-IM-1156-0001.jpeg,train,0,NORMAL,1592,1148,120.02841186523438,68.34622192382812
train/NORMAL/NORMAL2-IM-1158-0001.jpeg,train,0,NORMAL,1716,1504,116.76634216308594,66.4149398803711
train/NORMAL/NORMAL2-IM-1160-0001.jpeg,train,0,NORMAL,2091,2326,147.44664001464844,71.13971710205078
train/NORMAL/NORMAL2-IM-1161-0001.jpeg,train,0,NORMAL,1600,1380,109.64325714111328,63.44721603393555
train/NORMAL/NORMAL2-IM-1162-0001.jpeg,train,0,NORMAL,1670,1348,134.23350524902344,54.187618255615234
train/NORMAL/NORMAL2-IM-1163-0001.jpeg,train,0,NORMAL,1616,1283,129.28173828125,62.14221954345703
train/NORMAL/NORMAL2-IM-1164-0001.jpeg,train,0,NORMAL,1492,1190,121.4598617553711,57.47983932495117
train/NORMAL/NORMAL2-IM-1167-0001.jpeg,train,0,NORMAL,1870,1638,139.3980712890625,52.64110565185547
train/NORMAL/NORMAL2-IM-1168-0001.jpeg,train,0,NORMAL,1982,1603,114.65243530273438,67.78211212158203
train/NORMAL/NORMAL2-IM-1169-0001.jpeg,train,0,NORMAL,1782,1433,142.09164428710938,55.85504913330078
train/NORMAL/NORMAL2-IM-1170-0001.jpeg,train,0,NORMAL,1666,1360,146.34671020507812,56.43705368041992
train/NORMAL/NORMAL2-IM-1171-0001.jpeg,train,0,NORMAL,1790,1600,130.33737182617188,67.16175842285156
train/NORMAL/NORMAL2-IM-1173-0001.jpeg,train,0,NORMAL,1310,1306,146.92361450195312,55.66221618652344
train/NORMAL/NORMAL2-IM-1174-0001.jpeg,train,0,NORMAL,1716,1523,130.083740234375,66.87382507324219
train/NORMAL/NORMAL2-IM-1175-0001.jpeg,train,0,NORMAL,1516,1291,115.13162231445312,64.41915893554688
train/NORMAL/NORMAL2-IM-1176-0001.jpeg,train,0,NORMAL,2362,2187,129.71446228027344,66.75357818603516
train/NORMAL/NORMAL2-IM-1177-0001.jpeg,train,0,NORMAL,1518,1310,138.57254028320312,59.68804168701172
train/NORMAL/NORMAL2-IM-1178-0001.jpeg,train,0,NORMAL,1588,1438,131.41282653808594,61.949771881103516
train/NORMAL/NORMAL2-IM-1180-0001.jpeg,train,0,NORMAL,1696,1287,108.94251251220703,63.94334030151367
train/NORMAL/NORMAL2-IM-1181-0001.jpeg,train,0,NORMAL,1862,1441,126.76128387451172,64.4393081665039
train/NORMAL/NORMAL2-IM-1184-0001.jpeg,train,0,NORMAL,1464,1205,107.31617736816406,55.34910202026367
train/NORMAL/NORMAL2-IM-1185-0001.jpeg,train,0,NORMAL,1754,1499,117.46932983398438,75.40640258789062
train/NORMAL/NORMAL2-IM-1187-0001.jpeg,train,0,NORMAL,1692,1360,124.72605895996094,64.87261962890625
train/NORMAL/NORMAL2-IM-1188-0001.jpeg,train,0,NORMAL,2078,2067,123.2458267211914,61.18938064575195
train/NORMAL/NORMAL2-IM-1190-0001.jpeg,train,0,NORMAL,1746,1576,112.66272735595703,61.371490478515625
train/NORMAL/NORMAL2-IM-1191-0001.jpeg,train,0,NORMAL,1616,1187,114.86727142333984,65.9801254272461
train/NORMAL/NORMAL2-IM-1192-0001.jpeg,train,0,NORMAL,1882,1418,111.03448486328125,70.48481750488281
train/NORMAL/NORMAL2-IM-1194-0001.jpeg,train,0,NORMAL,1350,1090,141.98776245117188,56.86983108520508
train/NORMAL/NORMAL2-IM-1197-0001.jpeg,train,0,NORMAL,1608,1348,137.1676788330078,59.86893081665039
train/NORMAL/NORMAL2-IM-1198-0001.jpeg,train,0,NORMAL,2040,2059,125.71459197998047,62.32041931152344
train/NORMAL/NORMAL2-IM-1200-0001.jpeg,train,0,NORMAL,1828,1781,110.25967407226562,57.90305709838867
train/NORMAL/NORMAL2-IM-1201-0001.jpeg,train,0,NORMAL,1636,1218,115.35457611083984,58.564022064208984
train/NORMAL/NORMAL2-IM-1202-0001.jpeg,train,0,NORMAL,1898,1565,130.20809936523438,60.73375701904297
train/NORMAL/NORMAL2-IM-1203-0001.jpeg,train,0,NORMAL,1376,1105,122.05752563476562,63.610713958740234
train/NORMAL/NORMAL2-IM-1204-0001.jpeg,train,0,NORMAL,1592,1392,107.12525177001953,67.3340072631836
train/NORMAL/NORMAL2-IM-1205-0001.jpeg,train,0,NORMAL,1558,1167,112.8824691772461,60.22329330444336
train/NORMAL/NORMAL2-IM-1206-0001.jpeg,train,0,NORMAL,1692,1245,109.93455505371094,65.45238494873047
train/NORMAL/NORMAL2-IM-1209-0001.jpeg,train,0,NORMAL,1434,978,122.34976959228516,59.08112335205078
train/NORMAL/NORMAL2-IM-1214-0001.jpeg,train,0,NORMAL,1392,1232,143.02874755859375,67.0556869506836
train/NORMAL/NORMAL2-IM-1218-0001.jpeg,train,0,NORMAL,1982,1751,128.91871643066406,61.3503532409668
train/NORMAL/NORMAL2-IM-1219-0001.jpeg,train,0,NORMAL,2566,1909,131.3743896484375,68.97140502929688
train/NORMAL/NORMAL2-IM-1220-0001.jpeg,train,0,NORMAL,1596,1510,123.10848236083984,64.08889770507812
train/NORMAL/NORMAL2-IM-1221-0001.jpeg,train,0,NORMAL,1500,1206,118.53517150878906,61.56553649902344
train/NORMAL/NORMAL2-IM-1222-0001.jpeg,train,0,NORMAL,1364,1148,111.8956069946289,61.45991897583008
train/NORMAL/NORMAL2-IM-1223-0001.jpeg,train,0,NORMAL,1716,1530,117.36924743652344,64.28644561767578
train/NORMAL/NORMAL2-IM-1224-0001.jpeg,train,0,NORMAL,1786,1360,123.58484649658203,66.09552764892578
train/NORMAL/NORMAL2-IM-1225-0001.jpeg,train,0,NORMAL,1676,1129,117.9202880859375,57.20380783081055
train/NORMAL/NORMAL2-IM-1226-0001.jpeg,train,0,NORMAL,1902,1608,112.41149139404297,59.66985321044922
train/NORMAL/NORMAL2-IM-1228-0001.jpeg,train,0,NORMAL,1306,994,116.60993957519531,63.28178405761719
train/NORMAL/NORMAL2-IM-1232-0001.jpeg,train,0,NORMAL,1302,927,118.01392364501953,58.944175720214844
train/NORMAL/NORMAL2-IM-1236-0001.jpeg,train,0,NORMAL,1886,1573,99.83441162109375,67.41653442382812
train/NORMAL/NORMAL2-IM-1237-0001.jpeg,train,0,NORMAL,1762,1341,109.84107208251953,66.53523254394531
train/NORMAL/NORMAL2-IM-1240-0001.jpeg,train,0,NORMAL,1570,1460,126.8270263671875,62.42201614379883
train/NORMAL/NORMAL2-IM-1241-0001.jpeg,train,0,NORMAL,1056,792,108.88993072509766,55.9492301940918
train/NORMAL/NORMAL2-IM-1242-0001.jpeg,train,0,NORMAL,1354,1078,131.37660217285156,45.075565338134766
train/NORMAL/NORMAL2-IM-1243-0001.jpeg,train,0,NORMAL,2024,1963,143.0423126220703,57.92048645019531
train/NORMAL/NORMAL2-IM-1244-0001.jpeg,train,0,NORMAL,1362,1093,112.35958099365234,55.357669830322266
train/NORMAL/NORMAL2-IM-1247-0001.jpeg,train,0,NORMAL,1316,1067,147.43753051757812,50.655696868896484
train/NORMAL/NORMAL2-IM-1250-0001.jpeg,train,0,NORMAL,1416,992,123.2199935913086,71.51988220214844
train/NORMAL/NORMAL2-IM-1252-0001.jpeg,train,0,NORMAL,1873,1764,147.16685485839844,55.833099365234375
train/NORMAL/NORMAL2-IM-1253-0001.jpeg,train,0,NORMAL,1522,1090,118.2297592163086,66.15092468261719
train/NORMAL/NORMAL2-IM-1254-0001.jpeg,train,0,NORMAL,1828,1515,125.97506713867188,58.71290969848633
train/NORMAL/NORMAL2-IM-1256-0001.jpeg,train,0,NORMAL,1720,1465,130.658447265625,57.30845260620117
train/NORMAL/NORMAL2-IM-1258-0001-0001.jpeg,train,0,NORMAL,2048,1882,130.723876953125,63.37080383300781
train/NORMAL/NORMAL2-IM-1258-0001-0002.jpeg,train,0,NORMAL,1654,1446,132.46568298339844,61.675048828125
train/NORMAL/NORMAL2-IM-1258-0001.jpeg,train,0,NORMAL,2482,2570,149.20498657226562,71.28426361083984
train/NORMAL/NORMAL2-IM-1261-0001.jpeg,train,0,NORMAL,1682,1380,113.88507843017578,62.97010803222656
train/NORMAL/NORMAL2-IM-1262-0001.jpeg,train,0,NORMAL,1392,1148,104.08094024658203,51.125244140625
train/NORMAL/NORMAL2-IM-1264-0001.jpeg,train,0,NORMAL,1206,978,99.71227264404297,51.69185256958008
train/NORMAL/NORMAL2-IM-1266-0001-0001.jpeg,train,0,NORMAL,1654,1171,130.3235321044922,64.9677963256836
train/NORMAL/NORMAL2-IM-1266-0001-0002.jpeg,train,0,NORMAL,1562,1156,119.13289642333984,63.197059631347656
train/NORMAL/NORMAL2-IM-1266-0001.jpeg,train,0,NORMAL,1686,1337,122.10385131835938,62.22434616088867
train/NORMAL/NORMAL2-IM-1269-0001-0001.jpeg,train,0,NORMAL,1902,1499,126.1929931640625,60.74728012084961
train/NORMAL/NORMAL2-IM-1269-0001-0002.jpeg,train,0,NORMAL,1372,1047,112.05046081542969,69.31642150878906
train/NORMAL/NORMAL2-IM-1270-0001.jpeg,train,0,NORMAL,1246,951,115.1150131225586,58.44248962402344
train/NORMAL/NORMAL2-IM-1271-0001.jpeg,train,0,NORMAL,2414,1731,139.7792510986328,63.14739227294922
train/NORMAL/NORMAL2-IM-1272-0001.jpeg,train,0,NORMAL,1738,1296,119.80926513671875,66.5926513671875
train/NORMAL/NORMAL2-IM-1273-0001.jpeg,train,0,NORMAL,1484,993,130.62310791015625,65.35935974121094
train/NORMAL/NORMAL2-IM-1274-0001.jpeg,train,0,NORMAL,1322,1125,135.7374725341797,54.701393127441406
train/NORMAL/NORMAL2-IM-1275-0001.jpeg,train,0,NORMAL,1740,1735,159.32298278808594,61.5716667175293
train/NORMAL/NORMAL2-IM-1276-0001.jpeg,train,0,NORMAL,1990,1666,145.47885131835938,55.288604736328125
train/NORMAL/NORMAL2-IM-1277-0001-0001.jpeg,train,0,NORMAL,1514,1152,119.64669799804688,62.47944259643555
train/NORMAL/NORMAL2-IM-1277-0001-0002.jpeg,train,0,NORMAL,1742,1422,131.97607421875,64.15581512451172
train/NORMAL/NORMAL2-IM-1277-0001.jpeg,train,0,NORMAL,1724,1248,113.88306427001953,62.77970504760742
train/NORMAL/NORMAL2-IM-1278-0001.jpeg,train,0,NORMAL,1570,1318,135.03363037109375,57.32271957397461
train/NORMAL/NORMAL2-IM-1279-0001.jpeg,train,0,NORMAL,1956,1476,102.69847106933594,63.59186553955078
train/NORMAL/NORMAL2-IM-1280-0001.jpeg,train,0,NORMAL,1720,1449,133.7206573486328,57.194740295410156
train/NORMAL/NORMAL2-IM-1281-0001.jpeg,train,0,NORMAL,1766,1468,115.05326080322266,65.14556884765625
train/NORMAL/NORMAL2-IM-1282-0001.jpeg,train,0,NORMAL,1480,1302,114.41064453125,58.5601806640625
train/NORMAL/NORMAL2-IM-1285-0001.jpeg,train,0,NORMAL,1962,2169,131.19070434570312,61.40066146850586
train/NORMAL/NORMAL2-IM-1286-0001.jpeg,train,0,NORMAL,1526,1356,107.32601165771484,56.59519958496094
train/NORMAL/NORMAL2-IM-1289-0001.jpeg,train,0,NORMAL,1944,1518,123.84297180175781,63.94198989868164
train/NORMAL/NORMAL2-IM-1291-0001.jpeg,train,0,NORMAL,1978,1777,100.45386505126953,66.1286849975586
train/NORMAL/NORMAL2-IM-1293-0001.jpeg,train,0,NORMAL,1530,1144,96.11927795410156,58.98832321166992
train/NORMAL/NORMAL2-IM-1294-0001-0001.jpeg,train,0,NORMAL,1442,1399,127.66770935058594,56.67731857299805
train/NORMAL/NORMAL2-IM-1294-0001-0002.jpeg,train,0,NORMAL,1400,1260,137.2379150390625,66.59087371826172
train/NORMAL/NORMAL2-IM-1294-0001.jpeg,train,0,NORMAL,1642,1364,121.86720275878906,66.1129150390625
train/NORMAL/NORMAL2-IM-1295-0001.jpeg,train,0,NORMAL,1690,1306,120.70831298828125,69.99893951416016
train/NORMAL/NORMAL2-IM-1296-0001.jpeg,train,0,NORMAL,1462,1171,127.59232330322266,59.791202545166016
train/NORMAL/NORMAL2-IM-1300-0001.jpeg,train,0,NORMAL,1612,1437,125.84803009033203,58.53971481323242
train/NORMAL/NORMAL2-IM-1301-0001.jpeg,train,0,NORMAL,1690,1383,116.68461608886719,59.77372360229492
train/NORMAL/NORMAL2-IM-1302-0001.jpeg,train,0,NORMAL,2721,2438,151.4193572998047,68.0213623046875
train/NORMAL/NORMAL2-IM-1304-0001.jpeg,train,0,NORMAL,1898,1739,139.58607482910156,59.55188751220703
train/NORMAL/NORMAL2-IM-1305-0001.jpeg,train,0,NORMAL,1140,846,92.53568267822266,50.085044860839844
train/NORMAL/NORMAL2-IM-1306-0001.jpeg,train,0,NORMAL,1858,1692,121.75051879882812,59.800479888916016
train/NORMAL/NORMAL2-IM-1307-0001.jpeg,train,0,NORMAL,1442,1214,124.29882049560547,68.76577758789062
train/NORMAL/NORMAL2-IM-1308-0001.jpeg,train,0,NORMAL,1774,1804,108.48780822753906,70.53333282470703
train/NORMAL/NORMAL2-IM-1310-0001.jpeg,train,0,NORMAL,1608,1468,138.8737335205078,57.29194641113281
train/NORMAL/NORMAL2-IM-1314-0001.jpeg,train,0,NORMAL,1978,1619,120.96265411376953,69.36149597167969
train/NORMAL/NORMAL2-IM-1315-0001.jpeg,train,0,NORMAL,1858,1295,115.85153198242188,65.78214263916016
train/NORMAL/NORMAL2-IM-1316-0001.jpeg,train,0,NORMAL,1928,1738,140.4950408935547,55.24897766113281
train/NORMAL/NORMAL2-IM-1317-0001.jpeg,train,0,NORMAL,1242,1083,119.254150390625,58.73598098754883
train/NORMAL/NORMAL2-IM-1318-0001.jpeg,train,0,NORMAL,2358,1959,106.08712005615234,69.22953033447266
train/NORMAL/NORMAL2-IM-1320-0001.jpeg,train,0,NORMAL,1430,1198,109.01696014404297,65.26902770996094
train/NORMAL/NORMAL2-IM-1321-0001.jpeg,train,0,NORMAL,1530,1399,117.91487884521484,66.55211639404297
train/NORMAL/NORMAL2-IM-1323-0001.jpeg,train,0,NORMAL,1588,1248,122.81463623046875,58.65205383300781
train/NORMAL/NORMAL2-IM-1326-0001.jpeg,train,0,NORMAL,1188,885,110.65272521972656,56.87729263305664
train/NORMAL/NORMAL2-IM-1327-0001.jpeg,train,0,NORMAL,1456,1264,130.30972290039062,56.871788024902344
train/NORMAL/NORMAL2-IM-1328-0001.jpeg,train,0,NORMAL,2176,1658,131.0167694091797,62.88584899902344
train/NORMAL/NORMAL2-IM-1329-0001.jpeg,train,0,NORMAL,1438,1175,131.67152404785156,50.053958892822266
train/NORMAL/NORMAL2-IM-1330-0001.jpeg,train,0,NORMAL,1488,1206,99.13951110839844,56.044944763183594
train/NORMAL/NORMAL2-IM-1332-0001.jpeg,train,0,NORMAL,1620,1527,130.8682098388672,64.02562713623047
train/NORMAL/NORMAL2-IM-1333-0001.jpeg,train,0,NORMAL,1364,1456,113.60189819335938,52.185401916503906
train/NORMAL/NORMAL2-IM-1334-0001.jpeg,train,0,NORMAL,2056,1866,118.28422546386719,62.49098205566406
train/NORMAL/NORMAL2-IM-1335-0001.jpeg,train,0,NORMAL,1450,1106,104.2187271118164,61.08472442626953
train/NORMAL/NORMAL2-IM-1336-0001.jpeg,train,0,NORMAL,1462,1124,119.7950210571289,65.33817291259766
train/NORMAL/NORMAL2-IM-1337-0001.jpeg,train,0,NORMAL,1360,1097,109.9323959350586,59.551700592041016
train/NORMAL/NORMAL2-IM-1338-0001.jpeg,train,0,NORMAL,2252,1936,109.16776275634766,66.62043762207031
train/NORMAL/NORMAL2-IM-1341-0001.jpeg,train,0,NORMAL,2134,2376,102.9565200805664,60.41617202758789
train/NORMAL/NORMAL2-IM-1342-0001.jpeg,train,0,NORMAL,1284,1078,129.96780395507812,56.25406265258789
train/NORMAL/NORMAL2-IM-1343-0001.jpeg,train,0,NORMAL,1742,1684,126.45783996582031,58.041969299316406
train/NORMAL/NORMAL2-IM-1345-0001-0002.jpeg,train,0,NORMAL,1294,959,111.15084838867188,62.865196228027344
train/NORMAL/NORMAL2-IM-1345-0001.jpeg,train,0,NORMAL,1464,1183,117.2642822265625,52.11148452758789
train/NORMAL/NORMAL2-IM-1346-0001.jpeg,train,0,NORMAL,1802,1333,121.88361358642578,49.97762680053711
train/NORMAL/NORMAL2-IM-1347-0001.jpeg,train,0,NORMAL,1932,1743,126.1187744140625,63.54374694824219
train/NORMAL/NORMAL2-IM-1348-0001.jpeg,train,0,NORMAL,1782,1391,115.8584976196289,54.894474029541016
train/NORMAL/NORMAL2-IM-1349-0001.jpeg,train,0,NORMAL,1620,1175,117.54434967041016,61.65172576904297
train/NORMAL/NORMAL2-IM-1350-0001.jpeg,train,0,NORMAL,1704,1256,121.22542572021484,64.6691665649414
train/NORMAL/NORMAL2-IM-1351-0001.jpeg,train,0,NORMAL,1874,1836,133.9443817138672,61.03170394897461
train/NORMAL/NORMAL2-IM-1356-0001.jpeg,train,0,NORMAL,912,672,129.71429443359375,66.94720458984375
train/NORMAL/NORMAL2-IM-1357-0001.jpeg,train,0,NORMAL,1600,1304,131.7979736328125,70.26449584960938
train/NORMAL/NORMAL2-IM-1360-0001.jpeg,train,0,NORMAL,1184,984,133.98944091796875,58.82353210449219
train/NORMAL/NORMAL2-IM-1362-0001.jpeg,train,0,NORMAL,992,816,109.09825897216797,52.14222717285156
train/NORMAL/NORMAL2-IM-1371-0001.jpeg,train,0,NORMAL,1496,1304,121.67475891113281,66.82514953613281
train/NORMAL/NORMAL2-IM-1376-0001.jpeg,train,0,NORMAL,1296,1200,134.8480224609375,62.307247161865234
train/NORMAL/NORMAL2-IM-1379-0001.jpeg,train,0,NORMAL,1440,1328,136.47401428222656,56.984649658203125
train/NORMAL/NORMAL2-IM-1396-0001.jpeg,train,0,NORMAL,1256,1032,122.02039337158203,54.964115142822266
train/NORMAL/NORMAL2-IM-1400-0001.jpeg,train,0,NORMAL,1440,992,124.9137191772461,71.63903045654297
train/NORMAL/NORMAL2-IM-1401-0001.jpeg,train,0,NORMAL,1272,1048,142.1903533935547,65.48799133300781
train/NORMAL/NORMAL2-IM-1406-0001.jpeg,train,0,NORMAL,1376,936,128.96365356445312,73.0420150756836
train/NORMAL/NORMAL2-IM-1412-0001.jpeg,train,0,NORMAL,1784,1216,113.85160827636719,64.92585754394531
train/NORMAL/NORMAL2-IM-1419-0001.jpeg,train,0,NORMAL,976,800,106.57017517089844,57.28535461425781
train/NORMAL/NORMAL2-IM-1422-0001.jpeg,train,0,NORMAL,1460,951,123.65242767333984,63.26874542236328
train/PNEUMONIA/person1000_bacteria_2931.jpeg,train,1,PNEUMONIA,1152,760,114.5373306274414,56.12173080444336
train/PNEUMONIA/person1002_bacteria_2933.jpeg,train,1,PNEUMONIA,1242,940,92.56312561035156,44.09060287475586
train/PNEUMONIA/person1003_bacteria_2934.jpeg,train,1,PNEUMONIA,1488,1280,108.18544006347656,59.01612854003906
train/PNEUMONIA/person1003_virus_1685.jpeg,train,1,PNEUMONIA,1008,616,146.90252685546875,48.838340759277344
train/PNEUMONIA/person1004_bacteria_2935.jpeg,train,1,PNEUMONIA,1184,816,125.15509796142578,54.2190055847168
train/PNEUMONIA/person1004_virus_1686.jpeg,train,1,PNEUMONIA,856,480,101.97494506835938,59.5306282043457
train/PNEUMONIA/person1005_bacteria_2936.jpeg,train,1,PNEUMONIA,1048,888,121.77494812011719,53.8973388671875
train/PNEUMONIA/person1005_virus_1688.jpeg,train,1,PNEUMONIA,1216,792,119.47215270996094,61.96969985961914
train/PNEUMONIA/person1007_bacteria_2938.jpeg,train,1,PNEUMONIA,992,776,157.4680938720703,44.333988189697266
train/PNEUMONIA/person1007_virus_1690.jpeg,train,1,PNEUMONIA,1048,664,130.8087921142578,57.00128173828125
train/PNEUMONIA/person1008_virus_1691.jpeg,train,1,PNEUMONIA,1576,1328,125.84951782226562,60.90761184692383
train/PNEUMONIA/person100_virus_184.jpeg,train,1,PNEUMONIA,1104,792,106.46681213378906,49.64476776123047
train/PNEUMONIA/person1010_bacteria_2941.jpeg,train,1,PNEUMONIA,1328,1368,148.048095703125,54.84846115112305
train/PNEUMONIA/person1010_virus_1695.jpeg,train,1,PNEUMONIA,502,307,115.79773712158203,60.591552734375
train/PNEUMONIA/person1011_bacteria_2942.jpeg,train,1,PNEUMONIA,1128,520,162.8466339111328,29.305620193481445
train/PNEUMONIA/person1015_virus_1701.jpeg,train,1,PNEUMONIA,1664,1496,131.97377014160156,66.4274673461914
train/PNEUMONIA/person1015_virus_1702.jpeg,train,1,PNEUMONIA,1680,1600,115.6068115234375,62.97943115234375
train/PNEUMONIA/person1016_bacteria_2947.jpeg,train,1,PNEUMONIA,968,656,151.4918212890625,48.703861236572266
train/PNEUMONIA/person1016_virus_1704.jpeg,train,1,PNEUMONIA,1336,944,137.3939666748047,61.54288864135742
train/PNEUMONIA/person1017_bacteria_2948.jpeg,train,1,PNEUMONIA,1048,716,89.83515930175781,54.68839645385742
train/PNEUMONIA/person1018_bacteria_2949.jpeg,train,1,PNEUMONIA,992,760,123.30026245117188,47.674983978271484
train/PNEUMONIA/person1019_bacteria_2950.jpeg,train,1,PNEUMONIA,904,624,116.99944305419922,43.13795471191406
train/PNEUMONIA/person1019_virus_1707.jpeg,train,1,PNEUMONIA,1752,1408,134.90658569335938,62.12611389160156
train/PNEUMONIA/person1019_virus_1708.jpeg,train,1,PNEUMONIA,1848,1448,90.86358642578125,57.64313507080078
train/PNEUMONIA/person101_virus_187.jpeg,train,1,PNEUMONIA,1592,1312,137.449462890625,54.95484924316406
train/PNEUMONIA/person101_virus_188.jpeg,train,1,PNEUMONIA,1736,1752,73.50355529785156,53.3170051574707
train/PNEUMONIA/person1020_virus_1710.jpeg,train,1,PNEUMONIA,1272,728,134.33534240722656,67.44711303710938
train/PNEUMONIA/person1023_virus_1714.jpeg,train,1,PNEUMONIA,1232,720,132.1105194091797,71.85505676269531
train/PNEUMONIA/person1024_bacteria_2955.jpeg,train,1,PNEUMONIA,1136,704,115.07386016845703,51.27524948120117
train/PNEUMONIA/person1024_virus_1716.jpeg,train,1,PNEUMONIA,1288,816,118.33938598632812,67.04389190673828
train/PNEUMONIA/person1026_bacteria_2957.jpeg,train,1,PNEUMONIA,1128,832,104.83409881591797,53.926597595214844
train/PNEUMONIA/person1026_virus_1718.jpeg,train,1,PNEUMONIA,1368,872,131.4140167236328,55.30878448486328
train/PNEUMONIA/person1028_bacteria_2959.jpeg,train,1,PNEUMONIA,1008,728,92.89708709716797,50.04865646362305
train/PNEUMONIA/person1029_bacteria_2961.jpeg,train,1,PNEUMONIA,1056,656,111.97660827636719,50.65447998046875
train/PNEUMONIA/person1029_virus_1721.jpeg,train,1,PNEUMONIA,1296,696,111.85214233398438,59.5762825012207
train/PNEUMONIA/person102_virus_189.jpeg,train,1,PNEUMONIA,1612,1086,110.50724792480469,64.02886962890625
train/PNEUMONIA/person1030_virus_1722.jpeg,train,1,PNEUMONIA,1784,1184,119.26714324951172,59.36725616455078
train/PNEUMONIA/person1031_bacteria_2963.jpeg,train,1,PNEUMONIA,1096,744,111.21611022949219,51.29743957519531
train/PNEUMONIA/person1031_bacteria_2964.jpeg,train,1,PNEUMONIA,1032,680,153.6447296142578,48.28313064575195
train/PNEUMONIA/person1033_bacteria_2966.jpeg,train,1,PNEUMONIA,848,704,118.1021728515625,50.84915542602539
train/PNEUMONIA/person1034_bacteria_2968.jpeg,train,1,PNEUMONIA,1088,712,120.09516143798828,52.045745849609375
train/PNEUMONIA/person1034_virus_1728.jpeg,train,1,PNEUMONIA,1144,928,119.50704193115234,49.327362060546875
train/PNEUMONIA/person1035_bacteria_2969.jpeg,train,1,PNEUMONIA,860,500,133.24623107910156,34.46870803833008
train/PNEUMONIA/person1035_virus_1729.jpeg,train,1,PNEUMONIA,1248,840,111.83045959472656,51.04269027709961
train/PNEUMONIA/person1036_bacteria_2970.jpeg,train,1,PNEUMONIA,920,736,122.71442413330078,48.18825149536133
train/PNEUMONIA/person1036_virus_1730.jpeg,train,1,PNEUMONIA,1136,840,134.97164916992188,54.13872146606445
train/PNEUMONIA/person1037_bacteria_2971.jpeg,train,1,PNEUMONIA,1152,672,120.39968872070312,44.56704330444336
train/PNEUMONIA/person1038_bacteria_2972.jpeg,train,1,PNEUMONIA,2093,1404,109.86917114257812,71.98451232910156
train/PNEUMONIA/person1038_virus_1733.jpeg,train,1,PNEUMONIA,1368,928,115.47286987304688,67.82427215576172
train/PNEUMONIA/person1039_bacteria_2973.jpeg,train,1,PNEUMONIA,1532,1066,109.81768035888672,72.0865249633789
train/PNEUMONIA/person103_virus_190.jpeg,train,1,PNEUMONIA,1328,912,134.77392578125,57.89332962036133
train/PNEUMONIA/person1040_bacteria_2974.jpeg,train,1,PNEUMONIA,1467,1044,102.57129669189453,66.4407958984375
train/PNEUMONIA/person1040_virus_1735.jpeg,train,1,PNEUMONIA,1040,520,129.02676391601562,65.02923583984375
train/PNEUMONIA/person1041_bacteria_2975.jpeg,train,1,PNEUMONIA,1000,728,129.224365234375,53.8330078125
train/PNEUMONIA/person1041_virus_1736.jpeg,train,1,PNEUMONIA,1304,760,117.26940155029297,71.20101928710938
train/PNEUMONIA/person1042_virus_1737.jpeg,train,1,PNEUMONIA,1408,1056,149.46856689453125,60.17555618286133
train/PNEUMONIA/person1043_virus_1738.jpeg,train,1,PNEUMONIA,1160,768,107.07959747314453,68.70448303222656
train/PNEUMONIA/person1044_bacteria_2978.jpeg,train,1,PNEUMONIA,1168,828,117.88692474365234,61.319332122802734
train/PNEUMONIA/person1044_virus_1740.jpeg,train,1,PNEUMONIA,1488,1088,130.0230255126953,65.7838363647461
train/PNEUMONIA/person1045_bacteria_2979.jpeg,train,1,PNEUMONIA,1008,760,88.65249633789062,50.05009078979492
train/PNEUMONIA/person1045_virus_1741.jpeg,train,1,PNEUMONIA,1120,872,138.08274841308594,62.67524337768555
train/PNEUMONIA/person1046_bacteria_2980.jpeg,train,1,PNEUMONIA,1088,872,108.45899200439453,56.07305908203125
train/PNEUMONIA/person1046_virus_1742.jpeg,train,1,PNEUMONIA,1128,648,114.83872985839844,67.80492401123047
train/PNEUMONIA/person1048_bacteria_2982.jpeg,train,1,PNEUMONIA,976,608,115.67444610595703,49.02360534667969
train/PNEUMONIA/person1048_virus_1744.jpeg,train,1,PNEUMONIA,1344,1040,135.20883178710938,74.24878692626953
train/PNEUMONIA/person1049_bacteria_2983.jpeg,train,1,PNEUMONIA,1464,967,117.14533996582031,58.233360290527344
train/PNEUMONIA/person1049_virus_1746.jpeg,train,1,PNEUMONIA,1016,704,109.8243637084961,61.70668411254883
train/PNEUMONIA/person1050_bacteria_2984.jpeg,train,1,PNEUMONIA,944,616,116.7387466430664,48.349056243896484
train/PNEUMONIA/person1051_bacteria_2985.jpeg,train,1,PNEUMONIA,1088,728,148.88113403320312,41.77485275268555
train/PNEUMONIA/person1051_virus_1750.jpeg,train,1,PNEUMONIA,1616,1352,124.7388916015625,58.682193756103516
train/PNEUMONIA/person1052_bacteria_2986.jpeg,train,1,PNEUMONIA,1048,856,130.81732177734375,55.03664016723633
train/PNEUMONIA/person1052_virus_1751.jpeg,train,1,PNEUMONIA,836,521,158.4323272705078,36.59046173095703
train/PNEUMONIA/person1054_bacteria_2988.jpeg,train,1,PNEUMONIA,1344,1072,152.92269897460938,55.43281936645508
train/PNEUMONIA/person1055_bacteria_2989.jpeg,train,1,PNEUMONIA,1064,880,132.07762145996094,55.74081039428711
train/PNEUMONIA/person1056_bacteria_2990.jpeg,train,1,PNEUMONIA,1016,664,131.33984375,53.648746490478516
train/PNEUMONIA/person1056_virus_1755.jpeg,train,1,PNEUMONIA,1816,1184,128.58871459960938,67.58370971679688
train/PNEUMONIA/person1057_bacteria_2991.jpeg,train,1,PNEUMONIA,1400,910,104.38975524902344,61.23671340942383
train/PNEUMONIA/person1057_virus_1756.jpeg,train,1,PNEUMONIA,1016,664,106.06538391113281,51.45912551879883
train/PNEUMONIA/person1058_bacteria_2992.jpeg,train,1,PNEUMONIA,1112,728,94.38274383544922,47.70193099975586
train/PNEUMONIA/person1058_virus_1757.jpeg,train,1,PNEUMONIA,1376,952,136.2046661376953,66.67243957519531
train/PNEUMONIA/person1059_bacteria_2993.jpeg,train,1,PNEUMONIA,1088,688,96.10169219970703,48.56699752807617
train/PNEUMONIA/person1059_virus_1758.jpeg,train,1,PNEUMONIA,936,568,122.89579772949219,68.48338317871094
train/PNEUMONIA/person105_virus_192.jpeg,train,1,PNEUMONIA,1096,650,163.0729522705078,63.71479415893555
train/PNEUMONIA/person1060_virus_1760.jpeg,train,1,PNEUMONIA,1312,920,125.4610595703125,71.87816619873047
train/PNEUMONIA/person1062_bacteria_2996.jpeg,train,1,PNEUMONIA,952,800,101.26885223388672,53.86945343017578
train/PNEUMONIA/person1062_virus_1762.jpeg,train,1,PNEUMONIA,1104,632,138.66506958007812,55.88100814819336
train/PNEUMONIA/person1063_virus_1765.jpeg,train,1,PNEUMONIA,1072,728,135.44725036621094,49.19865036010742
train/PNEUMONIA/person1065_bacteria_2999.jpeg,train,1,PNEUMONIA,1000,720,136.0580596923828,48.607383728027344
train/PNEUMONIA/person1065_virus_1768.jpeg,train,1,PNEUMONIA,1344,912,150.9912872314453,49.90951919555664
train/PNEUMONIA/person1066_bacteria_3000.jpeg,train,1,PNEUMONIA,1272,1128,136.8851776123047,43.73164367675781
train/PNEUMONIA/person1067_bacteria_3001.jpeg,train,1,PNEUMONIA,1136,904,131.40077209472656,48.31501007080078
train/PNEUMONIA/person1067_virus_1770.jpeg,train,1,PNEUMONIA,992,624,120.48709106445312,47.41257095336914
train/PNEUMONIA/person1068_bacteria_3002.jpeg,train,1,PNEUMONIA,1368,1120,142.99058532714844,54.3466911315918
train/PNEUMONIA/person1068_virus_1771.jpeg,train,1,PNEUMONIA,952,560,131.98316955566406,58.802852630615234
train/PNEUMONIA/person1069_bacteria_3003.jpeg,train,1,PNEUMONIA,1248,1016,144.9814453125,56.260623931884766
train/PNEUMONIA/person106_virus_194.jpeg,train,1,PNEUMONIA,1541,881,154.33984375,57.51205825805664
train/PNEUMONIA/person1070_virus_1773.jpeg,train,1,PNEUMONIA,1376,752,112.539306640625,66.88427734375
train/PNEUMONIA/person1071_bacteria_3005.jpeg,train,1,PNEUMONIA,1056,840,123.4575424194336,64.66800689697266
train/PNEUMONIA/person1071_virus_1774.jpeg,train,1,PNEUMONIA,1024,640,136.1197967529297,68.14827728271484
train/PNEUMONIA/person1072_bacteria_3006.jpeg,train,1,PNEUMONIA,1008,680,141.97715759277344,58.531410217285156
train/PNEUMONIA/person1072_bacteria_3007.jpeg,train,1,PNEUMONIA,1072,664,91.48700714111328,52.707183837890625
train/PNEUMONIA/person1072_virus_1775.jpeg,train,1,PNEUMONIA,1288,760,92.22677612304688,70.47061157226562
train/PNEUMONIA/person1073_bacteria_3008.jpeg,train,1,PNEUMONIA,978,626,133.19122314453125,56.74998092651367
train/PNEUMONIA/person1073_bacteria_3011.jpeg,train,1,PNEUMONIA,1016,680,154.03944396972656,51.22626495361328
train/PNEUMONIA/person1073_virus_1776.jpeg,train,1,PNEUMONIA,1152,736,94.47500610351562,67.90237426757812
train/PNEUMONIA/person1074_bacteria_3012.jpeg,train,1,PNEUMONIA,1338,1044,115.51188659667969,76.44356536865234
train/PNEUMONIA/person1074_bacteria_3014.jpeg,train,1,PNEUMONIA,992,520,153.87586975097656,49.65205001831055
train/PNEUMONIA/person1075_bacteria_3015.jpeg,train,1,PNEUMONIA,1690,1267,102.22530364990234,64.67606353759766
train/PNEUMONIA/person1077_bacteria_3017.jpeg,train,1,PNEUMONIA,1048,640,140.37417602539062,41.268367767333984
train/PNEUMONIA/person1077_virus_1787.jpeg,train,1,PNEUMONIA,1696,1320,139.56565856933594,73.09593200683594
train/PNEUMONIA/person1078_bacteria_3018.jpeg,train,1,PNEUMONIA,1072,840,129.53912353515625,58.934661865234375
train/PNEUMONIA/person1078_virus_1788.jpeg,train,1,PNEUMONIA,1176,704,131.13478088378906,70.56049346923828
train/PNEUMONIA/person1079_bacteria_3019.jpeg,train,1,PNEUMONIA,1248,832,114.73650360107422,49.23041534423828
train/PNEUMONIA/person107_virus_197.jpeg,train,1,PNEUMONIA,1616,1024,131.47998046875,54.75347137451172
train/PNEUMONIA/person1080_bacteria_3020.jpeg,train,1,PNEUMONIA,1432,800,162.191650390625,54.50339889526367
train/PNEUMONIA/person1080_virus_1791.jpeg,train,1,PNEUMONIA,1568,1016,117.78266143798828,74.73670196533203
train/PNEUMONIA/person1081_bacteria_3021.jpeg,train,1,PNEUMONIA,944,560,140.6048583984375,44.66934585571289
train/PNEUMONIA/person1081_virus_1793.jpeg,train,1,PNEUMONIA,976,576,114.71489715576172,63.58415222167969
train/PNEUMONIA/person1082_virus_1794.jpeg,train,1,PNEUMONIA,1232,688,106.20740509033203,62.194217681884766
train/PNEUMONIA/person1083_bacteria_3023.jpeg,train,1,PNEUMONIA,1104,752,151.26681518554688,43.926048278808594
train/PNEUMONIA/person1084_bacteria_3024.jpeg,train,1,PNEUMONIA,1096,776,136.97152709960938,52.860103607177734
train/PNEUMONIA/person1084_virus_1796.jpeg,train,1,PNEUMONIA,1544,1080,127.72610473632812,65.76192474365234
train/PNEUMONIA/person1085_bacteria_3025.jpeg,train,1,PNEUMONIA,1080,752,117.72245025634766,50.30302810668945
train/PNEUMONIA/person1085_virus_1797.jpeg,train,1,PNEUMONIA,1320,776,130.7438507080078,60.501155853271484
train/PNEUMONIA/person1086_bacteria_3026.jpeg,train,1,PNEUMONIA,1468,821,120.22535705566406,58.30363082885742
train/PNEUMONIA/person1086_virus_1798.jpeg,train,1,PNEUMONIA,1128,728,111.72306823730469,63.868690490722656
train/PNEUMONIA/person1087_bacteria_3027.jpeg,train,1,PNEUMONIA,1160,752,120.12958526611328,47.075645446777344
train/PNEUMONIA/person1087_virus_1799.jpeg,train,1,PNEUMONIA,904,472,123.22557067871094,53.83647155761719
train/PNEUMONIA/person1088_bacteria_3028.jpeg,train,1,PNEUMONIA,1000,824,141.23977661132812,48.64793014526367
train/PNEUMONIA/person1088_virus_1800.jpeg,train,1,PNEUMONIA,2080,1736,158.0719757080078,40.67211151123047
train/PNEUMONIA/person1089_bacteria_3029.jpeg,train,1,PNEUMONIA,1136,688,110.80642700195312,58.1460075378418
train/PNEUMONIA/person1089_virus_1808.jpeg,train,1,PNEUMONIA,1064,576,117.96146392822266,70.42560577392578
train/PNEUMONIA/person108_virus_199.jpeg,train,1,PNEUMONIA,2064,1632,173.4658966064453,24.1754207611084
train/PNEUMONIA/person108_virus_201.jpeg,train,1,PNEUMONIA,1968,1688,139.07611083984375,38.05607986450195
train/PNEUMONIA/person1090_virus_1809.jpeg,train,1,PNEUMONIA,1136,656,124.66023254394531,64.80913543701172
train/PNEUMONIA/person1091_bacteria_3031.jpeg,train,1,PNEUMONIA,1112,784,100.93434143066406,49.939537048339844
train/PNEUMONIA/person1091_virus_1810.jpeg,train,1,PNEUMONIA,976,512,111.10803985595703,61.9664421081543
train/PNEUMONIA/person1092_bacteria_3032.jpeg,train,1,PNEUMONIA,1216,760,130.161865234375,53.93700408935547
train/PNEUMONIA/person1093_bacteria_3033.jpeg,train,1,PNEUMONIA,1208,856,161.9274444580078,39.67344284057617
train/PNEUMONIA/person1094_virus_1814.jpeg,train,1,PNEUMONIA,952,584,103.64134216308594,54.8194694519043
train/PNEUMONIA/person1095_virus_1815.jpeg,train,1,PNEUMONIA,1088,712,112.27574920654297,66.90753173828125
train/PNEUMONIA/person1096_virus_1816.jpeg,train,1,PNEUMONIA,1000,608,101.7212142944336,63.815555572509766
train/PNEUMONIA/person1097_bacteria_3038.jpeg,train,1,PNEUMONIA,936,792,112.21382141113281,52.39076614379883
train/PNEUMONIA/person1097_virus_1817.jpeg,train,1,PNEUMONIA,1288,840,130.96527099609375,69.70237731933594
train/PNEUMONIA/person1098_bacteria_3039.jpeg,train,1,PNEUMONIA,1480,1137,108.96312713623047,70.44793701171875
train/PNEUMONIA/person1098_virus_1818.jpeg,train,1,PNEUMONIA,1000,488,104.65312194824219,59.736690521240234
train/PNEUMONIA/person1099_bacteria_3040.jpeg,train,1,PNEUMONIA,1662,1099,121.21426391601562,65.8916244506836
train/PNEUMONIA/person1099_virus_1819.jpeg,train,1,PNEUMONIA,759,504,171.4851837158203,36.28326416015625
train/PNEUMONIA/person109_virus_203.jpeg,train,1,PNEUMONIA,1380,844,102.08040618896484,61.367835998535156
train/PNEUMONIA/person10_bacteria_43.jpeg,train,1,PNEUMONIA,1028,650,91.31568145751953,56.37910842895508
train/PNEUMONIA/person1100_bacteria_3041.jpeg,train,1,PNEUMONIA,1256,816,113.20216369628906,65.99406433105469
train/PNEUMONIA/person1100_virus_1820.jpeg,train,1,PNEUMONIA,1152,616,109.77397155761719,48.29719543457031
train/PNEUMONIA/person1101_bacteria_3042.jpeg,train,1,PNEUMONIA,1072,624,112.374267578125,46.53984832763672
train/PNEUMONIA/person1102_virus_1822.jpeg,train,1,PNEUMONIA,1096,664,88.38846588134766,70.13478088378906
train/PNEUMONIA/person1103_bacteria_3044.jpeg,train,1,PNEUMONIA,1336,848,170.07180786132812,52.76871109008789
train/PNEUMONIA/person1103_virus_1825.jpeg,train,1,PNEUMONIA,1616,872,99.2018814086914,72.02140808105469
train/PNEUMONIA/person1104_virus_1826.jpeg,train,1,PNEUMONIA,858,522,132.6773223876953,47.1420783996582
train/PNEUMONIA/person1105_bacteria_3046.jpeg,train,1,PNEUMONIA,1136,760,93.52781677246094,49.270626068115234
train/PNEUMONIA/person1106_virus_1829.jpeg,train,1,PNEUMONIA,1624,1208,123.97594451904297,61.849876403808594
train/PNEUMONIA/person1107_bacteria_3048.jpeg,train,1,PNEUMONIA,1482,1044,108.9022445678711,74.36930084228516
train/PNEUMONIA/person1107_virus_1832.jpeg,train,1,PNEUMONIA,1392,832,100.79771423339844,78.95458984375
train/PNEUMONIA/person1108_bacteria_3049.jpeg,train,1,PNEUMONIA,1467,1044,106.9849624633789,73.27925109863281
train/PNEUMONIA/person1108_virus_1833.jpeg,train,1,PNEUMONIA,869,563,129.92724609375,54.16844177246094
train/PNEUMONIA/person1109_bacteria_3050.jpeg,train,1,PNEUMONIA,1128,752,149.48655700683594,46.664573669433594
train/PNEUMONIA/person110_virus_205.jpeg,train,1,PNEUMONIA,1192,864,89.74776458740234,46.90163803100586
train/PNEUMONIA/person110_virus_206.jpeg,train,1,PNEUMONIA,1192,840,101.19107818603516,48.77524948120117
train/PNEUMONIA/person110_virus_207.jpeg,train,1,PNEUMONIA,1168,784,134.71852111816406,53.127655029296875
train/PNEUMONIA/person110_virus_208.jpeg,train,1,PNEUMONIA,1353,835,154.43045043945312,57.945831298828125
train/PNEUMONIA/person1110_bacteria_3051.jpeg,train,1,PNEUMONIA,1232,952,130.43431091308594,54.011573791503906
train/PNEUMONIA/person1110_virus_1835.jpeg,train,1,PNEUMONIA,1328,784,120.4643783569336,70.48553466796875
train/PNEUMONIA/person1111_bacteria_3052.jpeg,train,1,PNEUMONIA,1192,752,185.18829345703125,31.383150100708008
train/PNEUMONIA/person1111_virus_1836.jpeg,train,1,PNEUMONIA,1072,664,140.18060302734375,64.63471221923828
train/PNEUMONIA/person1112_bacteria_3053.jpeg,train,1,PNEUMONIA,1224,792,117.82925415039062,58.59614562988281
train/PNEUMONIA/person1112_virus_1837.jpeg,train,1,PNEUMONIA,1352,792,123.55030059814453,57.23408126831055
train/PNEUMONIA/person1113_virus_1838.jpeg,train,1,PNEUMONIA,1232,712,114.9407730102539,70.61742401123047
train/PNEUMONIA/person1114_bacteria_3055.jpeg,train,1,PNEUMONIA,1218,739,88.3614501953125,52.3107795715332
train/PNEUMONIA/person1115_virus_1840.jpeg,train,1,PNEUMONIA,1072,520,141.36737060546875,52.36054992675781
train/PNEUMONIA/person1116_virus_1841.jpeg,train,1,PNEUMONIA,1160,760,128.75904846191406,72.68148803710938
train/PNEUMONIA/person1118_bacteria_3059.jpeg,train,1,PNEUMONIA,1056,960,120.8311767578125,57.37907791137695
train/PNEUMONIA/person1119_virus_1844.jpeg,train,1,PNEUMONIA,1232,808,148.35134887695312,58.148956298828125
train/PNEUMONIA/person111_virus_209.jpeg,train,1,PNEUMONIA,1520,1376,152.09133911132812,59.70509338378906
train/PNEUMONIA/person111_virus_212.jpeg,train,1,PNEUMONIA,1693,1456,156.19790649414062,59.16611099243164
train/PNEUMONIA/person1121_virus_1846.jpeg,train,1,PNEUMONIA,1320,736,137.7843780517578,60.2657585144043
train/PNEUMONIA/person1122_bacteria_3063.jpeg,train,1,PNEUMONIA,1820,1153,129.0072021484375,74.78502655029297
train/PNEUMONIA/person1122_virus_1847.jpeg,train,1,PNEUMONIA,1304,848,135.61497497558594,59.23863983154297
train/PNEUMONIA/person1123_virus_1848.jpeg,train,1,PNEUMONIA,1208,864,131.90902709960938,68.6821060180664
train/PNEUMONIA/person1124_bacteria_3065.jpeg,train,1,PNEUMONIA,1546,1231,116.52915954589844,66.7910385131836
train/PNEUMONIA/person1124_virus_1851.jpeg,train,1,PNEUMONIA,1520,960,145.4711151123047,71.10157775878906
train/PNEUMONIA/person1125_bacteria_3066.jpeg,train,1,PNEUMONIA,1294,1138,108.15399169921875,64.87407684326172
train/PNEUMONIA/person1125_virus_1852.jpeg,train,1,PNEUMONIA,1272,952,141.43576049804688,63.66953659057617
train/PNEUMONIA/person1126_virus_1853.jpeg,train,1,PNEUMONIA,1016,512,111.60653686523438,56.796939849853516
train/PNEUMONIA/person1127_virus_1854.jpeg,train,1,PNEUMONIA,1072,712,115.23893737792969,61.24650573730469
train/PNEUMONIA/person1128_bacteria_3069.jpeg,train,1,PNEUMONIA,920,760,105.9610824584961,47.67942810058594
train/PNEUMONIA/person1129_bacteria_3070.jpeg,train,1,PNEUMONIA,1296,784,121.921142578125,52.10181427001953
train/PNEUMONIA/person1129_virus_1857.jpeg,train,1,PNEUMONIA,926,628,143.32557678222656,41.72617721557617
train/PNEUMONIA/person112_virus_213.jpeg,train,1,PNEUMONIA,1746,1270,162.58705139160156,64.15393829345703
train/PNEUMONIA/person1130_bacteria_3072.jpeg,train,1,PNEUMONIA,1616,1208,146.4477996826172,48.8187141418457
train/PNEUMONIA/person1130_virus_1860.jpeg,train,1,PNEUMONIA,992,496,132.9692840576172,66.29608917236328
train/PNEUMONIA/person1131_bacteria_3073.jpeg,train,1,PNEUMONIA,720,441,136.30804443359375,28.341398239135742
train/PNEUMONIA/person1132_virus_1863.jpeg,train,1,PNEUMONIA,790,472,138.09793090820312,42.385196685791016
train/PNEUMONIA/person1133_bacteria_3075.jpeg,train,1,PNEUMONIA,1048,528,126.77197265625,53.16773986816406
train/PNEUMONIA/person1133_virus_1865.jpeg,train,1,PNEUMONIA,722,427,144.05755615234375,46.227169036865234
train/PNEUMONIA/person1134_bacteria_3076.jpeg,train,1,PNEUMONIA,1008,656,104.73294067382812,46.46527862548828
train/PNEUMONIA/person1135_bacteria_3077.jpeg,train,1,PNEUMONIA,1597,1231,117.82090759277344,79.97891235351562
train/PNEUMONIA/person1136_bacteria_3078.jpeg,train,1,PNEUMONIA,896,680,112.79157257080078,48.14459228515625
train/PNEUMONIA/person1137_virus_1876.jpeg,train,1,PNEUMONIA,1804,1396,116.86495971679688,72.68135833740234
train/PNEUMONIA/person1138_virus_1877.jpeg,train,1,PNEUMONIA,1928,964,85.26521301269531,63.58318328857422
train/PNEUMONIA/person1138_virus_1879.jpeg,train,1,PNEUMONIA,1560,792,100.94587707519531,49.49063491821289
train/PNEUMONIA/person1139_bacteria_3082.jpeg,train,1,PNEUMONIA,856,624,142.05223083496094,49.58890914916992
train/PNEUMONIA/person1139_virus_1882.jpeg,train,1,PNEUMONIA,1364,805,120.47157287597656,58.03367233276367
train/PNEUMONIA/person113_virus_215.jpeg,train,1,PNEUMONIA,960,672,151.31826782226562,43.02032470703125
train/PNEUMONIA/person113_virus_216.jpeg,train,1,PNEUMONIA,1072,592,140.7614288330078,54.65845489501953
train/PNEUMONIA/person1141_bacteria_3084.jpeg,train,1,PNEUMONIA,992,528,126.92765808105469,51.25759506225586
train/PNEUMONIA/person1141_bacteria_3085.jpeg,train,1,PNEUMONIA,952,440,126.21630859375,52.338741302490234
train/PNEUMONIA/person1141_virus_1886.jpeg,train,1,PNEUMONIA,1152,712,90.0870590209961,40.93474578857422
train/PNEUMONIA/person1141_virus_1890.jpeg,train,1,PNEUMONIA,1164,735,134.46791076660156,57.95463562011719
train/PNEUMONIA/person1142_bacteria_3086.jpeg,train,1,PNEUMONIA,1870,1605,132.48670959472656,74.26431274414062
train/PNEUMONIA/person1142_virus_1892.jpeg,train,1,PNEUMONIA,941,609,105.40206146240234,50.36122131347656
train/PNEUMONIA/person1143_virus_1896.jpeg,train,1,PNEUMONIA,928,720,157.81661987304688,46.121456146240234
train/PNEUMONIA/person1143_virus_1897.jpeg,train,1,PNEUMONIA,1168,880,106.45256805419922,58.76139450073242
train/PNEUMONIA/person1144_bacteria_3089.jpeg,train,1,PNEUMONIA,750,440,131.33767700195312,33.391510009765625
train/PNEUMONIA/person1145_bacteria_3090.jpeg,train,1,PNEUMONIA,976,672,122.48601531982422,45.35447311401367
train/PNEUMONIA/person1145_virus_1902.jpeg,train,1,PNEUMONIA,1128,720,127.0601577758789,54.93681335449219
train/PNEUMONIA/person1145_virus_1905.jpeg,train,1,PNEUMONIA,1056,672,130.22174072265625,53.39257049560547
train/PNEUMONIA/person1145_virus_1906.jpeg,train,1,PNEUMONIA,1136,840,129.96881103515625,51.44184112548828
train/PNEUMONIA/person1146_bacteria_3091.jpeg,train,1,PNEUMONIA,832,584,104.70201873779297,42.58051300048828
train/PNEUMONIA/person1147_virus_1919.jpeg,train,1,PNEUMONIA,1632,1064,136.83526611328125,53.82682800292969
train/PNEUMONIA/person1147_virus_1920.jpeg,train,1,PNEUMONIA,1664,832,138.6138916015625,50.91066360473633
train/PNEUMONIA/person1149_bacteria_3094.jpeg,train,1,PNEUMONIA,1008,712,148.91543579101562,40.122982025146484
train/PNEUMONIA/person1149_virus_1924.jpeg,train,1,PNEUMONIA,1432,1024,156.33372497558594,56.84651184082031
train/PNEUMONIA/person1149_virus_1925.jpeg,train,1,PNEUMONIA,1272,882,130.7755889892578,59.630531311035156
train/PNEUMONIA/person1150_bacteria_3095.jpeg,train,1,PNEUMONIA,1697,1159,121.10963439941406,79.9525146484375
train/PNEUMONIA/person1152_virus_1930.jpeg,train,1,PNEUMONIA,1430,933,129.64491271972656,57.76714324951172
train/PNEUMONIA/person1153_virus_1932.jpeg,train,1,PNEUMONIA,1118,712,115.24779510498047,52.05116653442383
train/PNEUMONIA/person1154_bacteria_3099.jpeg,train,1,PNEUMONIA,1404,1072,88.81210327148438,55.36482238769531
train/PNEUMONIA/person1155_bacteria_3100.jpeg,train,1,PNEUMONIA,1192,728,121.96917724609375,42.60731506347656
train/PNEUMONIA/person1155_virus_1934.jpeg,train,1,PNEUMONIA,1078,639,113.25394439697266,56.24050521850586
train/PNEUMONIA/person1156_bacteria_3101.jpeg,train,1,PNEUMONIA,1312,912,126.34326934814453,50.14421463012695
train/PNEUMONIA/person1156_virus_1935.jpeg,train,1,PNEUMONIA,1458,944,108.1823959350586,58.598392486572266
train/PNEUMONIA/person1156_virus_1936.jpeg,train,1,PNEUMONIA,1492,990,103.13028717041016,60.28358840942383
train/PNEUMONIA/person1157_bacteria_3102.jpeg,train,1,PNEUMONIA,1176,800,92.74253845214844,46.681610107421875
train/PNEUMONIA/person1158_bacteria_3103.jpeg,train,1,PNEUMONIA,1596,1148,115.0441665649414,61.021820068359375
train/PNEUMONIA/person1158_virus_1938.jpeg,train,1,PNEUMONIA,1334,1006,95.35231018066406,58.898094177246094
train/PNEUMONIA/person1158_virus_1940.jpeg,train,1,PNEUMONIA,1136,688,92.2249984741211,47.072200775146484
train/PNEUMONIA/person1158_virus_1941.jpeg,train,1,PNEUMONIA,1234,906,116.74921417236328,59.58457565307617
train/PNEUMONIA/person1158_virus_1942.jpeg,train,1,PNEUMONIA,1024,672,147.58944702148438,50.99378204345703
train/PNEUMONIA/person1158_virus_1943.jpeg,train,1,PNEUMONIA,1184,728,104.94501495361328,54.151039123535156
train/PNEUMONIA/person1159_bacteria_3104.jpeg,train,1,PNEUMONIA,968,664,114.76763153076172,57.375003814697266
train/PNEUMONIA/person1159_virus_1945.jpeg,train,1,PNEUMONIA,1360,920,140.4873809814453,56.348567962646484
train/PNEUMONIA/person115_virus_218.jpeg,train,1,PNEUMONIA,1568,1192,154.92828369140625,55.727901458740234
train/PNEUMONIA/person115_virus_219.jpeg,train,1,PNEUMONIA,1712,1048,128.17396545410156,65.80867767333984
train/PNEUMONIA/person1160_bacteria_3105.jpeg,train,1,PNEUMONIA,912,480,112.9306869506836,50.634559631347656
train/PNEUMONIA/person1160_virus_1947.jpeg,train,1,PNEUMONIA,1056,643,109.47103118896484,50.032432556152344
train/PNEUMONIA/person1161_virus_1948.jpeg,train,1,PNEUMONIA,1418,1010,109.08908081054688,64.06407928466797
train/PNEUMONIA/person1162_bacteria_3107.jpeg,train,1,PNEUMONIA,1218,767,111.77584075927734,55.3461799621582
train/PNEUMONIA/person1162_virus_1949.jpeg,train,1,PNEUMONIA,1148,689,97.90037536621094,39.27168655395508
train/PNEUMONIA/person1162_virus_1950.jpeg,train,1,PNEUMONIA,1056,642,138.61367797851562,47.407901763916016
train/PNEUMONIA/person1163_virus_1951.jpeg,train,1,PNEUMONIA,1468,913,123.46500396728516,69.8780517578125
train/PNEUMONIA/person1164_bacteria_3110.jpeg,train,1,PNEUMONIA,1362,844,88.58088684082031,51.41848373413086
train/PNEUMONIA/person1164_virus_1952.jpeg,train,1,PNEUMONIA,1472,960,103.74492645263672,44.54753494262695
train/PNEUMONIA/person1164_virus_1956.jpeg,train,1,PNEUMONIA,1480,1392,128.8931121826172,57.75149917602539
train/PNEUMONIA/person1164_virus_1957.jpeg,train,1,PNEUMONIA,1512,1088,146.6575927734375,55.5578498840332
train/PNEUMONIA/person1164_virus_1958.jpeg,train,1,PNEUMONIA,1778,1380,110.73963928222656,60.46925354003906
train/PNEUMONIA/person1167_bacteria_3113.jpeg,train,1,PNEUMONIA,790,519,142.63412475585938,34.63219451904297
train/PNEUMONIA/person1168_bacteria_3114.jpeg,train,1,PNEUMONIA,1216,872,127.8033218383789,59.82836151123047
train/PNEUMONIA/person1168_bacteria_3115.jpeg,train,1,PNEUMONIA,1104,744,139.0605926513672,51.64794158935547
train/PNEUMONIA/person1168_virus_1965.jpeg,train,1,PNEUMONIA,1015,607,137.52841186523438,36.95535659790039
train/PNEUMONIA/person116_virus_221.jpeg,train,1,PNEUMONIA,1728,1168,130.58531188964844,71.2641372680664
train/PNEUMONIA/person1170_bacteria_3117.jpeg,train,1,PNEUMONIA,1064,952,142.2116241455078,48.007503509521484
train/PNEUMONIA/person1170_virus_1969.jpeg,train,1,PNEUMONIA,937,515,113.37848663330078,37.266075134277344
train/PNEUMONIA/person1170_virus_1970.jpeg,train,1,PNEUMONIA,828,525,136.54624938964844,48.62068557739258
train/PNEUMONIA/person1171_bacteria_3118.jpeg,train,1,PNEUMONIA,1040,627,114.14321899414062,57.801326751708984
train/PNEUMONIA/person1172_bacteria_3119.jpeg,train,1,PNEUMONIA,1456,1112,106.51305389404297,46.222206115722656
train/PNEUMONIA/person1172_virus_1977.jpeg,train,1,PNEUMONIA,1592,1384,108.73465728759766,51.9384651184082
train/PNEUMONIA/person1173_virus_1978.jpeg,train,1,PNEUMONIA,1650,978,117.66817474365234,63.375083923339844
train/PNEUMONIA/person1174_virus_1980.jpeg,train,1,PNEUMONIA,1272,848,118.28902435302734,67.04768371582031
train/PNEUMONIA/person1175_bacteria_3122.jpeg,train,1,PNEUMONIA,1310,928,118.30608367919922,54.79940414428711
train/PNEUMONIA/person1175_virus_1981.jpeg,train,1,PNEUMONIA,1794,1176,105.66517639160156,65.31725311279297
train/PNEUMONIA/person1176_bacteria_3123.jpeg,train,1,PNEUMONIA,1064,856,166.723388671875,40.436187744140625
train/PNEUMONIA/person1176_bacteria_3124.jpeg,train,1,PNEUMONIA,1096,832,146.51821899414062,48.10712814331055
train/PNEUMONIA/person1176_virus_1996.jpeg,train,1,PNEUMONIA,1032,768,130.7244873046875,57.44459533691406
train/PNEUMONIA/person1176_virus_1997.jpeg,train,1,PNEUMONIA,1080,752,133.49267578125,56.46439743041992
train/PNEUMONIA/person1176_virus_1998.jpeg,train,1,PNEUMONIA,952,664,101.05680847167969,41.412750244140625
train/PNEUMONIA/person1177_virus_1999.jpeg,train,1,PNEUMONIA,763,440,127.30765533447266,36.35192108154297
train/PNEUMONIA/person1177_virus_2000.jpeg,train,1,PNEUMONIA,1088,608,102.11051940917969,45.24437713623047
train/PNEUMONIA/person1177_virus_2002.jpeg,train,1,PNEUMONIA,692,383,138.1022186279297,31.101037979125977
train/PNEUMONIA/person1178_virus_2004.jpeg,train,1,PNEUMONIA,1516,910,117.22282409667969,54.73514938354492
train/PNEUMONIA/person1179_bacteria_3127.jpeg,train,1,PNEUMONIA,1430,963,112.68225860595703,56.581451416015625
train/PNEUMONIA/person1179_virus_2006.jpeg,train,1,PNEUMONIA,1226,624,117.3150405883789,48.281524658203125
train/PNEUMONIA/person117_virus_223.jpeg,train,1,PNEUMONIA,1568,968,117.72211456298828,65.21861267089844
train/PNEUMONIA/person1180_bacteria_3128.jpeg,train,1,PNEUMONIA,960,696,128.8192138671875,52.784446716308594
train/PNEUMONIA/person1180_virus_2007.jpeg,train,1,PNEUMONIA,1048,696,74.6969985961914,37.54925537109375
train/PNEUMONIA/person1180_virus_2008.jpeg,train,1,PNEUMONIA,952,544,132.5034942626953,46.71132278442383
train/PNEUMONIA/person1180_virus_2009.jpeg,train,1,PNEUMONIA,928,584,113.07804870605469,41.941532135009766
train/PNEUMONIA/person1180_virus_2011.jpeg,train,1,PNEUMONIA,936,592,120.3602294921875,54.136173248291016
train/PNEUMONIA/person1180_virus_2012.jpeg,train,1,PNEUMONIA,968,744,85.41541290283203,44.708221435546875
train/PNEUMONIA/person1180_virus_2013.jpeg,train,1,PNEUMONIA,920,744,136.1115264892578,56.219573974609375
train/PNEUMONIA/person1180_virus_2014.jpeg,train,1,PNEUMONIA,952,672,135.1114044189453,61.01484680175781
train/PNEUMONIA/person1180_virus_2015.jpeg,train,1,PNEUMONIA,1086,898,119.0325927734375,67.0887451171875
train/PNEUMONIA/person1181_bacteria_3129.jpeg,train,1,PNEUMONIA,1928,1349,123.12098693847656,63.65501022338867
train/PNEUMONIA/person1182_virus_2017.jpeg,train,1,PNEUMONIA,1098,863,120.33220672607422,51.78302764892578
train/PNEUMONIA/person1183_bacteria_3131.jpeg,train,1,PNEUMONIA,1550,955,123.09732055664062,72.10810089111328
train/PNEUMONIA/person1183_virus_2018.jpeg,train,1,PNEUMONIA,1574,1071,120.85501861572266,59.1519660949707
train/PNEUMONIA/person1184_virus_2019.jpeg,train,1,PNEUMONIA,1592,1481,118.22309112548828,55.547420501708984
train/PNEUMONIA/person1185_bacteria_3133.jpeg,train,1,PNEUMONIA,1160,800,120.16461944580078,48.11560821533203
train/PNEUMONIA/person1186_virus_2021.jpeg,train,1,PNEUMONIA,925,635,143.84774780273438,42.36731719970703
train/PNEUMONIA/person1186_virus_2022.jpeg,train,1,PNEUMONIA,1072,640,126.10343933105469,47.2670783996582
train/PNEUMONIA/person1187_bacteria_3136.jpeg,train,1,PNEUMONIA,992,736,127.78347778320312,45.31965255737305
train/PNEUMONIA/person1187_virus_2023.jpeg,train,1,PNEUMONIA,1832,1048,122.92979431152344,64.30370330810547
train/PNEUMONIA/person1188_bacteria_3137.jpeg,train,1,PNEUMONIA,976,624,122.73319244384766,48.87297439575195
train/PNEUMONIA/person1188_virus_2024.jpeg,train,1,PNEUMONIA,1248,1048,166.23143005371094,46.553890228271484
train/PNEUMONIA/person118_virus_224.jpeg,train,1,PNEUMONIA,1256,784,127.10406494140625,55.537384033203125
train/PNEUMONIA/person1190_virus_2031.jpeg,train,1,PNEUMONIA,2206,1720,115.8650131225586,63.52153778076172
train/PNEUMONIA/person1191_virus_2032.jpeg,train,1,PNEUMONIA,1704,1234,121.89581298828125,57.47794723510742
train/PNEUMONIA/person1192_bacteria_3141.jpeg,train,1,PNEUMONIA,1160,929,108.74899291992188,47.8872184753418
train/PNEUMONIA/person1193_virus_2034.jpeg,train,1,PNEUMONIA,989,651,119.68213653564453,39.70334243774414
train/PNEUMONIA/person1195_bacteria_3144.jpeg,train,1,PNEUMONIA,1096,680,119.92298126220703,41.1397705078125
train/PNEUMONIA/person1197_bacteria_3147.jpeg,train,1,PNEUMONIA,1216,768,113.93567657470703,52.46344757080078
train/PNEUMONIA/person1197_virus_2039.jpeg,train,1,PNEUMONIA,1010,562,134.4231414794922,57.480594635009766
train/PNEUMONIA/person1198_bacteria_3148.jpeg,train,1,PNEUMONIA,1128,704,161.3924560546875,43.70261001586914
train/PNEUMONIA/person1199_bacteria_3149.jpeg,train,1,PNEUMONIA,1628,1442,125.40184783935547,61.130104064941406
train/PNEUMONIA/person119_virus_225.jpeg,train,1,PNEUMONIA,920,512,136.039306640625,57.892578125
train/PNEUMONIA/person11_bacteria_45.jpeg,train,1,PNEUMONIA,856,485,137.2742156982422,50.23052215576172
train/PNEUMONIA/person1200_virus_2042.jpeg,train,1,PNEUMONIA,1576,1176,113.39976501464844,57.39323806762695
train/PNEUMONIA/person1201_bacteria_3151.jpeg,train,1,PNEUMONIA,846,539,145.0855712890625,38.036922454833984
train/PNEUMONIA/person1202_bacteria_3152.jpeg,train,1,PNEUMONIA,1008,800,113.3910903930664,53.305335998535156
train/PNEUMONIA/person1202_bacteria_3153.jpeg,train,1,PNEUMONIA,920,640,117.99634552001953,53.387149810791016
train/PNEUMONIA/person1203_bacteria_3154.jpeg,train,1,PNEUMONIA,1040,720,128.28684997558594,59.469120025634766
train/PNEUMONIA/person1204_bacteria_3156.jpeg,train,1,PNEUMONIA,1280,808,128.1431884765625,56.95371627807617
train/PNEUMONIA/person1205_bacteria_3157.jpeg,train,1,PNEUMONIA,1508,933,121.9931869506836,65.364013671875
train/PNEUMONIA/person1206_bacteria_3158.jpeg,train,1,PNEUMONIA,1096,656,99.89008331298828,46.982879638671875
train/PNEUMONIA/person1207_bacteria_3159.jpeg,train,1,PNEUMONIA,1008,688,110.65744018554688,44.27933883666992
train/PNEUMONIA/person1208_bacteria_3160.jpeg,train,1,PNEUMONIA,1750,1334,100.65348815917969,66.06341552734375
train/PNEUMONIA/person1209_bacteria_3161.jpeg,train,1,PNEUMONIA,1576,1376,157.87657165527344,46.006771087646484
train/PNEUMONIA/person1211_bacteria_3163.jpeg,train,1,PNEUMONIA,1368,1141,120.74566650390625,73.38497924804688
train/PNEUMONIA/person1212_virus_2057.jpeg,train,1,PNEUMONIA,1368,912,166.7053985595703,60.74977493286133
train/PNEUMONIA/person1213_virus_2058.jpeg,train,1,PNEUMONIA,1208,656,145.5812225341797,60.323787689208984
train/PNEUMONIA/person1214_bacteria_3166.jpeg,train,1,PNEUMONIA,1816,1110,91.8700180053711,53.44049835205078
train/PNEUMONIA/person1214_virus_2059.jpeg,train,1,PNEUMONIA,1160,856,91.3713607788086,62.43679428100586
train/PNEUMONIA/person1215_bacteria_3167.jpeg,train,1,PNEUMONIA,1264,848,120.58778381347656,47.91745376586914
train/PNEUMONIA/person1216_bacteria_3168.jpeg,train,1,PNEUMONIA,1827,1044,89.50960540771484,70.16471862792969
train/PNEUMONIA/person1216_virus_2062.jpeg,train,1,PNEUMONIA,1216,880,132.75283813476562,74.26913452148438
train/PNEUMONIA/person1217_virus_2063.jpeg,train,1,PNEUMONIA,1080,728,151.55142211914062,50.52711868286133
train/PNEUMONIA/person1218_bacteria_3171.jpeg,train,1,PNEUMONIA,1280,768,152.6919708251953,53.23250198364258
train/PNEUMONIA/person1218_virus_2066.jpeg,train,1,PNEUMONIA,1392,888,94.0346450805664,51.42301559448242
train/PNEUMONIA/person1219_bacteria_3172.jpeg,train,1,PNEUMONIA,1132,825,122.69742584228516,55.45238494873047
train/PNEUMONIA/person1219_virus_2067.jpeg,train,1,PNEUMONIA,1288,768,127.29938507080078,66.94636535644531
train/PNEUMONIA/person1220_bacteria_3173.jpeg,train,1,PNEUMONIA,976,728,133.72132873535156,47.16242599487305
train/PNEUMONIA/person1220_bacteria_3174.jpeg,train,1,PNEUMONIA,984,520,113.44221496582031,57.24771499633789
train/PNEUMONIA/person1220_virus_2068.jpeg,train,1,PNEUMONIA,877,531,142.9776611328125,54.06428527832031
train/PNEUMONIA/person1222_bacteria_3177.jpeg,train,1,PNEUMONIA,1192,712,94.58248138427734,44.324058532714844
train/PNEUMONIA/person1222_virus_2071.jpeg,train,1,PNEUMONIA,1288,728,128.57321166992188,61.168148040771484
train/PNEUMONIA/person1223_bacteria_3178.jpeg,train,1,PNEUMONIA,1272,936,87.62916564941406,49.195194244384766
train/PNEUMONIA/person1223_virus_2073.jpeg,train,1,PNEUMONIA,1024,584,113.3465576171875,69.66285705566406
train/PNEUMONIA/person1224_virus_2074.jpeg,train,1,PNEUMONIA,1320,752,113.11813354492188,76.46785736083984
train/PNEUMONIA/person1225_bacteria_3180.jpeg,train,1,PNEUMONIA,1350,855,108.18277740478516,56.926513671875
train/PNEUMONIA/person1225_virus_2076.jpeg,train,1,PNEUMONIA,1232,728,107.00189971923828,62.426326751708984
train/PNEUMONIA/person1227_bacteria_3182.jpeg,train,1,PNEUMONIA,1798,1130,98.40351104736328,69.37264251708984
train/PNEUMONIA/person1228_bacteria_3183.jpeg,train,1,PNEUMONIA,1136,648,117.29164123535156,54.07188034057617
train/PNEUMONIA/person1228_virus_2079.jpeg,train,1,PNEUMONIA,1000,600,115.35272979736328,67.45124816894531
train/PNEUMONIA/person1229_virus_2080.jpeg,train,1,PNEUMONIA,1160,824,143.59982299804688,74.86536407470703
train/PNEUMONIA/person1230_bacteria_3185.jpeg,train,1,PNEUMONIA,880,584,109.71601867675781,49.296348571777344
train/PNEUMONIA/person1230_virus_2081.jpeg,train,1,PNEUMONIA,1424,1016,152.10047912597656,61.48035430908203
train/PNEUMONIA/person1231_bacteria_3186.jpeg,train,1,PNEUMONIA,992,592,135.72637939453125,43.14292526245117
train/PNEUMONIA/person1231_virus_2088.jpeg,train,1,PNEUMONIA,1704,1288,155.12124633789062,67.13976287841797
train/PNEUMONIA/person1232_virus_2089.jpeg,train,1,PNEUMONIA,1192,776,115.18698120117188,66.64939880371094
train/PNEUMONIA/person1233_bacteria_3188.jpeg,train,1,PNEUMONIA,1320,1016,116.4254150390625,51.65719985961914
train/PNEUMONIA/person1233_virus_2090.jpeg,train,1,PNEUMONIA,1224,656,132.2555389404297,74.74105834960938
train/PNEUMONIA/person1234_bacteria_3189.jpeg,train,1,PNEUMONIA,1040,680,109.94983673095703,52.2968635559082
train/PNEUMONIA/person1234_bacteria_3190.jpeg,train,1,PNEUMONIA,936,584,121.11573028564453,50.72669982910156
train/PNEUMONIA/person1234_virus_2093.jpeg,train,1,PNEUMONIA,1576,944,125.82120513916016,78.00045013427734
train/PNEUMONIA/person1235_bacteria_3191.jpeg,train,1,PNEUMONIA,1232,1088,170.9707489013672,51.13072204589844
train/PNEUMONIA/person1235_virus_2095.jpeg,train,1,PNEUMONIA,1216,680,141.4744110107422,73.11509704589844
train/PNEUMONIA/person1236_virus_2096.jpeg,train,1,PNEUMONIA,1360,952,150.3014373779297,70.85904693603516
train/PNEUMONIA/person1237_bacteria_3193.jpeg,train,1,PNEUMONIA,904,576,105.00347137451172,40.33739471435547
train/PNEUMONIA/person1238_bacteria_3194.jpeg,train,1,PNEUMONIA,904,608,119.5537338256836,45.659671783447266
train/PNEUMONIA/person1238_virus_2098.jpeg,train,1,PNEUMONIA,1168,608,127.63215637207031,74.21349334716797
train/PNEUMONIA/person1239_bacteria_3195.jpeg,train,1,PNEUMONIA,848,648,133.76966857910156,45.913150787353516
train/PNEUMONIA/person1239_virus_2099.jpeg,train,1,PNEUMONIA,1440,928,156.6282501220703,60.404029846191406
train/PNEUMONIA/person123_virus_230.jpeg,train,1,PNEUMONIA,1216,752,117.37581634521484,62.92348861694336
train/PNEUMONIA/person1241_bacteria_3197.jpeg,train,1,PNEUMONIA,992,592,125.84939575195312,56.53090286254883
train/PNEUMONIA/person1241_virus_2106.jpeg,train,1,PNEUMONIA,1056,632,91.28408813476562,63.167625427246094
train/PNEUMONIA/person1242_bacteria_3198.jpeg,train,1,PNEUMONIA,1546,1210,107.71664428710938,72.33710479736328
train/PNEUMONIA/person1242_virus_2108.jpeg,train,1,PNEUMONIA,1168,608,126.74850463867188,68.47306060791016
train/PNEUMONIA/person1243_bacteria_3199.jpeg,train,1,PNEUMONIA,1633,1080,107.66754150390625,71.03714752197266
train/PNEUMONIA/person1243_virus_2110.jpeg,train,1,PNEUMONIA,1312,1024,141.53118896484375,71.55046081542969
train/PNEUMONIA/person1244_bacteria_3200.jpeg,train,1,PNEUMONIA,1260,770,155.72291564941406,69.21208190917969
train/PNEUMONIA/person1244_virus_2111.jpeg,train,1,PNEUMONIA,1248,816,137.5757293701172,72.83898162841797
train/PNEUMONIA/person1246_bacteria_3202.jpeg,train,1,PNEUMONIA,1048,632,130.3893280029297,54.258644104003906
train/PNEUMONIA/person1247_bacteria_3203.jpeg,train,1,PNEUMONIA,1000,536,102.53449249267578,42.34331512451172
train/PNEUMONIA/person1247_virus_2115.jpeg,train,1,PNEUMONIA,1232,808,134.96205139160156,64.54625701904297
train/PNEUMONIA/person1248_bacteria_3204.jpeg,train,1,PNEUMONIA,1064,632,98.86590576171875,48.175167083740234
train/PNEUMONIA/person1248_virus_2117.jpeg,train,1,PNEUMONIA,1088,800,120.07180786132812,65.57969665527344
train/PNEUMONIA/person1249_bacteria_3205.jpeg,train,1,PNEUMONIA,1064,544,112.81250762939453,42.31052017211914
train/PNEUMONIA/person1249_virus_2118.jpeg,train,1,PNEUMONIA,1664,1264,143.03622436523438,70.30557250976562
train/PNEUMONIA/person124_virus_231.jpeg,train,1,PNEUMONIA,1360,1208,122.77599334716797,76.96253967285156
train/PNEUMONIA/person124_virus_233.jpeg,train,1,PNEUMONIA,1352,1080,127.31431579589844,64.18498229980469
train/PNEUMONIA/person124_virus_234.jpeg,train,1,PNEUMONIA,1536,1192,79.62565612792969,58.4750862121582
train/PNEUMONIA/person124_virus_237.jpeg,train,1,PNEUMONIA,1336,992,111.23861694335938,60.901153564453125
train/PNEUMONIA/person124_virus_238.jpeg,train,1,PNEUMONIA,1336,1256,136.2408447265625,73.52702331542969
train/PNEUMONIA/person124_virus_240.jpeg,train,1,PNEUMONIA,1328,1136,101.47412872314453,60.41337966918945
train/PNEUMONIA/person124_virus_242.jpeg,train,1,PNEUMONIA,1416,1072,118.00431060791016,57.50568771362305
train/PNEUMONIA/person124_virus_244.jpeg,train,1,PNEUMONIA,1416,864,115.21511840820312,48.834354400634766
train/PNEUMONIA/person124_virus_245.jpeg,train,1,PNEUMONIA,1184,1048,133.57974243164062,47.07149887084961
train/PNEUMONIA/person124_virus_246.jpeg,train,1,PNEUMONIA,1296,888,122.84795379638672,51.251991271972656
train/PNEUMONIA/person124_virus_247.jpeg,train,1,PNEUMONIA,1296,888,122.84795379638672,51.251991271972656
train/PNEUMONIA/person124_virus_250.jpeg,train,1,PNEUMONIA,1304,968,134.29962158203125,46.696144104003906
train/PNEUMONIA/person124_virus_251.jpeg,train,1,PNEUMONIA,1472,1024,129.1442413330078,65.81999206542969
train/PNEUMONIA/person1250_bacteria_3207.jpeg,train,1,PNEUMONIA,904,416,97.80848693847656,40.17768478393555
train/PNEUMONIA/person1251_bacteria_3208.jpeg,train,1,PNEUMONIA,1940,1816,127.56178283691406,63.74949645996094
train/PNEUMONIA/person1252_virus_2124.jpeg,train,1,PNEUMONIA,1328,1152,122.83704376220703,77.87211608886719
train/PNEUMONIA/person1253_bacteria_3211.jpeg,train,1,PNEUMONIA,711,537,141.061767578125,39.99103546142578
train/PNEUMONIA/person1253_virus_2129.jpeg,train,1,PNEUMONIA,1064,632,113.39261627197266,70.66015625
train/PNEUMONIA/person1255_virus_2132.jpeg,train,1,PNEUMONIA,1152,512,120.78215026855469,78.37216186523438
train/PNEUMONIA/person1256_bacteria_3214.jpeg,train,1,PNEUMONIA,920,672,116.80231475830078,49.24003982543945
train/PNEUMONIA/person1257_bacteria_3215.jpeg,train,1,PNEUMONIA,816,576,111.7890853881836,50.937381744384766
train/PNEUMONIA/person1258_bacteria_3216.jpeg,train,1,PNEUMONIA,1496,1044,94.48471069335938,63.9481086730957
train/PNEUMONIA/person1258_virus_2138.jpeg,train,1,PNEUMONIA,1568,1120,137.67774963378906,76.74031829833984
train/PNEUMONIA/person1259_bacteria_3217.jpeg,train,1,PNEUMONIA,1082,612,94.6978988647461,61.470436096191406
train/PNEUMONIA/person1259_virus_2139.jpeg,train,1,PNEUMONIA,1416,816,133.38467407226562,70.74072265625
train/PNEUMONIA/person125_virus_254.jpeg,train,1,PNEUMONIA,1400,1088,143.50308227539062,64.92981719970703
train/PNEUMONIA/person1260_bacteria_3218.jpeg,train,1,PNEUMONIA,992,600,100.0270004272461,44.23790740966797
train/PNEUMONIA/person1260_virus_2140.jpeg,train,1,PNEUMONIA,1144,632,121.9295883178711,67.56021118164062
train/PNEUMONIA/person1261_bacteria_3219.jpeg,train,1,PNEUMONIA,1538,1353,131.89675903320312,64.1036376953125
train/PNEUMONIA/person1261_virus_2145.jpeg,train,1,PNEUMONIA,1144,840,175.19076538085938,49.763893127441406
train/PNEUMONIA/person1261_virus_2147.jpeg,train,1,PNEUMONIA,1184,808,131.3585205078125,44.46544647216797
train/PNEUMONIA/person1261_virus_2148.jpeg,train,1,PNEUMONIA,1184,808,131.3585205078125,44.46544647216797
train/PNEUMONIA/person1262_bacteria_3220.jpeg,train,1,PNEUMONIA,1176,960,148.76800537109375,62.051368713378906
train/PNEUMONIA/person1263_bacteria_3221.jpeg,train,1,PNEUMONIA,735,467,127.093505859375,41.510772705078125
train/PNEUMONIA/person1264_bacteria_3222.jpeg,train,1,PNEUMONIA,1152,674,128.58038330078125,56.75884246826172
train/PNEUMONIA/person1264_virus_2155.jpeg,train,1,PNEUMONIA,1072,568,103.33108520507812,68.1962890625
train/PNEUMONIA/person1265_bacteria_3223.jpeg,train,1,PNEUMONIA,928,480,115.04279327392578,41.89211654663086
train/PNEUMONIA/person1265_virus_2156.jpeg,train,1,PNEUMONIA,1128,720,125.18458557128906,66.4633560180664
train/PNEUMONIA/person1266_bacteria_3224.jpeg,train,1,PNEUMONIA,840,528,144.41275024414062,45.67589569091797
train/PNEUMONIA/person1267_bacteria_3226.jpeg,train,1,PNEUMONIA,1000,744,135.3087615966797,48.45996856689453
train/PNEUMONIA/person1267_virus_2160.jpeg,train,1,PNEUMONIA,1144,720,123.36274719238281,66.76752471923828
train/PNEUMONIA/person1268_bacteria_3227.jpeg,train,1,PNEUMONIA,1168,1024,136.8420867919922,53.658721923828125
train/PNEUMONIA/person1269_bacteria_3229.jpeg,train,1,PNEUMONIA,1328,1040,142.84164428710938,52.82414245605469
train/PNEUMONIA/person1269_virus_2162.jpeg,train,1,PNEUMONIA,1304,864,125.2836685180664,71.56040954589844
train/PNEUMONIA/person126_virus_255.jpeg,train,1,PNEUMONIA,1416,1432,150.26332092285156,50.147552490234375
train/PNEUMONIA/person1270_bacteria_3230.jpeg,train,1,PNEUMONIA,1208,952,164.7730255126953,45.646095275878906
train/PNEUMONIA/person1270_virus_2163.jpeg,train,1,PNEUMONIA,1280,920,126.94308471679688,76.2671890258789
train/PNEUMONIA/person1271_virus_2164.jpeg,train,1,PNEUMONIA,1320,1240,143.77149963378906,59.663734436035156
train/PNEUMONIA/person1272_bacteria_3232.jpeg,train,1,PNEUMONIA,1164,836,125.58037567138672,65.66743469238281
train/PNEUMONIA/person1272_virus_2190.jpeg,train,1,PNEUMONIA,1264,832,122.78651428222656,71.97557067871094
train/PNEUMONIA/person1273_bacteria_3233.jpeg,train,1,PNEUMONIA,960,616,109.40680694580078,49.716617584228516
train/PNEUMONIA/person1273_bacteria_3234.jpeg,train,1,PNEUMONIA,920,560,110.20925903320312,48.871559143066406
train/PNEUMONIA/person1273_virus_2191.jpeg,train,1,PNEUMONIA,1376,1080,138.51368713378906,64.92304229736328
train/PNEUMONIA/person1274_bacteria_3235.jpeg,train,1,PNEUMONIA,1248,1152,105.09662628173828,54.30636978149414
train/PNEUMONIA/person1274_bacteria_3236.jpeg,train,1,PNEUMONIA,1304,816,144.2905731201172,57.79661178588867
train/PNEUMONIA/person1274_virus_2193.jpeg,train,1,PNEUMONIA,1096,600,110.46383666992188,77.33763885498047
train/PNEUMONIA/person1275_bacteria_3237.jpeg,train,1,PNEUMONIA,952,664,121.16293334960938,50.14690017700195
train/PNEUMONIA/person1276_bacteria_3239.jpeg,train,1,PNEUMONIA,1128,568,112.93677520751953,49.25876998901367
train/PNEUMONIA/person1276_virus_2198.jpeg,train,1,PNEUMONIA,856,608,107.97205352783203,55.94426727294922
train/PNEUMONIA/person1277_bacteria_3240.jpeg,train,1,PNEUMONIA,824,529,146.33241271972656,35.789424896240234
train/PNEUMONIA/person1278_virus_2201.jpeg,train,1,PNEUMONIA,1320,960,144.4788055419922,69.38398742675781
train/PNEUMONIA/person1279_bacteria_3242.jpeg,train,1,PNEUMONIA,1132,766,104.23394775390625,60.329769134521484
train/PNEUMONIA/person1280_bacteria_3243.jpeg,train,1,PNEUMONIA,1368,1044,77.49070739746094,55.819400787353516
train/PNEUMONIA/person1281_bacteria_3244.jpeg,train,1,PNEUMONIA,1176,727,101.7919921875,63.765403747558594
train/PNEUMONIA/person1281_virus_2204.jpeg,train,1,PNEUMONIA,1560,1256,129.68478393554688,77.7643051147461
train/PNEUMONIA/person1283_bacteria_3246.jpeg,train,1,PNEUMONIA,1096,960,161.54505920410156,44.41533279418945
train/PNEUMONIA/person1283_virus_2206.jpeg,train,1,PNEUMONIA,1408,784,135.7772216796875,71.90515899658203
train/PNEUMONIA/person1284_virus_2207.jpeg,train,1,PNEUMONIA,1408,800,134.08831787109375,74.52165222167969
train/PNEUMONIA/person1285_virus_2208.jpeg,train,1,PNEUMONIA,944,552,107.1515121459961,66.71831512451172
train/PNEUMONIA/person1286_bacteria_3249.jpeg,train,1,PNEUMONIA,1072,504,144.67832946777344,48.418548583984375
train/PNEUMONIA/person1287_bacteria_3250.jpeg,train,1,PNEUMONIA,635,448,167.16778564453125,28.128572463989258
train/PNEUMONIA/person1287_virus_2210.jpeg,train,1,PNEUMONIA,1384,1184,145.1690673828125,62.42738342285156
train/PNEUMONIA/person1288_bacteria_3251.jpeg,train,1,PNEUMONIA,1184,664,142.29701232910156,49.550209045410156
train/PNEUMONIA/person1289_bacteria_3252.jpeg,train,1,PNEUMONIA,1120,736,115.05972290039062,51.52714920043945
train/PNEUMONIA/person128_virus_261.jpeg,train,1,PNEUMONIA,1312,960,137.7393341064453,64.37215423583984
train/PNEUMONIA/person1290_bacteria_3253.jpeg,train,1,PNEUMONIA,1272,1075,110.51689910888672,53.820167541503906
train/PNEUMONIA/person1290_virus_2215.jpeg,train,1,PNEUMONIA,1392,1264,162.11814880371094,59.28744125366211
train/PNEUMONIA/person1290_virus_2216.jpeg,train,1,PNEUMONIA,1392,1056,155.11183166503906,61.35031509399414
train/PNEUMONIA/person1291_virus_2217.jpeg,train,1,PNEUMONIA,1264,760,124.88275909423828,70.27920532226562
train/PNEUMONIA/person1292_bacteria_3255.jpeg,train,1,PNEUMONIA,1032,536,161.5434112548828,45.737030029296875
train/PNEUMONIA/person1292_virus_2218.jpeg,train,1,PNEUMONIA,1216,936,131.21551513671875,75.23390197753906
train/PNEUMONIA/person1293_virus_2219.jpeg,train,1,PNEUMONIA,1320,984,141.86952209472656,72.28130340576172
train/PNEUMONIA/person1294_bacteria_3257.jpeg,train,1,PNEUMONIA,840,536,121.71017456054688,47.96788024902344
train/PNEUMONIA/person1294_virus_2221.jpeg,train,1,PNEUMONIA,1336,784,150.79286193847656,66.75647735595703
train/PNEUMONIA/person1294_virus_2222.jpeg,train,1,PNEUMONIA,1216,800,142.4747772216797,63.3753662109375
train/PNEUMONIA/person1295_virus_2223.jpeg,train,1,PNEUMONIA,1296,1120,155.65089416503906,74.63568115234375
train/PNEUMONIA/person1297_bacteria_3260.jpeg,train,1,PNEUMONIA,984,608,103.86534881591797,46.51551055908203
train/PNEUMONIA/person1298_bacteria_3261.jpeg,train,1,PNEUMONIA,984,584,147.97836303710938,52.93124008178711
train/PNEUMONIA/person1298_virus_2226.jpeg,train,1,PNEUMONIA,1288,880,122.75611877441406,72.40131378173828
train/PNEUMONIA/person1298_virus_2228.jpeg,train,1,PNEUMONIA,714,503,171.23301696777344,40.29005813598633
train/PNEUMONIA/person12_bacteria_46.jpeg,train,1,PNEUMONIA,1646,1310,120.39896392822266,58.95149230957031
train/PNEUMONIA/person12_bacteria_47.jpeg,train,1,PNEUMONIA,1264,1152,118.72531127929688,45.352989196777344
train/PNEUMONIA/person12_bacteria_48.jpeg,train,1,PNEUMONIA,1736,1365,127.60247039794922,59.8333740234375
train/PNEUMONIA/person1300_virus_2240.jpeg,train,1,PNEUMONIA,1400,1024,132.67259216308594,71.9546127319336
train/PNEUMONIA/person1301_virus_2241.jpeg,train,1,PNEUMONIA,984,712,108.91939544677734,65.46644592285156
train/PNEUMONIA/person1302_bacteria_3266.jpeg,train,1,PNEUMONIA,1056,624,125.98960876464844,51.34370422363281
train/PNEUMONIA/person1303_virus_2243.jpeg,train,1,PNEUMONIA,1424,1112,143.51971435546875,58.78157424926758
train/PNEUMONIA/person1305_bacteria_3271.jpeg,train,1,PNEUMONIA,1144,600,131.45069885253906,58.361331939697266
train/PNEUMONIA/person1306_bacteria_3272.jpeg,train,1,PNEUMONIA,1096,536,128.874267578125,60.59563446044922
train/PNEUMONIA/person1306_bacteria_3275.jpeg,train,1,PNEUMONIA,1056,688,130.27676391601562,56.339866638183594
train/PNEUMONIA/person1307_bacteria_3278.jpeg,train,1,PNEUMONIA,1328,936,132.81317138671875,68.43040466308594
train/PNEUMONIA/person1307_virus_2251.jpeg,train,1,PNEUMONIA,1504,1016,135.60983276367188,74.07028198242188
train/PNEUMONIA/person1308_bacteria_3280.jpeg,train,1,PNEUMONIA,940,696,160.42652893066406,51.998779296875
train/PNEUMONIA/person1308_bacteria_3283.jpeg,train,1,PNEUMONIA,1496,984,141.24708557128906,65.57366180419922
train/PNEUMONIA/person1308_bacteria_3285.jpeg,train,1,PNEUMONIA,1472,808,122.19734191894531,50.614322662353516
train/PNEUMONIA/person1308_bacteria_3286.jpeg,train,1,PNEUMONIA,1480,856,145.3448028564453,74.51254272460938
train/PNEUMONIA/person1308_bacteria_3288.jpeg,train,1,PNEUMONIA,1440,792,158.27667236328125,51.32597351074219
train/PNEUMONIA/person1308_bacteria_3290.jpeg,train,1,PNEUMONIA,1416,928,135.3228302001953,58.260498046875
train/PNEUMONIA/person1308_bacteria_3292.jpeg,train,1,PNEUMONIA,482,209,147.74713134765625,67.58167266845703
train/PNEUMONIA/person1308_virus_2252.jpeg,train,1,PNEUMONIA,960,464,88.5948486328125,66.45067596435547
train/PNEUMONIA/person1308_virus_2253.jpeg,train,1,PNEUMONIA,1016,808,123.3800277709961,71.85655212402344
train/PNEUMONIA/person1309_bacteria_3294.jpeg,train,1,PNEUMONIA,1216,872,140.47573852539062,74.78766632080078
train/PNEUMONIA/person1309_virus_2254.jpeg,train,1,PNEUMONIA,1192,664,112.53421783447266,64.20672607421875
train/PNEUMONIA/person1310_bacteria_3295.jpeg,train,1,PNEUMONIA,1472,904,170.4275665283203,52.48262405395508
train/PNEUMONIA/person1310_bacteria_3297.jpeg,train,1,PNEUMONIA,1440,736,172.6932830810547,54.25297164916992
train/PNEUMONIA/person1310_bacteria_3300.jpeg,train,1,PNEUMONIA,1392,832,152.7271728515625,56.86857223510742
train/PNEUMONIA/person1310_bacteria_3301.jpeg,train,1,PNEUMONIA,1280,752,132.00343322753906,54.716102600097656
train/PNEUMONIA/person1310_bacteria_3302.jpeg,train,1,PNEUMONIA,1400,888,116.27069854736328,70.2362289428711
train/PNEUMONIA/person1310_bacteria_3304.jpeg,train,1,PNEUMONIA,1296,824,118.71098327636719,64.60033416748047
train/PNEUMONIA/person1310_virus_2255.jpeg,train,1,PNEUMONIA,1056,736,113.46542358398438,69.5548324584961
train/PNEUMONIA/person1311_virus_2257.jpeg,train,1,PNEUMONIA,1240,904,137.40744018554688,73.9728775024414
train/PNEUMONIA/person1311_virus_2259.jpeg,train,1,PNEUMONIA,1200,840,122.39686584472656,60.552154541015625
train/PNEUMONIA/person1312_bacteria_3313.jpeg,train,1,PNEUMONIA,1424,1264,161.01675415039062,48.82099914550781
train/PNEUMONIA/person1312_bacteria_3314.jpeg,train,1,PNEUMONIA,1512,1200,139.22946166992188,55.16172409057617
train/PNEUMONIA/person1312_bacteria_3316.jpeg,train,1,PNEUMONIA,1528,1416,133.81103515625,54.73821258544922
train/PNEUMONIA/person1312_bacteria_3317.jpeg,train,1,PNEUMONIA,1624,1136,128.32908630371094,57.799346923828125
train/PNEUMONIA/person1312_bacteria_3318.jpeg,train,1,PNEUMONIA,1624,1136,128.32908630371094,57.799346923828125
train/PNEUMONIA/person1312_bacteria_3319.jpeg,train,1,PNEUMONIA,1488,1168,134.70132446289062,52.83256149291992
train/PNEUMONIA/person1312_virus_2261.jpeg,train,1,PNEUMONIA,1432,936,136.7404327392578,73.63536834716797
train/PNEUMONIA/person1313_bacteria_3320.jpeg,train,1,PNEUMONIA,1288,744,115.29933166503906,70.4814224243164
train/PNEUMONIA/person1313_virus_2264.jpeg,train,1,PNEUMONIA,1184,832,132.60336303710938,70.58053588867188
train/PNEUMONIA/person1314_virus_2266.jpeg,train,1,PNEUMONIA,1144,624,138.7691650390625,53.79282760620117
train/PNEUMONIA/person1314_virus_2268.jpeg,train,1,PNEUMONIA,1264,672,153.49691772460938,53.78450393676758
train/PNEUMONIA/person1315_bacteria_3322.jpeg,train,1,PNEUMONIA,1160,776,114.30131530761719,71.84305572509766
train/PNEUMONIA/person1315_virus_2270.jpeg,train,1,PNEUMONIA,1720,1240,152.85629272460938,45.957149505615234
train/PNEUMONIA/person1316_bacteria_3326.jpeg,train,1,PNEUMONIA,920,536,90.20719909667969,52.11448287963867
train/PNEUMONIA/person1316_virus_2271.jpeg,train,1,PNEUMONIA,1216,672,124.74784851074219,64.33121490478516
train/PNEUMONIA/person1317_bacteria_3332.jpeg,train,1,PNEUMONIA,679,542,133.21156311035156,38.93660354614258
train/PNEUMONIA/person1318_bacteria_3334.jpeg,train,1,PNEUMONIA,1824,1672,184.17373657226562,68.50337219238281
train/PNEUMONIA/person1318_bacteria_3335.jpeg,train,1,PNEUMONIA,1848,1472,152.0738983154297,49.29043197631836
train/PNEUMONIA/person1318_virus_2274.jpeg,train,1,PNEUMONIA,984,624,128.37384033203125,64.24803924560547
train/PNEUMONIA/person1319_virus_2276.jpeg,train,1,PNEUMONIA,1096,696,120.25221252441406,74.16434478759766
train/PNEUMONIA/person131_virus_265.jpeg,train,1,PNEUMONIA,1184,800,107.8665542602539,66.4012680053711
train/PNEUMONIA/person1320_bacteria_3339.jpeg,train,1,PNEUMONIA,1512,1152,126.88542938232422,71.43402862548828
train/PNEUMONIA/person1320_bacteria_3340.jpeg,train,1,PNEUMONIA,1640,1160,134.80581665039062,54.01680374145508
train/PNEUMONIA/person1320_bacteria_3342.jpeg,train,1,PNEUMONIA,1296,1048,153.15980529785156,43.184085845947266
train/PNEUMONIA/person1320_bacteria_3344.jpeg,train,1,PNEUMONIA,1456,1056,137.1391143798828,55.631099700927734
train/PNEUMONIA/person1320_bacteria_3345.jpeg,train,1,PNEUMONIA,1616,1104,122.69475555419922,62.97134017944336
train/PNEUMONIA/person1320_bacteria_3346.jpeg,train,1,PNEUMONIA,1600,1208,152.0785675048828,62.1871452331543
train/PNEUMONIA/person1320_bacteria_3347.jpeg,train,1,PNEUMONIA,1440,1040,144.4910125732422,53.13744354248047
train/PNEUMONIA/person1320_bacteria_3348.jpeg,train,1,PNEUMONIA,1544,824,162.66419982910156,60.01579284667969
train/PNEUMONIA/person1320_bacteria_3350.jpeg,train,1,PNEUMONIA,1544,1104,140.23098754882812,63.03071212768555
train/PNEUMONIA/person1320_bacteria_3351.jpeg,train,1,PNEUMONIA,1312,1056,141.5851287841797,55.3697624206543
train/PNEUMONIA/person1320_bacteria_3352.jpeg,train,1,PNEUMONIA,1600,1128,152.28526306152344,57.11484909057617
train/PNEUMONIA/person1320_bacteria_3353.jpeg,train,1,PNEUMONIA,1456,976,152.12889099121094,48.7384033203125
train/PNEUMONIA/person1320_bacteria_3355.jpeg,train,1,PNEUMONIA,1608,944,152.36705017089844,53.72416305541992
train/PNEUMONIA/person1320_virus_2277.jpeg,train,1,PNEUMONIA,1008,568,119.91593933105469,77.8826675415039
train/PNEUMONIA/person1321_bacteria_3358.jpeg,train,1,PNEUMONIA,1016,648,143.95777893066406,78.83943939208984
train/PNEUMONIA/person1321_bacteria_3359.jpeg,train,1,PNEUMONIA,968,576,128.02076721191406,73.31124114990234
train/PNEUMONIA/person1321_virus_2279.jpeg,train,1,PNEUMONIA,1632,1088,117.15576934814453,77.59940338134766
train/PNEUMONIA/person1322_bacteria_3360.jpeg,train,1,PNEUMONIA,803,452,131.54351806640625,51.273643493652344
train/PNEUMONIA/person1323_bacteria_3361.jpeg,train,1,PNEUMONIA,1792,1592,158.71914672851562,56.85227966308594
train/PNEUMONIA/person1323_bacteria_3362.jpeg,train,1,PNEUMONIA,1888,1440,158.7559356689453,46.74319839477539
train/PNEUMONIA/person1323_bacteria_3363.jpeg,train,1,PNEUMONIA,1800,1384,163.60765075683594,44.191593170166016
train/PNEUMONIA/person1323_virus_2283.jpeg,train,1,PNEUMONIA,1112,712,115.07319641113281,69.8294448852539
train/PNEUMONIA/person1324_virus_2284.jpeg,train,1,PNEUMONIA,1224,992,138.20321655273438,63.45716857910156
train/PNEUMONIA/person1324_virus_2285.jpeg,train,1,PNEUMONIA,1424,896,126.88143157958984,74.96922302246094
train/PNEUMONIA/person1325_bacteria_3366.jpeg,train,1,PNEUMONIA,749,459,111.7162857055664,65.36139678955078
train/PNEUMONIA/person1325_virus_2287.jpeg,train,1,PNEUMONIA,1336,816,116.94937896728516,74.98930358886719
train/PNEUMONIA/person1326_bacteria_3372.jpeg,train,1,PNEUMONIA,1216,920,147.26077270507812,44.147560119628906
train/PNEUMONIA/person1327_bacteria_3373.jpeg,train,1,PNEUMONIA,1448,1080,132.68385314941406,54.834869384765625
train/PNEUMONIA/person1327_bacteria_3374.jpeg,train,1,PNEUMONIA,1448,1008,120.16026306152344,75.3660888671875
train/PNEUMONIA/person1328_bacteria_3376.jpeg,train,1,PNEUMONIA,1072,584,108.34351348876953,68.75069427490234
train/PNEUMONIA/person1328_virus_2293.jpeg,train,1,PNEUMONIA,1208,768,138.7736053466797,55.99958038330078
train/PNEUMONIA/person1328_virus_2294.jpeg,train,1,PNEUMONIA,1248,824,125.40342712402344,58.75175857543945
train/PNEUMONIA/person1328_virus_2295.jpeg,train,1,PNEUMONIA,1192,792,129.0782012939453,49.244361877441406
train/PNEUMONIA/person132_virus_266.jpeg,train,1,PNEUMONIA,1496,1008,140.1900177001953,65.49642181396484
train/PNEUMONIA/person1331_bacteria_3380.jpeg,train,1,PNEUMONIA,976,680,106.23382568359375,68.07335662841797
train/PNEUMONIA/person1331_virus_2299.jpeg,train,1,PNEUMONIA,1104,776,87.53398132324219,57.975406646728516
train/PNEUMONIA/person1332_virus_2300.jpeg,train,1,PNEUMONIA,1536,896,141.07518005371094,73.40968322753906
train/PNEUMONIA/person1333_bacteria_3383.jpeg,train,1,PNEUMONIA,1096,640,156.5800018310547,46.51514434814453
train/PNEUMONIA/person1333_bacteria_3384.jpeg,train,1,PNEUMONIA,1256,752,120.68108367919922,47.285518646240234
train/PNEUMONIA/person1333_bacteria_3385.jpeg,train,1,PNEUMONIA,1360,784,129.6399383544922,57.3222770690918
train/PNEUMONIA/person1333_bacteria_3386.jpeg,train,1,PNEUMONIA,1136,688,142.12586975097656,53.55398941040039
train/PNEUMONIA/person1333_virus_2301.jpeg,train,1,PNEUMONIA,1400,1072,160.95521545410156,66.27240753173828
train/PNEUMONIA/person1337_virus_2307.jpeg,train,1,PNEUMONIA,2008,1440,140.2025909423828,72.09400939941406
train/PNEUMONIA/person1338_bacteria_3395.jpeg,train,1,PNEUMONIA,1440,992,140.7058563232422,81.60487365722656
train/PNEUMONIA/person1338_bacteria_3397.jpeg,train,1,PNEUMONIA,1472,1048,135.90036010742188,82.4405517578125
train/PNEUMONIA/person1338_virus_2308.jpeg,train,1,PNEUMONIA,1096,488,105.30557250976562,73.02659606933594
train/PNEUMONIA/person1339_bacteria_3399.jpeg,train,1,PNEUMONIA,1344,712,114.85157012939453,75.3914566040039
train/PNEUMONIA/person1339_bacteria_3402.jpeg,train,1,PNEUMONIA,1208,672,122.7901611328125,47.90103530883789
train/PNEUMONIA/person1340_bacteria_3405.jpeg,train,1,PNEUMONIA,992,776,143.8629150390625,51.219852447509766
train/PNEUMONIA/person1340_virus_2312.jpeg,train,1,PNEUMONIA,911,630,145.07176208496094,58.58681106567383
train/PNEUMONIA/person1341_virus_2313.jpeg,train,1,PNEUMONIA,1056,728,101.15374755859375,67.34293365478516
train/PNEUMONIA/person1342_bacteria_3407.jpeg,train,1,PNEUMONIA,1048,648,121.47478485107422,65.32868194580078
train/PNEUMONIA/person1343_bacteria_3409.jpeg,train,1,PNEUMONIA,1312,832,132.5786590576172,53.14643859863281
train/PNEUMONIA/person1343_bacteria_3411.jpeg,train,1,PNEUMONIA,1448,888,169.114501953125,61.494361877441406
train/PNEUMONIA/person1343_bacteria_3413.jpeg,train,1,PNEUMONIA,1384,864,150.0673828125,61.9906120300293
train/PNEUMONIA/person1343_bacteria_3416.jpeg,train,1,PNEUMONIA,1416,888,133.46180725097656,59.80512237548828
train/PNEUMONIA/person1343_bacteria_3417.jpeg,train,1,PNEUMONIA,1136,760,164.36456298828125,39.296607971191406
train/PNEUMONIA/person1343_bacteria_3418.jpeg,train,1,PNEUMONIA,1152,912,135.01223754882812,47.25081253051758
train/PNEUMONIA/person1343_bacteria_3419.jpeg,train,1,PNEUMONIA,1216,712,127.05130004882812,69.49447631835938
train/PNEUMONIA/person1344_bacteria_3421.jpeg,train,1,PNEUMONIA,1144,760,126.25447845458984,67.46731567382812
train/PNEUMONIA/person1344_virus_2319.jpeg,train,1,PNEUMONIA,992,560,105.75942993164062,68.20780181884766
train/PNEUMONIA/person1345_bacteria_3422.jpeg,train,1,PNEUMONIA,1376,1048,128.34046936035156,70.87096405029297
train/PNEUMONIA/person1345_bacteria_3425.jpeg,train,1,PNEUMONIA,1552,840,163.77835083007812,59.28010940551758
train/PNEUMONIA/person1345_bacteria_3426.jpeg,train,1,PNEUMONIA,1384,1008,119.9272689819336,47.887474060058594
train/PNEUMONIA/person1345_bacteria_3427.jpeg,train,1,PNEUMONIA,1464,1048,134.32484436035156,63.146854400634766
train/PNEUMONIA/person1345_bacteria_3428.jpeg,train,1,PNEUMONIA,1408,848,147.37623596191406,62.63256072998047
train/PNEUMONIA/person1345_virus_2321.jpeg,train,1,PNEUMONIA,1272,840,150.07260131835938,65.61075592041016
train/PNEUMONIA/person1346_bacteria_3430.jpeg,train,1,PNEUMONIA,1248,936,107.29269409179688,71.84741973876953
train/PNEUMONIA/person1346_virus_2322.jpeg,train,1,PNEUMONIA,944,640,114.05143737792969,61.20136642456055
train/PNEUMONIA/person1347_virus_2323.jpeg,train,1,PNEUMONIA,1320,1000,124.1010971069336,73.16903686523438
train/PNEUMONIA/person1348_virus_2324.jpeg,train,1,PNEUMONIA,1432,1008,151.7042999267578,57.43133544921875
train/PNEUMONIA/person1348_virus_2326.jpeg,train,1,PNEUMONIA,1432,968,143.56243896484375,52.391788482666016
train/PNEUMONIA/person1349_bacteria_3436.jpeg,train,1,PNEUMONIA,1480,1208,145.5126190185547,64.43344116210938
train/PNEUMONIA/person1349_bacteria_3438.jpeg,train,1,PNEUMONIA,1336,904,149.91287231445312,50.42247009277344
train/PNEUMONIA/person134_virus_268.jpeg,train,1,PNEUMONIA,1216,1008,144.564697265625,64.41139221191406
train/PNEUMONIA/person1350_virus_2329.jpeg,train,1,PNEUMONIA,1280,792,125.74901580810547,71.102294921875
train/PNEUMONIA/person1351_bacteria_3441.jpeg,train,1,PNEUMONIA,1112,680,129.83511352539062,66.52352905273438
train/PNEUMONIA/person1351_virus_2330.jpeg,train,1,PNEUMONIA,1224,776,133.32461547851562,63.05753707885742
train/PNEUMONIA/person1352_bacteria_3442.jpeg,train,1,PNEUMONIA,1296,696,138.86033630371094,49.77873229980469
train/PNEUMONIA/person1352_bacteria_3443.jpeg,train,1,PNEUMONIA,1232,824,151.10047912597656,54.895286560058594
train/PNEUMONIA/person1353_bacteria_3446.jpeg,train,1,PNEUMONIA,1296,904,125.0151138305664,78.19329833984375
train/PNEUMONIA/person1353_virus_2333.jpeg,train,1,PNEUMONIA,1408,1024,157.39370727539062,64.18489074707031
train/PNEUMONIA/person1354_bacteria_3448.jpeg,train,1,PNEUMONIA,1312,936,130.31536865234375,70.90731048583984
train/PNEUMONIA/person1355_bacteria_3449.jpeg,train,1,PNEUMONIA,841,528,139.11465454101562,41.758209228515625
train/PNEUMONIA/person1355_bacteria_3452.jpeg,train,1,PNEUMONIA,800,472,93.96357727050781,51.67988586425781
train/PNEUMONIA/person1355_virus_2336.jpeg,train,1,PNEUMONIA,1416,1104,153.82864379882812,56.32786178588867
train/PNEUMONIA/person1356_virus_2337.jpeg,train,1,PNEUMONIA,1328,1104,161.43777465820312,58.40815734863281
train/PNEUMONIA/person1357_virus_2338.jpeg,train,1,PNEUMONIA,1416,1088,142.5094451904297,66.07315826416016
train/PNEUMONIA/person1358_bacteria_3465.jpeg,train,1,PNEUMONIA,1440,912,125.7967758178711,74.43000793457031
train/PNEUMONIA/person1359_virus_2340.jpeg,train,1,PNEUMONIA,1408,976,139.76087951660156,66.8604507446289
train/PNEUMONIA/person135_virus_270.jpeg,train,1,PNEUMONIA,992,568,110.96336364746094,62.88557052612305
train/PNEUMONIA/person135_virus_271.jpeg,train,1,PNEUMONIA,1072,624,113.35665130615234,66.50206756591797
train/PNEUMONIA/person1360_virus_2341.jpeg,train,1,PNEUMONIA,1632,1200,138.55596923828125,70.25056457519531
train/PNEUMONIA/person1361_bacteria_3477.jpeg,train,1,PNEUMONIA,1192,760,154.3501434326172,66.39027404785156
train/PNEUMONIA/person1361_virus_2342.jpeg,train,1,PNEUMONIA,1416,904,121.12861633300781,78.3386001586914
train/PNEUMONIA/person1361_virus_2344.jpeg,train,1,PNEUMONIA,1232,880,150.02780151367188,48.88151168823242
train/PNEUMONIA/person1363_bacteria_3483.jpeg,train,1,PNEUMONIA,1320,944,169.60760498046875,56.559776306152344
train/PNEUMONIA/person1363_bacteria_3484.jpeg,train,1,PNEUMONIA,1216,872,142.1045379638672,67.29093170166016
train/PNEUMONIA/person1363_virus_2346.jpeg,train,1,PNEUMONIA,1504,1056,147.0973358154297,66.64826965332031
train/PNEUMONIA/person1365_virus_2348.jpeg,train,1,PNEUMONIA,1152,840,150.23171997070312,63.36695861816406
train/PNEUMONIA/person1366_bacteria_3490.jpeg,train,1,PNEUMONIA,1816,1488,167.1024932861328,64.356201171875
train/PNEUMONIA/person1366_virus_2349.jpeg,train,1,PNEUMONIA,1192,672,106.45600128173828,71.48268127441406
train/PNEUMONIA/person1367_virus_2351.jpeg,train,1,PNEUMONIA,1296,848,117.64276123046875,75.14031982421875
train/PNEUMONIA/person1368_virus_2352.jpeg,train,1,PNEUMONIA,1312,824,164.81863403320312,52.95737075805664
train/PNEUMONIA/person1368_virus_2353.jpeg,train,1,PNEUMONIA,1320,1048,166.9381103515625,51.06630325317383
train/PNEUMONIA/person1368_virus_2354.jpeg,train,1,PNEUMONIA,1296,928,138.16563415527344,70.04273986816406
train/PNEUMONIA/person1369_virus_2355.jpeg,train,1,PNEUMONIA,852,444,136.19081115722656,47.82450485229492
train/PNEUMONIA/person1371_virus_2361.jpeg,train,1,PNEUMONIA,1120,680,149.99899291992188,55.09178161621094
train/PNEUMONIA/person1371_virus_2362.jpeg,train,1,PNEUMONIA,1072,648,109.74314880371094,67.0262451171875
train/PNEUMONIA/person1372_bacteria_3498.jpeg,train,1,PNEUMONIA,1856,1312,152.3644256591797,73.76327514648438
train/PNEUMONIA/person1372_bacteria_3499.jpeg,train,1,PNEUMONIA,1688,1392,154.81500244140625,57.93573760986328
train/PNEUMONIA/person1372_bacteria_3500.jpeg,train,1,PNEUMONIA,1624,1288,161.498291015625,46.61009979248047
train/PNEUMONIA/person1372_bacteria_3503.jpeg,train,1,PNEUMONIA,1800,1512,142.89820861816406,57.063720703125
train/PNEUMONIA/person1374_bacteria_3507.jpeg,train,1,PNEUMONIA,1416,1016,127.61003112792969,75.85479736328125
train/PNEUMONIA/person1374_virus_2365.jpeg,train,1,PNEUMONIA,1136,576,95.93426513671875,69.63480377197266
train/PNEUMONIA/person1375_bacteria_3509.jpeg,train,1,PNEUMONIA,1320,800,133.449951171875,53.184818267822266
train/PNEUMONIA/person1375_bacteria_3510.jpeg,train,1,PNEUMONIA,1312,816,118.54151916503906,63.33456802368164
train/PNEUMONIA/person1375_virus_2366.jpeg,train,1,PNEUMONIA,1512,1056,145.16937255859375,67.15290069580078
train/PNEUMONIA/person1376_bacteria_3511.jpeg,train,1,PNEUMONIA,1416,856,131.68203735351562,73.05745697021484
train/PNEUMONIA/person1376_virus_2367.jpeg,train,1,PNEUMONIA,1264,712,123.84502410888672,58.72336959838867
train/PNEUMONIA/person1377_bacteria_3512.jpeg,train,1,PNEUMONIA,1400,1072,154.33392333984375,60.06576156616211
train/PNEUMONIA/person1377_virus_2369.jpeg,train,1,PNEUMONIA,1584,720,85.1249771118164,75.6469955444336
train/PNEUMONIA/person1378_bacteria_3513.jpeg,train,1,PNEUMONIA,928,504,124.13401794433594,66.2911605834961
train/PNEUMONIA/person1380_bacteria_3515.jpeg,train,1,PNEUMONIA,1064,688,123.11322021484375,66.44335174560547
train/PNEUMONIA/person1381_bacteria_3516.jpeg,train,1,PNEUMONIA,1944,1560,115.09963989257812,62.59297180175781
train/PNEUMONIA/person1381_virus_2375.jpeg,train,1,PNEUMONIA,1352,840,133.3905792236328,62.674903869628906
train/PNEUMONIA/person1383_bacteria_3521.jpeg,train,1,PNEUMONIA,1224,680,112.01631927490234,64.39649963378906
train/PNEUMONIA/person1383_virus_2377.jpeg,train,1,PNEUMONIA,1240,960,129.85565185546875,77.02637481689453
train/PNEUMONIA/person1384_bacteria_3522.jpeg,train,1,PNEUMONIA,1104,848,141.64337158203125,61.44866180419922
train/PNEUMONIA/person1385_bacteria_3524.jpeg,train,1,PNEUMONIA,1288,784,124.92668151855469,78.34817504882812
train/PNEUMONIA/person1385_virus_2380.jpeg,train,1,PNEUMONIA,1320,856,141.9745635986328,76.048095703125
train/PNEUMONIA/person1387_virus_2382.jpeg,train,1,PNEUMONIA,1368,760,119.63916778564453,68.72277069091797
train/PNEUMONIA/person1388_bacteria_3529.jpeg,train,1,PNEUMONIA,1128,680,112.67202758789062,72.18412780761719
train/PNEUMONIA/person1389_bacteria_3531.jpeg,train,1,PNEUMONIA,1056,744,165.80313110351562,63.952857971191406
train/PNEUMONIA/person1389_virus_2387.jpeg,train,1,PNEUMONIA,1392,776,118.617431640625,69.06880187988281
train/PNEUMONIA/person1390_bacteria_3534.jpeg,train,1,PNEUMONIA,1128,688,103.69688415527344,73.24898529052734
train/PNEUMONIA/person1391_bacteria_3536.jpeg,train,1,PNEUMONIA,1576,1200,140.6967010498047,68.5919189453125
train/PNEUMONIA/person1391_bacteria_3537.jpeg,train,1,PNEUMONIA,1384,1072,151.7425994873047,53.46015167236328
train/PNEUMONIA/person1392_bacteria_3538.jpeg,train,1,PNEUMONIA,1232,832,118.92890930175781,63.95098114013672
train/PNEUMONIA/person1393_virus_2396.jpeg,train,1,PNEUMONIA,1240,720,78.86966705322266,54.290645599365234
train/PNEUMONIA/person1395_bacteria_3544.jpeg,train,1,PNEUMONIA,1848,1448,182.8923797607422,53.84532928466797
train/PNEUMONIA/person1395_virus_2398.jpeg,train,1,PNEUMONIA,1208,728,122.9779281616211,63.65388870239258
train/PNEUMONIA/person1396_bacteria_3545.jpeg,train,1,PNEUMONIA,1160,856,142.29339599609375,69.50629425048828
train/PNEUMONIA/person1396_virus_2399.jpeg,train,1,PNEUMONIA,1432,1128,137.6102294921875,64.56951141357422
train/PNEUMONIA/person1397_virus_2400.jpeg,train,1,PNEUMONIA,1176,696,83.02146911621094,42.52208709716797
train/PNEUMONIA/person1398_bacteria_3548.jpeg,train,1,PNEUMONIA,1544,1280,163.7296142578125,63.025516510009766
train/PNEUMONIA/person1398_virus_2401.jpeg,train,1,PNEUMONIA,1144,696,93.05137634277344,69.11521911621094
train/PNEUMONIA/person1399_bacteria_3549.jpeg,train,1,PNEUMONIA,1696,1432,159.32127380371094,69.23548126220703
train/PNEUMONIA/person1399_virus_2402.jpeg,train,1,PNEUMONIA,872,608,122.99840545654297,55.99590301513672
train/PNEUMONIA/person139_virus_283.jpeg,train,1,PNEUMONIA,1576,1064,142.79615783691406,72.90409088134766
train/PNEUMONIA/person1400_bacteria_3551.jpeg,train,1,PNEUMONIA,1168,872,172.22872924804688,51.90281295776367
train/PNEUMONIA/person1400_bacteria_3553.jpeg,train,1,PNEUMONIA,1240,1048,151.46754455566406,62.898250579833984
train/PNEUMONIA/person1400_bacteria_3554.jpeg,train,1,PNEUMONIA,1576,960,137.7130584716797,56.5596809387207
train/PNEUMONIA/person1401_bacteria_3555.jpeg,train,1,PNEUMONIA,1088,560,120.11485290527344,73.13692474365234
train/PNEUMONIA/person1402_virus_2405.jpeg,train,1,PNEUMONIA,1136,648,114.89710235595703,72.35923767089844
train/PNEUMONIA/person1403_bacteria_3557.jpeg,train,1,PNEUMONIA,1208,920,121.90314483642578,57.48690414428711
train/PNEUMONIA/person1403_bacteria_3559.jpeg,train,1,PNEUMONIA,1304,768,115.29436492919922,62.71257781982422
train/PNEUMONIA/person1403_virus_2406.jpeg,train,1,PNEUMONIA,1064,600,122.19634246826172,67.02369689941406
train/PNEUMONIA/person1404_bacteria_3561.jpeg,train,1,PNEUMONIA,1392,968,179.3231201171875,47.75038528442383
train/PNEUMONIA/person1405_bacteria_3564.jpeg,train,1,PNEUMONIA,1432,1016,201.83917236328125,23.143396377563477
train/PNEUMONIA/person1405_bacteria_3566.jpeg,train,1,PNEUMONIA,1392,936,117.17532348632812,52.74857711791992
train/PNEUMONIA/person1405_bacteria_3567.jpeg,train,1,PNEUMONIA,1488,816,115.2259750366211,55.862918853759766
train/PNEUMONIA/person1405_bacteria_3571.jpeg,train,1,PNEUMONIA,1216,824,111.9710922241211,53.801353454589844
train/PNEUMONIA/person1405_bacteria_3573.jpeg,train,1,PNEUMONIA,1352,944,103.79118347167969,66.81013488769531
train/PNEUMONIA/person1405_virus_2408.jpeg,train,1,PNEUMONIA,1816,1216,108.5265121459961,70.2686538696289
train/PNEUMONIA/person1406_bacteria_3574.jpeg,train,1,PNEUMONIA,1304,824,124.06387329101562,51.59238815307617
train/PNEUMONIA/person1406_bacteria_3575.jpeg,train,1,PNEUMONIA,1240,848,115.49513244628906,53.40576171875
train/PNEUMONIA/person1406_virus_2409.jpeg,train,1,PNEUMONIA,1488,1048,115.34178161621094,74.81353759765625
train/PNEUMONIA/person1407_virus_2410.jpeg,train,1,PNEUMONIA,1208,776,127.01287078857422,66.44386291503906
train/PNEUMONIA/person1408_bacteria_3579.jpeg,train,1,PNEUMONIA,1744,1224,140.626220703125,73.28905487060547
train/PNEUMONIA/person1408_bacteria_3581.jpeg,train,1,PNEUMONIA,1576,1288,149.30145263671875,64.46755981445312
train/PNEUMONIA/person1408_virus_2411.jpeg,train,1,PNEUMONIA,1392,1120,156.3353271484375,65.99274444580078
train/PNEUMONIA/person1409_bacteria_3585.jpeg,train,1,PNEUMONIA,1680,1256,138.47067260742188,64.72107696533203
train/PNEUMONIA/person1409_virus_2413.jpeg,train,1,PNEUMONIA,984,672,135.83328247070312,49.05604553222656
train/PNEUMONIA/person140_virus_284.jpeg,train,1,PNEUMONIA,1896,1360,131.21987915039062,46.13290023803711
train/PNEUMONIA/person140_virus_285.jpeg,train,1,PNEUMONIA,2048,1656,135.61239624023438,75.98457336425781
train/PNEUMONIA/person1411_bacteria_3591.jpeg,train,1,PNEUMONIA,1672,1488,153.23841857910156,73.0369644165039
train/PNEUMONIA/person1411_bacteria_3593.jpeg,train,1,PNEUMONIA,1904,1480,104.61373138427734,73.43731689453125
train/PNEUMONIA/person1411_bacteria_3598.jpeg,train,1,PNEUMONIA,1648,1240,162.48626708984375,74.53448486328125
train/PNEUMONIA/person1411_bacteria_3599.jpeg,train,1,PNEUMONIA,1712,1488,180.68699645996094,52.09103012084961
train/PNEUMONIA/person1411_bacteria_3601.jpeg,train,1,PNEUMONIA,1808,1352,176.95626831054688,58.312442779541016
train/PNEUMONIA/person1411_bacteria_3602.jpeg,train,1,PNEUMONIA,1624,1312,169.56483459472656,41.054656982421875
train/PNEUMONIA/person1411_bacteria_3603.jpeg,train,1,PNEUMONIA,1656,1264,151.94842529296875,49.25463104248047
train/PNEUMONIA/person1411_bacteria_3604.jpeg,train,1,PNEUMONIA,1648,1208,161.25473022460938,47.9404296875
train/PNEUMONIA/person1411_bacteria_3607.jpeg,train,1,PNEUMONIA,1816,1608,131.67945861816406,58.29753494262695
train/PNEUMONIA/person1411_bacteria_3609.jpeg,train,1,PNEUMONIA,1616,1216,143.48162841796875,51.53342819213867
train/PNEUMONIA/person1411_bacteria_3610.jpeg,train,1,PNEUMONIA,1656,1288,139.89181518554688,69.17964172363281
train/PNEUMONIA/person1411_virus_2415.jpeg,train,1,PNEUMONIA,1440,1224,127.80843353271484,67.59613800048828
train/PNEUMONIA/person1412_bacteria_3612.jpeg,train,1,PNEUMONIA,1256,784,133.5674285888672,73.10955047607422
train/PNEUMONIA/person1413_bacteria_3613.jpeg,train,1,PNEUMONIA,1224,848,156.80502319335938,54.374900817871094
train/PNEUMONIA/person1413_bacteria_3617.jpeg,train,1,PNEUMONIA,1440,856,135.01844787597656,53.00830078125
train/PNEUMONIA/person1413_bacteria_3620.jpeg,train,1,PNEUMONIA,1408,800,77.75347900390625,33.330039978027344
train/PNEUMONIA/person1413_virus_2422.jpeg,train,1,PNEUMONIA,1136,968,77.65193176269531,42.470062255859375
train/PNEUMONIA/person1413_virus_2423.jpeg,train,1,PNEUMONIA,1336,1056,135.48744201660156,62.666812896728516
train/PNEUMONIA/person1414_bacteria_3628.jpeg,train,1,PNEUMONIA,1288,896,126.2500228881836,58.61148452758789
train/PNEUMONIA/person1414_virus_2424.jpeg,train,1,PNEUMONIA,1064,592,133.6758270263672,68.7784423828125
train/PNEUMONIA/person1415_bacteria_3629.jpeg,train,1,PNEUMONIA,1136,1008,141.65882873535156,62.97473907470703
train/PNEUMONIA/person1415_virus_2425.jpeg,train,1,PNEUMONIA,1600,1088,126.6143798828125,59.57243347167969
train/PNEUMONIA/person1416_virus_2427.jpeg,train,1,PNEUMONIA,1528,952,121.59027099609375,67.39640045166016
train/PNEUMONIA/person1417_bacteria_3635.jpeg,train,1,PNEUMONIA,1528,1056,139.2914276123047,69.7624282836914
train/PNEUMONIA/person1418_bacteria_3636.jpeg,train,1,PNEUMONIA,1408,1152,187.41827392578125,40.88090133666992
train/PNEUMONIA/person1418_bacteria_3637.jpeg,train,1,PNEUMONIA,1216,1032,114.01030731201172,47.12654495239258
train/PNEUMONIA/person1418_bacteria_3638.jpeg,train,1,PNEUMONIA,1464,1080,164.2059783935547,62.39235305786133
train/PNEUMONIA/person1418_bacteria_3639.jpeg,train,1,PNEUMONIA,1352,1088,143.40985107421875,59.63165283203125
train/PNEUMONIA/person141_virus_287.jpeg,train,1,PNEUMONIA,1608,1168,144.53269958496094,69.01471710205078
train/PNEUMONIA/person1420_bacteria_3647.jpeg,train,1,PNEUMONIA,944,808,176.3677978515625,56.07167053222656
train/PNEUMONIA/person1420_virus_2431.jpeg,train,1,PNEUMONIA,1328,952,124.54022979736328,60.95852279663086
train/PNEUMONIA/person1422_bacteria_3649.jpeg,train,1,PNEUMONIA,880,424,113.58495330810547,61.27094650268555
train/PNEUMONIA/person1422_virus_2434.jpeg,train,1,PNEUMONIA,1104,824,108.5311279296875,63.98154830932617
train/PNEUMONIA/person1424_bacteria_3651.jpeg,train,1,PNEUMONIA,1192,872,109.45333099365234,50.60515213012695
train/PNEUMONIA/person1425_virus_2438.jpeg,train,1,PNEUMONIA,984,504,109.85124206542969,58.935943603515625
train/PNEUMONIA/person1426_bacteria_3667.jpeg,train,1,PNEUMONIA,1360,864,132.17218017578125,57.06576919555664
train/PNEUMONIA/person1426_bacteria_3668.jpeg,train,1,PNEUMONIA,1352,800,122.07215881347656,70.54824829101562
train/PNEUMONIA/person1426_virus_2439.jpeg,train,1,PNEUMONIA,952,584,92.9119644165039,54.0507698059082
train/PNEUMONIA/person1428_virus_2442.jpeg,train,1,PNEUMONIA,1680,1032,122.44725036621094,70.21672058105469
train/PNEUMONIA/person1429_bacteria_3688.jpeg,train,1,PNEUMONIA,1824,1632,157.45851135253906,68.06211853027344
train/PNEUMONIA/person1429_bacteria_3690.jpeg,train,1,PNEUMONIA,1688,1528,169.27713012695312,48.1032829284668
train/PNEUMONIA/person1429_bacteria_3691.jpeg,train,1,PNEUMONIA,1704,1344,162.9586944580078,63.773441314697266
train/PNEUMONIA/person1429_virus_2443.jpeg,train,1,PNEUMONIA,1512,1088,158.94970703125,63.05833053588867
train/PNEUMONIA/person142_virus_288.jpeg,train,1,PNEUMONIA,1720,1192,87.6766357421875,65.68087768554688
train/PNEUMONIA/person1430_bacteria_3694.jpeg,train,1,PNEUMONIA,976,568,110.1601333618164,66.31771850585938
train/PNEUMONIA/person1430_bacteria_3695.jpeg,train,1,PNEUMONIA,1144,792,139.1229705810547,70.639892578125
train/PNEUMONIA/person1430_bacteria_3696.jpeg,train,1,PNEUMONIA,1144,792,139.1229705810547,70.639892578125
train/PNEUMONIA/person1430_bacteria_3697.jpeg,train,1,PNEUMONIA,1144,888,124.64289855957031,58.18212890625
train/PNEUMONIA/person1430_virus_2444.jpeg,train,1,PNEUMONIA,1200,864,145.42953491210938,67.85392761230469
train/PNEUMONIA/person1431_bacteria_3698.jpeg,train,1,PNEUMONIA,1376,1024,121.05419158935547,70.02434539794922
train/PNEUMONIA/person1433_bacteria_3701.jpeg,train,1,PNEUMONIA,1232,704,144.48768615722656,64.12516021728516
train/PNEUMONIA/person1433_bacteria_3704.jpeg,train,1,PNEUMONIA,1240,824,159.3774871826172,46.04446029663086
train/PNEUMONIA/person1433_bacteria_3705.jpeg,train,1,PNEUMONIA,1232,824,163.60943603515625,68.5046157836914
train/PNEUMONIA/person1436_bacteria_3711.jpeg,train,1,PNEUMONIA,1384,912,174.5803985595703,53.576881408691406
train/PNEUMONIA/person1436_bacteria_3712.jpeg,train,1,PNEUMONIA,1480,1088,154.97633361816406,72.40106201171875
train/PNEUMONIA/person1438_bacteria_3718.jpeg,train,1,PNEUMONIA,976,568,170.3077392578125,56.96556091308594
train/PNEUMONIA/person1438_bacteria_3721.jpeg,train,1,PNEUMONIA,984,672,112.38581848144531,51.482540130615234
train/PNEUMONIA/person1438_virus_2452.jpeg,train,1,PNEUMONIA,1088,592,111.88909912109375,66.39669799804688
train/PNEUMONIA/person1439_bacteria_3722.jpeg,train,1,PNEUMONIA,1168,760,121.58264923095703,54.60325241088867
train/PNEUMONIA/person1439_virus_2453.jpeg,train,1,PNEUMONIA,968,576,132.3854522705078,61.42380142211914
train/PNEUMONIA/person143_virus_289.jpeg,train,1,PNEUMONIA,1368,992,141.45298767089844,60.8941650390625
train/PNEUMONIA/person1440_bacteria_3723.jpeg,train,1,PNEUMONIA,1272,984,145.84454345703125,62.41606521606445
train/PNEUMONIA/person1441_bacteria_3724.jpeg,train,1,PNEUMONIA,1576,1144,141.6436004638672,55.6401481628418
train/PNEUMONIA/person1441_virus_2454.jpeg,train,1,PNEUMONIA,1760,1232,155.1016387939453,57.53607940673828
train/PNEUMONIA/person1441_virus_2457.jpeg,train,1,PNEUMONIA,1760,1280,167.11251831054688,59.62574005126953
train/PNEUMONIA/person1442_bacteria_3726.jpeg,train,1,PNEUMONIA,1136,760,128.82545471191406,66.20793914794922
train/PNEUMONIA/person1444_bacteria_3732.jpeg,train,1,PNEUMONIA,1752,1480,144.51702880859375,71.29737854003906
train/PNEUMONIA/person1446_bacteria_3740.jpeg,train,1,PNEUMONIA,1248,792,109.74951934814453,68.27051544189453
train/PNEUMONIA/person1448_virus_2468.jpeg,train,1,PNEUMONIA,1408,839,110.27536010742188,61.92829895019531
train/PNEUMONIA/person1449_bacteria_3743.jpeg,train,1,PNEUMONIA,1632,1400,92.36927032470703,62.93721008300781
train/PNEUMONIA/person1449_bacteria_3745.jpeg,train,1,PNEUMONIA,1472,1168,133.98834228515625,56.46693801879883
train/PNEUMONIA/person1449_bacteria_3746.jpeg,train,1,PNEUMONIA,1512,1136,136.86416625976562,57.60538864135742
train/PNEUMONIA/person1449_bacteria_3747.jpeg,train,1,PNEUMONIA,1592,1152,141.74618530273438,69.78800201416016
train/PNEUMONIA/person1449_virus_2474.jpeg,train,1,PNEUMONIA,896,600,125.28719329833984,44.43256378173828
train/PNEUMONIA/person1449_virus_2476.jpeg,train,1,PNEUMONIA,1190,709,101.26533508300781,56.853607177734375
train/PNEUMONIA/person1450_bacteria_3753.jpeg,train,1,PNEUMONIA,1192,888,132.4678955078125,59.43500518798828
train/PNEUMONIA/person1451_virus_2480.jpeg,train,1,PNEUMONIA,912,584,90.69522857666016,46.02252960205078
train/PNEUMONIA/person1451_virus_2482.jpeg,train,1,PNEUMONIA,912,528,120.92509460449219,59.58884048461914
train/PNEUMONIA/person1452_virus_2484.jpeg,train,1,PNEUMONIA,1136,680,107.62535858154297,49.06257629394531
train/PNEUMONIA/person1453_bacteria_3771.jpeg,train,1,PNEUMONIA,1360,832,143.6958465576172,76.14315795898438
train/PNEUMONIA/person1453_bacteria_3772.jpeg,train,1,PNEUMONIA,1360,848,113.17456817626953,58.197418212890625
train/PNEUMONIA/person1454_bacteria_3774.jpeg,train,1,PNEUMONIA,1344,848,130.57369995117188,64.64910888671875
train/PNEUMONIA/person1454_bacteria_3778.jpeg,train,1,PNEUMONIA,1456,976,128.4397735595703,63.827911376953125
train/PNEUMONIA/person1454_bacteria_3780.jpeg,train,1,PNEUMONIA,1456,1104,109.68479919433594,61.55199432373047
train/PNEUMONIA/person1454_bacteria_3782.jpeg,train,1,PNEUMONIA,1624,1016,138.70187377929688,66.78167724609375
train/PNEUMONIA/person1454_virus_2486.jpeg,train,1,PNEUMONIA,1248,848,147.97645568847656,56.082035064697266
train/PNEUMONIA/person1455_bacteria_3784.jpeg,train,1,PNEUMONIA,856,456,144.88385009765625,69.1364517211914
train/PNEUMONIA/person1455_virus_2488.jpeg,train,1,PNEUMONIA,904,608,132.41014099121094,53.677207946777344
train/PNEUMONIA/person1455_virus_2489.jpeg,train,1,PNEUMONIA,936,424,107.93382263183594,48.603515625
train/PNEUMONIA/person1455_virus_2490.jpeg,train,1,PNEUMONIA,1040,736,99.12342834472656,51.10708999633789
train/PNEUMONIA/person1455_virus_2492.jpeg,train,1,PNEUMONIA,832,512,104.51627349853516,46.95045471191406
train/PNEUMONIA/person1455_virus_2496.jpeg,train,1,PNEUMONIA,1148,677,108.39958953857422,66.3309097290039
train/PNEUMONIA/person1457_virus_2498.jpeg,train,1,PNEUMONIA,1592,1080,102.93272399902344,52.35591125488281
train/PNEUMONIA/person1458_virus_2502.jpeg,train,1,PNEUMONIA,1288,984,125.40443420410156,57.18052291870117
train/PNEUMONIA/person1459_virus_2506.jpeg,train,1,PNEUMONIA,1426,947,111.24742889404297,60.77316665649414
train/PNEUMONIA/person145_virus_294.jpeg,train,1,PNEUMONIA,904,600,121.11234283447266,52.36982727050781
train/PNEUMONIA/person145_virus_295.jpeg,train,1,PNEUMONIA,968,552,110.67072296142578,57.8182258605957
train/PNEUMONIA/person1460_bacteria_3801.jpeg,train,1,PNEUMONIA,1392,920,114.99508666992188,58.29344177246094
train/PNEUMONIA/person1460_bacteria_3805.jpeg,train,1,PNEUMONIA,1248,856,135.72781372070312,47.29927444458008
train/PNEUMONIA/person1460_virus_2507.jpeg,train,1,PNEUMONIA,1280,920,132.74496459960938,55.661277770996094
train/PNEUMONIA/person1460_virus_2509.jpeg,train,1,PNEUMONIA,1272,992,108.09437561035156,51.8341064453125
train/PNEUMONIA/person1461_virus_2510.jpeg,train,1,PNEUMONIA,1500,1195,98.95065307617188,61.497215270996094
train/PNEUMONIA/person1463_bacteria_3809.jpeg,train,1,PNEUMONIA,1448,928,131.22232055664062,61.51877975463867
train/PNEUMONIA/person1463_bacteria_3811.jpeg,train,1,PNEUMONIA,1328,800,135.60061645507812,66.33992004394531
train/PNEUMONIA/person1465_virus_2532.jpeg,train,1,PNEUMONIA,1152,920,120.17460632324219,59.851078033447266
train/PNEUMONIA/person1465_virus_2537.jpeg,train,1,PNEUMONIA,1136,912,114.42019653320312,55.993282318115234
train/PNEUMONIA/person1466_virus_2541.jpeg,train,1,PNEUMONIA,984,672,127.54515838623047,58.60512161254883
train/PNEUMONIA/person1466_virus_2543.jpeg,train,1,PNEUMONIA,1090,751,130.05921936035156,63.71128845214844
train/PNEUMONIA/person1467_virus_2544.jpeg,train,1,PNEUMONIA,1056,544,119.94781494140625,56.58427047729492
train/PNEUMONIA/person1468_bacteria_3822.jpeg,train,1,PNEUMONIA,1312,928,113.36612701416016,62.82255554199219
train/PNEUMONIA/person1468_virus_2545.jpeg,train,1,PNEUMONIA,1708,1214,97.84552001953125,45.98920440673828
train/PNEUMONIA/person1468_virus_2546.jpeg,train,1,PNEUMONIA,1670,1245,128.64720153808594,61.950950622558594
train/PNEUMONIA/person1469_bacteria_3824.jpeg,train,1,PNEUMONIA,1272,712,117.2019271850586,53.365928649902344
train/PNEUMONIA/person1469_bacteria_3827.jpeg,train,1,PNEUMONIA,1040,696,96.60001373291016,46.79859161376953
train/PNEUMONIA/person1469_virus_2547.jpeg,train,1,PNEUMONIA,1686,1195,108.64189147949219,58.19144058227539
train/PNEUMONIA/person146_virus_296.jpeg,train,1,PNEUMONIA,1360,816,128.31675720214844,58.580631256103516
train/PNEUMONIA/person1470_bacteria_3829.jpeg,train,1,PNEUMONIA,1040,640,141.615478515625,63.00122833251953
train/PNEUMONIA/person1470_bacteria_3830.jpeg,train,1,PNEUMONIA,904,528,169.9901123046875,38.444828033447266
train/PNEUMONIA/person1471_bacteria_3831.jpeg,train,1,PNEUMONIA,1000,632,126.189453125,68.29106903076172
train/PNEUMONIA/person1471_virus_2549.jpeg,train,1,PNEUMONIA,1448,1152,152.2041473388672,42.829715728759766
train/PNEUMONIA/person1472_bacteria_3834.jpeg,train,1,PNEUMONIA,1368,936,135.2039794921875,69.11196899414062
train/PNEUMONIA/person1472_virus_2550.jpeg,train,1,PNEUMONIA,1296,968,87.44621276855469,41.618980407714844
train/PNEUMONIA/person1473_bacteria_3836.jpeg,train,1,PNEUMONIA,1048,680,107.48536682128906,60.42523193359375
train/PNEUMONIA/person1473_virus_2551.jpeg,train,1,PNEUMONIA,2088,1840,83.30581665039062,46.837806701660156
train/PNEUMONIA/person1473_virus_2553.jpeg,train,1,PNEUMONIA,1912,1768,127.29935455322266,51.02802658081055
train/PNEUMONIA/person1474_virus_2556.jpeg,train,1,PNEUMONIA,1056,896,102.34380340576172,45.37488555908203
train/PNEUMONIA/person1474_virus_2557.jpeg,train,1,PNEUMONIA,1088,688,140.51602172851562,49.502872467041016
train/PNEUMONIA/person1476_bacteria_3842.jpeg,train,1,PNEUMONIA,1152,736,132.6741485595703,39.885353088378906
train/PNEUMONIA/person1476_bacteria_3843.jpeg,train,1,PNEUMONIA,1072,768,143.59791564941406,38.53339385986328
train/PNEUMONIA/person1476_virus_2560.jpeg,train,1,PNEUMONIA,1580,805,99.95834350585938,48.85476303100586
train/PNEUMONIA/person1477_virus_2561.jpeg,train,1,PNEUMONIA,1566,1222,116.69493103027344,66.4142837524414
train/PNEUMONIA/person1478_bacteria_3848.jpeg,train,1,PNEUMONIA,647,329,144.69906616210938,44.37130355834961
train/PNEUMONIA/person147_virus_297.jpeg,train,1,PNEUMONIA,1168,688,121.96585083007812,66.76280212402344
train/PNEUMONIA/person1480_bacteria_3858.jpeg,train,1,PNEUMONIA,1152,728,109.65560913085938,46.668277740478516
train/PNEUMONIA/person1480_bacteria_3859.jpeg,train,1,PNEUMONIA,1320,824,83.01227569580078,49.676265716552734
train/PNEUMONIA/person1480_virus_2566.jpeg,train,1,PNEUMONIA,1686,1160,126.04401397705078,58.35647201538086
train/PNEUMONIA/person1481_bacteria_3862.jpeg,train,1,PNEUMONIA,1440,1168,128.24038696289062,62.42108154296875
train/PNEUMONIA/person1481_bacteria_3863.jpeg,train,1,PNEUMONIA,1440,1168,128.24038696289062,62.42108154296875
train/PNEUMONIA/person1481_bacteria_3864.jpeg,train,1,PNEUMONIA,1656,1200,129.42996215820312,61.53656005859375
train/PNEUMONIA/person1481_bacteria_3865.jpeg,train,1,PNEUMONIA,1656,1200,129.42996215820312,61.53656005859375
train/PNEUMONIA/person1481_bacteria_3867.jpeg,train,1,PNEUMONIA,1600,1176,110.68595886230469,64.69557189941406
train/PNEUMONIA/person1481_bacteria_3868.jpeg,train,1,PNEUMONIA,1352,992,111.4487075805664,51.566070556640625
train/PNEUMONIA/person1481_virus_2567.jpeg,train,1,PNEUMONIA,1716,1489,125.13880920410156,59.00480270385742
train/PNEUMONIA/person1482_bacteria_3870.jpeg,train,1,PNEUMONIA,668,408,150.53819274902344,38.82009506225586
train/PNEUMONIA/person1482_bacteria_3874.jpeg,train,1,PNEUMONIA,1192,832,102.22076416015625,55.07938766479492
train/PNEUMONIA/person1482_virus_2569.jpeg,train,1,PNEUMONIA,1168,672,117.2548599243164,41.47146224975586
train/PNEUMONIA/person1482_virus_2570.jpeg,train,1,PNEUMONIA,1088,656,106.31515502929688,44.932926177978516
train/PNEUMONIA/person1482_virus_2571.jpeg,train,1,PNEUMONIA,1104,680,115.97796630859375,47.29323959350586
train/PNEUMONIA/person1483_bacteria_3876.jpeg,train,1,PNEUMONIA,984,616,119.5691909790039,54.1058349609375
train/PNEUMONIA/person1483_virus_2574.jpeg,train,1,PNEUMONIA,1642,1133,118.01422882080078,59.49340057373047
train/PNEUMONIA/person1484_virus_2576.jpeg,train,1,PNEUMONIA,1040,688,121.00481414794922,44.658287048339844
train/PNEUMONIA/person1484_virus_2577.jpeg,train,1,PNEUMONIA,1104,736,112.90711975097656,46.49977493286133
train/PNEUMONIA/person1486_bacteria_3881.jpeg,train,1,PNEUMONIA,1304,960,97.89710998535156,52.07583999633789
train/PNEUMONIA/person1486_bacteria_3883.jpeg,train,1,PNEUMONIA,1240,904,147.10391235351562,52.578277587890625
train/PNEUMONIA/person1486_bacteria_3884.jpeg,train,1,PNEUMONIA,663,431,79.49616241455078,41.388519287109375
train/PNEUMONIA/person1486_bacteria_3885.jpeg,train,1,PNEUMONIA,1448,1032,114.13192749023438,59.99860763549805
train/PNEUMONIA/person1488_bacteria_3887.jpeg,train,1,PNEUMONIA,1400,1032,130.71926879882812,59.16971206665039
train/PNEUMONIA/person1488_virus_2585.jpeg,train,1,PNEUMONIA,1472,1088,114.4935302734375,49.62244415283203
train/PNEUMONIA/person1488_virus_2587.jpeg,train,1,PNEUMONIA,1552,1144,76.2005615234375,35.3291130065918
train/PNEUMONIA/person1488_virus_2592.jpeg,train,1,PNEUMONIA,1504,1096,137.5663299560547,50.30390167236328
train/PNEUMONIA/person1488_virus_2593.jpeg,train,1,PNEUMONIA,1754,1395,130.6526336669922,54.32895278930664
train/PNEUMONIA/person1489_bacteria_3889.jpeg,train,1,PNEUMONIA,1000,544,129.4500732421875,59.52398681640625
train/PNEUMONIA/person1489_virus_2594.jpeg,train,1,PNEUMONIA,1878,1331,115.65798950195312,55.994590759277344
train/PNEUMONIA/person148_virus_298.jpeg,train,1,PNEUMONIA,1536,1104,128.05592346191406,62.832977294921875
train/PNEUMONIA/person1490_bacteria_3891.jpeg,train,1,PNEUMONIA,1056,696,119.64501953125,75.77180480957031
train/PNEUMONIA/person1490_virus_2596.jpeg,train,1,PNEUMONIA,1094,829,120.691162109375,52.950035095214844
train/PNEUMONIA/person1491_bacteria_3892.jpeg,train,1,PNEUMONIA,1328,968,118.26719665527344,51.325931549072266
train/PNEUMONIA/person1491_bacteria_3893.jpeg,train,1,PNEUMONIA,1576,1056,129.3755645751953,61.43050003051758
train/PNEUMONIA/person1491_virus_2597.jpeg,train,1,PNEUMONIA,1272,824,102.20587921142578,41.993709564208984
train/PNEUMONIA/person1492_bacteria_3894.jpeg,train,1,PNEUMONIA,864,520,127.78085327148438,45.00274658203125
train/PNEUMONIA/person1492_virus_2599.jpeg,train,1,PNEUMONIA,1136,744,156.85816955566406,40.296669006347656
train/PNEUMONIA/person1493_bacteria_3895.jpeg,train,1,PNEUMONIA,1272,952,116.03579711914062,58.034454345703125
train/PNEUMONIA/person1493_bacteria_3896.jpeg,train,1,PNEUMONIA,1416,856,138.68540954589844,57.422203063964844
train/PNEUMONIA/person1493_bacteria_3897.jpeg,train,1,PNEUMONIA,1304,1024,121.6063461303711,57.4003791809082
train/PNEUMONIA/person1493_bacteria_3898.jpeg,train,1,PNEUMONIA,1296,728,89.3226089477539,51.554847717285156
train/PNEUMONIA/person1493_bacteria_3899.jpeg,train,1,PNEUMONIA,1224,672,112.26468658447266,51.98261642456055
train/PNEUMONIA/person1494_bacteria_3901.jpeg,train,1,PNEUMONIA,1080,728,133.2563934326172,56.89881134033203
train/PNEUMONIA/person1494_virus_2601.jpeg,train,1,PNEUMONIA,1680,1232,140.00526428222656,57.05977249145508
train/PNEUMONIA/person1495_virus_2603.jpeg,train,1,PNEUMONIA,1376,936,147.3542022705078,55.07855987548828
train/PNEUMONIA/person1496_bacteria_3905.jpeg,train,1,PNEUMONIA,1304,1224,121.2209243774414,62.20138931274414
train/PNEUMONIA/person1496_bacteria_3906.jpeg,train,1,PNEUMONIA,1288,968,141.24697875976562,63.13943099975586
train/PNEUMONIA/person1496_bacteria_3907.jpeg,train,1,PNEUMONIA,1248,824,123.32842254638672,52.40256881713867
train/PNEUMONIA/person1496_bacteria_3908.jpeg,train,1,PNEUMONIA,1336,912,142.78997802734375,59.273921966552734
train/PNEUMONIA/person1496_bacteria_3909.jpeg,train,1,PNEUMONIA,1296,1000,156.6559600830078,57.20746612548828
train/PNEUMONIA/person1496_bacteria_3910.jpeg,train,1,PNEUMONIA,1296,1000,156.6559600830078,57.20746612548828
train/PNEUMONIA/person1496_bacteria_3911.jpeg,train,1,PNEUMONIA,1256,872,143.80323791503906,60.60430908203125
train/PNEUMONIA/person1497_bacteria_3912.jpeg,train,1,PNEUMONIA,856,472,97.13651275634766,48.538543701171875
train/PNEUMONIA/person1499_bacteria_3915.jpeg,train,1,PNEUMONIA,1120,744,120.47381591796875,60.401851654052734
train/PNEUMONIA/person149_virus_299.jpeg,train,1,PNEUMONIA,1528,1032,119.72238159179688,69.89167022705078
train/PNEUMONIA/person14_bacteria_51.jpeg,train,1,PNEUMONIA,981,663,164.24647521972656,32.49676513671875
train/PNEUMONIA/person1500_bacteria_3916.jpeg,train,1,PNEUMONIA,1736,1424,154.91600036621094,65.45558166503906
train/PNEUMONIA/person1500_virus_2610.jpeg,train,1,PNEUMONIA,1560,1304,150.6390380859375,76.64118957519531
train/PNEUMONIA/person1501_virus_2611.jpeg,train,1,PNEUMONIA,1024,640,120.72505187988281,66.29991149902344
train/PNEUMONIA/person1502_bacteria_3922.jpeg,train,1,PNEUMONIA,1168,872,105.82756042480469,58.04325485229492
train/PNEUMONIA/person1502_bacteria_3923.jpeg,train,1,PNEUMONIA,992,528,100.39019012451172,51.50790023803711
train/PNEUMONIA/person1502_bacteria_3924.jpeg,train,1,PNEUMONIA,1008,536,94.04376220703125,49.276451110839844
train/PNEUMONIA/person1502_bacteria_3925.jpeg,train,1,PNEUMONIA,1224,824,90.16683959960938,58.35340118408203
train/PNEUMONIA/person1502_bacteria_3927.jpeg,train,1,PNEUMONIA,1008,600,89.65115356445312,48.77416229248047
train/PNEUMONIA/person1502_bacteria_3929.jpeg,train,1,PNEUMONIA,960,520,87.75244140625,46.10842514038086
train/PNEUMONIA/person1502_virus_2612.jpeg,train,1,PNEUMONIA,1656,1008,138.7032012939453,71.6617660522461
train/PNEUMONIA/person1503_virus_2613.jpeg,train,1,PNEUMONIA,1232,768,138.42892456054688,57.590274810791016
train/PNEUMONIA/person1504_bacteria_3931.jpeg,train,1,PNEUMONIA,1064,816,129.2484588623047,70.52975463867188
train/PNEUMONIA/person1504_virus_2614.jpeg,train,1,PNEUMONIA,1088,776,134.8582000732422,61.5579833984375
train/PNEUMONIA/person1505_virus_2615.jpeg,train,1,PNEUMONIA,1400,1072,151.02993774414062,70.68233489990234
train/PNEUMONIA/person1506_bacteria_3933.jpeg,train,1,PNEUMONIA,1648,1208,146.86146545410156,78.07745361328125
train/PNEUMONIA/person1506_virus_2616.jpeg,train,1,PNEUMONIA,1144,952,137.8004150390625,61.58163833618164
train/PNEUMONIA/person1507_bacteria_3942.jpeg,train,1,PNEUMONIA,1752,1176,124.8717041015625,54.809814453125
train/PNEUMONIA/person1507_bacteria_3944.jpeg,train,1,PNEUMONIA,1648,1176,130.1916046142578,51.089515686035156
train/PNEUMONIA/person1507_bacteria_3947.jpeg,train,1,PNEUMONIA,1568,1112,135.0210723876953,51.61317443847656
train/PNEUMONIA/person1507_bacteria_3948.jpeg,train,1,PNEUMONIA,1552,1064,127.58086395263672,50.603302001953125
train/PNEUMONIA/person1508_bacteria_3949.jpeg,train,1,PNEUMONIA,1760,1328,142.6866455078125,78.38868713378906
train/PNEUMONIA/person1509_bacteria_3951.jpeg,train,1,PNEUMONIA,1704,1392,128.83694458007812,65.36944580078125
train/PNEUMONIA/person1509_virus_2621.jpeg,train,1,PNEUMONIA,1656,1336,128.21923828125,80.90142059326172
train/PNEUMONIA/person1510_virus_2628.jpeg,train,1,PNEUMONIA,1264,880,193.6903533935547,28.154251098632812
train/PNEUMONIA/person1510_virus_2629.jpeg,train,1,PNEUMONIA,1312,712,127.99419403076172,67.02632141113281
train/PNEUMONIA/person1511_bacteria_3955.jpeg,train,1,PNEUMONIA,1192,808,129.11021423339844,73.69131469726562
train/PNEUMONIA/person1512_virus_2631.jpeg,train,1,PNEUMONIA,1360,1040,128.4794158935547,72.87735748291016
train/PNEUMONIA/person1513_bacteria_3962.jpeg,train,1,PNEUMONIA,1304,800,128.04458618164062,61.324607849121094
train/PNEUMONIA/person1513_virus_2632.jpeg,train,1,PNEUMONIA,1376,1208,148.20635986328125,68.99435424804688
train/PNEUMONIA/person1514_bacteria_3964.jpeg,train,1,PNEUMONIA,1360,936,137.18624877929688,56.57350540161133
train/PNEUMONIA/person1514_virus_2633.jpeg,train,1,PNEUMONIA,1200,784,134.92779541015625,72.61906433105469
train/PNEUMONIA/person1516_virus_2643.jpeg,train,1,PNEUMONIA,1152,752,130.66993713378906,57.41279983520508
train/PNEUMONIA/person1517_bacteria_3968.jpeg,train,1,PNEUMONIA,1328,984,138.8490753173828,60.60905838012695
train/PNEUMONIA/person1517_virus_2644.jpeg,train,1,PNEUMONIA,1376,824,143.63525390625,71.8959732055664
train/PNEUMONIA/person1518_bacteria_3969.jpeg,train,1,PNEUMONIA,1896,1640,149.69879150390625,74.51338958740234
train/PNEUMONIA/person1519_bacteria_3970.jpeg,train,1,PNEUMONIA,1256,984,126.15373992919922,54.958431243896484
train/PNEUMONIA/person1519_virus_2646.jpeg,train,1,PNEUMONIA,1248,808,127.74539947509766,77.31987762451172
train/PNEUMONIA/person151_virus_301.jpeg,train,1,PNEUMONIA,1368,984,139.5379180908203,75.74651336669922
train/PNEUMONIA/person151_virus_302.jpeg,train,1,PNEUMONIA,1264,704,113.30874633789062,65.712890625
train/PNEUMONIA/person1521_virus_2649.jpeg,train,1,PNEUMONIA,1288,976,146.97352600097656,76.49475860595703
train/PNEUMONIA/person1522_bacteria_3977.jpeg,train,1,PNEUMONIA,1232,904,139.1711883544922,51.57497024536133
train/PNEUMONIA/person1522_virus_2651.jpeg,train,1,PNEUMONIA,1008,520,112.19218444824219,42.19108200073242
train/PNEUMONIA/person1523_bacteria_3979.jpeg,train,1,PNEUMONIA,1248,784,119.36507415771484,61.17616271972656
train/PNEUMONIA/person1523_bacteria_3980.jpeg,train,1,PNEUMONIA,1088,792,126.29729461669922,49.2094841003418
train/PNEUMONIA/person1524_bacteria_3983.jpeg,train,1,PNEUMONIA,1632,1136,133.20993041992188,46.554412841796875
train/PNEUMONIA/person1524_bacteria_3984.jpeg,train,1,PNEUMONIA,1664,1264,133.0172119140625,53.92413330078125
train/PNEUMONIA/person1524_virus_2658.jpeg,train,1,PNEUMONIA,1320,992,125.57296752929688,69.85319519042969
train/PNEUMONIA/person1525_bacteria_3985.jpeg,train,1,PNEUMONIA,1184,848,120.63337707519531,60.03228759765625
train/PNEUMONIA/person1525_virus_2659.jpeg,train,1,PNEUMONIA,1216,816,134.31300354003906,71.63784790039062
train/PNEUMONIA/person1526_bacteria_3986.jpeg,train,1,PNEUMONIA,1192,888,146.58482360839844,58.6692008972168
train/PNEUMONIA/person1526_virus_2660.jpeg,train,1,PNEUMONIA,920,568,112.34320831298828,63.05754470825195
train/PNEUMONIA/person1527_bacteria_3988.jpeg,train,1,PNEUMONIA,1216,792,144.89755249023438,47.37842559814453
train/PNEUMONIA/person1527_bacteria_3989.jpeg,train,1,PNEUMONIA,1240,952,159.97976684570312,43.83089065551758
train/PNEUMONIA/person1527_bacteria_3990.jpeg,train,1,PNEUMONIA,1184,712,139.29002380371094,39.21360778808594
train/PNEUMONIA/person1527_virus_2661.jpeg,train,1,PNEUMONIA,1120,768,143.2136688232422,63.657588958740234
train/PNEUMONIA/person1528_bacteria_3991.jpeg,train,1,PNEUMONIA,1080,760,128.15687561035156,63.79085922241211
train/PNEUMONIA/person1528_bacteria_3996.jpeg,train,1,PNEUMONIA,1168,688,117.67884826660156,64.32032775878906
train/PNEUMONIA/person1528_virus_2662.jpeg,train,1,PNEUMONIA,1352,840,120.25489807128906,78.57424926757812
train/PNEUMONIA/person1529_virus_2663.jpeg,train,1,PNEUMONIA,1104,704,142.9515380859375,64.34580993652344
train/PNEUMONIA/person152_virus_303.jpeg,train,1,PNEUMONIA,1344,1032,158.25729370117188,69.8278579711914
train/PNEUMONIA/person1530_bacteria_4000.jpeg,train,1,PNEUMONIA,1336,752,136.1314239501953,60.40140151977539
train/PNEUMONIA/person1530_virus_2664.jpeg,train,1,PNEUMONIA,1080,632,106.67912292480469,68.25511169433594
train/PNEUMONIA/person1531_bacteria_4003.jpeg,train,1,PNEUMONIA,1336,864,124.53802490234375,70.48393249511719
train/PNEUMONIA/person1531_virus_2666.jpeg,train,1,PNEUMONIA,1336,936,130.91390991210938,68.474609375
train/PNEUMONIA/person1532_virus_2667.jpeg,train,1,PNEUMONIA,1232,800,134.71380615234375,70.91511535644531
train/PNEUMONIA/person1534_virus_2670.jpeg,train,1,PNEUMONIA,1336,1056,133.7288360595703,80.06481170654297
train/PNEUMONIA/person1535_bacteria_4016.jpeg,train,1,PNEUMONIA,920,648,108.79415130615234,51.60934829711914
train/PNEUMONIA/person1535_bacteria_4017.jpeg,train,1,PNEUMONIA,888,672,126.4793701171875,56.78290557861328
train/PNEUMONIA/person1535_virus_2672.jpeg,train,1,PNEUMONIA,1304,896,143.1075439453125,74.62818908691406
train/PNEUMONIA/person1536_bacteria_4018.jpeg,train,1,PNEUMONIA,1792,1600,163.74317932128906,60.20408248901367
train/PNEUMONIA/person1536_virus_2673.jpeg,train,1,PNEUMONIA,992,464,129.36029052734375,67.59646606445312
train/PNEUMONIA/person1537_bacteria_4019.jpeg,train,1,PNEUMONIA,1256,976,157.23126220703125,59.73393249511719
train/PNEUMONIA/person1537_bacteria_4020.jpeg,train,1,PNEUMONIA,1336,928,129.75521850585938,55.80189895629883
train/PNEUMONIA/person1537_virus_2674.jpeg,train,1,PNEUMONIA,1456,1312,151.4189453125,57.36793899536133
train/PNEUMONIA/person1538_bacteria_4021.jpeg,train,1,PNEUMONIA,1200,808,124.96202087402344,55.716697692871094
train/PNEUMONIA/person1539_bacteria_4022.jpeg,train,1,PNEUMONIA,1392,864,125.67365264892578,67.53498840332031
train/PNEUMONIA/person1539_virus_2678.jpeg,train,1,PNEUMONIA,1112,624,126.51036834716797,70.54582977294922
train/PNEUMONIA/person1539_virus_2679.jpeg,train,1,PNEUMONIA,1152,584,116.78462219238281,75.15680694580078
train/PNEUMONIA/person153_virus_304.jpeg,train,1,PNEUMONIA,1160,752,135.3446502685547,74.1644287109375
train/PNEUMONIA/person1540_bacteria_4023.jpeg,train,1,PNEUMONIA,1320,1000,138.92123413085938,72.80427551269531
train/PNEUMONIA/person1540_virus_2680.jpeg,train,1,PNEUMONIA,1472,944,171.44723510742188,63.089508056640625
train/PNEUMONIA/person1541_virus_2681.jpeg,train,1,PNEUMONIA,1400,1080,131.0999755859375,78.56596374511719
train/PNEUMONIA/person1542_virus_2683.jpeg,train,1,PNEUMONIA,1104,728,146.8302459716797,66.90872955322266
train/PNEUMONIA/person1543_virus_2684.jpeg,train,1,PNEUMONIA,1128,704,113.27775573730469,72.10992431640625
train/PNEUMONIA/person1544_bacteria_4033.jpeg,train,1,PNEUMONIA,2192,2272,160.56414794921875,71.68207550048828
train/PNEUMONIA/person1544_bacteria_4035.jpeg,train,1,PNEUMONIA,2056,2104,161.05987548828125,61.365447998046875
train/PNEUMONIA/person1544_bacteria_4037.jpeg,train,1,PNEUMONIA,1856,1496,167.45883178710938,32.98162078857422
train/PNEUMONIA/person1544_bacteria_4038.jpeg,train,1,PNEUMONIA,2008,2096,162.041015625,55.10493850708008
train/PNEUMONIA/person1544_virus_2685.jpeg,train,1,PNEUMONIA,1720,1152,120.65846252441406,72.19352722167969
train/PNEUMONIA/person1545_bacteria_4041.jpeg,train,1,PNEUMONIA,912,536,106.32637786865234,51.06162643432617
train/PNEUMONIA/person1545_bacteria_4042.jpeg,train,1,PNEUMONIA,920,544,107.99946594238281,49.812599182128906
train/PNEUMONIA/person1546_bacteria_4044.jpeg,train,1,PNEUMONIA,1216,856,126.24076843261719,65.33226013183594
train/PNEUMONIA/person1547_virus_2688.jpeg,train,1,PNEUMONIA,1016,552,111.68818664550781,58.77687072753906
train/PNEUMONIA/person1548_bacteria_4048.jpeg,train,1,PNEUMONIA,1088,696,145.48377990722656,63.94129943847656
train/PNEUMONIA/person1548_virus_2689.jpeg,train,1,PNEUMONIA,1384,1048,116.3423080444336,77.07836151123047
train/PNEUMONIA/person1549_bacteria_4050.jpeg,train,1,PNEUMONIA,1416,960,128.8209686279297,61.022857666015625
train/PNEUMONIA/person154_virus_305.jpeg,train,1,PNEUMONIA,1336,728,125.98857879638672,71.67410278320312
train/PNEUMONIA/person154_virus_306.jpeg,train,1,PNEUMONIA,1448,1176,139.63201904296875,63.476924896240234
train/PNEUMONIA/person1550_bacteria_4051.jpeg,train,1,PNEUMONIA,1600,984,129.5266876220703,70.62907409667969
train/PNEUMONIA/person1550_virus_2691.jpeg,train,1,PNEUMONIA,1000,640,126.99754333496094,77.02497863769531
train/PNEUMONIA/person1551_bacteria_4053.jpeg,train,1,PNEUMONIA,1376,952,131.5493927001953,58.03463363647461
train/PNEUMONIA/person1551_bacteria_4054.jpeg,train,1,PNEUMONIA,1424,1016,134.1199951171875,59.10367965698242
train/PNEUMONIA/person1551_virus_2692.jpeg,train,1,PNEUMONIA,1120,816,130.43270874023438,70.3708724975586
train/PNEUMONIA/person1552_bacteria_4055.jpeg,train,1,PNEUMONIA,1136,864,129.0794677734375,63.822044372558594
train/PNEUMONIA/person1554_bacteria_4057.jpeg,train,1,PNEUMONIA,1248,824,125.58142852783203,58.77756118774414
train/PNEUMONIA/person1554_virus_2696.jpeg,train,1,PNEUMONIA,1344,784,126.21436309814453,60.855018615722656
train/PNEUMONIA/person1555_bacteria_4058.jpeg,train,1,PNEUMONIA,1112,568,100.60258483886719,49.610565185546875
train/PNEUMONIA/person1555_bacteria_4059.jpeg,train,1,PNEUMONIA,1144,736,118.22064971923828,57.55805206298828
train/PNEUMONIA/person1555_bacteria_4060.jpeg,train,1,PNEUMONIA,1000,624,127.75947570800781,58.407814025878906
train/PNEUMONIA/person1556_bacteria_4061.jpeg,train,1,PNEUMONIA,1416,1216,127.4276123046875,56.03110885620117
train/PNEUMONIA/person1556_bacteria_4062.jpeg,train,1,PNEUMONIA,1688,1136,103.71149444580078,66.87217712402344
train/PNEUMONIA/person1556_virus_2699.jpeg,train,1,PNEUMONIA,1128,736,131.327880859375,62.84836959838867
train/PNEUMONIA/person1557_bacteria_4063.jpeg,train,1,PNEUMONIA,1696,1736,172.911376953125,57.264217376708984
train/PNEUMONIA/person1557_bacteria_4065.jpeg,train,1,PNEUMONIA,1592,1728,137.29127502441406,53.6318359375
train/PNEUMONIA/person155_virus_307.jpeg,train,1,PNEUMONIA,1536,1064,143.06947326660156,64.46128845214844
train/PNEUMONIA/person1561_bacteria_4077.jpeg,train,1,PNEUMONIA,1536,856,117.51376342773438,65.01668548583984
train/PNEUMONIA/person1562_bacteria_4078.jpeg,train,1,PNEUMONIA,1448,1008,132.85110473632812,56.13396072387695
train/PNEUMONIA/person1562_bacteria_4087.jpeg,train,1,PNEUMONIA,1624,1312,128.26065063476562,65.95433807373047
train/PNEUMONIA/person1562_bacteria_4089.jpeg,train,1,PNEUMONIA,1568,1256,100.49903869628906,60.40392303466797
train/PNEUMONIA/person1563_bacteria_4092.jpeg,train,1,PNEUMONIA,1272,872,134.7664337158203,64.28057098388672
train/PNEUMONIA/person1564_bacteria_4094.jpeg,train,1,PNEUMONIA,1168,560,120.59200286865234,67.16801452636719
train/PNEUMONIA/person1564_virus_2719.jpeg,train,1,PNEUMONIA,1064,560,117.93687438964844,57.273929595947266
train/PNEUMONIA/person1565_bacteria_4095.jpeg,train,1,PNEUMONIA,1960,1600,151.9621124267578,69.01848602294922
train/PNEUMONIA/person1567_bacteria_4100.jpeg,train,1,PNEUMONIA,1176,800,133.89401245117188,59.64994812011719
train/PNEUMONIA/person1567_virus_2722.jpeg,train,1,PNEUMONIA,1528,1376,145.4409637451172,62.47639465332031
train/PNEUMONIA/person1568_virus_2723.jpeg,train,1,PNEUMONIA,1400,1104,137.41085815429688,56.3209114074707
train/PNEUMONIA/person156_virus_308.jpeg,train,1,PNEUMONIA,1264,800,134.20811462402344,65.75334167480469
train/PNEUMONIA/person1571_bacteria_4108.jpeg,train,1,PNEUMONIA,1352,928,131.56646728515625,76.05288696289062
train/PNEUMONIA/person1571_bacteria_4110.jpeg,train,1,PNEUMONIA,1296,848,124.15742492675781,77.254638671875
train/PNEUMONIA/person1571_virus_2728.jpeg,train,1,PNEUMONIA,1304,712,124.25627899169922,59.89387130737305
train/PNEUMONIA/person1574_bacteria_4118.jpeg,train,1,PNEUMONIA,1096,600,118.85639190673828,66.94470977783203
train/PNEUMONIA/person1575_bacteria_4119.jpeg,train,1,PNEUMONIA,1360,888,106.59445190429688,75.79193878173828
train/PNEUMONIA/person1576_bacteria_4120.jpeg,train,1,PNEUMONIA,1264,984,105.9683609008789,55.36945343017578
train/PNEUMONIA/person1576_bacteria_4121.jpeg,train,1,PNEUMONIA,1280,1016,113.13710021972656,58.180660247802734
train/PNEUMONIA/person1576_bacteria_4122.jpeg,train,1,PNEUMONIA,1440,992,155.69613647460938,55.35892105102539
train/PNEUMONIA/person1576_bacteria_4124.jpeg,train,1,PNEUMONIA,1528,1080,81.26692199707031,54.957862854003906
train/PNEUMONIA/person1576_bacteria_4126.jpeg,train,1,PNEUMONIA,1416,1056,116.7267837524414,51.9757080078125
train/PNEUMONIA/person1576_bacteria_4128.jpeg,train,1,PNEUMONIA,1536,1176,99.64409637451172,61.92739486694336
train/PNEUMONIA/person1576_virus_2734.jpeg,train,1,PNEUMONIA,968,440,109.4923095703125,68.77379608154297
train/PNEUMONIA/person1577_virus_2735.jpeg,train,1,PNEUMONIA,1392,712,135.29150390625,68.74185180664062
train/PNEUMONIA/person157_virus_311.jpeg,train,1,PNEUMONIA,1768,1216,146.345458984375,69.3892593383789
train/PNEUMONIA/person1580_virus_2739.jpeg,train,1,PNEUMONIA,1616,1024,168.24942016601562,59.771846771240234
train/PNEUMONIA/person1581_bacteria_4135.jpeg,train,1,PNEUMONIA,1024,592,119.3922348022461,55.58968734741211
train/PNEUMONIA/person1581_virus_2741.jpeg,train,1,PNEUMONIA,1144,656,119.40840148925781,60.43806838989258
train/PNEUMONIA/person1582_bacteria_4136.jpeg,train,1,PNEUMONIA,1304,1024,123.6370620727539,82.08799743652344
train/PNEUMONIA/person1582_bacteria_4140.jpeg,train,1,PNEUMONIA,1144,736,97.71924591064453,52.90247344970703
train/PNEUMONIA/person1582_bacteria_4142.jpeg,train,1,PNEUMONIA,1240,696,114.07547760009766,59.842185974121094
train/PNEUMONIA/person1583_bacteria_4144.jpeg,train,1,PNEUMONIA,1496,1024,156.90843200683594,54.74067687988281
train/PNEUMONIA/person1584_bacteria_4146.jpeg,train,1,PNEUMONIA,1120,640,99.86626434326172,62.52867889404297
train/PNEUMONIA/person1585_bacteria_4149.jpeg,train,1,PNEUMONIA,1192,696,74.18656158447266,43.413848876953125
train/PNEUMONIA/person1585_bacteria_4151.jpeg,train,1,PNEUMONIA,1336,808,108.23795318603516,58.064693450927734
train/PNEUMONIA/person1589_bacteria_4171.jpeg,train,1,PNEUMONIA,1136,712,122.5510025024414,73.15737915039062
train/PNEUMONIA/person1589_bacteria_4172.jpeg,train,1,PNEUMONIA,1032,840,93.76760864257812,54.61848068237305
train/PNEUMONIA/person1589_virus_2763.jpeg,train,1,PNEUMONIA,1168,800,160.575927734375,67.66205596923828
train/PNEUMONIA/person158_virus_312.jpeg,train,1,PNEUMONIA,1552,1176,123.96329498291016,63.93054962158203
train/PNEUMONIA/person1590_bacteria_4174.jpeg,train,1,PNEUMONIA,1960,1992,147.87550354003906,41.173160552978516
train/PNEUMONIA/person1590_bacteria_4175.jpeg,train,1,PNEUMONIA,2000,1896,148.1631622314453,49.44793701171875
train/PNEUMONIA/person1590_bacteria_4176.jpeg,train,1,PNEUMONIA,1984,1840,164.8844757080078,46.35374069213867
train/PNEUMONIA/person1591_bacteria_4177.jpeg,train,1,PNEUMONIA,1160,664,126.37747955322266,65.78300476074219
train/PNEUMONIA/person1591_virus_2765.jpeg,train,1,PNEUMONIA,1720,1240,106.0511703491211,61.15574645996094
train/PNEUMONIA/person1592_bacteria_4178.jpeg,train,1,PNEUMONIA,952,736,123.57262420654297,66.4760513305664
train/PNEUMONIA/person1592_virus_2766.jpeg,train,1,PNEUMONIA,1056,760,147.66725158691406,58.7979850769043
train/PNEUMONIA/person1593_virus_2767.jpeg,train,1,PNEUMONIA,1176,760,134.691162109375,69.35376739501953
train/PNEUMONIA/person1594_bacteria_4182.jpeg,train,1,PNEUMONIA,1240,848,136.92466735839844,61.04013442993164
train/PNEUMONIA/person1594_virus_2768.jpeg,train,1,PNEUMONIA,1272,776,128.03375244140625,75.74365997314453
train/PNEUMONIA/person1595_bacteria_4183.jpeg,train,1,PNEUMONIA,1416,800,110.37893676757812,72.482421875
train/PNEUMONIA/person1595_virus_2771.jpeg,train,1,PNEUMONIA,1336,832,150.6048583984375,71.73217010498047
train/PNEUMONIA/person1596_bacteria_4184.jpeg,train,1,PNEUMONIA,1696,1224,146.25132751464844,62.34138107299805
train/PNEUMONIA/person1597_bacteria_4188.jpeg,train,1,PNEUMONIA,1856,1536,147.9454345703125,57.0893669128418
train/PNEUMONIA/person1597_bacteria_4190.jpeg,train,1,PNEUMONIA,1664,1456,148.80221557617188,50.55370330810547
train/PNEUMONIA/person1597_bacteria_4191.jpeg,train,1,PNEUMONIA,1544,1336,148.66323852539062,40.73527908325195
train/PNEUMONIA/person1597_bacteria_4194.jpeg,train,1,PNEUMONIA,1768,1560,144.94326782226562,49.52610778808594
train/PNEUMONIA/person1598_bacteria_4195.jpeg,train,1,PNEUMONIA,1288,824,119.15265655517578,63.69468688964844
train/PNEUMONIA/person1598_bacteria_4198.jpeg,train,1,PNEUMONIA,1208,808,143.51324462890625,52.018775939941406
train/PNEUMONIA/person1599_virus_2775.jpeg,train,1,PNEUMONIA,1136,888,117.83462524414062,65.88977813720703
train/PNEUMONIA/person1599_virus_2776.jpeg,train,1,PNEUMONIA,1112,832,129.0780792236328,66.91866302490234
train/PNEUMONIA/person15_bacteria_52.jpeg,train,1,PNEUMONIA,1280,751,92.65862274169922,61.5263557434082
train/PNEUMONIA/person1600_bacteria_4202.jpeg,train,1,PNEUMONIA,1848,1488,121.414306640625,61.4419059753418
train/PNEUMONIA/person1600_virus_2777.jpeg,train,1,PNEUMONIA,1296,832,133.22593688964844,68.7439956665039
train/PNEUMONIA/person1601_bacteria_4209.jpeg,train,1,PNEUMONIA,1256,840,95.20880126953125,51.49613571166992
train/PNEUMONIA/person1601_bacteria_4212.jpeg,train,1,PNEUMONIA,1400,880,109.39305114746094,64.05128479003906
train/PNEUMONIA/person1602_bacteria_4218.jpeg,train,1,PNEUMONIA,1568,992,118.44963836669922,65.42141723632812
train/PNEUMONIA/person1602_virus_2780.jpeg,train,1,PNEUMONIA,1216,880,148.70867919921875,53.54280471801758
train/PNEUMONIA/person1603_virus_2781.jpeg,train,1,PNEUMONIA,1616,1232,143.12863159179688,79.71704864501953
train/PNEUMONIA/person1604_virus_2782.jpeg,train,1,PNEUMONIA,1016,656,129.7900848388672,62.41530227661133
train/PNEUMONIA/person1605_bacteria_4226.jpeg,train,1,PNEUMONIA,1136,888,132.70193481445312,63.551124572753906
train/PNEUMONIA/person1607_bacteria_4232.jpeg,train,1,PNEUMONIA,1064,624,85.87146759033203,52.01344299316406
train/PNEUMONIA/person1607_virus_2785.jpeg,train,1,PNEUMONIA,1056,568,89.57019805908203,69.63817596435547
train/PNEUMONIA/person1609_bacteria_4236.jpeg,train,1,PNEUMONIA,1312,824,120.8863296508789,62.14682388305664
train/PNEUMONIA/person1609_bacteria_4237.jpeg,train,1,PNEUMONIA,1560,1160,99.95452117919922,66.76241302490234
train/PNEUMONIA/person1609_bacteria_4239.jpeg,train,1,PNEUMONIA,1480,1008,121.85404968261719,68.74774932861328
train/PNEUMONIA/person1609_virus_2790.jpeg,train,1,PNEUMONIA,1416,824,137.9925079345703,79.99978637695312
train/PNEUMONIA/person1609_virus_2791.jpeg,train,1,PNEUMONIA,1408,976,131.0513153076172,74.38716125488281
train/PNEUMONIA/person160_virus_316.jpeg,train,1,PNEUMONIA,1536,1120,138.0389404296875,68.16413879394531
train/PNEUMONIA/person1610_bacteria_4240.jpeg,train,1,PNEUMONIA,1112,736,112.554931640625,67.02102661132812
train/PNEUMONIA/person1611_bacteria_4241.jpeg,train,1,PNEUMONIA,1144,632,120.09236907958984,54.17836380004883
train/PNEUMONIA/person1613_bacteria_4247.jpeg,train,1,PNEUMONIA,1376,800,144.1444854736328,66.0027084350586
train/PNEUMONIA/person1614_bacteria_4248.jpeg,train,1,PNEUMONIA,1392,824,134.91204833984375,68.11599731445312
train/PNEUMONIA/person1615_bacteria_4249.jpeg,train,1,PNEUMONIA,1224,1072,125.23041534423828,59.51284408569336
train/PNEUMONIA/person1617_bacteria_4255.jpeg,train,1,PNEUMONIA,944,440,119.14993286132812,62.231990814208984
train/PNEUMONIA/person1617_bacteria_4256.jpeg,train,1,PNEUMONIA,864,528,98.65181732177734,50.536006927490234
train/PNEUMONIA/person1619_bacteria_4261.jpeg,train,1,PNEUMONIA,1400,1040,117.580810546875,59.719200134277344
train/PNEUMONIA/person1619_bacteria_4262.jpeg,train,1,PNEUMONIA,1424,904,100.19800567626953,51.608116149902344
train/PNEUMONIA/person1619_bacteria_4266.jpeg,train,1,PNEUMONIA,1352,968,103.67788696289062,60.266395568847656
train/PNEUMONIA/person1619_bacteria_4267.jpeg,train,1,PNEUMONIA,1512,1272,137.1886749267578,64.1403579711914
train/PNEUMONIA/person1619_bacteria_4269.jpeg,train,1,PNEUMONIA,1392,888,146.94192504882812,48.7911491394043
train/PNEUMONIA/person1619_bacteria_4270.jpeg,train,1,PNEUMONIA,1352,880,117.06512451171875,55.30565643310547
train/PNEUMONIA/person1619_bacteria_4271.jpeg,train,1,PNEUMONIA,1504,912,91.48424530029297,55.95906066894531
train/PNEUMONIA/person161_virus_317.jpeg,train,1,PNEUMONIA,1264,904,145.1533966064453,71.53685760498047
train/PNEUMONIA/person1620_bacteria_4272.jpeg,train,1,PNEUMONIA,1224,656,108.21028137207031,51.9448127746582
train/PNEUMONIA/person1625_bacteria_4290.jpeg,train,1,PNEUMONIA,1040,824,111.34715270996094,59.66902160644531
train/PNEUMONIA/person1626_bacteria_4291.jpeg,train,1,PNEUMONIA,896,648,124.2412338256836,70.98892974853516
train/PNEUMONIA/person1628_bacteria_4294.jpeg,train,1,PNEUMONIA,1328,1000,83.1722640991211,48.61016082763672
train/PNEUMONIA/person1628_bacteria_4296.jpeg,train,1,PNEUMONIA,1280,848,115.43353271484375,53.329322814941406
train/PNEUMONIA/person1628_bacteria_4297.jpeg,train,1,PNEUMONIA,1304,968,102.69368743896484,55.40557861328125
train/PNEUMONIA/person1629_bacteria_4299.jpeg,train,1,PNEUMONIA,1792,1216,132.8787841796875,52.2075309753418
train/PNEUMONIA/person162_virus_319.jpeg,train,1,PNEUMONIA,1576,1112,134.13595581054688,74.08808898925781
train/PNEUMONIA/person162_virus_321.jpeg,train,1,PNEUMONIA,1424,1224,131.92823791503906,60.369571685791016
train/PNEUMONIA/person162_virus_322.jpeg,train,1,PNEUMONIA,1424,1224,131.92823791503906,60.369571685791016
train/PNEUMONIA/person1630_bacteria_4303.jpeg,train,1,PNEUMONIA,1552,1096,130.08192443847656,51.635013580322266
train/PNEUMONIA/person1630_bacteria_4304.jpeg,train,1,PNEUMONIA,1792,1232,147.72314453125,54.516353607177734
train/PNEUMONIA/person1634_bacteria_4326.jpeg,train,1,PNEUMONIA,1648,1096,115.29837799072266,49.03676223754883
train/PNEUMONIA/person1634_bacteria_4334.jpeg,train,1,PNEUMONIA,1824,976,136.14930725097656,69.76699829101562
train/PNEUMONIA/person1635_bacteria_4335.jpeg,train,1,PNEUMONIA,1224,848,120.03915405273438,63.767616271972656
train/PNEUMONIA/person1636_bacteria_4337.jpeg,train,1,PNEUMONIA,1608,1024,115.65969848632812,57.502601623535156
train/PNEUMONIA/person1636_bacteria_4338.jpeg,train,1,PNEUMONIA,1624,864,122.16653442382812,59.83506774902344
train/PNEUMONIA/person1637_bacteria_4339.jpeg,train,1,PNEUMONIA,1936,1536,151.89781188964844,69.90967559814453
train/PNEUMONIA/person1638_bacteria_4340.jpeg,train,1,PNEUMONIA,1976,1496,139.00418090820312,56.9467658996582
train/PNEUMONIA/person1638_bacteria_4341.jpeg,train,1,PNEUMONIA,1736,1328,139.0517120361328,55.020931243896484
train/PNEUMONIA/person1638_bacteria_4342.jpeg,train,1,PNEUMONIA,1656,1088,125.18001556396484,51.39755630493164
train/PNEUMONIA/person1639_bacteria_4343.jpeg,train,1,PNEUMONIA,832,583,143.7613525390625,39.95467758178711
train/PNEUMONIA/person1639_bacteria_4344.jpeg,train,1,PNEUMONIA,1248,688,120.24327087402344,55.48142623901367
train/PNEUMONIA/person1639_bacteria_4345.jpeg,train,1,PNEUMONIA,781,476,156.2830047607422,45.22938537597656
train/PNEUMONIA/person1640_bacteria_4348.jpeg,train,1,PNEUMONIA,855,507,104.27069091796875,54.23228073120117
train/PNEUMONIA/person1641_bacteria_4350.jpeg,train,1,PNEUMONIA,1072,648,127.91648864746094,49.87836837768555
train/PNEUMONIA/person1642_bacteria_4352.jpeg,train,1,PNEUMONIA,724,286,120.85850524902344,50.30381393432617
train/PNEUMONIA/person1642_bacteria_4353.jpeg,train,1,PNEUMONIA,698,413,120.11270141601562,55.73482894897461
train/PNEUMONIA/person1644_bacteria_4356.jpeg,train,1,PNEUMONIA,741,421,126.67662811279297,45.0140266418457
train/PNEUMONIA/person1644_bacteria_4357.jpeg,train,1,PNEUMONIA,645,329,147.11485290527344,55.28156661987305
train/PNEUMONIA/person1644_bacteria_4358.jpeg,train,1,PNEUMONIA,1040,536,88.31802368164062,45.755680084228516
train/PNEUMONIA/person1644_bacteria_4360.jpeg,train,1,PNEUMONIA,718,401,136.65728759765625,44.51022720336914
train/PNEUMONIA/person1644_bacteria_4361.jpeg,train,1,PNEUMONIA,720,325,134.96044921875,51.597171783447266
train/PNEUMONIA/person1644_bacteria_4362.jpeg,train,1,PNEUMONIA,1048,680,115.74162292480469,60.94424819946289
train/PNEUMONIA/person1645_bacteria_4363.jpeg,train,1,PNEUMONIA,1152,664,110.99893951416016,62.783897399902344
train/PNEUMONIA/person1647_bacteria_4372.jpeg,train,1,PNEUMONIA,936,776,132.30181884765625,47.45124816894531
train/PNEUMONIA/person1648_bacteria_4373.jpeg,train,1,PNEUMONIA,1056,720,140.65924072265625,75.81426239013672
train/PNEUMONIA/person1648_bacteria_4375.jpeg,train,1,PNEUMONIA,1144,656,101.86621856689453,57.31843948364258
train/PNEUMONIA/person1648_bacteria_4376.jpeg,train,1,PNEUMONIA,1144,824,122.49352264404297,63.55675506591797
train/PNEUMONIA/person1649_bacteria_4377.jpeg,train,1,PNEUMONIA,1040,728,83.45288848876953,61.929649353027344
train/PNEUMONIA/person1649_bacteria_4378.jpeg,train,1,PNEUMONIA,1032,888,90.06141662597656,58.415340423583984
train/PNEUMONIA/person1649_bacteria_4379.jpeg,train,1,PNEUMONIA,1152,832,126.18636322021484,71.73097229003906
train/PNEUMONIA/person1651_bacteria_4381.jpeg,train,1,PNEUMONIA,1176,816,122.34810638427734,71.27656555175781
train/PNEUMONIA/person1657_bacteria_4398.jpeg,train,1,PNEUMONIA,1552,1120,83.13011169433594,53.43102264404297
train/PNEUMONIA/person1657_bacteria_4399.jpeg,train,1,PNEUMONIA,1456,1160,100.09667205810547,57.51499557495117
train/PNEUMONIA/person1657_bacteria_4400.jpeg,train,1,PNEUMONIA,1504,1200,168.8206329345703,64.1440658569336
train/PNEUMONIA/person1658_bacteria_4402.jpeg,train,1,PNEUMONIA,1680,1168,117.67387390136719,58.314208984375
train/PNEUMONIA/person1660_bacteria_4404.jpeg,train,1,PNEUMONIA,1032,552,133.0708770751953,68.47613525390625
train/PNEUMONIA/person1661_bacteria_4406.jpeg,train,1,PNEUMONIA,607,347,122.267822265625,48.82600784301758
train/PNEUMONIA/person1663_bacteria_4411.jpeg,train,1,PNEUMONIA,1416,864,124.22728729248047,56.966148376464844
train/PNEUMONIA/person1663_bacteria_4412.jpeg,train,1,PNEUMONIA,1272,952,122.31681060791016,60.47993469238281
train/PNEUMONIA/person1665_bacteria_4415.jpeg,train,1,PNEUMONIA,1160,784,121.0077896118164,64.05726623535156
train/PNEUMONIA/person1666_bacteria_4416.jpeg,train,1,PNEUMONIA,1824,1040,116.8819808959961,65.33253479003906
train/PNEUMONIA/person1667_bacteria_4417.jpeg,train,1,PNEUMONIA,1024,648,126.7022476196289,45.592159271240234
train/PNEUMONIA/person1667_bacteria_4418.jpeg,train,1,PNEUMONIA,1144,752,73.0488052368164,41.964359283447266
train/PNEUMONIA/person1668_bacteria_4420.jpeg,train,1,PNEUMONIA,571,310,137.18423461914062,45.664695739746094
train/PNEUMONIA/person1668_bacteria_4421.jpeg,train,1,PNEUMONIA,469,270,153.18873596191406,28.56016731262207
train/PNEUMONIA/person1669_bacteria_4422.jpeg,train,1,PNEUMONIA,482,163,114.39881134033203,49.43385314941406
train/PNEUMONIA/person1669_bacteria_4423.jpeg,train,1,PNEUMONIA,920,696,152.99742126464844,43.48564910888672
train/PNEUMONIA/person1669_bacteria_4424.jpeg,train,1,PNEUMONIA,1032,680,100.3350830078125,53.34230041503906
train/PNEUMONIA/person1670_bacteria_4425.jpeg,train,1,PNEUMONIA,1328,928,145.2862091064453,64.87178802490234
train/PNEUMONIA/person1670_bacteria_4426.jpeg,train,1,PNEUMONIA,444,262,142.29371643066406,49.828369140625
train/PNEUMONIA/person1670_bacteria_4427.jpeg,train,1,PNEUMONIA,1488,1088,128.27699279785156,66.61695861816406
train/PNEUMONIA/person1670_bacteria_4429.jpeg,train,1,PNEUMONIA,1288,976,142.38934326171875,53.252052307128906
train/PNEUMONIA/person1670_bacteria_4430.jpeg,train,1,PNEUMONIA,1464,1104,87.75421905517578,57.84969711303711
train/PNEUMONIA/person1670_bacteria_4431.jpeg,train,1,PNEUMONIA,1568,832,114.44340515136719,64.30210876464844
train/PNEUMONIA/person1671_bacteria_4432.jpeg,train,1,PNEUMONIA,1528,1024,138.2352294921875,64.86502075195312
train/PNEUMONIA/person1674_bacteria_4437.jpeg,train,1,PNEUMONIA,1160,936,79.26920318603516,57.626583099365234
train/PNEUMONIA/person1676_bacteria_4441.jpeg,train,1,PNEUMONIA,407,178,147.3663330078125,36.23202133178711
train/PNEUMONIA/person1677_bacteria_4444.jpeg,train,1,PNEUMONIA,500,198,142.1991424560547,56.770057678222656
train/PNEUMONIA/person1678_bacteria_4446.jpeg,train,1,PNEUMONIA,1144,928,138.13157653808594,64.00337219238281
train/PNEUMONIA/person1679_bacteria_4448.jpeg,train,1,PNEUMONIA,480,167,138.61996459960938,54.82625961303711
train/PNEUMONIA/person1679_bacteria_4449.jpeg,train,1,PNEUMONIA,438,168,127.93323516845703,42.53236389160156
train/PNEUMONIA/person1679_bacteria_4450.jpeg,train,1,PNEUMONIA,549,229,136.1986846923828,53.70935821533203
train/PNEUMONIA/person1679_bacteria_4452.jpeg,train,1,PNEUMONIA,1080,672,150.13893127441406,48.403114318847656
train/PNEUMONIA/person1679_bacteria_4453.jpeg,train,1,PNEUMONIA,1160,632,70.14644622802734,36.13077163696289
train/PNEUMONIA/person1680_bacteria_4455.jpeg,train,1,PNEUMONIA,984,544,111.43297576904297,61.437625885009766
train/PNEUMONIA/person1682_bacteria_4459.jpeg,train,1,PNEUMONIA,1120,744,107.02010345458984,65.23748016357422
train/PNEUMONIA/person1683_bacteria_4460.jpeg,train,1,PNEUMONIA,2072,1440,135.70994567871094,66.05657958984375
train/PNEUMONIA/person1684_bacteria_4461.jpeg,train,1,PNEUMONIA,499,188,144.26461791992188,37.48481750488281
train/PNEUMONIA/person1684_bacteria_4462.jpeg,train,1,PNEUMONIA,494,151,119.84415435791016,53.22266387939453
train/PNEUMONIA/person1684_bacteria_4463.jpeg,train,1,PNEUMONIA,984,568,121.84988403320312,54.09206771850586
train/PNEUMONIA/person1685_bacteria_4465.jpeg,train,1,PNEUMONIA,1248,744,157.4238739013672,51.235233306884766
train/PNEUMONIA/person1686_bacteria_4466.jpeg,train,1,PNEUMONIA,503,260,120.29830169677734,54.58805465698242
train/PNEUMONIA/person1687_bacteria_4468.jpeg,train,1,PNEUMONIA,1096,784,113.5262680053711,68.50604248046875
train/PNEUMONIA/person1689_bacteria_4473.jpeg,train,1,PNEUMONIA,567,258,127.76814270019531,42.51557159423828
train/PNEUMONIA/person1689_bacteria_4474.jpeg,train,1,PNEUMONIA,437,144,127.7828598022461,48.053001403808594
train/PNEUMONIA/person1690_bacteria_4475.jpeg,train,1,PNEUMONIA,1664,1472,161.4578399658203,43.5272331237793
train/PNEUMONIA/person1691_bacteria_4481.jpeg,train,1,PNEUMONIA,1320,1016,131.16416931152344,62.40179443359375
train/PNEUMONIA/person1693_bacteria_4485.jpeg,train,1,PNEUMONIA,399,164,133.52212524414062,42.71238327026367
train/PNEUMONIA/person1695_bacteria_4492.jpeg,train,1,PNEUMONIA,824,640,118.16728973388672,39.49184036254883
train/PNEUMONIA/person1696_bacteria_4495.jpeg,train,1,PNEUMONIA,1072,648,145.4807586669922,45.1617317199707
train/PNEUMONIA/person1697_bacteria_4496.jpeg,train,1,PNEUMONIA,1320,688,121.2252426147461,71.45526885986328
train/PNEUMONIA/person1698_bacteria_4497.jpeg,train,1,PNEUMONIA,1152,696,116.03956604003906,54.98881912231445
train/PNEUMONIA/person1699_bacteria_4498.jpeg,train,1,PNEUMONIA,1384,808,114.25642395019531,61.38703536987305
train/PNEUMONIA/person16_bacteria_53.jpeg,train,1,PNEUMONIA,1470,1033,115.10089874267578,66.12838745117188
train/PNEUMONIA/person16_bacteria_54.jpeg,train,1,PNEUMONIA,1460,924,124.35704803466797,56.171363830566406
train/PNEUMONIA/person1700_bacteria_4500.jpeg,train,1,PNEUMONIA,1168,864,98.33438873291016,58.858192443847656
train/PNEUMONIA/person1700_bacteria_4502.jpeg,train,1,PNEUMONIA,550,276,140.40774536132812,49.107574462890625
train/PNEUMONIA/person1701_bacteria_4504.jpeg,train,1,PNEUMONIA,1408,864,137.81324768066406,72.91778564453125
train/PNEUMONIA/person1702_bacteria_4508.jpeg,train,1,PNEUMONIA,1048,816,144.25416564941406,63.56735610961914
train/PNEUMONIA/person1702_bacteria_4509.jpeg,train,1,PNEUMONIA,1064,648,119.55999755859375,48.71424865722656
train/PNEUMONIA/person1702_bacteria_4510.jpeg,train,1,PNEUMONIA,968,656,122.02301025390625,44.722412109375
train/PNEUMONIA/person1702_bacteria_4511.jpeg,train,1,PNEUMONIA,1064,776,104.33133697509766,51.45206832885742
train/PNEUMONIA/person1705_bacteria_4515.jpeg,train,1,PNEUMONIA,446,232,143.5077362060547,53.60240173339844
train/PNEUMONIA/person1706_bacteria_4516.jpeg,train,1,PNEUMONIA,461,175,146.115966796875,48.59590148925781
train/PNEUMONIA/person1707_bacteria_4520.jpeg,train,1,PNEUMONIA,514,269,99.56159210205078,50.465538024902344
train/PNEUMONIA/person1708_bacteria_4521.jpeg,train,1,PNEUMONIA,1616,1328,137.42459106445312,70.1897964477539
train/PNEUMONIA/person1709_bacteria_4522.jpeg,train,1,PNEUMONIA,1288,848,114.7645492553711,50.775299072265625
train/PNEUMONIA/person1709_bacteria_4524.jpeg,train,1,PNEUMONIA,1168,1016,133.94085693359375,50.53984069824219
train/PNEUMONIA/person1710_bacteria_4525.jpeg,train,1,PNEUMONIA,968,584,107.55390167236328,48.652854919433594
train/PNEUMONIA/person1711_bacteria_4527.jpeg,train,1,PNEUMONIA,1168,784,90.51052856445312,55.35207748413086
train/PNEUMONIA/person1712_bacteria_4529.jpeg,train,1,PNEUMONIA,1328,1064,83.17052459716797,49.60928726196289
train/PNEUMONIA/person1713_bacteria_4530.jpeg,train,1,PNEUMONIA,1104,744,167.65707397460938,38.993072509765625
train/PNEUMONIA/person1715_bacteria_4532.jpeg,train,1,PNEUMONIA,1216,984,147.48724365234375,66.50514221191406
train/PNEUMONIA/person1716_bacteria_4533.jpeg,train,1,PNEUMONIA,564,194,122.46562194824219,63.40267562866211
train/PNEUMONIA/person1717_bacteria_4534.jpeg,train,1,PNEUMONIA,1184,816,155.28347778320312,46.24732971191406
train/PNEUMONIA/person1717_bacteria_4536.jpeg,train,1,PNEUMONIA,1352,680,116.26091003417969,60.38127136230469
train/PNEUMONIA/person1718_bacteria_4538.jpeg,train,1,PNEUMONIA,1664,1248,127.7283706665039,49.45143508911133
train/PNEUMONIA/person1718_bacteria_4540.jpeg,train,1,PNEUMONIA,1800,1256,152.40419006347656,48.24252700805664
train/PNEUMONIA/person1719_bacteria_4541.jpeg,train,1,PNEUMONIA,557,177,132.127197265625,58.88975524902344
train/PNEUMONIA/person1719_bacteria_4542.jpeg,train,1,PNEUMONIA,481,234,117.79663848876953,40.30630874633789
train/PNEUMONIA/person1719_bacteria_4544.jpeg,train,1,PNEUMONIA,462,200,154.51759338378906,27.907262802124023
train/PNEUMONIA/person1720_bacteria_4545.jpeg,train,1,PNEUMONIA,1152,648,113.98619079589844,68.57086181640625
train/PNEUMONIA/person1721_bacteria_4546.jpeg,train,1,PNEUMONIA,1160,816,118.37476348876953,46.18368911743164
train/PNEUMONIA/person1722_bacteria_4547.jpeg,train,1,PNEUMONIA,415,354,149.74771118164062,49.8001708984375
train/PNEUMONIA/person1723_bacteria_4548.jpeg,train,1,PNEUMONIA,457,295,140.4424285888672,34.24222946166992
train/PNEUMONIA/person1724_bacteria_4549.jpeg,train,1,PNEUMONIA,1160,736,84.54696655273438,49.14366912841797
train/PNEUMONIA/person1725_bacteria_4550.jpeg,train,1,PNEUMONIA,514,275,161.99021911621094,47.033180236816406
train/PNEUMONIA/person1725_bacteria_4551.jpeg,train,1,PNEUMONIA,450,250,108.41951751708984,46.111045837402344
train/PNEUMONIA/person1728_bacteria_4555.jpeg,train,1,PNEUMONIA,486,186,131.19094848632812,58.60356521606445
train/PNEUMONIA/person1728_bacteria_4556.jpeg,train,1,PNEUMONIA,455,178,142.78045654296875,44.9724006652832
train/PNEUMONIA/person1729_bacteria_4557.jpeg,train,1,PNEUMONIA,1168,728,130.83226013183594,56.150474548339844
train/PNEUMONIA/person1730_bacteria_4558.jpeg,train,1,PNEUMONIA,872,560,87.55672454833984,60.2464485168457
train/PNEUMONIA/person1730_bacteria_4559.jpeg,train,1,PNEUMONIA,808,552,95.59968566894531,58.50110626220703
train/PNEUMONIA/person1731_bacteria_4563.jpeg,train,1,PNEUMONIA,1184,704,108.89946746826172,51.79859924316406
train/PNEUMONIA/person1732_bacteria_4564.jpeg,train,1,PNEUMONIA,492,156,137.25531005859375,50.61297607421875
train/PNEUMONIA/person1733_bacteria_4566.jpeg,train,1,PNEUMONIA,912,456,132.22427368164062,61.20236587524414
train/PNEUMONIA/person1735_bacteria_4570.jpeg,train,1,PNEUMONIA,1656,1048,139.25990295410156,71.71458435058594
train/PNEUMONIA/person1737_bacteria_4573.jpeg,train,1,PNEUMONIA,2072,1768,135.14987182617188,57.77549743652344
train/PNEUMONIA/person1739_bacteria_4576.jpeg,train,1,PNEUMONIA,1016,672,121.32939147949219,44.046241760253906
train/PNEUMONIA/person1740_bacteria_4579.jpeg,train,1,PNEUMONIA,1720,1328,164.29583740234375,29.292158126831055
train/PNEUMONIA/person1744_bacteria_4583.jpeg,train,1,PNEUMONIA,1416,1208,109.87902069091797,61.2080192565918
train/PNEUMONIA/person1746_bacteria_4585.jpeg,train,1,PNEUMONIA,2072,1440,147.160400390625,49.82314682006836
train/PNEUMONIA/person1748_bacteria_4588.jpeg,train,1,PNEUMONIA,1904,1744,152.49586486816406,74.37674713134766
train/PNEUMONIA/person1749_bacteria_4590.jpeg,train,1,PNEUMONIA,493,289,167.17848205566406,37.22861099243164
train/PNEUMONIA/person1751_bacteria_4592.jpeg,train,1,PNEUMONIA,462,241,139.99600219726562,47.33760070800781
train/PNEUMONIA/person1753_bacteria_4594.jpeg,train,1,PNEUMONIA,1480,680,147.64720153808594,51.81420135498047
train/PNEUMONIA/person1756_bacteria_4598.jpeg,train,1,PNEUMONIA,1424,1128,116.15665435791016,59.79010009765625
train/PNEUMONIA/person1757_bacteria_4599.jpeg,train,1,PNEUMONIA,920,664,105.6512451171875,40.59947204589844
train/PNEUMONIA/person1760_bacteria_4602.jpeg,train,1,PNEUMONIA,952,632,119.45146942138672,60.44044876098633
train/PNEUMONIA/person1761_bacteria_4603.jpeg,train,1,PNEUMONIA,467,217,134.92910766601562,56.0517463684082
train/PNEUMONIA/person1763_bacteria_4606.jpeg,train,1,PNEUMONIA,483,178,112.59507751464844,51.61116027832031
train/PNEUMONIA/person1764_bacteria_4607.jpeg,train,1,PNEUMONIA,1120,632,83.51565551757812,67.57746124267578
train/PNEUMONIA/person1765_bacteria_4608.jpeg,train,1,PNEUMONIA,1256,856,168.71499633789062,49.55907440185547
train/PNEUMONIA/person1770_bacteria_4613.jpeg,train,1,PNEUMONIA,984,608,148.8049774169922,57.40055465698242
train/PNEUMONIA/person1770_bacteria_4614.jpeg,train,1,PNEUMONIA,485,229,121.3390121459961,57.14246368408203
train/PNEUMONIA/person1771_bacteria_4615.jpeg,train,1,PNEUMONIA,1760,1352,138.0618896484375,56.7382698059082
train/PNEUMONIA/person1777_bacteria_4622.jpeg,train,1,PNEUMONIA,952,584,77.99799346923828,48.41246795654297
train/PNEUMONIA/person1779_bacteria_4626.jpeg,train,1,PNEUMONIA,984,544,138.92623901367188,57.628631591796875
train/PNEUMONIA/person1784_bacteria_4631.jpeg,train,1,PNEUMONIA,888,632,93.27062225341797,54.05134582519531
train/PNEUMONIA/person1787_bacteria_4634.jpeg,train,1,PNEUMONIA,984,520,130.89385986328125,68.04818725585938
train/PNEUMONIA/person1796_bacteria_4644.jpeg,train,1,PNEUMONIA,1080,712,109.70399475097656,57.07725143432617
train/PNEUMONIA/person1799_bacteria_4647.jpeg,train,1,PNEUMONIA,1192,520,106.8414077758789,50.80987548828125
train/PNEUMONIA/person17_bacteria_56.jpeg,train,1,PNEUMONIA,1256,932,118.0594482421875,64.26952362060547
train/PNEUMONIA/person1803_bacteria_4651.jpeg,train,1,PNEUMONIA,1056,672,161.60482788085938,52.332252502441406
train/PNEUMONIA/person1803_bacteria_4652.jpeg,train,1,PNEUMONIA,976,672,134.28915405273438,59.29724884033203
train/PNEUMONIA/person1810_bacteria_4664.jpeg,train,1,PNEUMONIA,944,672,141.4689483642578,36.82381820678711
train/PNEUMONIA/person1812_bacteria_4667.jpeg,train,1,PNEUMONIA,976,560,141.96702575683594,42.281944274902344
train/PNEUMONIA/person1814_bacteria_4669.jpeg,train,1,PNEUMONIA,912,576,138.38809204101562,52.7103271484375
train/PNEUMONIA/person1816_bacteria_4674.jpeg,train,1,PNEUMONIA,1240,728,88.95362091064453,52.568702697753906
train/PNEUMONIA/person1817_bacteria_4675.jpeg,train,1,PNEUMONIA,1184,792,127.86084747314453,65.26456451416016
train/PNEUMONIA/person1818_bacteria_4676.jpeg,train,1,PNEUMONIA,1320,768,88.59400177001953,45.039527893066406
train/PNEUMONIA/person1819_bacteria_4677.jpeg,train,1,PNEUMONIA,1576,848,130.6976776123047,66.459716796875
train/PNEUMONIA/person1823_bacteria_4682.jpeg,train,1,PNEUMONIA,1080,784,134.75982666015625,48.77849578857422
train/PNEUMONIA/person1830_bacteria_4693.jpeg,train,1,PNEUMONIA,1584,1104,113.57403564453125,70.1248550415039
train/PNEUMONIA/person1835_bacteria_4699.jpeg,train,1,PNEUMONIA,1064,672,121.81471252441406,59.54798889160156
train/PNEUMONIA/person1838_bacteria_4703.jpeg,train,1,PNEUMONIA,1328,888,133.2428436279297,54.91843795776367
train/PNEUMONIA/person1839_bacteria_4705.jpeg,train,1,PNEUMONIA,1056,736,121.14955139160156,59.404579162597656
train/PNEUMONIA/person1841_bacteria_4708.jpeg,train,1,PNEUMONIA,1216,1040,142.5258331298828,58.63511276245117
train/PNEUMONIA/person1843_bacteria_4710.jpeg,train,1,PNEUMONIA,888,784,98.88449096679688,50.93299865722656
train/PNEUMONIA/person1847_bacteria_4716.jpeg,train,1,PNEUMONIA,1344,824,126.05140686035156,68.15127563476562
train/PNEUMONIA/person1848_bacteria_4719.jpeg,train,1,PNEUMONIA,1312,792,132.44236755371094,70.16297149658203
train/PNEUMONIA/person1851_bacteria_4722.jpeg,train,1,PNEUMONIA,1080,776,129.24147033691406,57.07265853881836
train/PNEUMONIA/person1852_bacteria_4724.jpeg,train,1,PNEUMONIA,1712,1224,107.9284896850586,53.730621337890625
train/PNEUMONIA/person1858_bacteria_4730.jpeg,train,1,PNEUMONIA,1416,800,119.72826385498047,75.80291748046875
train/PNEUMONIA/person1859_bacteria_4731.jpeg,train,1,PNEUMONIA,1520,952,128.9991455078125,62.52155685424805
train/PNEUMONIA/person1860_bacteria_4732.jpeg,train,1,PNEUMONIA,1112,640,168.43357849121094,46.14120101928711
train/PNEUMONIA/person1863_bacteria_4735.jpeg,train,1,PNEUMONIA,1072,720,126.76274108886719,56.84773635864258
train/PNEUMONIA/person1864_bacteria_4736.jpeg,train,1,PNEUMONIA,984,552,107.60787200927734,48.183311462402344
train/PNEUMONIA/person1865_bacteria_4737.jpeg,train,1,PNEUMONIA,1688,1488,167.3038787841797,77.95689392089844
train/PNEUMONIA/person1865_bacteria_4739.jpeg,train,1,PNEUMONIA,1824,1384,107.6971435546875,65.84101104736328
train/PNEUMONIA/person1866_bacteria_4740.jpeg,train,1,PNEUMONIA,1864,1648,122.0457992553711,49.630550384521484
train/PNEUMONIA/person1867_bacteria_4741.jpeg,train,1,PNEUMONIA,1592,1352,141.93849182128906,61.126258850097656
train/PNEUMONIA/person1868_bacteria_4743.jpeg,train,1,PNEUMONIA,912,456,110.49655151367188,64.96376037597656
train/PNEUMONIA/person1876_bacteria_4760.jpeg,train,1,PNEUMONIA,1216,720,113.83384704589844,68.92979431152344
train/PNEUMONIA/person1877_bacteria_4761.jpeg,train,1,PNEUMONIA,1544,1096,137.29644775390625,53.23419952392578
train/PNEUMONIA/person1879_bacteria_4764.jpeg,train,1,PNEUMONIA,1312,848,99.55264282226562,56.27490234375
train/PNEUMONIA/person1880_bacteria_4765.jpeg,train,1,PNEUMONIA,1136,768,127.6151351928711,67.55760955810547
train/PNEUMONIA/person1883_bacteria_4769.jpeg,train,1,PNEUMONIA,1904,1560,133.80264282226562,52.57472229003906
train/PNEUMONIA/person1884_bacteria_4771.jpeg,train,1,PNEUMONIA,1040,648,143.9512939453125,50.48872375488281
train/PNEUMONIA/person1885_bacteria_4772.jpeg,train,1,PNEUMONIA,1152,832,135.48062133789062,71.12474822998047
train/PNEUMONIA/person1886_bacteria_4773.jpeg,train,1,PNEUMONIA,1368,944,100.7140884399414,52.22146224975586
train/PNEUMONIA/person1888_bacteria_4775.jpeg,train,1,PNEUMONIA,1568,1272,140.82833862304688,57.051700592041016
train/PNEUMONIA/person1893_bacteria_4781.jpeg,train,1,PNEUMONIA,1008,568,110.92877197265625,60.76698684692383
train/PNEUMONIA/person1897_bacteria_4789.jpeg,train,1,PNEUMONIA,1192,728,135.26959228515625,50.736236572265625
train/PNEUMONIA/person1901_bacteria_4795.jpeg,train,1,PNEUMONIA,896,568,145.0311279296875,50.827693939208984
train/PNEUMONIA/person1903_bacteria_4797.jpeg,train,1,PNEUMONIA,1640,936,113.3028564453125,69.07769775390625
train/PNEUMONIA/person1904_bacteria_4798.jpeg,train,1,PNEUMONIA,1024,560,125.0826416015625,58.233726501464844
train/PNEUMONIA/person1905_bacteria_4801.jpeg,train,1,PNEUMONIA,1512,1192,99.92305755615234,58.109378814697266
train/PNEUMONIA/person1906_bacteria_4803.jpeg,train,1,PNEUMONIA,1256,680,140.04132080078125,63.28514099121094
train/PNEUMONIA/person1907_bacteria_4806.jpeg,train,1,PNEUMONIA,984,656,99.86289978027344,51.56891632080078
train/PNEUMONIA/person1908_bacteria_4811.jpeg,train,1,PNEUMONIA,1352,880,113.62733459472656,41.799034118652344
train/PNEUMONIA/person1910_bacteria_4814.jpeg,train,1,PNEUMONIA,952,520,122.72223663330078,65.11089324951172
train/PNEUMONIA/person1911_bacteria_4815.jpeg,train,1,PNEUMONIA,1272,664,125.74821472167969,64.65625762939453
train/PNEUMONIA/person1912_bacteria_4816.jpeg,train,1,PNEUMONIA,1520,920,101.73353576660156,50.92325973510742
train/PNEUMONIA/person1912_bacteria_4817.jpeg,train,1,PNEUMONIA,1720,992,89.26876831054688,50.45428466796875
train/PNEUMONIA/person1916_bacteria_4821.jpeg,train,1,PNEUMONIA,1480,872,129.37704467773438,48.36328887939453
train/PNEUMONIA/person1917_bacteria_4823.jpeg,train,1,PNEUMONIA,1360,856,175.33140563964844,53.43108367919922
train/PNEUMONIA/person1918_bacteria_4825.jpeg,train,1,PNEUMONIA,1384,1024,130.626953125,58.33645248413086
train/PNEUMONIA/person1922_bacteria_4830.jpeg,train,1,PNEUMONIA,1160,800,78.74989318847656,48.420475006103516
train/PNEUMONIA/person1923_bacteria_4831.jpeg,train,1,PNEUMONIA,1464,944,114.7647933959961,52.074424743652344
train/PNEUMONIA/person1924_bacteria_4833.jpeg,train,1,PNEUMONIA,1136,680,130.20350646972656,54.22449493408203
train/PNEUMONIA/person1927_bacteria_4836.jpeg,train,1,PNEUMONIA,1416,912,155.42210388183594,40.164947509765625
train/PNEUMONIA/person1927_bacteria_4837.jpeg,train,1,PNEUMONIA,1288,792,132.6299285888672,31.888641357421875
train/PNEUMONIA/person1929_bacteria_4839.jpeg,train,1,PNEUMONIA,976,672,107.5553970336914,55.950679779052734
train/PNEUMONIA/person1930_bacteria_4841.jpeg,train,1,PNEUMONIA,1072,720,105.8797607421875,49.71430969238281
train/PNEUMONIA/person1931_bacteria_4842.jpeg,train,1,PNEUMONIA,1544,848,102.04045104980469,66.74085998535156
train/PNEUMONIA/person1932_bacteria_4843.jpeg,train,1,PNEUMONIA,1368,888,100.90241241455078,73.8230209350586
train/PNEUMONIA/person1933_bacteria_4844.jpeg,train,1,PNEUMONIA,1728,1224,104.53395080566406,56.030548095703125
train/PNEUMONIA/person1934_bacteria_4846.jpeg,train,1,PNEUMONIA,1552,1200,103.74327087402344,61.443809509277344
train/PNEUMONIA/person1935_bacteria_4847.jpeg,train,1,PNEUMONIA,1464,1216,108.36455535888672,57.804935455322266
train/PNEUMONIA/person1935_bacteria_4848.jpeg,train,1,PNEUMONIA,1736,1136,110.9905776977539,62.8477897644043
train/PNEUMONIA/person1935_bacteria_4850.jpeg,train,1,PNEUMONIA,1648,1280,118.18534851074219,76.71886444091797
train/PNEUMONIA/person1936_bacteria_4852.jpeg,train,1,PNEUMONIA,1064,552,114.75732421875,53.92173385620117
train/PNEUMONIA/person1937_bacteria_4853.jpeg,train,1,PNEUMONIA,1160,904,121.77539825439453,70.86782836914062
train/PNEUMONIA/person1938_bacteria_4854.jpeg,train,1,PNEUMONIA,1392,912,105.5284652709961,53.35823059082031
train/PNEUMONIA/person1940_bacteria_4859.jpeg,train,1,PNEUMONIA,1328,936,107.94795227050781,45.3271484375
train/PNEUMONIA/person1940_bacteria_4861.jpeg,train,1,PNEUMONIA,1560,1056,123.6353759765625,60.29368209838867
train/PNEUMONIA/person1940_bacteria_4862.jpeg,train,1,PNEUMONIA,1416,984,132.46315002441406,51.195377349853516
train/PNEUMONIA/person1941_bacteria_4863.jpeg,train,1,PNEUMONIA,1360,816,120.84624481201172,58.49607467651367
train/PNEUMONIA/person1942_bacteria_4865.jpeg,train,1,PNEUMONIA,1192,928,146.8514404296875,56.58853530883789
train/PNEUMONIA/person1943_bacteria_4868.jpeg,train,1,PNEUMONIA,1008,512,111.93328857421875,64.35504913330078
train/PNEUMONIA/person1944_bacteria_4869.jpeg,train,1,PNEUMONIA,1352,824,107.31402587890625,86.27601623535156
train/PNEUMONIA/person1945_bacteria_4872.jpeg,train,1,PNEUMONIA,1336,840,134.86976623535156,67.43270874023438
train/PNEUMONIA/person19_bacteria_58.jpeg,train,1,PNEUMONIA,840,456,122.3896713256836,47.847198486328125
train/PNEUMONIA/person19_bacteria_59.jpeg,train,1,PNEUMONIA,1024,736,118.76001739501953,49.86232376098633
train/PNEUMONIA/person19_bacteria_60.jpeg,train,1,PNEUMONIA,856,632,142.809814453125,46.36589813232422
train/PNEUMONIA/person19_bacteria_61.jpeg,train,1,PNEUMONIA,832,504,134.66456604003906,48.58583068847656
train/PNEUMONIA/person19_bacteria_62.jpeg,train,1,PNEUMONIA,952,560,158.5120086669922,47.17641830444336
train/PNEUMONIA/person1_bacteria_1.jpeg,train,1,PNEUMONIA,712,439,142.3623809814453,48.36286163330078
train/PNEUMONIA/person1_bacteria_2.jpeg,train,1,PNEUMONIA,1240,840,138.4513397216797,49.777496337890625
train/PNEUMONIA/person20_bacteria_64.jpeg,train,1,PNEUMONIA,824,656,144.3822784423828,50.705989837646484
train/PNEUMONIA/person20_bacteria_66.jpeg,train,1,PNEUMONIA,1048,736,132.6400909423828,56.18531036376953
train/PNEUMONIA/person20_bacteria_67.jpeg,train,1,PNEUMONIA,1032,528,100.13561248779297,54.92170333862305
train/PNEUMONIA/person20_bacteria_70.jpeg,train,1,PNEUMONIA,880,464,106.1996078491211,50.082252502441406
train/PNEUMONIA/person21_bacteria_72.jpeg,train,1,PNEUMONIA,1848,1632,140.0830841064453,56.740013122558594
train/PNEUMONIA/person21_bacteria_73.jpeg,train,1,PNEUMONIA,1882,1608,124.97850036621094,59.24242401123047
train/PNEUMONIA/person22_bacteria_74.jpeg,train,1,PNEUMONIA,1232,968,106.18415832519531,48.629547119140625
train/PNEUMONIA/person22_bacteria_76.jpeg,train,1,PNEUMONIA,1128,1040,127.43860626220703,55.274147033691406
train/PNEUMONIA/person22_bacteria_77.jpeg,train,1,PNEUMONIA,1168,1072,124.92511749267578,52.78096008300781
train/PNEUMONIA/person23_bacteria_100.jpeg,train,1,PNEUMONIA,984,648,114.6199951171875,44.7713623046875
train/PNEUMONIA/person23_bacteria_101.jpeg,train,1,PNEUMONIA,1120,880,139.68263244628906,57.449195861816406
train/PNEUMONIA/person23_bacteria_103.jpeg,train,1,PNEUMONIA,1152,784,147.59487915039062,58.988609313964844
train/PNEUMONIA/person23_bacteria_104.jpeg,train,1,PNEUMONIA,1256,728,127.84571075439453,55.3388557434082
train/PNEUMONIA/person23_bacteria_105.jpeg,train,1,PNEUMONIA,1136,792,136.39752197265625,58.57590866088867
train/PNEUMONIA/person23_bacteria_106.jpeg,train,1,PNEUMONIA,1000,656,126.9983139038086,43.70303726196289
train/PNEUMONIA/person23_bacteria_107.jpeg,train,1,PNEUMONIA,1224,720,100.74227142333984,48.85762023925781
train/PNEUMONIA/person23_bacteria_78.jpeg,train,1,PNEUMONIA,1120,640,115.24472045898438,53.10795974731445
train/PNEUMONIA/person23_bacteria_79.jpeg,train,1,PNEUMONIA,1200,680,109.0003433227539,50.6291389465332
train/PNEUMONIA/person23_bacteria_80.jpeg,train,1,PNEUMONIA,1264,1072,123.43262481689453,58.971805572509766
train/PNEUMONIA/person23_bacteria_81.jpeg,train,1,PNEUMONIA,1056,656,144.633056640625,44.707984924316406
train/PNEUMONIA/person23_bacteria_82.jpeg,train,1,PNEUMONIA,1272,896,116.68914794921875,62.08199691772461
train/PNEUMONIA/person23_bacteria_83.jpeg,train,1,PNEUMONIA,1016,824,150.1683349609375,47.06096267700195
train/PNEUMONIA/person23_bacteria_84.jpeg,train,1,PNEUMONIA,1136,824,118.14608001708984,53.04892349243164
train/PNEUMONIA/person23_bacteria_85.jpeg,train,1,PNEUMONIA,1024,656,146.2468719482422,45.02019500732422
train/PNEUMONIA/person23_bacteria_86.jpeg,train,1,PNEUMONIA,1144,856,99.49166870117188,50.95274353027344
train/PNEUMONIA/person23_bacteria_87.jpeg,train,1,PNEUMONIA,1272,736,129.57327270507812,52.87028884887695
train/PNEUMONIA/person23_bacteria_88.jpeg,train,1,PNEUMONIA,986,634,113.94868469238281,44.14076232910156
train/PNEUMONIA/person23_bacteria_89.jpeg,train,1,PNEUMONIA,944,632,154.90943908691406,45.23331832885742
train/PNEUMONIA/person23_bacteria_90.jpeg,train,1,PNEUMONIA,1160,736,128.76979064941406,59.86671829223633
train/PNEUMONIA/person23_bacteria_91.jpeg,train,1,PNEUMONIA,1008,640,140.83740234375,45.7424201965332
train/PNEUMONIA/person23_bacteria_92.jpeg,train,1,PNEUMONIA,1080,712,139.57984924316406,59.8214111328125
train/PNEUMONIA/person23_bacteria_93.jpeg,train,1,PNEUMONIA,1064,632,116.70223999023438,58.79685592651367
train/PNEUMONIA/person23_bacteria_94.jpeg,train,1,PNEUMONIA,1208,728,123.371826171875,58.858158111572266
train/PNEUMONIA/person23_bacteria_95.jpeg,train,1,PNEUMONIA,1104,704,122.4888687133789,53.655860900878906
train/PNEUMONIA/person23_bacteria_96.jpeg,train,1,PNEUMONIA,1072,848,142.0900421142578,51.26854705810547
train/PNEUMONIA/person23_bacteria_97.jpeg,train,1,PNEUMONIA,1064,760,133.57887268066406,49.626914978027344
train/PNEUMONIA/person23_bacteria_98.jpeg,train,1,PNEUMONIA,1152,736,131.11109924316406,59.84161376953125
train/PNEUMONIA/person23_bacteria_99.jpeg,train,1,PNEUMONIA,1152,816,113.23495483398438,56.40193176269531
train/PNEUMONIA/person24_bacteria_108.jpeg,train,1,PNEUMONIA,1184,792,142.69728088378906,50.54981231689453
train/PNEUMONIA/person24_bacteria_109.jpeg,train,1,PNEUMONIA,1304,872,131.052490234375,55.340309143066406
train/PNEUMONIA/person24_bacteria_110.jpeg,train,1,PNEUMONIA,1056,680,116.98519134521484,46.014854431152344
train/PNEUMONIA/person24_bacteria_111.jpeg,train,1,PNEUMONIA,1048,856,131.58944702148438,47.001895904541016
train/PNEUMONIA/person24_bacteria_112.jpeg,train,1,PNEUMONIA,1510,1002,113.13496398925781,67.98978424072266
train/PNEUMONIA/person253_bacteria_1152.jpeg,train,1,PNEUMONIA,920,544,94.62383270263672,39.406158447265625
train/PNEUMONIA/person253_bacteria_1153.jpeg,train,1,PNEUMONIA,968,576,123.1838607788086,50.745758056640625
train/PNEUMONIA/person253_bacteria_1154.jpeg,train,1,PNEUMONIA,936,552,111.9991226196289,50.54682159423828
train/PNEUMONIA/person253_bacteria_1155.jpeg,train,1,PNEUMONIA,1032,592,106.89614868164062,49.12947463989258
train/PNEUMONIA/person253_bacteria_1156.jpeg,train,1,PNEUMONIA,856,544,130.6769256591797,43.20662307739258
train/PNEUMONIA/person253_bacteria_1157.jpeg,train,1,PNEUMONIA,1106,674,112.8203353881836,59.2074089050293
train/PNEUMONIA/person255_bacteria_1160.jpeg,train,1,PNEUMONIA,888,552,108.51417541503906,36.147098541259766
train/PNEUMONIA/person255_bacteria_1162.jpeg,train,1,PNEUMONIA,920,544,99.5842514038086,41.35478973388672
train/PNEUMONIA/person255_bacteria_1175.jpeg,train,1,PNEUMONIA,1088,616,80.16752624511719,33.30835723876953
train/PNEUMONIA/person255_bacteria_1182.jpeg,train,1,PNEUMONIA,1056,632,104.69458770751953,41.81982421875
train/PNEUMONIA/person255_bacteria_1188.jpeg,train,1,PNEUMONIA,1256,792,115.01351928710938,58.09736251831055
train/PNEUMONIA/person255_virus_531.jpeg,train,1,PNEUMONIA,960,712,83.84077453613281,61.48417663574219
train/PNEUMONIA/person256_bacteria_1189.jpeg,train,1,PNEUMONIA,1122,798,134.70550537109375,56.98173522949219
train/PNEUMONIA/person256_virus_537.jpeg,train,1,PNEUMONIA,1544,1288,132.8747100830078,61.37250900268555
train/PNEUMONIA/person257_bacteria_1191.jpeg,train,1,PNEUMONIA,992,592,116.18175506591797,51.174476623535156
train/PNEUMONIA/person257_bacteria_1194.jpeg,train,1,PNEUMONIA,1008,720,126.5390396118164,53.13707733154297
train/PNEUMONIA/person257_bacteria_1195.jpeg,train,1,PNEUMONIA,1016,768,120.50359344482422,51.34422302246094
train/PNEUMONIA/person257_bacteria_1196.jpeg,train,1,PNEUMONIA,928,656,78.3614501953125,31.331417083740234
train/PNEUMONIA/person257_bacteria_1197.jpeg,train,1,PNEUMONIA,1000,704,115.98209381103516,51.28525161743164
train/PNEUMONIA/person257_bacteria_1200.jpeg,train,1,PNEUMONIA,928,608,79.28643798828125,36.36009979248047
train/PNEUMONIA/person257_virus_538.jpeg,train,1,PNEUMONIA,1360,952,140.3764190673828,49.810829162597656
train/PNEUMONIA/person258_bacteria_1205.jpeg,train,1,PNEUMONIA,1200,1008,143.31629943847656,57.8758430480957
train/PNEUMONIA/person258_bacteria_1206.jpeg,train,1,PNEUMONIA,1072,928,128.94517517089844,50.967220306396484
train/PNEUMONIA/person258_bacteria_1207.jpeg,train,1,PNEUMONIA,1056,856,113.53643035888672,50.14013671875
train/PNEUMONIA/person258_bacteria_1209.jpeg,train,1,PNEUMONIA,1056,856,113.53643035888672,50.14013671875
train/PNEUMONIA/person258_bacteria_1210.jpeg,train,1,PNEUMONIA,1056,776,114.78584289550781,50.89158630371094
train/PNEUMONIA/person258_bacteria_1214.jpeg,train,1,PNEUMONIA,1088,840,126.64934539794922,56.48249816894531
train/PNEUMONIA/person258_bacteria_1215.jpeg,train,1,PNEUMONIA,1072,800,112.49075317382812,50.86555480957031
train/PNEUMONIA/person258_bacteria_1216.jpeg,train,1,PNEUMONIA,1202,882,117.6024169921875,59.612911224365234
train/PNEUMONIA/person258_virus_539.jpeg,train,1,PNEUMONIA,904,664,127.78699493408203,63.66486358642578
train/PNEUMONIA/person259_virus_540.jpeg,train,1,PNEUMONIA,1272,752,134.09234619140625,66.16173553466797
train/PNEUMONIA/person25_bacteria_114.jpeg,train,1,PNEUMONIA,1040,664,130.38931274414062,52.68461227416992
train/PNEUMONIA/person25_bacteria_115.jpeg,train,1,PNEUMONIA,1112,856,137.67420959472656,54.294227600097656
train/PNEUMONIA/person25_bacteria_117.jpeg,train,1,PNEUMONIA,1184,832,83.03201293945312,49.901878356933594
train/PNEUMONIA/person25_bacteria_118.jpeg,train,1,PNEUMONIA,1136,856,122.38578033447266,59.066898345947266
train/PNEUMONIA/person25_bacteria_119.jpeg,train,1,PNEUMONIA,928,608,141.9988555908203,45.96376037597656
train/PNEUMONIA/person25_bacteria_120.jpeg,train,1,PNEUMONIA,1152,760,125.89051055908203,57.49565505981445
train/PNEUMONIA/person25_bacteria_121.jpeg,train,1,PNEUMONIA,1210,948,119.72549438476562,57.413429260253906
train/PNEUMONIA/person260_bacteria_1222.jpeg,train,1,PNEUMONIA,1048,872,109.76091766357422,55.427223205566406
train/PNEUMONIA/person260_bacteria_1223.jpeg,train,1,PNEUMONIA,1056,808,133.7474822998047,59.61513900756836
train/PNEUMONIA/person260_bacteria_1224.jpeg,train,1,PNEUMONIA,1072,760,99.00273132324219,41.55537414550781
train/PNEUMONIA/person260_virus_541.jpeg,train,1,PNEUMONIA,1024,552,116.61714172363281,58.88029098510742
train/PNEUMONIA/person261_bacteria_1225.jpeg,train,1,PNEUMONIA,1102,585,105.05204010009766,53.45076370239258
train/PNEUMONIA/person261_virus_543.jpeg,train,1,PNEUMONIA,1192,568,131.0043487548828,65.3391342163086
train/PNEUMONIA/person262_bacteria_1226.jpeg,train,1,PNEUMONIA,1218,840,104.20182037353516,64.05418395996094
train/PNEUMONIA/person262_virus_544.jpeg,train,1,PNEUMONIA,1416,1288,129.32760620117188,37.37250900268555
train/PNEUMONIA/person262_virus_545.jpeg,train,1,PNEUMONIA,1712,1256,120.5378646850586,54.24785614013672
train/PNEUMONIA/person263_bacteria_1227.jpeg,train,1,PNEUMONIA,1364,998,97.93070983886719,60.631500244140625
train/PNEUMONIA/person263_virus_546.jpeg,train,1,PNEUMONIA,1168,768,139.75616455078125,64.01242065429688
train/PNEUMONIA/person264_bacteria_1228.jpeg,train,1,PNEUMONIA,1088,760,126.04558563232422,52.1021728515625
train/PNEUMONIA/person264_bacteria_1229.jpeg,train,1,PNEUMONIA,1088,712,118.68157958984375,49.08980941772461
train/PNEUMONIA/person264_bacteria_1230.jpeg,train,1,PNEUMONIA,1248,688,149.31402587890625,55.599395751953125
train/PNEUMONIA/person264_bacteria_1231.jpeg,train,1,PNEUMONIA,1248,688,149.31402587890625,55.599395751953125
train/PNEUMONIA/person264_bacteria_1233.jpeg,train,1,PNEUMONIA,1064,696,97.1815185546875,43.74262619018555
train/PNEUMONIA/person264_bacteria_1234.jpeg,train,1,PNEUMONIA,1214,1069,110.69058227539062,53.76708984375
train/PNEUMONIA/person264_virus_547.jpeg,train,1,PNEUMONIA,1216,728,112.43706512451172,63.42264938354492
train/PNEUMONIA/person265_bacteria_1235.jpeg,train,1,PNEUMONIA,1128,728,107.44104766845703,41.94694519042969
train/PNEUMONIA/person265_bacteria_1236.jpeg,train,1,PNEUMONIA,1272,825,119.07076263427734,55.54458999633789
train/PNEUMONIA/person265_virus_548.jpeg,train,1,PNEUMONIA,1232,864,129.4314727783203,59.28927993774414
train/PNEUMONIA/person266_bacteria_1237.jpeg,train,1,PNEUMONIA,952,688,129.62046813964844,48.669071197509766
train/PNEUMONIA/person266_bacteria_1238.jpeg,train,1,PNEUMONIA,952,688,129.62046813964844,48.669071197509766
train/PNEUMONIA/person266_bacteria_1239.jpeg,train,1,PNEUMONIA,992,664,129.3317413330078,50.37784957885742
train/PNEUMONIA/person266_bacteria_1240.jpeg,train,1,PNEUMONIA,984,560,126.51771545410156,49.00740432739258
train/PNEUMONIA/person266_bacteria_1241.jpeg,train,1,PNEUMONIA,1072,720,82.21107482910156,39.38908004760742
train/PNEUMONIA/person266_bacteria_1242.jpeg,train,1,PNEUMONIA,1008,728,122.75067901611328,50.54978561401367
train/PNEUMONIA/person266_bacteria_1245.jpeg,train,1,PNEUMONIA,1080,680,144.92515563964844,51.43992233276367
train/PNEUMONIA/person266_bacteria_1247.jpeg,train,1,PNEUMONIA,1024,600,123.07534790039062,53.69598388671875
train/PNEUMONIA/person266_bacteria_1248.jpeg,train,1,PNEUMONIA,1008,600,133.40245056152344,50.5482292175293
train/PNEUMONIA/person266_bacteria_1249.jpeg,train,1,PNEUMONIA,992,616,109.38497161865234,48.74789047241211
train/PNEUMONIA/person266_virus_549.jpeg,train,1,PNEUMONIA,1632,800,127.74425506591797,74.98287200927734
train/PNEUMONIA/person267_bacteria_1250.jpeg,train,1,PNEUMONIA,1280,1016,119.6723403930664,58.6971321105957
train/PNEUMONIA/person267_bacteria_1251.jpeg,train,1,PNEUMONIA,1032,696,122.07117462158203,46.469032287597656
train/PNEUMONIA/person267_bacteria_1252.jpeg,train,1,PNEUMONIA,1300,890,141.85568237304688,55.452674865722656
train/PNEUMONIA/person267_bacteria_1253.jpeg,train,1,PNEUMONIA,1260,971,123.45610046386719,50.19586944580078
train/PNEUMONIA/person267_virus_552.jpeg,train,1,PNEUMONIA,1400,768,128.75758361816406,75.08108520507812
train/PNEUMONIA/person268_virus_553.jpeg,train,1,PNEUMONIA,1176,736,129.61611938476562,59.211605072021484
train/PNEUMONIA/person269_virus_554.jpeg,train,1,PNEUMONIA,1472,1176,147.91152954101562,58.335487365722656
train/PNEUMONIA/person26_bacteria_123.jpeg,train,1,PNEUMONIA,920,680,118.53689575195312,52.319435119628906
train/PNEUMONIA/person26_bacteria_124.jpeg,train,1,PNEUMONIA,1136,872,123.15400695800781,59.29821014404297
train/PNEUMONIA/person26_bacteria_126.jpeg,train,1,PNEUMONIA,1024,704,120.0224609375,57.088172912597656
train/PNEUMONIA/person26_bacteria_127.jpeg,train,1,PNEUMONIA,880,584,131.11233520507812,48.7297477722168
train/PNEUMONIA/person26_bacteria_129.jpeg,train,1,PNEUMONIA,952,624,148.59445190429688,66.0030288696289
train/PNEUMONIA/person26_bacteria_130.jpeg,train,1,PNEUMONIA,968,512,92.64157104492188,46.933467864990234
train/PNEUMONIA/person26_bacteria_133.jpeg,train,1,PNEUMONIA,1068,620,105.13550567626953,57.890743255615234
train/PNEUMONIA/person270_virus_555.jpeg,train,1,PNEUMONIA,1624,1264,138.3169403076172,70.9536361694336
train/PNEUMONIA/person271_virus_556.jpeg,train,1,PNEUMONIA,1064,712,116.82373809814453,62.891456604003906
train/PNEUMONIA/person273_virus_561.jpeg,train,1,PNEUMONIA,1272,994,115.94538116455078,60.02736282348633
train/PNEUMONIA/person273_virus_562.jpeg,train,1,PNEUMONIA,1458,951,91.9583740234375,61.84099197387695
train/PNEUMONIA/person274_bacteria_1288.jpeg,train,1,PNEUMONIA,1280,1088,110.85482788085938,49.86042022705078
train/PNEUMONIA/person274_bacteria_1289.jpeg,train,1,PNEUMONIA,1344,1072,133.6667938232422,52.12962341308594
train/PNEUMONIA/person274_bacteria_1290.jpeg,train,1,PNEUMONIA,1686,1133,96.26228332519531,53.67518615722656
train/PNEUMONIA/person274_virus_563.jpeg,train,1,PNEUMONIA,468,242,130.63612365722656,36.483699798583984
train/PNEUMONIA/person275_bacteria_1291.jpeg,train,1,PNEUMONIA,1396,1099,96.61260986328125,57.0735969543457
train/PNEUMONIA/person275_bacteria_1293.jpeg,train,1,PNEUMONIA,1136,920,111.28192901611328,52.52865982055664
train/PNEUMONIA/person275_bacteria_1294.jpeg,train,1,PNEUMONIA,1292,1076,127.59121704101562,61.312808990478516
train/PNEUMONIA/person275_virus_565.jpeg,train,1,PNEUMONIA,1748,1377,118.45040893554688,58.35448455810547
train/PNEUMONIA/person276_bacteria_1295.jpeg,train,1,PNEUMONIA,848,600,107.84463500976562,51.536258697509766
train/PNEUMONIA/person276_bacteria_1296.jpeg,train,1,PNEUMONIA,944,584,95.56602478027344,44.80032730102539
train/PNEUMONIA/person276_bacteria_1297.jpeg,train,1,PNEUMONIA,824,512,124.80472564697266,52.020904541015625
train/PNEUMONIA/person276_bacteria_1298.jpeg,train,1,PNEUMONIA,872,536,96.49496459960938,44.82204818725586
train/PNEUMONIA/person276_bacteria_1299.jpeg,train,1,PNEUMONIA,1064,712,113.99693298339844,68.60357666015625
train/PNEUMONIA/person276_virus_569.jpeg,train,1,PNEUMONIA,546,219,71.14403533935547,31.872760772705078
train/PNEUMONIA/person277_bacteria_1300.jpeg,train,1,PNEUMONIA,968,472,116.43778228759766,47.50680923461914
train/PNEUMONIA/person277_bacteria_1301.jpeg,train,1,PNEUMONIA,1000,496,116.83554077148438,43.18964385986328
train/PNEUMONIA/person277_bacteria_1302.jpeg,train,1,PNEUMONIA,1008,576,111.15252685546875,52.321067810058594
train/PNEUMONIA/person277_bacteria_1304.jpeg,train,1,PNEUMONIA,896,576,132.82077026367188,45.03639221191406
train/PNEUMONIA/person277_bacteria_1305.jpeg,train,1,PNEUMONIA,1224,688,104.44953155517578,56.19246292114258
train/PNEUMONIA/person277_bacteria_1306.jpeg,train,1,PNEUMONIA,896,528,126.24534606933594,49.19855880737305
train/PNEUMONIA/person277_bacteria_1307.jpeg,train,1,PNEUMONIA,1024,624,83.66606903076172,39.11417007446289
train/PNEUMONIA/person277_virus_571.jpeg,train,1,PNEUMONIA,2080,1731,130.46731567382812,49.141300201416016
train/PNEUMONIA/person278_bacteria_1309.jpeg,train,1,PNEUMONIA,1298,812,106.0055923461914,58.84614944458008
train/PNEUMONIA/person278_bacteria_1311.jpeg,train,1,PNEUMONIA,1040,712,117.75289154052734,54.592567443847656
train/PNEUMONIA/person278_bacteria_1314.jpeg,train,1,PNEUMONIA,1172,778,134.4923553466797,60.259830474853516
train/PNEUMONIA/person278_virus_572.jpeg,train,1,PNEUMONIA,1448,1040,75.30113983154297,50.31777572631836
train/PNEUMONIA/person278_virus_573.jpeg,train,1,PNEUMONIA,1296,1072,137.43258666992188,54.862457275390625
train/PNEUMONIA/person278_virus_574.jpeg,train,1,PNEUMONIA,1208,1104,79.11511993408203,40.69209671020508
train/PNEUMONIA/person279_bacteria_1315.jpeg,train,1,PNEUMONIA,2772,2098,92.57282257080078,43.470008850097656
train/PNEUMONIA/person279_bacteria_1316.jpeg,train,1,PNEUMONIA,2637,1905,156.344482421875,67.0643081665039
train/PNEUMONIA/person279_virus_576.jpeg,train,1,PNEUMONIA,1848,1500,118.516845703125,62.18733215332031
train/PNEUMONIA/person27_bacteria_135.jpeg,train,1,PNEUMONIA,1088,656,91.30314636230469,49.68175506591797
train/PNEUMONIA/person27_bacteria_136.jpeg,train,1,PNEUMONIA,1088,560,88.47930145263672,43.773380279541016
train/PNEUMONIA/person27_bacteria_137.jpeg,train,1,PNEUMONIA,840,544,145.0426025390625,51.47003173828125
train/PNEUMONIA/person27_bacteria_138.jpeg,train,1,PNEUMONIA,1020,647,123.45072174072266,52.68221664428711
train/PNEUMONIA/person280_bacteria_1320.jpeg,train,1,PNEUMONIA,1048,856,152.48814392089844,56.199913024902344
train/PNEUMONIA/person280_bacteria_1321.jpeg,train,1,PNEUMONIA,1040,696,121.70339965820312,51.58465576171875
train/PNEUMONIA/person280_bacteria_1322.jpeg,train,1,PNEUMONIA,1330,936,110.04421997070312,67.46615600585938
train/PNEUMONIA/person280_virus_577.jpeg,train,1,PNEUMONIA,1708,1400,118.61515045166016,53.59896469116211
train/PNEUMONIA/person281_bacteria_1323.jpeg,train,1,PNEUMONIA,1072,770,117.05535888671875,55.68537902832031
train/PNEUMONIA/person281_bacteria_1325.jpeg,train,1,PNEUMONIA,920,632,116.8960952758789,49.00483322143555
train/PNEUMONIA/person281_bacteria_1326.jpeg,train,1,PNEUMONIA,936,616,117.88615417480469,48.89511489868164
train/PNEUMONIA/person281_bacteria_1327.jpeg,train,1,PNEUMONIA,904,648,110.65293884277344,47.95722579956055
train/PNEUMONIA/person281_bacteria_1328.jpeg,train,1,PNEUMONIA,920,720,138.01817321777344,51.62578201293945
train/PNEUMONIA/person281_bacteria_1330.jpeg,train,1,PNEUMONIA,1008,632,109.08262634277344,53.5085563659668
train/PNEUMONIA/person281_bacteria_1331.jpeg,train,1,PNEUMONIA,1000,680,82.39557647705078,42.785953521728516
train/PNEUMONIA/person281_bacteria_1332.jpeg,train,1,PNEUMONIA,992,616,124.77486419677734,52.51921844482422
train/PNEUMONIA/person281_bacteria_1333.jpeg,train,1,PNEUMONIA,1016,728,133.6090545654297,64.39959716796875
train/PNEUMONIA/person281_virus_578.jpeg,train,1,PNEUMONIA,500,250,122.08134460449219,41.69134521484375
train/PNEUMONIA/person282_virus_579.jpeg,train,1,PNEUMONIA,428,256,164.84439086914062,32.288150787353516
train/PNEUMONIA/person284_virus_582.jpeg,train,1,PNEUMONIA,1290,809,128.83026123046875,60.71247863769531
train/PNEUMONIA/person286_virus_585.jpeg,train,1,PNEUMONIA,1338,1079,127.92062377929688,59.291748046875
train/PNEUMONIA/person287_bacteria_1354.jpeg,train,1,PNEUMONIA,1120,616,137.60476684570312,47.23359298706055
train/PNEUMONIA/person287_bacteria_1355.jpeg,train,1,PNEUMONIA,1234,782,120.37960815429688,54.539798736572266
train/PNEUMONIA/person287_virus_586.jpeg,train,1,PNEUMONIA,1646,1156,105.06417083740234,51.67434310913086
train/PNEUMONIA/person288_virus_587.jpeg,train,1,PNEUMONIA,904,560,158.56491088867188,55.40753173828125
train/PNEUMONIA/person289_virus_593.jpeg,train,1,PNEUMONIA,1304,789,100.60155487060547,54.03207015991211
train/PNEUMONIA/person28_bacteria_139.jpeg,train,1,PNEUMONIA,976,648,95.8545150756836,50.99235153198242
train/PNEUMONIA/person28_bacteria_141.jpeg,train,1,PNEUMONIA,848,544,136.715087890625,45.09090042114258
train/PNEUMONIA/person28_bacteria_142.jpeg,train,1,PNEUMONIA,1024,576,114.61174774169922,54.209590911865234
train/PNEUMONIA/person28_bacteria_143.jpeg,train,1,PNEUMONIA,1176,662,119.228759765625,62.20322036743164
train/PNEUMONIA/person290_bacteria_1372.jpeg,train,1,PNEUMONIA,1008,512,137.96835327148438,46.116275787353516
train/PNEUMONIA/person290_virus_594.jpeg,train,1,PNEUMONIA,1768,1712,82.08415985107422,44.07770919799805
train/PNEUMONIA/person291_bacteria_1374.jpeg,train,1,PNEUMONIA,1200,960,132.83291625976562,49.08292770385742
train/PNEUMONIA/person291_bacteria_1376.jpeg,train,1,PNEUMONIA,1264,936,108.5866928100586,58.24828338623047
train/PNEUMONIA/person291_bacteria_1377.jpeg,train,1,PNEUMONIA,1546,1064,114.10535430908203,68.52210998535156
train/PNEUMONIA/person291_virus_596.jpeg,train,1,PNEUMONIA,525,282,130.08721923828125,46.69819641113281
train/PNEUMONIA/person292_bacteria_1378.jpeg,train,1,PNEUMONIA,1176,616,110.50291442871094,54.25787353515625
train/PNEUMONIA/person292_virus_597.jpeg,train,1,PNEUMONIA,1512,1216,77.16446685791016,41.8644905090332
train/PNEUMONIA/person292_virus_598.jpeg,train,1,PNEUMONIA,1456,1232,131.62782287597656,53.33068084716797
train/PNEUMONIA/person292_virus_600.jpeg,train,1,PNEUMONIA,1440,1104,152.68692016601562,43.33053207397461
train/PNEUMONIA/person292_virus_602.jpeg,train,1,PNEUMONIA,1504,1336,88.17434692382812,50.026763916015625
train/PNEUMONIA/person293_bacteria_1379.jpeg,train,1,PNEUMONIA,1770,1306,119.16719055175781,55.56380844116211
train/PNEUMONIA/person293_virus_604.jpeg,train,1,PNEUMONIA,570,305,91.76604461669922,37.5887451171875
train/PNEUMONIA/person293_virus_605.jpeg,train,1,PNEUMONIA,1216,744,76.77235412597656,31.546228408813477
train/PNEUMONIA/person294_bacteria_1380.jpeg,train,1,PNEUMONIA,1000,680,121.79784393310547,53.02121353149414
train/PNEUMONIA/person294_bacteria_1381.jpeg,train,1,PNEUMONIA,1336,768,94.42723083496094,52.882205963134766
train/PNEUMONIA/person294_bacteria_1382.jpeg,train,1,PNEUMONIA,984,696,106.21440887451172,50.848114013671875
train/PNEUMONIA/person294_bacteria_1383.jpeg,train,1,PNEUMONIA,1224,816,119.2923583984375,57.545616149902344
train/PNEUMONIA/person294_bacteria_1384.jpeg,train,1,PNEUMONIA,1024,688,143.07188415527344,52.78988265991211
train/PNEUMONIA/person294_bacteria_1385.jpeg,train,1,PNEUMONIA,992,664,115.98680877685547,50.332210540771484
train/PNEUMONIA/person294_bacteria_1386.jpeg,train,1,PNEUMONIA,1306,821,97.47525787353516,59.39472579956055
train/PNEUMONIA/person294_virus_606.jpeg,train,1,PNEUMONIA,1024,751,137.61378479003906,73.65364074707031
train/PNEUMONIA/person294_virus_610.jpeg,train,1,PNEUMONIA,920,600,83.46939086914062,41.05582809448242
train/PNEUMONIA/person294_virus_611.jpeg,train,1,PNEUMONIA,952,576,107.12406921386719,50.49479675292969
train/PNEUMONIA/person295_bacteria_1389.jpeg,train,1,PNEUMONIA,1168,696,113.45052337646484,47.71944046020508
train/PNEUMONIA/person295_bacteria_1390.jpeg,train,1,PNEUMONIA,1354,759,115.15001678466797,57.64103317260742
train/PNEUMONIA/person295_virus_612.jpeg,train,1,PNEUMONIA,1546,1230,113.38324737548828,59.151344299316406
train/PNEUMONIA/person296_bacteria_1392.jpeg,train,1,PNEUMONIA,1256,840,111.48242950439453,55.972530364990234
train/PNEUMONIA/person296_bacteria_1393.jpeg,train,1,PNEUMONIA,1272,792,115.42436218261719,55.458805084228516
train/PNEUMONIA/person296_bacteria_1394.jpeg,train,1,PNEUMONIA,1088,704,111.14364624023438,50.2144660949707
train/PNEUMONIA/person296_bacteria_1395.jpeg,train,1,PNEUMONIA,1200,840,83.77102661132812,48.03666687011719
train/PNEUMONIA/person296_bacteria_1396.jpeg,train,1,PNEUMONIA,1112,648,141.9044952392578,57.05464172363281
train/PNEUMONIA/person296_bacteria_1397.jpeg,train,1,PNEUMONIA,1160,872,109.66337585449219,56.104408264160156
train/PNEUMONIA/person296_virus_613.jpeg,train,1,PNEUMONIA,456,280,146.96995544433594,36.94805145263672
train/PNEUMONIA/person297_bacteria_1404.jpeg,train,1,PNEUMONIA,736,432,102.9482650756836,54.250396728515625
train/PNEUMONIA/person297_virus_614.jpeg,train,1,PNEUMONIA,1990,1419,98.4111099243164,51.39509582519531
train/PNEUMONIA/person298_bacteria_1408.jpeg,train,1,PNEUMONIA,1216,856,85.28408813476562,41.354705810546875
train/PNEUMONIA/person298_bacteria_1410.jpeg,train,1,PNEUMONIA,1184,856,122.87409210205078,46.6108512878418
train/PNEUMONIA/person298_bacteria_1412.jpeg,train,1,PNEUMONIA,1192,736,153.7333526611328,52.573204040527344
train/PNEUMONIA/person298_bacteria_1413.jpeg,train,1,PNEUMONIA,1144,774,119.86276245117188,44.848236083984375
train/PNEUMONIA/person298_virus_617.jpeg,train,1,PNEUMONIA,1472,1280,148.64108276367188,54.36448669433594
train/PNEUMONIA/person298_virus_618.jpeg,train,1,PNEUMONIA,1368,992,126.91151428222656,47.315269470214844
train/PNEUMONIA/person299_bacteria_1414.jpeg,train,1,PNEUMONIA,872,512,128.01136779785156,50.77419662475586
train/PNEUMONIA/person299_bacteria_1417.jpeg,train,1,PNEUMONIA,920,568,112.59516143798828,47.870506286621094
train/PNEUMONIA/person299_bacteria_1418.jpeg,train,1,PNEUMONIA,864,584,113.64866638183594,50.135555267333984
train/PNEUMONIA/person299_bacteria_1419.jpeg,train,1,PNEUMONIA,1028,581,114.26290893554688,64.70909881591797
train/PNEUMONIA/person299_virus_620.jpeg,train,1,PNEUMONIA,1412,1044,120.21900939941406,57.08156967163086
train/PNEUMONIA/person29_bacteria_144.jpeg,train,1,PNEUMONIA,1064,592,127.37422943115234,52.25908279418945
train/PNEUMONIA/person2_bacteria_3.jpeg,train,1,PNEUMONIA,1448,1056,98.76084899902344,48.22682571411133
train/PNEUMONIA/person2_bacteria_4.jpeg,train,1,PNEUMONIA,1328,1160,112.773681640625,46.6764030456543
train/PNEUMONIA/person300_bacteria_1421.jpeg,train,1,PNEUMONIA,1248,832,129.75546264648438,44.671592712402344
train/PNEUMONIA/person300_bacteria_1422.jpeg,train,1,PNEUMONIA,1528,1152,89.75694274902344,51.56497573852539
train/PNEUMONIA/person300_bacteria_1423.jpeg,train,1,PNEUMONIA,1554,1072,118.4145736694336,65.47986602783203
train/PNEUMONIA/person300_virus_621.jpeg,train,1,PNEUMONIA,2076,1576,112.1295394897461,78.27788543701172
train/PNEUMONIA/person301_bacteria_1424.jpeg,train,1,PNEUMONIA,864,576,79.32022857666016,32.22457504272461
train/PNEUMONIA/person301_bacteria_1427.jpeg,train,1,PNEUMONIA,968,688,129.21731567382812,58.83856964111328
train/PNEUMONIA/person301_bacteria_1428.jpeg,train,1,PNEUMONIA,968,648,113.72134399414062,53.155128479003906
train/PNEUMONIA/person301_bacteria_1429.jpeg,train,1,PNEUMONIA,1052,651,116.95842742919922,57.41438293457031
train/PNEUMONIA/person302_bacteria_1430.jpeg,train,1,PNEUMONIA,1022,735,132.0876007080078,55.09115982055664
train/PNEUMONIA/person303_virus_624.jpeg,train,1,PNEUMONIA,2022,1619,131.23309326171875,64.58369445800781
train/PNEUMONIA/person304_virus_625.jpeg,train,1,PNEUMONIA,1048,768,133.76991271972656,60.43098068237305
train/PNEUMONIA/person305_bacteria_1435.jpeg,train,1,PNEUMONIA,1024,480,97.58656311035156,56.08193588256836
train/PNEUMONIA/person305_bacteria_1436.jpeg,train,1,PNEUMONIA,920,536,121.31188201904297,51.547889709472656
train/PNEUMONIA/person305_bacteria_1437.jpeg,train,1,PNEUMONIA,1008,624,109.47119140625,55.599056243896484
train/PNEUMONIA/person305_virus_627.jpeg,train,1,PNEUMONIA,1176,720,116.71143341064453,63.77499008178711
train/PNEUMONIA/person306_bacteria_1439.jpeg,train,1,PNEUMONIA,1226,882,105.70624542236328,61.63361358642578
train/PNEUMONIA/person306_bacteria_1440.jpeg,train,1,PNEUMONIA,1280,851,110.98285675048828,67.9084243774414
train/PNEUMONIA/person306_virus_628.jpeg,train,1,PNEUMONIA,445,187,136.4998321533203,44.33375930786133
train/PNEUMONIA/person307_bacteria_1441.jpeg,train,1,PNEUMONIA,992,560,119.83728790283203,46.77597427368164
train/PNEUMONIA/person307_virus_629.jpeg,train,1,PNEUMONIA,1112,632,136.30307006835938,72.6251220703125
train/PNEUMONIA/person308_bacteria_1445.jpeg,train,1,PNEUMONIA,1280,771,124.83517456054688,58.01165771484375
train/PNEUMONIA/person308_virus_630.jpeg,train,1,PNEUMONIA,1504,968,125.72021484375,76.56372833251953
train/PNEUMONIA/person309_bacteria_1447.jpeg,train,1,PNEUMONIA,1080,664,89.1193618774414,42.12805938720703
train/PNEUMONIA/person309_bacteria_1449.jpeg,train,1,PNEUMONIA,1276,767,94.65033721923828,59.74259567260742
train/PNEUMONIA/person309_virus_631.jpeg,train,1,PNEUMONIA,494,196,134.4210968017578,49.9340705871582
train/PNEUMONIA/person30_bacteria_145.jpeg,train,1,PNEUMONIA,936,680,134.32875061035156,50.51383972167969
train/PNEUMONIA/person30_bacteria_146.jpeg,train,1,PNEUMONIA,1032,736,131.06094360351562,56.958011627197266
train/PNEUMONIA/person30_bacteria_147.jpeg,train,1,PNEUMONIA,1032,656,112.78227996826172,56.827701568603516
train/PNEUMONIA/person30_bacteria_148.jpeg,train,1,PNEUMONIA,880,600,149.94850158691406,47.64712905883789
train/PNEUMONIA/person30_bacteria_149.jpeg,train,1,PNEUMONIA,816,568,121.76825714111328,41.859832763671875
train/PNEUMONIA/person30_bacteria_150.jpeg,train,1,PNEUMONIA,944,624,89.47329711914062,40.91718673706055
train/PNEUMONIA/person30_bacteria_151.jpeg,train,1,PNEUMONIA,952,616,127.96794891357422,53.61729049682617
train/PNEUMONIA/person30_bacteria_152.jpeg,train,1,PNEUMONIA,1032,688,78.4380874633789,41.09888458251953
train/PNEUMONIA/person30_bacteria_153.jpeg,train,1,PNEUMONIA,992,592,122.8565673828125,51.12753677368164
train/PNEUMONIA/person30_bacteria_154.jpeg,train,1,PNEUMONIA,840,672,143.02005004882812,44.811676025390625
train/PNEUMONIA/person30_bacteria_155.jpeg,train,1,PNEUMONIA,1128,640,90.93119049072266,46.26683807373047
train/PNEUMONIA/person30_bacteria_156.jpeg,train,1,PNEUMONIA,1096,656,60.68940353393555,30.907072067260742
train/PNEUMONIA/person30_bacteria_157.jpeg,train,1,PNEUMONIA,1096,656,60.68940353393555,30.907072067260742
train/PNEUMONIA/person30_bacteria_158.jpeg,train,1,PNEUMONIA,1242,867,109.06781768798828,60.31837463378906
train/PNEUMONIA/person310_bacteria_1450.jpeg,train,1,PNEUMONIA,1264,896,105.2069091796875,48.5208740234375
train/PNEUMONIA/person310_virus_633.jpeg,train,1,PNEUMONIA,1648,1120,130.5739288330078,46.22665023803711
train/PNEUMONIA/person311_bacteria_1453.jpeg,train,1,PNEUMONIA,1496,1179,126.8716049194336,59.11238479614258
train/PNEUMONIA/person311_virus_634.jpeg,train,1,PNEUMONIA,1352,960,127.16242980957031,76.64555358886719
train/PNEUMONIA/person312_bacteria_1454.jpeg,train,1,PNEUMONIA,1416,1184,125.8563003540039,51.79679870605469
train/PNEUMONIA/person312_bacteria_1455.jpeg,train,1,PNEUMONIA,1536,1256,133.16586303710938,57.0948371887207
train/PNEUMONIA/person312_bacteria_1456.jpeg,train,1,PNEUMONIA,1608,1237,126.29603576660156,54.853485107421875
train/PNEUMONIA/person312_virus_635.jpeg,train,1,PNEUMONIA,1416,1008,130.567626953125,65.23909759521484
train/PNEUMONIA/person313_bacteria_1457.jpeg,train,1,PNEUMONIA,952,696,75.16923522949219,34.99896240234375
train/PNEUMONIA/person313_bacteria_1458.jpeg,train,1,PNEUMONIA,1040,640,122.17328643798828,50.4790153503418
train/PNEUMONIA/person313_bacteria_1459.jpeg,train,1,PNEUMONIA,992,520,130.09259033203125,57.98639678955078
train/PNEUMONIA/person313_bacteria_1460.jpeg,train,1,PNEUMONIA,1110,755,101.28468322753906,58.010772705078125
train/PNEUMONIA/person313_virus_637.jpeg,train,1,PNEUMONIA,992,640,121.20957946777344,60.906612396240234
train/PNEUMONIA/person314_bacteria_1462.jpeg,train,1,PNEUMONIA,1310,1102,82.3642349243164,56.27490234375
train/PNEUMONIA/person314_virus_639.jpeg,train,1,PNEUMONIA,1480,1136,141.42822265625,58.6114616394043
train/PNEUMONIA/person315_bacteria_1464.jpeg,train,1,PNEUMONIA,920,632,118.59054565429688,50.369178771972656
train/PNEUMONIA/person315_bacteria_1465.jpeg,train,1,PNEUMONIA,960,656,122.91087341308594,50.014068603515625
train/PNEUMONIA/person315_bacteria_1466.jpeg,train,1,PNEUMONIA,896,568,117.83413696289062,44.85972213745117
train/PNEUMONIA/person315_bacteria_1467.jpeg,train,1,PNEUMONIA,816,504,140.55882263183594,44.69191360473633
train/PNEUMONIA/person315_bacteria_1468.jpeg,train,1,PNEUMONIA,1110,658,122.49104309082031,63.756683349609375
train/PNEUMONIA/person316_bacteria_1469.jpeg,train,1,PNEUMONIA,1368,1032,157.21856689453125,38.486209869384766
train/PNEUMONIA/person316_bacteria_1470.jpeg,train,1,PNEUMONIA,1536,1320,100.41795349121094,56.4859504699707
train/PNEUMONIA/person316_virus_641.jpeg,train,1,PNEUMONIA,496,240,125.28179931640625,45.137786865234375
train/PNEUMONIA/person317_bacteria_1471.jpeg,train,1,PNEUMONIA,1320,904,111.72333526611328,49.50423049926758
train/PNEUMONIA/person317_bacteria_1473.jpeg,train,1,PNEUMONIA,1504,1253,141.6693878173828,55.019554138183594
train/PNEUMONIA/person318_bacteria_1474.jpeg,train,1,PNEUMONIA,1518,1149,112.6879653930664,56.85420227050781
train/PNEUMONIA/person318_virus_644.jpeg,train,1,PNEUMONIA,2008,1448,136.5637969970703,70.35868072509766
train/PNEUMONIA/person319_bacteria_1475.jpeg,train,1,PNEUMONIA,1080,736,100.08761596679688,47.435726165771484
train/PNEUMONIA/person319_bacteria_1479.jpeg,train,1,PNEUMONIA,928,624,129.80906677246094,45.15757751464844
train/PNEUMONIA/person319_bacteria_1480.jpeg,train,1,PNEUMONIA,1106,712,114.3976821899414,54.584716796875
train/PNEUMONIA/person31_bacteria_160.jpeg,train,1,PNEUMONIA,840,544,119.86603546142578,47.411468505859375
train/PNEUMONIA/person31_bacteria_161.jpeg,train,1,PNEUMONIA,976,544,106.82310485839844,55.49713134765625
train/PNEUMONIA/person31_bacteria_163.jpeg,train,1,PNEUMONIA,960,632,97.19422149658203,49.64353561401367
train/PNEUMONIA/person31_bacteria_164.jpeg,train,1,PNEUMONIA,952,581,120.42400360107422,60.493263244628906
train/PNEUMONIA/person320_virus_647.jpeg,train,1,PNEUMONIA,462,238,142.39662170410156,44.405731201171875
train/PNEUMONIA/person321_bacteria_1483.jpeg,train,1,PNEUMONIA,1152,648,103.07283782958984,44.37849044799805
train/PNEUMONIA/person321_bacteria_1485.jpeg,train,1,PNEUMONIA,1240,800,121.03321838378906,54.5809326171875
train/PNEUMONIA/person321_bacteria_1487.jpeg,train,1,PNEUMONIA,1144,808,112.828125,54.62623596191406
train/PNEUMONIA/person321_bacteria_1489.jpeg,train,1,PNEUMONIA,1186,866,115.34794616699219,49.51258850097656
train/PNEUMONIA/person322_bacteria_1494.jpeg,train,1,PNEUMONIA,1566,1130,144.3473358154297,72.0135726928711
train/PNEUMONIA/person322_virus_655.jpeg,train,1,PNEUMONIA,1184,856,129.0741729736328,58.275203704833984
train/PNEUMONIA/person323_virus_656.jpeg,train,1,PNEUMONIA,1808,1456,146.22900390625,73.07659912109375
train/PNEUMONIA/person324_virus_658.jpeg,train,1,PNEUMONIA,1168,776,131.33331298828125,61.44717788696289
train/PNEUMONIA/person325_bacteria_1497.jpeg,train,1,PNEUMONIA,1176,784,106.09464263916016,54.35681915283203
train/PNEUMONIA/person325_bacteria_1500.jpeg,train,1,PNEUMONIA,1168,848,79.78997802734375,47.22128677368164
train/PNEUMONIA/person325_bacteria_1501.jpeg,train,1,PNEUMONIA,1248,712,97.37384796142578,57.55923080444336
train/PNEUMONIA/person325_bacteria_1502.jpeg,train,1,PNEUMONIA,1348,779,118.9160385131836,67.49420928955078
train/PNEUMONIA/person325_virus_659.jpeg,train,1,PNEUMONIA,445,140,155.0907440185547,45.5420036315918
train/PNEUMONIA/person325_virus_660.jpeg,train,1,PNEUMONIA,400,138,144.40431213378906,47.696014404296875
train/PNEUMONIA/person325_virus_665.jpeg,train,1,PNEUMONIA,529,207,118.61056518554688,56.24931716918945
train/PNEUMONIA/person326_bacteria_1503.jpeg,train,1,PNEUMONIA,1336,1064,132.4613800048828,61.099037170410156
train/PNEUMONIA/person326_bacteria_1504.jpeg,train,1,PNEUMONIA,1272,1040,76.99872589111328,39.50996780395508
train/PNEUMONIA/person326_bacteria_1505.jpeg,train,1,PNEUMONIA,1384,912,148.307861328125,55.29337692260742
train/PNEUMONIA/person326_bacteria_1506.jpeg,train,1,PNEUMONIA,1336,1024,152.73919677734375,51.10677719116211
train/PNEUMONIA/person326_bacteria_1507.jpeg,train,1,PNEUMONIA,1272,912,85.4657974243164,49.277530670166016
train/PNEUMONIA/person326_virus_666.jpeg,train,1,PNEUMONIA,1408,904,123.97965240478516,52.32892990112305
train/PNEUMONIA/person326_virus_668.jpeg,train,1,PNEUMONIA,1568,896,136.6374053955078,53.16025161743164
train/PNEUMONIA/person326_virus_670.jpeg,train,1,PNEUMONIA,500,244,122.6417465209961,55.26545333862305
train/PNEUMONIA/person326_virus_672.jpeg,train,1,PNEUMONIA,1488,1168,126.35540771484375,60.74330139160156
train/PNEUMONIA/person326_virus_673.jpeg,train,1,PNEUMONIA,1560,952,131.83157348632812,51.713172912597656
train/PNEUMONIA/person326_virus_675.jpeg,train,1,PNEUMONIA,1672,1064,124.25337982177734,64.66937255859375
train/PNEUMONIA/person326_virus_677.jpeg,train,1,PNEUMONIA,1472,816,154.1700897216797,50.45050811767578
train/PNEUMONIA/person327_bacteria_1508.jpeg,train,1,PNEUMONIA,1304,936,146.58837890625,46.76991653442383
train/PNEUMONIA/person327_bacteria_1509.jpeg,train,1,PNEUMONIA,1592,1056,124.20616149902344,63.13765335083008
train/PNEUMONIA/person327_virus_679.jpeg,train,1,PNEUMONIA,1176,736,144.9148712158203,70.4593276977539
train/PNEUMONIA/person328_bacteria_1511.jpeg,train,1,PNEUMONIA,1208,944,128.2086944580078,52.985721588134766
train/PNEUMONIA/person328_bacteria_1514.jpeg,train,1,PNEUMONIA,1200,944,121.61767578125,57.487545013427734
train/PNEUMONIA/person328_virus_681.jpeg,train,1,PNEUMONIA,1472,976,130.3173828125,62.955650329589844
train/PNEUMONIA/person329_virus_682.jpeg,train,1,PNEUMONIA,880,440,93.0049819946289,59.795936584472656
train/PNEUMONIA/person32_bacteria_165.jpeg,train,1,PNEUMONIA,1648,1592,164.41065979003906,45.36830139160156
train/PNEUMONIA/person32_bacteria_166.jpeg,train,1,PNEUMONIA,1808,1448,160.30271911621094,45.541194915771484
train/PNEUMONIA/person330_virus_683.jpeg,train,1,PNEUMONIA,1104,824,134.29202270507812,57.74314880371094
train/PNEUMONIA/person331_bacteria_1527.jpeg,train,1,PNEUMONIA,1040,856,112.12544250488281,54.00774002075195
train/PNEUMONIA/person331_bacteria_1529.jpeg,train,1,PNEUMONIA,1168,768,88.17039489746094,46.06962203979492
train/PNEUMONIA/person331_bacteria_1530.jpeg,train,1,PNEUMONIA,1152,632,105.61433410644531,59.118804931640625
train/PNEUMONIA/person331_virus_684.jpeg,train,1,PNEUMONIA,1184,752,128.04454040527344,61.662322998046875
train/PNEUMONIA/person332_bacteria_1531.jpeg,train,1,PNEUMONIA,976,664,110.09161376953125,57.68449401855469
train/PNEUMONIA/person332_bacteria_1533.jpeg,train,1,PNEUMONIA,984,664,127.40210723876953,55.13010787963867
train/PNEUMONIA/person332_bacteria_1534.jpeg,train,1,PNEUMONIA,1008,704,93.50499725341797,51.28287124633789
train/PNEUMONIA/person332_bacteria_1536.jpeg,train,1,PNEUMONIA,1040,656,84.45161437988281,45.200469970703125
train/PNEUMONIA/person332_bacteria_1537.jpeg,train,1,PNEUMONIA,1092,751,143.17105102539062,54.033226013183594
train/PNEUMONIA/person332_bacteria_1538.jpeg,train,1,PNEUMONIA,1086,693,158.55862426757812,56.96906661987305
train/PNEUMONIA/person333_bacteria_1539.jpeg,train,1,PNEUMONIA,1578,1318,129.43251037597656,65.5771484375
train/PNEUMONIA/person333_virus_688.jpeg,train,1,PNEUMONIA,1424,1024,122.97422790527344,73.90788269042969
train/PNEUMONIA/person334_bacteria_1542.jpeg,train,1,PNEUMONIA,920,680,92.93705749511719,50.7432746887207
train/PNEUMONIA/person334_bacteria_1544.jpeg,train,1,PNEUMONIA,888,576,118.8029556274414,47.94392776489258
train/PNEUMONIA/person334_bacteria_1545.jpeg,train,1,PNEUMONIA,918,735,124.06941986083984,50.568756103515625
train/PNEUMONIA/person334_virus_689.jpeg,train,1,PNEUMONIA,550,279,124.23919677734375,50.20955276489258
train/PNEUMONIA/person335_virus_690.jpeg,train,1,PNEUMONIA,1344,1128,112.1506576538086,60.31882095336914
train/PNEUMONIA/person336_bacteria_1549.jpeg,train,1,PNEUMONIA,968,752,67.81111907958984,32.9366455078125
train/PNEUMONIA/person336_bacteria_1550.jpeg,train,1,PNEUMONIA,920,808,113.24397277832031,53.003814697265625
train/PNEUMONIA/person336_bacteria_1551.jpeg,train,1,PNEUMONIA,1144,784,109.16173553466797,59.162567138671875
train/PNEUMONIA/person336_bacteria_1552.jpeg,train,1,PNEUMONIA,1008,728,124.83110046386719,61.64464569091797
train/PNEUMONIA/person336_bacteria_1553.jpeg,train,1,PNEUMONIA,1072,728,69.57833099365234,44.4128532409668
train/PNEUMONIA/person337_bacteria_1554.jpeg,train,1,PNEUMONIA,1000,712,79.74832153320312,46.12287521362305
train/PNEUMONIA/person337_bacteria_1557.jpeg,train,1,PNEUMONIA,976,616,115.1991958618164,56.239444732666016
train/PNEUMONIA/person337_bacteria_1558.jpeg,train,1,PNEUMONIA,976,608,67.22258758544922,27.876550674438477
train/PNEUMONIA/person337_bacteria_1560.jpeg,train,1,PNEUMONIA,944,744,106.5605239868164,51.49201202392578
train/PNEUMONIA/person337_bacteria_1561.jpeg,train,1,PNEUMONIA,856,592,108.77821350097656,47.9037971496582
train/PNEUMONIA/person337_bacteria_1562.jpeg,train,1,PNEUMONIA,824,616,138.9002685546875,49.418975830078125
train/PNEUMONIA/person337_bacteria_1563.jpeg,train,1,PNEUMONIA,888,656,123.92255401611328,60.21860122680664
train/PNEUMONIA/person337_bacteria_1564.jpeg,train,1,PNEUMONIA,824,640,94.015869140625,47.071346282958984
train/PNEUMONIA/person337_bacteria_1565.jpeg,train,1,PNEUMONIA,824,688,127.5090560913086,53.78635787963867
train/PNEUMONIA/person337_bacteria_1566.jpeg,train,1,PNEUMONIA,856,616,100.59209442138672,51.31298828125
train/PNEUMONIA/person338_bacteria_1567.jpeg,train,1,PNEUMONIA,1240,968,102.6318359375,50.39520263671875
train/PNEUMONIA/person338_bacteria_1568.jpeg,train,1,PNEUMONIA,1240,752,109.2534408569336,56.38311004638672
train/PNEUMONIA/person338_virus_694.jpeg,train,1,PNEUMONIA,445,232,172.31480407714844,31.343238830566406
train/PNEUMONIA/person339_bacteria_1572.jpeg,train,1,PNEUMONIA,1016,768,112.79961395263672,58.137027740478516
train/PNEUMONIA/person339_bacteria_1574.jpeg,train,1,PNEUMONIA,947,594,138.95458984375,45.6338005065918
train/PNEUMONIA/person339_virus_695.jpeg,train,1,PNEUMONIA,1320,1040,142.2347412109375,64.30304718017578
train/PNEUMONIA/person33_bacteria_172.jpeg,train,1,PNEUMONIA,1128,744,103.31056213378906,53.778045654296875
train/PNEUMONIA/person33_bacteria_173.jpeg,train,1,PNEUMONIA,1032,600,111.07354736328125,57.566444396972656
train/PNEUMONIA/person33_bacteria_174.jpeg,train,1,PNEUMONIA,1072,608,144.77896118164062,55.5285758972168
train/PNEUMONIA/person33_bacteria_175.jpeg,train,1,PNEUMONIA,1268,883,123.20048522949219,61.06663513183594
train/PNEUMONIA/person340_bacteria_1575.jpeg,train,1,PNEUMONIA,1328,968,102.30633544921875,46.896392822265625
train/PNEUMONIA/person340_virus_698.jpeg,train,1,PNEUMONIA,1760,1432,128.6341094970703,59.1720085144043
train/PNEUMONIA/person341_bacteria_1577.jpeg,train,1,PNEUMONIA,831,529,133.72816467285156,35.6163444519043
train/PNEUMONIA/person341_virus_699.jpeg,train,1,PNEUMONIA,1304,1048,142.66458129882812,69.79545593261719
train/PNEUMONIA/person342_virus_701.jpeg,train,1,PNEUMONIA,439,227,126.8174057006836,47.8629035949707
train/PNEUMONIA/person342_virus_702.jpeg,train,1,PNEUMONIA,453,182,143.58419799804688,45.2967529296875
train/PNEUMONIA/person343_bacteria_1583.jpeg,train,1,PNEUMONIA,1504,1056,111.86013793945312,52.17388916015625
train/PNEUMONIA/person343_bacteria_1584.jpeg,train,1,PNEUMONIA,1632,1291,136.80999755859375,55.14019775390625
train/PNEUMONIA/person343_virus_704.jpeg,train,1,PNEUMONIA,640,317,121.16931915283203,47.94676971435547
train/PNEUMONIA/person344_bacteria_1585.jpeg,train,1,PNEUMONIA,1538,1164,110.32689666748047,60.888214111328125
train/PNEUMONIA/person344_virus_705.jpeg,train,1,PNEUMONIA,1008,680,109.99626159667969,63.89463806152344
train/PNEUMONIA/person346_bacteria_1590.jpeg,train,1,PNEUMONIA,1136,824,124.75836944580078,53.06929397583008
train/PNEUMONIA/person346_virus_708.jpeg,train,1,PNEUMONIA,1304,736,128.65272521972656,69.99022674560547
train/PNEUMONIA/person346_virus_709.jpeg,train,1,PNEUMONIA,1296,832,141.6595916748047,63.54304122924805
train/PNEUMONIA/person347_bacteria_1594.jpeg,train,1,PNEUMONIA,1552,1080,106.9061050415039,52.6669807434082
train/PNEUMONIA/person347_bacteria_1595.jpeg,train,1,PNEUMONIA,1592,944,135.3345489501953,57.60479736328125
train/PNEUMONIA/person348_bacteria_1601.jpeg,train,1,PNEUMONIA,1136,768,125.08636474609375,48.00115203857422
train/PNEUMONIA/person348_bacteria_1602.jpeg,train,1,PNEUMONIA,1160,832,118.7637939453125,54.137413024902344
train/PNEUMONIA/person348_bacteria_1603.jpeg,train,1,PNEUMONIA,1104,896,83.27777862548828,43.26323318481445
train/PNEUMONIA/person348_bacteria_1604.jpeg,train,1,PNEUMONIA,1306,1006,123.73323822021484,61.764793395996094
train/PNEUMONIA/person348_virus_711.jpeg,train,1,PNEUMONIA,1368,1048,145.54656982421875,70.80421447753906
train/PNEUMONIA/person348_virus_714.jpeg,train,1,PNEUMONIA,1384,920,135.69631958007812,68.24376678466797
train/PNEUMONIA/person348_virus_715.jpeg,train,1,PNEUMONIA,742,515,149.7847900390625,51.16424560546875
train/PNEUMONIA/person348_virus_716.jpeg,train,1,PNEUMONIA,1192,1088,118.85784912109375,56.26701736450195
train/PNEUMONIA/person348_virus_717.jpeg,train,1,PNEUMONIA,1224,1008,121.76390075683594,51.68321228027344
train/PNEUMONIA/person348_virus_719.jpeg,train,1,PNEUMONIA,1328,928,69.20447540283203,46.411861419677734
train/PNEUMONIA/person348_virus_720.jpeg,train,1,PNEUMONIA,1272,1080,126.57002258300781,58.940650939941406
train/PNEUMONIA/person348_virus_721.jpeg,train,1,PNEUMONIA,1288,944,142.78585815429688,47.33941650390625
train/PNEUMONIA/person348_virus_723.jpeg,train,1,PNEUMONIA,1296,760,118.56471252441406,64.40339660644531
train/PNEUMONIA/person349_bacteria_1605.jpeg,train,1,PNEUMONIA,1080,744,78.08757019042969,36.892791748046875
train/PNEUMONIA/person349_bacteria_1606.jpeg,train,1,PNEUMONIA,1192,760,114.52406311035156,54.32040023803711
train/PNEUMONIA/person349_bacteria_1607.jpeg,train,1,PNEUMONIA,1136,824,94.49046325683594,46.48466491699219
train/PNEUMONIA/person34_bacteria_176.jpeg,train,1,PNEUMONIA,1380,801,95.19733428955078,65.19591522216797
train/PNEUMONIA/person350_virus_725.jpeg,train,1,PNEUMONIA,1360,928,134.32606506347656,66.13164520263672
train/PNEUMONIA/person351_bacteria_1619.jpeg,train,1,PNEUMONIA,1048,768,125.93583679199219,53.0406379699707
train/PNEUMONIA/person351_bacteria_1620.jpeg,train,1,PNEUMONIA,888,672,120.61058807373047,52.97687911987305
train/PNEUMONIA/person351_bacteria_1621.jpeg,train,1,PNEUMONIA,928,824,131.84791564941406,53.536502838134766
train/PNEUMONIA/person351_bacteria_1622.jpeg,train,1,PNEUMONIA,952,752,73.91893768310547,38.66526794433594
train/PNEUMONIA/person351_bacteria_1624.jpeg,train,1,PNEUMONIA,1016,752,109.13953399658203,58.39069366455078
train/PNEUMONIA/person351_virus_726.jpeg,train,1,PNEUMONIA,1128,808,130.0211639404297,71.25147247314453
train/PNEUMONIA/person352_bacteria_1625.jpeg,train,1,PNEUMONIA,984,592,101.1896743774414,48.956302642822266
train/PNEUMONIA/person353_bacteria_1626.jpeg,train,1,PNEUMONIA,752,592,156.0662078857422,43.40800857543945
train/PNEUMONIA/person354_bacteria_1632.jpeg,train,1,PNEUMONIA,460,157,140.6613311767578,28.381425857543945
train/PNEUMONIA/person354_bacteria_1633.jpeg,train,1,PNEUMONIA,738,427,136.92410278320312,26.872547149658203
train/PNEUMONIA/person354_bacteria_1634.jpeg,train,1,PNEUMONIA,928,624,87.73955535888672,43.17317581176758
train/PNEUMONIA/person354_bacteria_1635.jpeg,train,1,PNEUMONIA,532,255,93.7250747680664,43.88430404663086
train/PNEUMONIA/person354_virus_729.jpeg,train,1,PNEUMONIA,1352,968,120.54820251464844,61.11928939819336
train/PNEUMONIA/person355_bacteria_1637.jpeg,train,1,PNEUMONIA,1000,568,95.10722351074219,40.828182220458984
train/PNEUMONIA/person355_virus_730.jpeg,train,1,PNEUMONIA,864,408,130.783935546875,51.88630676269531
train/PNEUMONIA/person355_virus_731.jpeg,train,1,PNEUMONIA,486,191,121.1739730834961,42.46235656738281
train/PNEUMONIA/person356_bacteria_1638.jpeg,train,1,PNEUMONIA,1326,875,109.52537536621094,62.35313034057617
train/PNEUMONIA/person356_virus_733.jpeg,train,1,PNEUMONIA,1080,760,107.66905212402344,57.061500549316406
train/PNEUMONIA/person357_bacteria_1639.jpeg,train,1,PNEUMONIA,1550,1399,109.19082641601562,65.38377380371094
train/PNEUMONIA/person357_bacteria_1640.jpeg,train,1,PNEUMONIA,1240,928,155.3328399658203,49.682151794433594
train/PNEUMONIA/person357_virus_734.jpeg,train,1,PNEUMONIA,1312,1112,123.28059387207031,69.59601593017578
train/PNEUMONIA/person357_virus_735.jpeg,train,1,PNEUMONIA,1312,1112,123.28059387207031,69.59601593017578
train/PNEUMONIA/person357_virus_736.jpeg,train,1,PNEUMONIA,1192,888,137.1862030029297,62.423728942871094
train/PNEUMONIA/person358_virus_737.jpeg,train,1,PNEUMONIA,1384,1080,119.70736694335938,73.35326385498047
train/PNEUMONIA/person359_bacteria_1642.jpeg,train,1,PNEUMONIA,1334,1102,118.22452545166016,61.95790481567383
train/PNEUMONIA/person359_bacteria_1643.jpeg,train,1,PNEUMONIA,1088,992,87.99300384521484,42.33700942993164
train/PNEUMONIA/person359_bacteria_1644.jpeg,train,1,PNEUMONIA,1072,856,115.61589050292969,55.20766067504883
train/PNEUMONIA/person359_bacteria_1645.jpeg,train,1,PNEUMONIA,1152,856,151.990234375,51.774200439453125
train/PNEUMONIA/person359_bacteria_1646.jpeg,train,1,PNEUMONIA,1168,800,121.18785858154297,60.5188102722168
train/PNEUMONIA/person35_bacteria_180.jpeg,train,1,PNEUMONIA,1672,1200,147.38262939453125,51.99448013305664
train/PNEUMONIA/person35_bacteria_181.jpeg,train,1,PNEUMONIA,1712,1384,135.09902954101562,54.30644989013672
train/PNEUMONIA/person360_bacteria_1647.jpeg,train,1,PNEUMONIA,880,744,117.02607727050781,51.18922805786133
train/PNEUMONIA/person360_virus_739.jpeg,train,1,PNEUMONIA,1176,1024,163.92796325683594,56.002479553222656
train/PNEUMONIA/person361_bacteria_1651.jpeg,train,1,PNEUMONIA,1110,724,140.87472534179688,62.60403823852539
train/PNEUMONIA/person362_bacteria_1652.jpeg,train,1,PNEUMONIA,1584,1072,138.97178649902344,57.69749450683594
train/PNEUMONIA/person362_virus_741.jpeg,train,1,PNEUMONIA,920,600,118.91399383544922,65.66185760498047
train/PNEUMONIA/person363_bacteria_1653.jpeg,train,1,PNEUMONIA,1368,1208,118.11421203613281,51.701969146728516
train/PNEUMONIA/person363_bacteria_1654.jpeg,train,1,PNEUMONIA,1272,1144,146.1572723388672,48.33198165893555
train/PNEUMONIA/person363_bacteria_1655.jpeg,train,1,PNEUMONIA,1424,1264,81.61320495605469,44.190818786621094
train/PNEUMONIA/person363_virus_742.jpeg,train,1,PNEUMONIA,1248,896,122.25208282470703,65.12538146972656
train/PNEUMONIA/person364_bacteria_1656.jpeg,train,1,PNEUMONIA,1256,768,133.28338623046875,50.24625015258789
train/PNEUMONIA/person364_bacteria_1657.jpeg,train,1,PNEUMONIA,1232,864,120.27377319335938,61.98117446899414
train/PNEUMONIA/person364_bacteria_1658.jpeg,train,1,PNEUMONIA,1368,1064,89.61988830566406,49.129051208496094
train/PNEUMONIA/person364_bacteria_1659.jpeg,train,1,PNEUMONIA,1304,952,121.0743408203125,58.85139465332031
train/PNEUMONIA/person364_virus_743.jpeg,train,1,PNEUMONIA,1160,744,128.24615478515625,55.66262435913086
train/PNEUMONIA/person365_virus_745.jpeg,train,1,PNEUMONIA,687,425,146.7792510986328,67.34011840820312
train/PNEUMONIA/person366_bacteria_1664.jpeg,train,1,PNEUMONIA,952,624,72.90453338623047,34.16919708251953
train/PNEUMONIA/person366_virus_746.jpeg,train,1,PNEUMONIA,1280,904,121.02914428710938,76.49649810791016
train/PNEUMONIA/person367_bacteria_1665.jpeg,train,1,PNEUMONIA,1200,1024,121.68280029296875,53.960693359375
train/PNEUMONIA/person367_virus_747.jpeg,train,1,PNEUMONIA,1472,968,128.57440185546875,61.81048583984375
train/PNEUMONIA/person368_bacteria_1666.jpeg,train,1,PNEUMONIA,986,709,89.58458709716797,55.8374137878418
train/PNEUMONIA/person368_bacteria_1667.jpeg,train,1,PNEUMONIA,832,504,116.86227416992188,52.29270935058594
train/PNEUMONIA/person368_bacteria_1668.jpeg,train,1,PNEUMONIA,840,512,119.17814636230469,47.842491149902344
train/PNEUMONIA/person368_bacteria_1672.jpeg,train,1,PNEUMONIA,912,544,90.63263702392578,37.27395248413086
train/PNEUMONIA/person368_bacteria_1678.jpeg,train,1,PNEUMONIA,800,528,112.39464569091797,48.01594161987305
train/PNEUMONIA/person368_virus_748.jpeg,train,1,PNEUMONIA,1328,864,132.53077697753906,60.03267288208008
train/PNEUMONIA/person369_bacteria_1680.jpeg,train,1,PNEUMONIA,888,454,100.52143859863281,31.329416275024414
train/PNEUMONIA/person369_virus_750.jpeg,train,1,PNEUMONIA,1368,904,126.4171371459961,77.45160675048828
train/PNEUMONIA/person36_bacteria_182.jpeg,train,1,PNEUMONIA,992,768,94.10130310058594,49.11520004272461
train/PNEUMONIA/person36_bacteria_183.jpeg,train,1,PNEUMONIA,1104,760,129.88494873046875,55.248783111572266
train/PNEUMONIA/person36_bacteria_184.jpeg,train,1,PNEUMONIA,920,648,139.18807983398438,45.189937591552734
train/PNEUMONIA/person36_bacteria_185.jpeg,train,1,PNEUMONIA,1232,886,114.38349151611328,65.2660903930664
train/PNEUMONIA/person370_bacteria_1687.jpeg,train,1,PNEUMONIA,1072,688,119.43167114257812,49.635009765625
train/PNEUMONIA/person370_bacteria_1688.jpeg,train,1,PNEUMONIA,1136,688,112.6554183959961,52.994754791259766
train/PNEUMONIA/person370_bacteria_1689.jpeg,train,1,PNEUMONIA,1040,736,146.52821350097656,51.50970458984375
train/PNEUMONIA/person370_bacteria_1690.jpeg,train,1,PNEUMONIA,1080,920,127.0590591430664,55.96436309814453
train/PNEUMONIA/person370_bacteria_1691.jpeg,train,1,PNEUMONIA,1088,912,112.34880065917969,54.67204666137695
train/PNEUMONIA/person370_virus_752.jpeg,train,1,PNEUMONIA,1728,1296,117.3954849243164,68.15315246582031
train/PNEUMONIA/person370_virus_753.jpeg,train,1,PNEUMONIA,1584,1184,170.55470275878906,48.61148452758789
train/PNEUMONIA/person371_bacteria_1694.jpeg,train,1,PNEUMONIA,1080,720,111.12604522705078,48.979915618896484
train/PNEUMONIA/person371_bacteria_1695.jpeg,train,1,PNEUMONIA,1064,592,115.54136657714844,56.59547805786133
train/PNEUMONIA/person371_bacteria_1696.jpeg,train,1,PNEUMONIA,984,680,76.11506652832031,35.75279998779297
train/PNEUMONIA/person371_bacteria_1698.jpeg,train,1,PNEUMONIA,920,640,105.0006332397461,45.6152229309082
train/PNEUMONIA/person371_bacteria_1699.jpeg,train,1,PNEUMONIA,936,648,108.27950286865234,44.791900634765625
train/PNEUMONIA/person371_bacteria_1700.jpeg,train,1,PNEUMONIA,864,560,143.59104919433594,45.90990447998047
train/PNEUMONIA/person371_bacteria_1701.jpeg,train,1,PNEUMONIA,952,632,110.59368133544922,47.719696044921875
train/PNEUMONIA/person371_bacteria_1702.jpeg,train,1,PNEUMONIA,904,512,130.52590942382812,56.88978958129883
train/PNEUMONIA/person371_bacteria_1703.jpeg,train,1,PNEUMONIA,992,608,85.25695037841797,42.44740295410156
train/PNEUMONIA/person371_virus_754.jpeg,train,1,PNEUMONIA,984,560,133.34506225585938,69.06570434570312
train/PNEUMONIA/person372_bacteria_1704.jpeg,train,1,PNEUMONIA,1000,568,121.10728454589844,47.89690399169922
train/PNEUMONIA/person372_bacteria_1705.jpeg,train,1,PNEUMONIA,1008,616,122.12598419189453,52.14628601074219
train/PNEUMONIA/person372_bacteria_1706.jpeg,train,1,PNEUMONIA,1000,672,97.9866943359375,43.72677993774414
train/PNEUMONIA/person372_virus_755.jpeg,train,1,PNEUMONIA,1512,960,122.13469696044922,59.05623245239258
train/PNEUMONIA/person373_bacteria_1707.jpeg,train,1,PNEUMONIA,1216,944,165.42019653320312,43.12144088745117
train/PNEUMONIA/person373_bacteria_1708.jpeg,train,1,PNEUMONIA,1296,864,80.4150161743164,36.867549896240234
train/PNEUMONIA/person373_bacteria_1709.jpeg,train,1,PNEUMONIA,1280,736,114.47095489501953,46.24959945678711
train/PNEUMONIA/person373_virus_756.jpeg,train,1,PNEUMONIA,1240,880,156.30227661132812,48.16232681274414
train/PNEUMONIA/person374_bacteria_1710.jpeg,train,1,PNEUMONIA,856,472,103.84607696533203,48.02608871459961
train/PNEUMONIA/person374_bacteria_1711.jpeg,train,1,PNEUMONIA,872,600,99.74573516845703,45.94510269165039
train/PNEUMONIA/person374_bacteria_1712.jpeg,train,1,PNEUMONIA,848,544,134.44203186035156,47.05486297607422
train/PNEUMONIA/person374_virus_757.jpeg,train,1,PNEUMONIA,1400,1208,142.62612915039062,64.45307922363281
train/PNEUMONIA/person375_bacteria_1713.jpeg,train,1,PNEUMONIA,928,584,112.3984375,47.01495361328125
train/PNEUMONIA/person375_virus_758.jpeg,train,1,PNEUMONIA,1248,616,127.8425064086914,74.19551086425781
train/PNEUMONIA/person376_bacteria_1715.jpeg,train,1,PNEUMONIA,1032,768,95.72744750976562,45.92044448852539
train/PNEUMONIA/person376_bacteria_1716.jpeg,train,1,PNEUMONIA,1176,768,122.11641693115234,51.1550407409668
train/PNEUMONIA/person376_virus_759.jpeg,train,1,PNEUMONIA,1312,856,125.54486083984375,72.26055145263672
train/PNEUMONIA/person377_virus_760.jpeg,train,1,PNEUMONIA,1272,760,136.549072265625,59.347930908203125
train/PNEUMONIA/person378_virus_761.jpeg,train,1,PNEUMONIA,1432,952,132.41543579101562,65.1471176147461
train/PNEUMONIA/person379_bacteria_1721.jpeg,train,1,PNEUMONIA,956,603,151.8004913330078,38.22920608520508
train/PNEUMONIA/person379_virus_762.jpeg,train,1,PNEUMONIA,1288,824,115.86487579345703,67.00225067138672
train/PNEUMONIA/person37_bacteria_187.jpeg,train,1,PNEUMONIA,1240,720,145.04925537109375,58.872337341308594
train/PNEUMONIA/person37_bacteria_188.jpeg,train,1,PNEUMONIA,1160,832,148.02297973632812,52.31937789916992
train/PNEUMONIA/person37_bacteria_189.jpeg,train,1,PNEUMONIA,1462,874,95.72142028808594,51.527889251708984
train/PNEUMONIA/person380_virus_763.jpeg,train,1,PNEUMONIA,1440,864,127.06105041503906,73.7376708984375
train/PNEUMONIA/person381_bacteria_1731.jpeg,train,1,PNEUMONIA,1080,728,96.89995574951172,61.663333892822266
train/PNEUMONIA/person382_bacteria_1737.jpeg,train,1,PNEUMONIA,1152,728,118.20570373535156,57.69035339355469
train/PNEUMONIA/person382_bacteria_1738.jpeg,train,1,PNEUMONIA,1168,736,84.39189147949219,40.695457458496094
train/PNEUMONIA/person382_bacteria_1739.jpeg,train,1,PNEUMONIA,1072,688,123.21562957763672,49.946556091308594
train/PNEUMONIA/person382_bacteria_1740.jpeg,train,1,PNEUMONIA,1152,736,122.50413513183594,51.145416259765625
train/PNEUMONIA/person382_bacteria_1741.jpeg,train,1,PNEUMONIA,1168,848,72.25342559814453,37.851356506347656
train/PNEUMONIA/person382_bacteria_1745.jpeg,train,1,PNEUMONIA,1264,864,114.50859069824219,51.875213623046875
train/PNEUMONIA/person383_bacteria_1747.jpeg,train,1,PNEUMONIA,1478,1137,138.03268432617188,58.592098236083984
train/PNEUMONIA/person383_bacteria_1749.jpeg,train,1,PNEUMONIA,1184,1024,143.09722900390625,51.69401931762695
train/PNEUMONIA/person383_bacteria_1750.jpeg,train,1,PNEUMONIA,1304,824,157.08456420898438,49.99262619018555
train/PNEUMONIA/person383_bacteria_1751.jpeg,train,1,PNEUMONIA,1320,1016,83.0184555053711,45.701908111572266
train/PNEUMONIA/person383_bacteria_1752.jpeg,train,1,PNEUMONIA,1312,1024,113.19535064697266,55.7838020324707
train/PNEUMONIA/person383_bacteria_1753.jpeg,train,1,PNEUMONIA,1328,976,122.36766815185547,52.22978210449219
train/PNEUMONIA/person383_virus_767.jpeg,train,1,PNEUMONIA,1288,848,142.29518127441406,68.39574432373047
train/PNEUMONIA/person384_virus_769.jpeg,train,1,PNEUMONIA,1296,872,127.30883026123047,60.94526290893555
train/PNEUMONIA/person385_bacteria_1765.jpeg,train,1,PNEUMONIA,1000,576,98.56610107421875,43.901824951171875
train/PNEUMONIA/person385_bacteria_1766.jpeg,train,1,PNEUMONIA,1016,560,130.71397399902344,53.837528228759766
train/PNEUMONIA/person385_virus_770.jpeg,train,1,PNEUMONIA,2000,1424,147.67762756347656,50.689849853515625
train/PNEUMONIA/person387_virus_772.jpeg,train,1,PNEUMONIA,1752,1320,153.69554138183594,60.24789810180664
train/PNEUMONIA/person388_virus_775.jpeg,train,1,PNEUMONIA,1000,464,105.99959564208984,61.10517120361328
train/PNEUMONIA/person388_virus_777.jpeg,train,1,PNEUMONIA,907,513,150.1949920654297,42.0292854309082
train/PNEUMONIA/person389_bacteria_1778.jpeg,train,1,PNEUMONIA,1256,888,166.8327178955078,43.624046325683594
train/PNEUMONIA/person389_bacteria_1780.jpeg,train,1,PNEUMONIA,1384,944,118.55746459960938,63.243988037109375
train/PNEUMONIA/person389_virus_778.jpeg,train,1,PNEUMONIA,904,552,127.02938079833984,57.38219451904297
train/PNEUMONIA/person38_bacteria_190.jpeg,train,1,PNEUMONIA,1016,648,97.64984893798828,46.756900787353516
train/PNEUMONIA/person38_bacteria_191.jpeg,train,1,PNEUMONIA,960,664,113.17154693603516,52.738487243652344
train/PNEUMONIA/person38_bacteria_192.jpeg,train,1,PNEUMONIA,936,632,141.63037109375,52.71040344238281
train/PNEUMONIA/person38_bacteria_193.jpeg,train,1,PNEUMONIA,944,568,124.5300064086914,56.16391372680664
train/PNEUMONIA/person38_bacteria_194.jpeg,train,1,PNEUMONIA,1008,600,105.60957336425781,52.987857818603516
train/PNEUMONIA/person38_bacteria_195.jpeg,train,1,PNEUMONIA,1040,600,98.2690200805664,48.10910415649414
train/PNEUMONIA/person38_bacteria_196.jpeg,train,1,PNEUMONIA,1010,670,121.52237701416016,52.79884338378906
train/PNEUMONIA/person390_bacteria_1781.jpeg,train,1,PNEUMONIA,1544,1440,153.66488647460938,50.24692916870117
train/PNEUMONIA/person391_bacteria_1782.jpeg,train,1,PNEUMONIA,1592,1041,114.35942077636719,64.40619659423828
train/PNEUMONIA/person391_virus_781.jpeg,train,1,PNEUMONIA,1664,1152,141.07791137695312,72.54359436035156
train/PNEUMONIA/person392_bacteria_1783.jpeg,train,1,PNEUMONIA,1168,752,115.18009948730469,56.79411315917969
train/PNEUMONIA/person392_bacteria_1784.jpeg,train,1,PNEUMONIA,1056,632,119.60848236083984,54.42191696166992
train/PNEUMONIA/person392_bacteria_1785.jpeg,train,1,PNEUMONIA,992,632,86.64083099365234,40.54273223876953
train/PNEUMONIA/person392_bacteria_1786.jpeg,train,1,PNEUMONIA,1000,592,116.66581726074219,51.17296600341797
train/PNEUMONIA/person392_bacteria_1787.jpeg,train,1,PNEUMONIA,1160,632,75.84272766113281,38.96109390258789
train/PNEUMONIA/person392_virus_782.jpeg,train,1,PNEUMONIA,1368,944,114.89824676513672,67.72181701660156
train/PNEUMONIA/person393_bacteria_1789.jpeg,train,1,PNEUMONIA,936,616,140.2803955078125,43.07081604003906
train/PNEUMONIA/person393_virus_784.jpeg,train,1,PNEUMONIA,1336,992,147.65916442871094,60.4767951965332
train/PNEUMONIA/person394_bacteria_1791.jpeg,train,1,PNEUMONIA,1240,600,72.07145690917969,29.53080940246582
train/PNEUMONIA/person394_bacteria_1792.jpeg,train,1,PNEUMONIA,1136,664,124.005615234375,50.7953987121582
train/PNEUMONIA/person394_virus_786.jpeg,train,1,PNEUMONIA,1312,840,132.0311737060547,71.68905639648438
train/PNEUMONIA/person395_bacteria_1794.jpeg,train,1,PNEUMONIA,976,736,145.78062438964844,36.659603118896484
train/PNEUMONIA/person395_bacteria_1795.jpeg,train,1,PNEUMONIA,1128,792,92.48743438720703,40.46640396118164
train/PNEUMONIA/person395_virus_788.jpeg,train,1,PNEUMONIA,1240,1256,127.67170715332031,65.7485580444336
train/PNEUMONIA/person396_bacteria_1796.jpeg,train,1,PNEUMONIA,1468,1083,124.03912353515625,66.76748657226562
train/PNEUMONIA/person396_virus_789.jpeg,train,1,PNEUMONIA,1024,592,107.31721496582031,57.948097229003906
train/PNEUMONIA/person397_virus_790.jpeg,train,1,PNEUMONIA,1256,792,100.36650085449219,60.54735565185547
train/PNEUMONIA/person398_bacteria_1799.jpeg,train,1,PNEUMONIA,920,680,160.95176696777344,41.043949127197266
train/PNEUMONIA/person398_bacteria_1801.jpeg,train,1,PNEUMONIA,1048,576,102.00804901123047,52.82767868041992
train/PNEUMONIA/person399_bacteria_1804.jpeg,train,1,PNEUMONIA,968,600,92.07089233398438,46.249755859375
train/PNEUMONIA/person399_bacteria_1805.jpeg,train,1,PNEUMONIA,856,568,114.45362854003906,48.13911437988281
train/PNEUMONIA/person399_bacteria_1806.jpeg,train,1,PNEUMONIA,904,576,113.94337463378906,58.78932189941406
train/PNEUMONIA/person399_virus_793.jpeg,train,1,PNEUMONIA,1312,800,128.3909149169922,72.78362274169922
train/PNEUMONIA/person39_bacteria_198.jpeg,train,1,PNEUMONIA,1136,704,132.16229248046875,49.288124084472656
train/PNEUMONIA/person39_bacteria_200.jpeg,train,1,PNEUMONIA,1136,768,128.7919158935547,45.40222930908203
train/PNEUMONIA/person3_bacteria_10.jpeg,train,1,PNEUMONIA,1248,1056,156.40379333496094,47.437400817871094
train/PNEUMONIA/person3_bacteria_11.jpeg,train,1,PNEUMONIA,1200,952,141.19345092773438,46.41425323486328
train/PNEUMONIA/person3_bacteria_12.jpeg,train,1,PNEUMONIA,1654,1345,126.44107818603516,65.65137481689453
train/PNEUMONIA/person3_bacteria_13.jpeg,train,1,PNEUMONIA,1736,1265,122.84102630615234,68.41944885253906
train/PNEUMONIA/person400_bacteria_1807.jpeg,train,1,PNEUMONIA,1234,813,90.49996185302734,52.19029235839844
train/PNEUMONIA/person400_virus_794.jpeg,train,1,PNEUMONIA,1344,888,132.492431640625,78.87892150878906
train/PNEUMONIA/person401_bacteria_1808.jpeg,train,1,PNEUMONIA,1426,967,109.93416595458984,62.669437408447266
train/PNEUMONIA/person401_virus_795.jpeg,train,1,PNEUMONIA,1424,1152,129.20660400390625,78.48321533203125
train/PNEUMONIA/person401_virus_797.jpeg,train,1,PNEUMONIA,1328,856,95.974853515625,52.60070037841797
train/PNEUMONIA/person401_virus_798.jpeg,train,1,PNEUMONIA,1328,856,95.974853515625,52.60070037841797
train/PNEUMONIA/person402_bacteria_1809.jpeg,train,1,PNEUMONIA,848,496,123.24602508544922,57.062686920166016
train/PNEUMONIA/person402_bacteria_1810.jpeg,train,1,PNEUMONIA,832,512,131.79454040527344,50.19011306762695
train/PNEUMONIA/person402_bacteria_1811.jpeg,train,1,PNEUMONIA,968,544,107.49331665039062,50.281314849853516
train/PNEUMONIA/person402_bacteria_1812.jpeg,train,1,PNEUMONIA,896,584,94.56059265136719,44.4167366027832
train/PNEUMONIA/person402_bacteria_1813.jpeg,train,1,PNEUMONIA,752,392,98.5064468383789,44.127437591552734
train/PNEUMONIA/person402_virus_799.jpeg,train,1,PNEUMONIA,1880,1584,141.2234649658203,44.1059455871582
train/PNEUMONIA/person402_virus_801.jpeg,train,1,PNEUMONIA,1872,1264,136.82884216308594,45.72334671020508
train/PNEUMONIA/person403_bacteria_1814.jpeg,train,1,PNEUMONIA,1640,920,117.8003158569336,48.35323715209961
train/PNEUMONIA/person403_virus_803.jpeg,train,1,PNEUMONIA,445,199,130.03765869140625,40.34421157836914
train/PNEUMONIA/person405_virus_805.jpeg,train,1,PNEUMONIA,1328,872,131.55882263183594,73.9674301147461
train/PNEUMONIA/person406_bacteria_1818.jpeg,train,1,PNEUMONIA,1328,1120,111.09304809570312,54.47404479980469
train/PNEUMONIA/person406_bacteria_1819.jpeg,train,1,PNEUMONIA,1400,1112,91.46269989013672,48.97406005859375
train/PNEUMONIA/person406_bacteria_1820.jpeg,train,1,PNEUMONIA,1328,1024,122.90003967285156,57.637054443359375
train/PNEUMONIA/person407_bacteria_1822.jpeg,train,1,PNEUMONIA,1106,650,103.55850219726562,59.624671936035156
train/PNEUMONIA/person407_virus_811.jpeg,train,1,PNEUMONIA,384,127,123.55551147460938,40.15550994873047
train/PNEUMONIA/person407_virus_812.jpeg,train,1,PNEUMONIA,428,172,118.74937438964844,41.01361846923828
train/PNEUMONIA/person407_virus_814.jpeg,train,1,PNEUMONIA,448,173,143.673583984375,33.564212799072266
train/PNEUMONIA/person408_bacteria_1823.jpeg,train,1,PNEUMONIA,1430,763,99.98431396484375,55.90127182006836
train/PNEUMONIA/person408_virus_815.jpeg,train,1,PNEUMONIA,1312,864,117.4922103881836,61.89284896850586
train/PNEUMONIA/person409_bacteria_1824.jpeg,train,1,PNEUMONIA,1582,1404,96.18230438232422,65.51837921142578
train/PNEUMONIA/person409_virus_816.jpeg,train,1,PNEUMONIA,1512,1032,127.0678939819336,49.215824127197266
train/PNEUMONIA/person409_virus_818.jpeg,train,1,PNEUMONIA,1504,1104,134.07327270507812,53.87443542480469
train/PNEUMONIA/person409_virus_820.jpeg,train,1,PNEUMONIA,1472,1216,141.09170532226562,50.50587463378906
train/PNEUMONIA/person40_bacteria_203.jpeg,train,1,PNEUMONIA,1240,1008,140.59799194335938,55.674583435058594
train/PNEUMONIA/person40_bacteria_204.jpeg,train,1,PNEUMONIA,1344,920,139.92193603515625,60.02629852294922
train/PNEUMONIA/person410_bacteria_1825.jpeg,train,1,PNEUMONIA,1106,774,112.1343002319336,60.2902717590332
train/PNEUMONIA/person410_virus_821.jpeg,train,1,PNEUMONIA,2088,1728,118.05818939208984,51.86960220336914
train/PNEUMONIA/person412_bacteria_1827.jpeg,train,1,PNEUMONIA,1428,884,129.52883911132812,66.59620666503906
train/PNEUMONIA/person413_bacteria_1828.jpeg,train,1,PNEUMONIA,1232,952,107.32667541503906,47.402076721191406
train/PNEUMONIA/person413_bacteria_1829.jpeg,train,1,PNEUMONIA,1144,688,130.88893127441406,55.5458984375
train/PNEUMONIA/person413_bacteria_1830.jpeg,train,1,PNEUMONIA,1232,952,84.96699523925781,43.88541030883789
train/PNEUMONIA/person413_bacteria_1831.jpeg,train,1,PNEUMONIA,1128,944,159.781494140625,46.847042083740234
train/PNEUMONIA/person413_bacteria_1832.jpeg,train,1,PNEUMONIA,1184,1040,112.39496612548828,55.7851676940918
train/PNEUMONIA/person413_bacteria_1833.jpeg,train,1,PNEUMONIA,1192,976,124.19725036621094,54.648685455322266
train/PNEUMONIA/person413_bacteria_1834.jpeg,train,1,PNEUMONIA,1168,944,122.13605499267578,55.654048919677734
train/PNEUMONIA/person413_virus_844.jpeg,train,1,PNEUMONIA,1280,863,121.29560852050781,62.05990982055664
train/PNEUMONIA/person414_bacteria_1835.jpeg,train,1,PNEUMONIA,1534,1264,126.0392074584961,57.541473388671875
train/PNEUMONIA/person414_virus_845.jpeg,train,1,PNEUMONIA,577,260,125.30061340332031,54.74223709106445
train/PNEUMONIA/person415_bacteria_1837.jpeg,train,1,PNEUMONIA,840,600,125.52938079833984,50.03675079345703
train/PNEUMONIA/person415_bacteria_1838.jpeg,train,1,PNEUMONIA,840,464,127.4288330078125,50.260982513427734
train/PNEUMONIA/person415_bacteria_1839.jpeg,train,1,PNEUMONIA,1072,664,76.51215362548828,46.664310455322266
train/PNEUMONIA/person416_bacteria_1840.jpeg,train,1,PNEUMONIA,1334,1075,124.48109436035156,58.90545654296875
train/PNEUMONIA/person416_virus_849.jpeg,train,1,PNEUMONIA,1282,747,130.286865234375,56.35557556152344
train/PNEUMONIA/person417_bacteria_1841.jpeg,train,1,PNEUMONIA,1400,1224,85.80435943603516,48.951820373535156
train/PNEUMONIA/person418_bacteria_1843.jpeg,train,1,PNEUMONIA,1376,936,128.54124450683594,60.64149475097656
train/PNEUMONIA/person418_virus_852.jpeg,train,1,PNEUMONIA,1230,936,106.75979614257812,60.14052200317383
train/PNEUMONIA/person419_bacteria_1844.jpeg,train,1,PNEUMONIA,992,776,133.12449645996094,49.494529724121094
train/PNEUMONIA/person419_bacteria_1845.jpeg,train,1,PNEUMONIA,1264,856,135.72613525390625,57.644344329833984
train/PNEUMONIA/person419_virus_855.jpeg,train,1,PNEUMONIA,1896,1752,112.76158142089844,51.64479064941406
train/PNEUMONIA/person419_virus_861.jpeg,train,1,PNEUMONIA,1880,1592,123.44470977783203,48.263057708740234
train/PNEUMONIA/person41_bacteria_206.jpeg,train,1,PNEUMONIA,936,720,129.3851318359375,49.047523498535156
train/PNEUMONIA/person41_bacteria_207.jpeg,train,1,PNEUMONIA,1072,680,127.76622772216797,57.81736755371094
train/PNEUMONIA/person41_bacteria_208.jpeg,train,1,PNEUMONIA,1144,720,107.83145141601562,49.71256637573242
train/PNEUMONIA/person41_bacteria_209.jpeg,train,1,PNEUMONIA,824,568,105.93378448486328,38.74738311767578
train/PNEUMONIA/person41_bacteria_210.jpeg,train,1,PNEUMONIA,1072,648,118.74888610839844,51.672760009765625
train/PNEUMONIA/person41_bacteria_211.jpeg,train,1,PNEUMONIA,1244,658,93.1181640625,59.656333923339844
train/PNEUMONIA/person420_bacteria_1847.jpeg,train,1,PNEUMONIA,1040,760,99.88304901123047,46.48048400878906
train/PNEUMONIA/person420_bacteria_1848.jpeg,train,1,PNEUMONIA,1000,712,101.56427764892578,45.78617858886719
train/PNEUMONIA/person420_bacteria_1849.jpeg,train,1,PNEUMONIA,960,624,121.96302795410156,54.549129486083984
train/PNEUMONIA/person420_bacteria_1850.jpeg,train,1,PNEUMONIA,1000,640,83.1590576171875,41.786399841308594
train/PNEUMONIA/person420_bacteria_1851.jpeg,train,1,PNEUMONIA,904,568,124.58564758300781,47.54384231567383
train/PNEUMONIA/person421_virus_866.jpeg,train,1,PNEUMONIA,452,180,148.38539123535156,51.721099853515625
train/PNEUMONIA/person422_bacteria_1853.jpeg,train,1,PNEUMONIA,1214,851,107.64884948730469,58.082515716552734
train/PNEUMONIA/person422_virus_867.jpeg,train,1,PNEUMONIA,479,211,142.4574432373047,37.80515670776367
train/PNEUMONIA/person423_bacteria_1854.jpeg,train,1,PNEUMONIA,1088,824,82.7807846069336,43.947113037109375
train/PNEUMONIA/person423_bacteria_1855.jpeg,train,1,PNEUMONIA,1088,728,108.59194946289062,51.821868896484375
train/PNEUMONIA/person423_bacteria_1857.jpeg,train,1,PNEUMONIA,1024,824,110.60370635986328,52.93233108520508
train/PNEUMONIA/person423_bacteria_1858.jpeg,train,1,PNEUMONIA,1128,736,88.11331939697266,48.193302154541016
train/PNEUMONIA/person423_virus_869.jpeg,train,1,PNEUMONIA,1384,959,136.76547241210938,64.55647277832031
train/PNEUMONIA/person424_bacteria_1859.jpeg,train,1,PNEUMONIA,1456,1032,156.13592529296875,43.145294189453125
train/PNEUMONIA/person425_bacteria_1860.jpeg,train,1,PNEUMONIA,1262,849,156.37889099121094,52.83797073364258
train/PNEUMONIA/person425_virus_871.jpeg,train,1,PNEUMONIA,2080,1680,150.4863739013672,39.12034606933594
train/PNEUMONIA/person426_bacteria_1862.jpeg,train,1,PNEUMONIA,1272,1032,133.197265625,56.06561279296875
train/PNEUMONIA/person426_virus_873.jpeg,train,1,PNEUMONIA,508,206,112.0770034790039,43.19313049316406
train/PNEUMONIA/person427_bacteria_1864.jpeg,train,1,PNEUMONIA,984,576,97.7127914428711,45.90857696533203
train/PNEUMONIA/person427_bacteria_1865.jpeg,train,1,PNEUMONIA,1008,704,110.95172882080078,50.698429107666016
train/PNEUMONIA/person427_bacteria_1866.jpeg,train,1,PNEUMONIA,976,624,137.63450622558594,45.08901596069336
train/PNEUMONIA/person427_bacteria_1867.jpeg,train,1,PNEUMONIA,1000,688,116.41919708251953,55.68699264526367
train/PNEUMONIA/person427_bacteria_1868.jpeg,train,1,PNEUMONIA,968,568,115.31861877441406,60.5872917175293
train/PNEUMONIA/person428_bacteria_1869.jpeg,train,1,PNEUMONIA,1330,855,106.93460083007812,48.91789627075195
train/PNEUMONIA/person429_bacteria_1870.jpeg,train,1,PNEUMONIA,1096,808,118.63365936279297,50.808773040771484
train/PNEUMONIA/person429_virus_877.jpeg,train,1,PNEUMONIA,1604,1044,118.82289123535156,72.96033477783203
train/PNEUMONIA/person430_virus_879.jpeg,train,1,PNEUMONIA,1008,670,84.70836639404297,36.196529388427734
train/PNEUMONIA/person431_bacteria_1872.jpeg,train,1,PNEUMONIA,1102,755,119.91419982910156,64.05196380615234
train/PNEUMONIA/person431_virus_880.jpeg,train,1,PNEUMONIA,1236,709,130.3399658203125,60.48653793334961
train/PNEUMONIA/person433_bacteria_1874.jpeg,train,1,PNEUMONIA,928,576,126.25410461425781,50.76850509643555
train/PNEUMONIA/person433_bacteria_1876.jpeg,train,1,PNEUMONIA,1040,528,120.83712005615234,58.9453239440918
train/PNEUMONIA/person433_virus_882.jpeg,train,1,PNEUMONIA,812,678,123.44275665283203,47.47856903076172
train/PNEUMONIA/person434_virus_884.jpeg,train,1,PNEUMONIA,851,704,152.33428955078125,41.586421966552734
train/PNEUMONIA/person435_bacteria_1879.jpeg,train,1,PNEUMONIA,1032,600,108.64533233642578,52.95061492919922
train/PNEUMONIA/person435_virus_885.jpeg,train,1,PNEUMONIA,1400,890,118.09156036376953,60.934967041015625
train/PNEUMONIA/person436_bacteria_1883.jpeg,train,1,PNEUMONIA,1508,1241,122.42725372314453,64.63102722167969
train/PNEUMONIA/person436_virus_886.jpeg,train,1,PNEUMONIA,1118,708,85.48065185546875,46.620452880859375
train/PNEUMONIA/person437_bacteria_1884.jpeg,train,1,PNEUMONIA,976,656,104.11109924316406,45.31435012817383
train/PNEUMONIA/person437_bacteria_1885.jpeg,train,1,PNEUMONIA,1072,832,117.76837921142578,52.328765869140625
train/PNEUMONIA/person437_bacteria_1886.jpeg,train,1,PNEUMONIA,1224,784,81.42755889892578,45.25986862182617
train/PNEUMONIA/person437_bacteria_1887.jpeg,train,1,PNEUMONIA,1008,608,128.8824005126953,48.78754425048828
train/PNEUMONIA/person437_virus_888.jpeg,train,1,PNEUMONIA,791,524,142.41610717773438,61.92890167236328
train/PNEUMONIA/person438_bacteria_1889.jpeg,train,1,PNEUMONIA,832,632,143.41709899902344,47.90763473510742
train/PNEUMONIA/person438_bacteria_1890.jpeg,train,1,PNEUMONIA,1016,672,95.79428100585938,50.6042594909668
train/PNEUMONIA/person438_bacteria_1892.jpeg,train,1,PNEUMONIA,896,624,105.6064224243164,50.58287811279297
train/PNEUMONIA/person438_bacteria_1893.jpeg,train,1,PNEUMONIA,832,672,108.79025268554688,47.74789810180664
train/PNEUMONIA/person438_virus_889.jpeg,train,1,PNEUMONIA,1310,786,95.4384994506836,68.3058853149414
train/PNEUMONIA/person439_bacteria_1895.jpeg,train,1,PNEUMONIA,1096,832,113.03700256347656,56.98528289794922
train/PNEUMONIA/person439_virus_890.jpeg,train,1,PNEUMONIA,936,648,103.75473022460938,35.714012145996094
train/PNEUMONIA/person439_virus_891.jpeg,train,1,PNEUMONIA,1224,712,105.4544906616211,49.58612823486328
train/PNEUMONIA/person43_bacteria_213.jpeg,train,1,PNEUMONIA,1216,736,143.83840942382812,48.74981689453125
train/PNEUMONIA/person43_bacteria_216.jpeg,train,1,PNEUMONIA,1232,744,89.27083587646484,43.086585998535156
train/PNEUMONIA/person440_bacteria_1897.jpeg,train,1,PNEUMONIA,1072,752,118.32684326171875,53.16426086425781
train/PNEUMONIA/person440_bacteria_1898.jpeg,train,1,PNEUMONIA,1016,816,122.61373901367188,57.360713958740234
train/PNEUMONIA/person440_virus_893.jpeg,train,1,PNEUMONIA,1168,840,86.06121826171875,41.232093811035156
train/PNEUMONIA/person441_bacteria_1900.jpeg,train,1,PNEUMONIA,920,608,133.005615234375,42.68425750732422
train/PNEUMONIA/person441_bacteria_1903.jpeg,train,1,PNEUMONIA,928,672,87.85030364990234,45.57544708251953
train/PNEUMONIA/person441_bacteria_1904.jpeg,train,1,PNEUMONIA,896,544,86.19083404541016,47.9210319519043
train/PNEUMONIA/person441_bacteria_1905.jpeg,train,1,PNEUMONIA,944,656,90.1932373046875,45.01795959472656
train/PNEUMONIA/person441_bacteria_1907.jpeg,train,1,PNEUMONIA,832,584,84.36031341552734,42.05046844482422
train/PNEUMONIA/person441_bacteria_1911.jpeg,train,1,PNEUMONIA,832,592,117.15296936035156,48.35688781738281
train/PNEUMONIA/person441_bacteria_1912.jpeg,train,1,PNEUMONIA,824,560,123.76250457763672,49.67863845825195
train/PNEUMONIA/person441_bacteria_1915.jpeg,train,1,PNEUMONIA,872,656,122.26913452148438,54.352455139160156
train/PNEUMONIA/person441_bacteria_1916.jpeg,train,1,PNEUMONIA,904,672,78.61273956298828,36.36872100830078
train/PNEUMONIA/person441_bacteria_1917.jpeg,train,1,PNEUMONIA,904,712,95.8893814086914,42.21598815917969
train/PNEUMONIA/person441_bacteria_1918.jpeg,train,1,PNEUMONIA,928,568,105.8046875,57.57952880859375
train/PNEUMONIA/person441_virus_894.jpeg,train,1,PNEUMONIA,1562,1051,91.11499786376953,46.79634094238281
train/PNEUMONIA/person441_virus_895.jpeg,train,1,PNEUMONIA,1328,712,120.42988586425781,43.33809280395508
train/PNEUMONIA/person441_virus_896.jpeg,train,1,PNEUMONIA,1336,888,97.82941436767578,44.39725875854492
train/PNEUMONIA/person442_virus_898.jpeg,train,1,PNEUMONIA,960,536,122.66529083251953,51.39399719238281
train/PNEUMONIA/person442_virus_899.jpeg,train,1,PNEUMONIA,1072,744,89.85891723632812,39.95292663574219
train/PNEUMONIA/person442_virus_900.jpeg,train,1,PNEUMONIA,976,720,131.71853637695312,46.16762924194336
train/PNEUMONIA/person442_virus_901.jpeg,train,1,PNEUMONIA,1120,736,114.73213195800781,49.20334243774414
train/PNEUMONIA/person442_virus_902.jpeg,train,1,PNEUMONIA,976,632,102.54766082763672,38.96439743041992
train/PNEUMONIA/person442_virus_903.jpeg,train,1,PNEUMONIA,1000,680,106.9914321899414,43.53187942504883
train/PNEUMONIA/person442_virus_904.jpeg,train,1,PNEUMONIA,1072,624,121.7052993774414,49.765628814697266
train/PNEUMONIA/person442_virus_905.jpeg,train,1,PNEUMONIA,1144,672,84.14813995361328,44.19253921508789
train/PNEUMONIA/person442_virus_906.jpeg,train,1,PNEUMONIA,944,560,119.41214752197266,45.76507568359375
train/PNEUMONIA/person443_bacteria_1923.jpeg,train,1,PNEUMONIA,1144,1072,101.52190399169922,52.41984939575195
train/PNEUMONIA/person443_bacteria_1924.jpeg,train,1,PNEUMONIA,1424,1056,76.18560028076172,41.887577056884766
train/PNEUMONIA/person443_bacteria_1926.jpeg,train,1,PNEUMONIA,1136,872,165.17225646972656,39.86586380004883
train/PNEUMONIA/person443_virus_908.jpeg,train,1,PNEUMONIA,1056,619,119.23002624511719,34.28030776977539
train/PNEUMONIA/person444_bacteria_1927.jpeg,train,1,PNEUMONIA,1272,1145,118.97611999511719,52.158199310302734
train/PNEUMONIA/person444_virus_911.jpeg,train,1,PNEUMONIA,1360,816,86.4473648071289,43.40855026245117
train/PNEUMONIA/person445_bacteria_1928.jpeg,train,1,PNEUMONIA,856,496,95.21009826660156,45.66690444946289
train/PNEUMONIA/person445_bacteria_1929.jpeg,train,1,PNEUMONIA,872,584,98.09679412841797,46.711402893066406
train/PNEUMONIA/person445_bacteria_1930.jpeg,train,1,PNEUMONIA,888,536,82.89126586914062,40.648433685302734
train/PNEUMONIA/person445_virus_912.jpeg,train,1,PNEUMONIA,1870,1287,130.45472717285156,59.349430084228516
train/PNEUMONIA/person445_virus_913.jpeg,train,1,PNEUMONIA,2052,1361,112.92164611816406,53.8527946472168
train/PNEUMONIA/person445_virus_914.jpeg,train,1,PNEUMONIA,1744,1200,140.49070739746094,54.7490348815918
train/PNEUMONIA/person445_virus_915.jpeg,train,1,PNEUMONIA,1552,1224,144.17694091796875,48.206993103027344
train/PNEUMONIA/person445_virus_916.jpeg,train,1,PNEUMONIA,1560,1272,102.0289535522461,54.301918029785156
train/PNEUMONIA/person445_virus_917.jpeg,train,1,PNEUMONIA,1640,936,137.53260803222656,54.35987854003906
train/PNEUMONIA/person445_virus_919.jpeg,train,1,PNEUMONIA,1760,1168,154.15135192871094,53.160621643066406
train/PNEUMONIA/person446_bacteria_1931.jpeg,train,1,PNEUMONIA,1176,856,102.54381561279297,49.421653747558594
train/PNEUMONIA/person446_virus_920.jpeg,train,1,PNEUMONIA,1238,635,113.48733520507812,69.32288360595703
train/PNEUMONIA/person447_virus_921_1.jpeg,train,1,PNEUMONIA,990,528,113.81660461425781,57.217098236083984
train/PNEUMONIA/person448_bacteria_1933.jpeg,train,1,PNEUMONIA,1104,792,101.32090759277344,48.23863220214844
train/PNEUMONIA/person448_bacteria_1934.jpeg,train,1,PNEUMONIA,1096,784,120.07173919677734,55.26250457763672
train/PNEUMONIA/person448_bacteria_1935.jpeg,train,1,PNEUMONIA,1112,824,78.11668395996094,33.214534759521484
train/PNEUMONIA/person448_bacteria_1936.jpeg,train,1,PNEUMONIA,1080,768,116.49691009521484,51.147003173828125
train/PNEUMONIA/person449_bacteria_1938.jpeg,train,1,PNEUMONIA,896,560,109.56005859375,45.66703414916992
train/PNEUMONIA/person449_bacteria_1939.jpeg,train,1,PNEUMONIA,1048,648,71.9111328125,31.756534576416016
train/PNEUMONIA/person449_bacteria_1940.jpeg,train,1,PNEUMONIA,888,536,99.42261505126953,42.349544525146484
train/PNEUMONIA/person44_bacteria_218.jpeg,train,1,PNEUMONIA,1696,1272,133.7057342529297,52.29706573486328
train/PNEUMONIA/person44_bacteria_219.jpeg,train,1,PNEUMONIA,1680,1328,133.44491577148438,53.40622329711914
train/PNEUMONIA/person450_bacteria_1941.jpeg,train,1,PNEUMONIA,1126,851,118.40271759033203,51.20693588256836
train/PNEUMONIA/person450_virus_931.jpeg,train,1,PNEUMONIA,1460,1067,111.90955352783203,53.12873077392578
train/PNEUMONIA/person451_bacteria_1942.jpeg,train,1,PNEUMONIA,1206,878,101.60093688964844,62.232418060302734
train/PNEUMONIA/person451_virus_932.jpeg,train,1,PNEUMONIA,1372,897,116.20426940917969,58.302589416503906
train/PNEUMONIA/person452_bacteria_1943.jpeg,train,1,PNEUMONIA,1256,767,84.84133911132812,56.862911224365234
train/PNEUMONIA/person453_virus_935.jpeg,train,1,PNEUMONIA,2273,1505,110.2833480834961,78.16204833984375
train/PNEUMONIA/person453_virus_936.jpeg,train,1,PNEUMONIA,1504,936,101.439453125,49.80739212036133
train/PNEUMONIA/person454_bacteria_1945.jpeg,train,1,PNEUMONIA,1026,573,88.9808578491211,45.32776641845703
train/PNEUMONIA/person454_virus_938.jpeg,train,1,PNEUMONIA,1953,1692,152.66497802734375,67.99961853027344
train/PNEUMONIA/person455_bacteria_1947.jpeg,train,1,PNEUMONIA,1024,680,146.60223388671875,45.83269119262695
train/PNEUMONIA/person456_bacteria_1948.jpeg,train,1,PNEUMONIA,1040,760,94.51061248779297,39.08560562133789
train/PNEUMONIA/person456_virus_943.jpeg,train,1,PNEUMONIA,1048,604,105.48271179199219,60.70375442504883
train/PNEUMONIA/person457_bacteria_1949.jpeg,train,1,PNEUMONIA,1697,1519,131.77529907226562,73.95100402832031
train/PNEUMONIA/person457_virus_944.jpeg,train,1,PNEUMONIA,1023,719,79.51182556152344,39.152671813964844
train/PNEUMONIA/person458_bacteria_1950.jpeg,train,1,PNEUMONIA,1016,720,103.54420471191406,55.48714828491211
train/PNEUMONIA/person458_bacteria_1951.jpeg,train,1,PNEUMONIA,816,616,132.7002410888672,54.48297882080078
train/PNEUMONIA/person458_bacteria_1952.jpeg,train,1,PNEUMONIA,896,680,128.74905395507812,59.9577751159668
train/PNEUMONIA/person458_bacteria_1953.jpeg,train,1,PNEUMONIA,936,728,105.0663070678711,53.500328063964844
train/PNEUMONIA/person458_bacteria_1954.jpeg,train,1,PNEUMONIA,824,712,131.45506286621094,52.67671585083008
train/PNEUMONIA/person458_virus_945.jpeg,train,1,PNEUMONIA,2051,1417,152.39450073242188,65.34725952148438
train/PNEUMONIA/person459_bacteria_1956.jpeg,train,1,PNEUMONIA,1016,680,121.64381408691406,50.50914001464844
train/PNEUMONIA/person459_bacteria_1957.jpeg,train,1,PNEUMONIA,1288,888,102.52668762207031,58.95979690551758
train/PNEUMONIA/person459_virus_947.jpeg,train,1,PNEUMONIA,2022,1577,160.09095764160156,44.973270416259766
train/PNEUMONIA/person45_bacteria_221.jpeg,train,1,PNEUMONIA,808,488,103.39667510986328,47.6256103515625
train/PNEUMONIA/person45_bacteria_222.jpeg,train,1,PNEUMONIA,1040,615,89.23539733886719,58.298255920410156
train/PNEUMONIA/person460_bacteria_1958.jpeg,train,1,PNEUMONIA,1184,824,124.0401840209961,50.89403533935547
train/PNEUMONIA/person461_bacteria_1960.jpeg,train,1,PNEUMONIA,1449,1140,160.42660522460938,61.759029388427734
train/PNEUMONIA/person461_virus_949.jpeg,train,1,PNEUMONIA,863,574,97.66541290283203,36.764461517333984
train/PNEUMONIA/person461_virus_950.jpeg,train,1,PNEUMONIA,1008,696,122.3869857788086,49.528438568115234
train/PNEUMONIA/person462_bacteria_1961.jpeg,train,1,PNEUMONIA,896,616,110.1426010131836,52.76970291137695
train/PNEUMONIA/person462_bacteria_1967.jpeg,train,1,PNEUMONIA,904,584,118.40379333496094,46.30473709106445
train/PNEUMONIA/person462_bacteria_1968.jpeg,train,1,PNEUMONIA,1092,736,165.58763122558594,59.52198028564453
train/PNEUMONIA/person462_virus_951.jpeg,train,1,PNEUMONIA,2126,1226,145.77589416503906,67.27587890625
train/PNEUMONIA/person463_bacteria_1971.jpeg,train,1,PNEUMONIA,944,616,130.2713165283203,47.13199996948242
train/PNEUMONIA/person463_virus_952.jpeg,train,1,PNEUMONIA,1248,736,110.65979766845703,48.273094177246094
train/PNEUMONIA/person463_virus_953.jpeg,train,1,PNEUMONIA,1306,844,105.32918548583984,48.80826187133789
train/PNEUMONIA/person464_bacteria_1974.jpeg,train,1,PNEUMONIA,1312,816,107.52782440185547,48.41448211669922
train/PNEUMONIA/person464_bacteria_1975.jpeg,train,1,PNEUMONIA,1384,1102,128.7689971923828,40.9304084777832
train/PNEUMONIA/person464_virus_954.jpeg,train,1,PNEUMONIA,819,519,142.99618530273438,49.96409606933594
train/PNEUMONIA/person464_virus_956.jpeg,train,1,PNEUMONIA,944,631,129.93841552734375,50.794334411621094
train/PNEUMONIA/person465_bacteria_1976.jpeg,train,1,PNEUMONIA,1096,896,126.6201171875,48.933265686035156
train/PNEUMONIA/person465_bacteria_1977.jpeg,train,1,PNEUMONIA,1000,672,149.45150756835938,40.200653076171875
train/PNEUMONIA/person465_bacteria_1979.jpeg,train,1,PNEUMONIA,1112,704,76.4071273803711,30.82811164855957
train/PNEUMONIA/person465_bacteria_1980.jpeg,train,1,PNEUMONIA,1080,584,113.93083190917969,45.68333053588867
train/PNEUMONIA/person465_bacteria_1981.jpeg,train,1,PNEUMONIA,1008,584,140.19908142089844,42.938140869140625
train/PNEUMONIA/person465_bacteria_1982.jpeg,train,1,PNEUMONIA,1329,810,157.39158630371094,53.7263069152832
train/PNEUMONIA/person465_virus_957.jpeg,train,1,PNEUMONIA,1488,893,102.48434448242188,56.28828811645508
train/PNEUMONIA/person466_bacteria_1984.jpeg,train,1,PNEUMONIA,650,378,122.43668365478516,41.59296798706055
train/PNEUMONIA/person466_bacteria_1986.jpeg,train,1,PNEUMONIA,1008,680,118.52330017089844,62.54901885986328
train/PNEUMONIA/person466_bacteria_1987.jpeg,train,1,PNEUMONIA,958,744,155.46070861816406,56.43815612792969
train/PNEUMONIA/person466_virus_960.jpeg,train,1,PNEUMONIA,1084,717,107.74507141113281,55.26859664916992
train/PNEUMONIA/person467_bacteria_1988.jpeg,train,1,PNEUMONIA,1160,816,112.75362396240234,50.8916130065918
train/PNEUMONIA/person467_bacteria_1989.jpeg,train,1,PNEUMONIA,1120,704,122.5593490600586,51.38802719116211
train/PNEUMONIA/person467_virus_961.jpeg,train,1,PNEUMONIA,2309,1915,110.25006103515625,62.79252243041992
train/PNEUMONIA/person468_bacteria_1990.jpeg,train,1,PNEUMONIA,1144,792,122.48969268798828,43.298770904541016
train/PNEUMONIA/person468_bacteria_1991.jpeg,train,1,PNEUMONIA,1526,1001,149.736083984375,54.51993942260742
train/PNEUMONIA/person468_virus_963.jpeg,train,1,PNEUMONIA,2094,1551,158.20545959472656,70.63240051269531
train/PNEUMONIA/person469_bacteria_1993.jpeg,train,1,PNEUMONIA,1128,808,136.29322814941406,51.807186126708984
train/PNEUMONIA/person469_bacteria_1994.jpeg,train,1,PNEUMONIA,1348,995,152.48391723632812,53.7520751953125
train/PNEUMONIA/person469_bacteria_1995.jpeg,train,1,PNEUMONIA,1255,883,145.90158081054688,53.89303207397461
train/PNEUMONIA/person469_virus_965.jpeg,train,1,PNEUMONIA,759,618,85.95222473144531,34.27018356323242
train/PNEUMONIA/person46_bacteria_224.jpeg,train,1,PNEUMONIA,1264,928,142.77618408203125,58.6699333190918
train/PNEUMONIA/person46_bacteria_225.jpeg,train,1,PNEUMONIA,1412,1029,121.43488311767578,60.27042007446289
train/PNEUMONIA/person470_bacteria_1996.jpeg,train,1,PNEUMONIA,1200,928,134.605224609375,55.711585998535156
train/PNEUMONIA/person470_bacteria_1998.jpeg,train,1,PNEUMONIA,1248,896,74.45787811279297,30.982126235961914
train/PNEUMONIA/person470_bacteria_1999.jpeg,train,1,PNEUMONIA,1224,904,111.2053451538086,46.97093200683594
train/PNEUMONIA/person470_bacteria_2000.jpeg,train,1,PNEUMONIA,1160,872,129.3450164794922,46.99281311035156
train/PNEUMONIA/person470_bacteria_2001.jpeg,train,1,PNEUMONIA,1160,800,118.88407135009766,48.26997375488281
train/PNEUMONIA/person470_bacteria_2002.jpeg,train,1,PNEUMONIA,1350,1045,120.556396484375,53.21653366088867
train/PNEUMONIA/person470_bacteria_2003.jpeg,train,1,PNEUMONIA,1534,1064,118.22528839111328,64.36489868164062
train/PNEUMONIA/person470_virus_966.jpeg,train,1,PNEUMONIA,795,612,138.79989624023438,39.51873779296875
train/PNEUMONIA/person471_bacteria_2004.jpeg,train,1,PNEUMONIA,1184,656,94.08355712890625,48.46605682373047
train/PNEUMONIA/person471_bacteria_2005.jpeg,train,1,PNEUMONIA,1104,736,123.91502380371094,50.27936935424805
train/PNEUMONIA/person471_bacteria_2006.jpeg,train,1,PNEUMONIA,1170,889,146.63330078125,49.855979919433594
train/PNEUMONIA/person471_virus_967.jpeg,train,1,PNEUMONIA,806,554,141.1040496826172,34.602664947509766
train/PNEUMONIA/person471_virus_968.jpeg,train,1,PNEUMONIA,831,603,147.9795379638672,43.85234832763672
train/PNEUMONIA/person472_bacteria_2007.jpeg,train,1,PNEUMONIA,966,619,121.38204193115234,40.2965087890625
train/PNEUMONIA/person472_bacteria_2008.jpeg,train,1,PNEUMONIA,1120,680,120.85768127441406,47.58749008178711
train/PNEUMONIA/person472_bacteria_2014.jpeg,train,1,PNEUMONIA,1088,648,116.11601257324219,47.44462585449219
train/PNEUMONIA/person472_bacteria_2015.jpeg,train,1,PNEUMONIA,1096,624,146.48915100097656,50.19667434692383
train/PNEUMONIA/person472_virus_969.jpeg,train,1,PNEUMONIA,1870,1282,114.57220458984375,65.77975463867188
train/PNEUMONIA/person473_bacteria_2018.jpeg,train,1,PNEUMONIA,1152,672,128.33309936523438,47.40574264526367
train/PNEUMONIA/person474_virus_971.jpeg,train,1,PNEUMONIA,1424,976,142.38282775878906,63.16445541381836
train/PNEUMONIA/person475_bacteria_2020.jpeg,train,1,PNEUMONIA,1096,712,111.89067077636719,45.483360290527344
train/PNEUMONIA/person475_bacteria_2022.jpeg,train,1,PNEUMONIA,1128,768,131.3963165283203,58.93752670288086
train/PNEUMONIA/person475_bacteria_2023.jpeg,train,1,PNEUMONIA,1080,728,115.58177185058594,51.007240295410156
train/PNEUMONIA/person475_bacteria_2024.jpeg,train,1,PNEUMONIA,1072,744,109.55132293701172,46.82604217529297
train/PNEUMONIA/person475_bacteria_2025.jpeg,train,1,PNEUMONIA,1411,915,115.68853759765625,61.896278381347656
train/PNEUMONIA/person475_virus_972.jpeg,train,1,PNEUMONIA,1120,808,138.9197540283203,50.8969612121582
train/PNEUMONIA/person476_bacteria_2026.jpeg,train,1,PNEUMONIA,1450,947,116.9967041015625,66.15477752685547
train/PNEUMONIA/person477_bacteria_2028.jpeg,train,1,PNEUMONIA,1264,904,127.71952056884766,53.992149353027344
train/PNEUMONIA/person477_bacteria_2029.jpeg,train,1,PNEUMONIA,1160,1032,130.51885986328125,52.523162841796875
train/PNEUMONIA/person477_bacteria_2030.jpeg,train,1,PNEUMONIA,1232,984,112.6950454711914,52.8464469909668
train/PNEUMONIA/person477_bacteria_2031.jpeg,train,1,PNEUMONIA,1662,1585,113.30127716064453,63.66577911376953
train/PNEUMONIA/person478_bacteria_2032.jpeg,train,1,PNEUMONIA,1096,760,145.3317413330078,48.98259735107422
train/PNEUMONIA/person478_virus_975.jpeg,train,1,PNEUMONIA,1224,888,121.59295654296875,60.78632354736328
train/PNEUMONIA/person479_virus_978.jpeg,train,1,PNEUMONIA,1520,1080,137.9122772216797,64.45874786376953
train/PNEUMONIA/person47_bacteria_229.jpeg,train,1,PNEUMONIA,1318,820,99.92669677734375,51.39873504638672
train/PNEUMONIA/person480_bacteria_2038.jpeg,train,1,PNEUMONIA,1200,808,135.54107666015625,54.06683349609375
train/PNEUMONIA/person480_bacteria_2039.jpeg,train,1,PNEUMONIA,1056,760,146.76344299316406,52.18821334838867
train/PNEUMONIA/person480_bacteria_2040.jpeg,train,1,PNEUMONIA,1221,793,154.7572784423828,53.53839111328125
train/PNEUMONIA/person480_virus_981.jpeg,train,1,PNEUMONIA,788,496,139.19871520996094,47.505619049072266
train/PNEUMONIA/person481_bacteria_2041.jpeg,train,1,PNEUMONIA,1400,1088,137.87246704101562,58.33098220825195
train/PNEUMONIA/person481_bacteria_2042.jpeg,train,1,PNEUMONIA,1512,1178,139.04319763183594,54.526695251464844
train/PNEUMONIA/person482_bacteria_2044.jpeg,train,1,PNEUMONIA,992,576,129.5542449951172,55.161781311035156
train/PNEUMONIA/person482_bacteria_2045.jpeg,train,1,PNEUMONIA,1164,844,121.05506896972656,66.20148468017578
train/PNEUMONIA/person482_virus_984.jpeg,train,1,PNEUMONIA,1640,1328,126.73699951171875,66.00730895996094
train/PNEUMONIA/person483_bacteria_2046.jpeg,train,1,PNEUMONIA,1040,752,145.22825622558594,50.002906799316406
train/PNEUMONIA/person484_virus_986.jpeg,train,1,PNEUMONIA,1016,648,138.12547302246094,55.55125045776367
train/PNEUMONIA/person485_bacteria_2049.jpeg,train,1,PNEUMONIA,2334,1956,112.64013671875,51.186893463134766
train/PNEUMONIA/person485_virus_988.jpeg,train,1,PNEUMONIA,1136,680,112.5591812133789,56.80852127075195
train/PNEUMONIA/person486_bacteria_2051.jpeg,train,1,PNEUMONIA,1096,776,153.20408630371094,50.3303337097168
train/PNEUMONIA/person486_bacteria_2052.jpeg,train,1,PNEUMONIA,1168,808,141.80593872070312,55.11052322387695
train/PNEUMONIA/person486_bacteria_2053.jpeg,train,1,PNEUMONIA,1294,1052,134.0693359375,65.19398498535156
train/PNEUMONIA/person486_bacteria_2054.jpeg,train,1,PNEUMONIA,1284,1076,139.91549682617188,54.676116943359375
train/PNEUMONIA/person486_virus_990.jpeg,train,1,PNEUMONIA,1264,688,115.8699722290039,61.813140869140625
train/PNEUMONIA/person487_bacteria_2055.jpeg,train,1,PNEUMONIA,1360,1000,149.51150512695312,52.60785675048828
train/PNEUMONIA/person487_bacteria_2056.jpeg,train,1,PNEUMONIA,1528,1176,130.33966064453125,59.279388427734375
train/PNEUMONIA/person487_bacteria_2057.jpeg,train,1,PNEUMONIA,1304,984,129.39048767089844,60.122657775878906
train/PNEUMONIA/person487_bacteria_2058.jpeg,train,1,PNEUMONIA,1256,1072,94.78670501708984,49.177574157714844
train/PNEUMONIA/person487_bacteria_2059.jpeg,train,1,PNEUMONIA,1248,904,146.00259399414062,48.5150032043457
train/PNEUMONIA/person487_bacteria_2060.jpeg,train,1,PNEUMONIA,1534,1203,122.3421859741211,59.22724151611328
train/PNEUMONIA/person487_virus_991.jpeg,train,1,PNEUMONIA,1072,552,114.52233123779297,69.31134796142578
train/PNEUMONIA/person488_bacteria_2061.jpeg,train,1,PNEUMONIA,1216,944,121.2082290649414,44.220481872558594
train/PNEUMONIA/person488_bacteria_2062.jpeg,train,1,PNEUMONIA,1704,1156,129.51129150390625,61.66023635864258
train/PNEUMONIA/person488_virus_992.jpeg,train,1,PNEUMONIA,1656,1120,124.59346008300781,69.5982894897461
train/PNEUMONIA/person489_bacteria_2063.jpeg,train,1,PNEUMONIA,1288,768,104.60985565185547,58.50692367553711
train/PNEUMONIA/person489_bacteria_2064.jpeg,train,1,PNEUMONIA,1040,576,76.45124816894531,33.62533950805664
train/PNEUMONIA/person489_bacteria_2065.jpeg,train,1,PNEUMONIA,1032,600,125.17308044433594,56.30040740966797
train/PNEUMONIA/person489_bacteria_2066.jpeg,train,1,PNEUMONIA,1132,766,104.12716674804688,54.50394058227539
train/PNEUMONIA/person489_bacteria_2067.jpeg,train,1,PNEUMONIA,1296,844,87.44830322265625,61.1095085144043
train/PNEUMONIA/person489_virus_994.jpeg,train,1,PNEUMONIA,928,670,146.9103546142578,40.51895523071289
train/PNEUMONIA/person489_virus_995.jpeg,train,1,PNEUMONIA,659,363,154.03369140625,47.153602600097656
train/PNEUMONIA/person48_bacteria_231.jpeg,train,1,PNEUMONIA,960,816,125.2179946899414,55.275970458984375
train/PNEUMONIA/person48_bacteria_232.jpeg,train,1,PNEUMONIA,1240,776,90.37391662597656,49.38255310058594
train/PNEUMONIA/person48_bacteria_233.jpeg,train,1,PNEUMONIA,1144,790,113.01189422607422,59.503231048583984
train/PNEUMONIA/person490_bacteria_2068.jpeg,train,1,PNEUMONIA,1080,800,100.90263366699219,45.090816497802734
train/PNEUMONIA/person490_bacteria_2069.jpeg,train,1,PNEUMONIA,1426,951,88.75753021240234,53.816383361816406
train/PNEUMONIA/person490_bacteria_2070.jpeg,train,1,PNEUMONIA,1384,852,104.07756805419922,65.28396606445312
train/PNEUMONIA/person490_virus_996.jpeg,train,1,PNEUMONIA,1256,776,141.6660614013672,77.73886108398438
train/PNEUMONIA/person491_bacteria_2071.jpeg,train,1,PNEUMONIA,1190,901,112.13739013671875,56.11690902709961
train/PNEUMONIA/person491_bacteria_2073.jpeg,train,1,PNEUMONIA,1016,696,109.24861145019531,46.08476257324219
train/PNEUMONIA/person491_bacteria_2075.jpeg,train,1,PNEUMONIA,1008,736,115.2709732055664,49.977054595947266
train/PNEUMONIA/person491_bacteria_2080.jpeg,train,1,PNEUMONIA,1016,664,79.65338897705078,30.98858642578125
train/PNEUMONIA/person491_bacteria_2081.jpeg,train,1,PNEUMONIA,1016,680,121.58099365234375,51.885902404785156
train/PNEUMONIA/person491_bacteria_2082.jpeg,train,1,PNEUMONIA,1096,832,83.03529357910156,41.83492660522461
train/PNEUMONIA/person491_virus_997.jpeg,train,1,PNEUMONIA,1072,504,106.20368194580078,62.49509811401367
train/PNEUMONIA/person492_bacteria_2084.jpeg,train,1,PNEUMONIA,1064,680,148.22708129882812,46.11109161376953
train/PNEUMONIA/person492_bacteria_2085.jpeg,train,1,PNEUMONIA,1342,951,100.79239654541016,70.71467590332031
train/PNEUMONIA/person492_virus_998.jpeg,train,1,PNEUMONIA,1448,1064,124.7686767578125,55.76906204223633
train/PNEUMONIA/person493_bacteria_2086.jpeg,train,1,PNEUMONIA,1184,688,124.74470520019531,51.87322235107422
train/PNEUMONIA/person493_bacteria_2087.jpeg,train,1,PNEUMONIA,1450,809,106.61080932617188,64.29704284667969
train/PNEUMONIA/person493_virus_999.jpeg,train,1,PNEUMONIA,1272,752,104.7561264038086,59.619773864746094
train/PNEUMONIA/person494_bacteria_2088.jpeg,train,1,PNEUMONIA,1580,1493,123.8924331665039,64.92648315429688
train/PNEUMONIA/person494_bacteria_2089.jpeg,train,1,PNEUMONIA,1280,896,125.20812225341797,53.47609329223633
train/PNEUMONIA/person494_bacteria_2090.jpeg,train,1,PNEUMONIA,1320,976,158.35292053222656,47.7502326965332
train/PNEUMONIA/person494_virus_1000.jpeg,train,1,PNEUMONIA,1120,680,130.8143768310547,61.00797653198242
train/PNEUMONIA/person495_bacteria_2094.jpeg,train,1,PNEUMONIA,796,469,138.13780212402344,36.339595794677734
train/PNEUMONIA/person495_virus_1001.jpeg,train,1,PNEUMONIA,1152,632,117.86454772949219,72.65003967285156
train/PNEUMONIA/person496_bacteria_2095.jpeg,train,1,PNEUMONIA,1690,1187,132.92698669433594,57.360328674316406
train/PNEUMONIA/person496_virus_1003.jpeg,train,1,PNEUMONIA,1544,1392,145.40432739257812,59.845909118652344
train/PNEUMONIA/person497_virus_1005.jpeg,train,1,PNEUMONIA,1472,1192,141.78448486328125,63.51568603515625
train/PNEUMONIA/person498_bacteria_2100.jpeg,train,1,PNEUMONIA,1398,1121,104.85114288330078,59.641448974609375
train/PNEUMONIA/person498_bacteria_2101.jpeg,train,1,PNEUMONIA,1478,1261,106.04572296142578,63.811065673828125
train/PNEUMONIA/person498_bacteria_2102.jpeg,train,1,PNEUMONIA,1538,1137,122.86390686035156,67.02125549316406
train/PNEUMONIA/person498_virus_1007.jpeg,train,1,PNEUMONIA,1216,672,117.47168731689453,72.33818817138672
train/PNEUMONIA/person499_bacteria_2103.jpeg,train,1,PNEUMONIA,1088,800,119.85575866699219,47.73342514038086
train/PNEUMONIA/person499_bacteria_2104.jpeg,train,1,PNEUMONIA,1280,963,120.4604721069336,56.01274108886719
train/PNEUMONIA/person499_virus_1008.jpeg,train,1,PNEUMONIA,1424,968,129.8397979736328,71.71309661865234
train/PNEUMONIA/person49_bacteria_235.jpeg,train,1,PNEUMONIA,1000,704,111.90570831298828,44.12588882446289
train/PNEUMONIA/person49_bacteria_236.jpeg,train,1,PNEUMONIA,1192,760,123.24972534179688,55.610355377197266
train/PNEUMONIA/person49_bacteria_237.jpeg,train,1,PNEUMONIA,1356,805,127.82778930664062,66.06263732910156
train/PNEUMONIA/person500_bacteria_2105.jpeg,train,1,PNEUMONIA,1080,808,124.0803451538086,51.10612487792969
train/PNEUMONIA/person500_bacteria_2106.jpeg,train,1,PNEUMONIA,1192,760,69.30219268798828,31.52470588684082
train/PNEUMONIA/person500_bacteria_2107.jpeg,train,1,PNEUMONIA,666,441,136.54150390625,43.29557418823242
train/PNEUMONIA/person500_bacteria_2108.jpeg,train,1,PNEUMONIA,1152,744,110.52261352539062,51.44684982299805
train/PNEUMONIA/person500_bacteria_2109.jpeg,train,1,PNEUMONIA,1104,656,135.19711303710938,55.51003646850586
train/PNEUMONIA/person500_bacteria_2110.jpeg,train,1,PNEUMONIA,1112,744,120.03860473632812,49.15827178955078
train/PNEUMONIA/person500_bacteria_2111.jpeg,train,1,PNEUMONIA,1338,851,118.36155700683594,62.903648376464844
train/PNEUMONIA/person500_virus_1009.jpeg,train,1,PNEUMONIA,968,632,109.18111419677734,60.18157958984375
train/PNEUMONIA/person501_bacteria_2112.jpeg,train,1,PNEUMONIA,1088,848,112.67097473144531,50.83134841918945
train/PNEUMONIA/person501_bacteria_2113.jpeg,train,1,PNEUMONIA,1176,856,67.09366607666016,35.246009826660156
train/PNEUMONIA/person501_bacteria_2116.jpeg,train,1,PNEUMONIA,1240,932,111.38528442382812,52.606773376464844
train/PNEUMONIA/person501_virus_1010.jpeg,train,1,PNEUMONIA,1584,1024,119.43428802490234,67.40847778320312
train/PNEUMONIA/person502_bacteria_2117.jpeg,train,1,PNEUMONIA,960,688,125.59662628173828,49.61355972290039
train/PNEUMONIA/person502_bacteria_2118.jpeg,train,1,PNEUMONIA,1016,680,108.51972198486328,48.722843170166016
train/PNEUMONIA/person502_bacteria_2119.jpeg,train,1,PNEUMONIA,968,696,145.34945678710938,50.41087341308594
train/PNEUMONIA/person502_bacteria_2120.jpeg,train,1,PNEUMONIA,1112,720,101.71223449707031,51.2554817199707
train/PNEUMONIA/person502_bacteria_2121.jpeg,train,1,PNEUMONIA,1096,808,73.22441864013672,37.98298645019531
train/PNEUMONIA/person502_bacteria_2122.jpeg,train,1,PNEUMONIA,1024,744,98.28649139404297,51.032615661621094
train/PNEUMONIA/person502_bacteria_2123.jpeg,train,1,PNEUMONIA,1140,786,124.60138702392578,63.657379150390625
train/PNEUMONIA/person502_virus_1011.jpeg,train,1,PNEUMONIA,703,511,163.0509490966797,52.33389663696289
train/PNEUMONIA/person502_virus_1012.jpeg,train,1,PNEUMONIA,668,375,133.0657196044922,56.050785064697266
train/PNEUMONIA/person503_bacteria_2125.jpeg,train,1,PNEUMONIA,1208,856,121.7265625,49.70756912231445
train/PNEUMONIA/person503_bacteria_2126.jpeg,train,1,PNEUMONIA,1530,1140,116.48271179199219,55.38991928100586
train/PNEUMONIA/person503_virus_1013.jpeg,train,1,PNEUMONIA,1296,872,82.05724334716797,50.27075958251953
train/PNEUMONIA/person504_bacteria_2132.jpeg,train,1,PNEUMONIA,974,766,89.83241271972656,50.27661895751953
train/PNEUMONIA/person504_bacteria_2133.jpeg,train,1,PNEUMONIA,1072,658,95.59563446044922,64.15078735351562
train/PNEUMONIA/person505_bacteria_2135.jpeg,train,1,PNEUMONIA,1592,1106,115.54287719726562,65.11199188232422
train/PNEUMONIA/person505_virus_1017.jpeg,train,1,PNEUMONIA,1176,784,118.6352767944336,63.20393371582031
train/PNEUMONIA/person506_bacteria_2136.jpeg,train,1,PNEUMONIA,1064,792,162.83816528320312,47.2084846496582
train/PNEUMONIA/person506_bacteria_2138.jpeg,train,1,PNEUMONIA,1450,913,118.49640655517578,63.04941177368164
train/PNEUMONIA/person506_virus_1018.jpeg,train,1,PNEUMONIA,1328,768,123.22099304199219,60.67237091064453
train/PNEUMONIA/person507_bacteria_2140.jpeg,train,1,PNEUMONIA,1200,816,104.5368881225586,58.440338134765625
train/PNEUMONIA/person507_bacteria_2141.jpeg,train,1,PNEUMONIA,968,576,128.50625610351562,57.34894561767578
train/PNEUMONIA/person507_virus_1019.jpeg,train,1,PNEUMONIA,1456,808,127.44831085205078,65.38575744628906
train/PNEUMONIA/person508_bacteria_2142.jpeg,train,1,PNEUMONIA,1168,792,79.74049377441406,37.91379165649414
train/PNEUMONIA/person508_bacteria_2143.jpeg,train,1,PNEUMONIA,1232,816,117.85287475585938,52.51544189453125
train/PNEUMONIA/person508_bacteria_2144.jpeg,train,1,PNEUMONIA,1406,879,118.27040100097656,59.94546127319336
train/PNEUMONIA/person508_virus_1021.jpeg,train,1,PNEUMONIA,764,515,149.57923889160156,49.573490142822266
train/PNEUMONIA/person509_bacteria_2145.jpeg,train,1,PNEUMONIA,1176,952,80.38232421875,38.77650451660156
train/PNEUMONIA/person509_bacteria_2146.jpeg,train,1,PNEUMONIA,1310,797,142.4669952392578,60.23383331298828
train/PNEUMONIA/person509_virus_1024.jpeg,train,1,PNEUMONIA,926,606,137.75653076171875,49.59990692138672
train/PNEUMONIA/person509_virus_1025.jpeg,train,1,PNEUMONIA,1256,720,113.79020690917969,52.95298767089844
train/PNEUMONIA/person50_bacteria_238.jpeg,train,1,PNEUMONIA,1416,1016,119.34137725830078,58.12229919433594
train/PNEUMONIA/person510_bacteria_2147.jpeg,train,1,PNEUMONIA,1000,896,124.86866760253906,50.49310302734375
train/PNEUMONIA/person510_bacteria_2148.jpeg,train,1,PNEUMONIA,1320,808,92.29878234863281,51.69080352783203
train/PNEUMONIA/person510_bacteria_2149.jpeg,train,1,PNEUMONIA,1024,672,113.69249725341797,48.981441497802734
train/PNEUMONIA/person510_bacteria_2150.jpeg,train,1,PNEUMONIA,1246,998,136.24484252929688,62.50667190551758
train/PNEUMONIA/person510_virus_1026.jpeg,train,1,PNEUMONIA,1136,576,122.29624938964844,67.04150390625
train/PNEUMONIA/person511_bacteria_2152.jpeg,train,1,PNEUMONIA,920,608,136.94342041015625,45.79783630371094
train/PNEUMONIA/person511_bacteria_2153.jpeg,train,1,PNEUMONIA,1198,874,114.62355041503906,67.46060180664062
train/PNEUMONIA/person511_virus_1027.jpeg,train,1,PNEUMONIA,699,454,134.9560546875,60.309757232666016
train/PNEUMONIA/person512_bacteria_2154.jpeg,train,1,PNEUMONIA,984,592,121.36109924316406,52.711883544921875
train/PNEUMONIA/person513_virus_1030.jpeg,train,1,PNEUMONIA,1488,1144,130.15536499023438,54.922061920166016
train/PNEUMONIA/person514_bacteria_2184.jpeg,train,1,PNEUMONIA,1176,784,108.67107391357422,48.42063522338867
train/PNEUMONIA/person514_virus_1031.jpeg,train,1,PNEUMONIA,766,470,115.22865295410156,43.92139434814453
train/PNEUMONIA/person515_bacteria_2186.jpeg,train,1,PNEUMONIA,1072,648,100.12828063964844,54.33548355102539
train/PNEUMONIA/person515_bacteria_2187.jpeg,train,1,PNEUMONIA,1016,584,97.84795379638672,46.39531326293945
train/PNEUMONIA/person515_bacteria_2188.jpeg,train,1,PNEUMONIA,992,608,107.40946197509766,52.91009521484375
train/PNEUMONIA/person515_bacteria_2189.jpeg,train,1,PNEUMONIA,1008,552,101.04609680175781,47.62762451171875
train/PNEUMONIA/person515_bacteria_2190.jpeg,train,1,PNEUMONIA,998,747,109.92253112792969,53.0020751953125
train/PNEUMONIA/person515_virus_1032.jpeg,train,1,PNEUMONIA,1136,680,101.99807739257812,60.830196380615234
train/PNEUMONIA/person516_bacteria_2191.jpeg,train,1,PNEUMONIA,649,334,120.96855926513672,42.373512268066406
train/PNEUMONIA/person516_virus_1033.jpeg,train,1,PNEUMONIA,1120,648,129.40383911132812,59.25734329223633
train/PNEUMONIA/person517_bacteria_2196.jpeg,train,1,PNEUMONIA,1446,1029,137.3394317626953,55.369712829589844
train/PNEUMONIA/person517_virus_1034.jpeg,train,1,PNEUMONIA,1384,864,121.3697738647461,67.13818359375
train/PNEUMONIA/person518_bacteria_2197.jpeg,train,1,PNEUMONIA,1312,976,104.70172882080078,55.311702728271484
train/PNEUMONIA/person518_bacteria_2198.jpeg,train,1,PNEUMONIA,1192,792,106.59693145751953,51.53905487060547
train/PNEUMONIA/person518_bacteria_2199.jpeg,train,1,PNEUMONIA,1128,648,135.34327697753906,54.14594268798828
train/PNEUMONIA/person518_bacteria_2200.jpeg,train,1,PNEUMONIA,1298,921,121.78251647949219,65.80054473876953
train/PNEUMONIA/person518_virus_1036.jpeg,train,1,PNEUMONIA,1280,968,134.2671356201172,63.1988525390625
train/PNEUMONIA/person519_virus_1038.jpeg,train,1,PNEUMONIA,1440,1168,135.9276123046875,72.61772918701172
train/PNEUMONIA/person51_bacteria_239.jpeg,train,1,PNEUMONIA,1304,832,112.4632339477539,65.43058013916016
train/PNEUMONIA/person51_bacteria_240.jpeg,train,1,PNEUMONIA,1024,696,108.9979019165039,45.832374572753906
train/PNEUMONIA/person51_bacteria_241.jpeg,train,1,PNEUMONIA,1272,920,139.26612854003906,58.13098907470703
train/PNEUMONIA/person51_bacteria_243.jpeg,train,1,PNEUMONIA,952,744,150.26931762695312,36.94047546386719
train/PNEUMONIA/person51_bacteria_244.jpeg,train,1,PNEUMONIA,1120,704,141.41067504882812,50.83406066894531
train/PNEUMONIA/person51_bacteria_245.jpeg,train,1,PNEUMONIA,1040,848,104.10218048095703,48.8253059387207
train/PNEUMONIA/person51_bacteria_246.jpeg,train,1,PNEUMONIA,1016,752,145.62704467773438,42.71544647216797
train/PNEUMONIA/person51_bacteria_248.jpeg,train,1,PNEUMONIA,1404,1006,92.94474029541016,59.30143356323242
train/PNEUMONIA/person520_bacteria_2203.jpeg,train,1,PNEUMONIA,1168,704,74.28562927246094,44.43467330932617
train/PNEUMONIA/person520_bacteria_2204.jpeg,train,1,PNEUMONIA,1000,704,123.98038482666016,52.32117462158203
train/PNEUMONIA/person520_bacteria_2205.jpeg,train,1,PNEUMONIA,1260,863,107.02459716796875,60.48731231689453
train/PNEUMONIA/person520_virus_1039.jpeg,train,1,PNEUMONIA,1448,976,119.92903137207031,58.96318054199219
train/PNEUMONIA/person521_virus_1040.jpeg,train,1,PNEUMONIA,952,568,106.54597473144531,56.52309036254883
train/PNEUMONIA/person522_bacteria_2210.jpeg,train,1,PNEUMONIA,1304,832,135.68017578125,55.85676574707031
train/PNEUMONIA/person522_virus_1041.jpeg,train,1,PNEUMONIA,942,537,122.15007019042969,50.18465042114258
train/PNEUMONIA/person523_virus_1043.jpeg,train,1,PNEUMONIA,1416,1072,146.73727416992188,63.91002655029297
train/PNEUMONIA/person524_virus_1045.jpeg,train,1,PNEUMONIA,1072,648,129.10292053222656,50.62546920776367
train/PNEUMONIA/person525_bacteria_2216.jpeg,train,1,PNEUMONIA,827,463,152.6183319091797,48.83806610107422
train/PNEUMONIA/person525_bacteria_2217.jpeg,train,1,PNEUMONIA,976,624,134.6631317138672,53.778175354003906
train/PNEUMONIA/person525_bacteria_2218.jpeg,train,1,PNEUMONIA,928,688,138.5652313232422,55.0833625793457
train/PNEUMONIA/person525_bacteria_2220.jpeg,train,1,PNEUMONIA,1218,789,109.87055206298828,65.49839782714844
train/PNEUMONIA/person525_virus_1046.jpeg,train,1,PNEUMONIA,1072,576,117.16432189941406,62.44166946411133
train/PNEUMONIA/person526_bacteria_2221.jpeg,train,1,PNEUMONIA,817,531,153.62326049804688,38.46432876586914
train/PNEUMONIA/person527_bacteria_2225.jpeg,train,1,PNEUMONIA,1176,800,106.57950592041016,48.13738250732422
train/PNEUMONIA/person527_bacteria_2226.jpeg,train,1,PNEUMONIA,1346,902,125.74368286132812,57.70661163330078
train/PNEUMONIA/person527_virus_1048.jpeg,train,1,PNEUMONIA,1104,656,107.15237426757812,51.44317626953125
train/PNEUMONIA/person528_virus_1049.jpeg,train,1,PNEUMONIA,1168,816,106.50170135498047,64.33390808105469
train/PNEUMONIA/person529_bacteria_2228.jpeg,train,1,PNEUMONIA,976,648,124.96424865722656,46.034969329833984
train/PNEUMONIA/person529_bacteria_2229.jpeg,train,1,PNEUMONIA,936,744,122.86991119384766,53.602603912353516
train/PNEUMONIA/person529_bacteria_2230.jpeg,train,1,PNEUMONIA,1098,759,135.35072326660156,53.76947021484375
train/PNEUMONIA/person529_virus_1050.jpeg,train,1,PNEUMONIA,1296,816,102.76895141601562,61.19047927856445
train/PNEUMONIA/person52_bacteria_249.jpeg,train,1,PNEUMONIA,1400,840,127.5234375,56.43952560424805
train/PNEUMONIA/person530_bacteria_2231.jpeg,train,1,PNEUMONIA,848,616,115.10662078857422,48.840274810791016
train/PNEUMONIA/person530_bacteria_2233.jpeg,train,1,PNEUMONIA,1010,676,174.36468505859375,30.503278732299805
train/PNEUMONIA/person530_virus_1052.jpeg,train,1,PNEUMONIA,1320,936,139.29754638671875,60.84371566772461
train/PNEUMONIA/person531_bacteria_2235.jpeg,train,1,PNEUMONIA,920,744,124.64644622802734,53.54441833496094
train/PNEUMONIA/person531_bacteria_2236.jpeg,train,1,PNEUMONIA,880,632,80.38533020019531,31.59689712524414
train/PNEUMONIA/person531_bacteria_2237.jpeg,train,1,PNEUMONIA,888,712,127.2962646484375,50.20921325683594
train/PNEUMONIA/person531_bacteria_2238.jpeg,train,1,PNEUMONIA,1248,776,119.11714172363281,61.84000015258789
train/PNEUMONIA/person531_bacteria_2239.jpeg,train,1,PNEUMONIA,976,640,122.45011138916016,52.07857131958008
train/PNEUMONIA/person531_bacteria_2240.jpeg,train,1,PNEUMONIA,984,680,98.48168182373047,48.830074310302734
train/PNEUMONIA/person531_bacteria_2241.jpeg,train,1,PNEUMONIA,968,648,141.52516174316406,47.50884246826172
train/PNEUMONIA/person531_bacteria_2242.jpeg,train,1,PNEUMONIA,1144,936,121.25894165039062,62.18065643310547
train/PNEUMONIA/person531_virus_1053.jpeg,train,1,PNEUMONIA,1312,776,135.93038940429688,69.12476348876953
train/PNEUMONIA/person532_virus_1054.jpeg,train,1,PNEUMONIA,931,586,125.96646881103516,54.92131805419922
train/PNEUMONIA/person533_bacteria_2245.jpeg,train,1,PNEUMONIA,1048,608,106.37745666503906,55.97153091430664
train/PNEUMONIA/person533_bacteria_2250.jpeg,train,1,PNEUMONIA,976,600,144.1872100830078,45.96424102783203
train/PNEUMONIA/person534_bacteria_2251.jpeg,train,1,PNEUMONIA,1322,1037,109.4388198852539,62.23246383666992
train/PNEUMONIA/person534_bacteria_2252.jpeg,train,1,PNEUMONIA,1160,752,106.70594787597656,47.65841293334961
train/PNEUMONIA/person534_bacteria_2253.jpeg,train,1,PNEUMONIA,1024,872,144.37757873535156,49.237953186035156
train/PNEUMONIA/person534_virus_1061.jpeg,train,1,PNEUMONIA,984,656,126.72676849365234,61.17915344238281
train/PNEUMONIA/person535_bacteria_2255.jpeg,train,1,PNEUMONIA,1944,1555,121.40918731689453,71.81312561035156
train/PNEUMONIA/person535_bacteria_2256.jpeg,train,1,PNEUMONIA,1840,1350,103.72160339355469,67.7913818359375
train/PNEUMONIA/person536_bacteria_2257.jpeg,train,1,PNEUMONIA,1112,784,140.6295623779297,45.1076545715332
train/PNEUMONIA/person536_bacteria_2258.jpeg,train,1,PNEUMONIA,1232,1000,122.88105010986328,56.43193817138672
train/PNEUMONIA/person536_bacteria_2259.jpeg,train,1,PNEUMONIA,1104,776,133.8810577392578,53.00227737426758
train/PNEUMONIA/person536_bacteria_2260.jpeg,train,1,PNEUMONIA,1176,760,142.2006378173828,53.15057373046875
train/PNEUMONIA/person536_virus_1064.jpeg,train,1,PNEUMONIA,896,578,156.4774932861328,49.94902801513672
train/PNEUMONIA/person536_virus_1065.jpeg,train,1,PNEUMONIA,1084,618,128.6761932373047,53.642921447753906
train/PNEUMONIA/person537_bacteria_2261.jpeg,train,1,PNEUMONIA,1104,888,142.50852966308594,53.16300964355469
train/PNEUMONIA/person537_bacteria_2262.jpeg,train,1,PNEUMONIA,1296,896,147.1875,54.96292495727539
train/PNEUMONIA/person537_bacteria_2263.jpeg,train,1,PNEUMONIA,1216,1000,122.55248260498047,57.138126373291016
train/PNEUMONIA/person537_bacteria_2264.jpeg,train,1,PNEUMONIA,1248,904,77.11627960205078,37.251991271972656
train/PNEUMONIA/person537_virus_1067.jpeg,train,1,PNEUMONIA,1112,744,110.85547637939453,67.3642807006836
train/PNEUMONIA/person538_bacteria_2268.jpeg,train,1,PNEUMONIA,1186,751,116.66449737548828,50.71586227416992
train/PNEUMONIA/person538_virus_1068.jpeg,train,1,PNEUMONIA,904,464,110.1814193725586,61.31162643432617
train/PNEUMONIA/person539_bacteria_2269.jpeg,train,1,PNEUMONIA,845,556,111.97573852539062,37.74922180175781
train/PNEUMONIA/person539_bacteria_2270.jpeg,train,1,PNEUMONIA,984,664,137.87014770507812,50.63390350341797
train/PNEUMONIA/person539_virus_1069.jpeg,train,1,PNEUMONIA,896,512,145.578125,64.25265502929688
train/PNEUMONIA/person53_bacteria_252.jpeg,train,1,PNEUMONIA,1292,936,102.35017395019531,58.25608444213867
train/PNEUMONIA/person53_bacteria_253.jpeg,train,1,PNEUMONIA,1016,848,114.43061828613281,53.82270431518555
train/PNEUMONIA/person53_bacteria_254.jpeg,train,1,PNEUMONIA,1112,872,82.30941009521484,43.72247314453125
train/PNEUMONIA/person53_bacteria_255.jpeg,train,1,PNEUMONIA,1122,832,124.65760040283203,59.18696594238281
train/PNEUMONIA/person540_bacteria_2271.jpeg,train,1,PNEUMONIA,1136,888,83.85955047607422,44.08042526245117
train/PNEUMONIA/person540_bacteria_2272.jpeg,train,1,PNEUMONIA,1088,736,135.90625,57.92942810058594
train/PNEUMONIA/person540_bacteria_2273.jpeg,train,1,PNEUMONIA,1292,1014,115.46111297607422,67.04908752441406
train/PNEUMONIA/person540_virus_1070.jpeg,train,1,PNEUMONIA,1680,1352,146.74591064453125,68.7670669555664
train/PNEUMONIA/person541_bacteria_2274.jpeg,train,1,PNEUMONIA,1184,760,110.25947570800781,55.15174865722656
train/PNEUMONIA/person541_bacteria_2275.jpeg,train,1,PNEUMONIA,1120,744,79.64950561523438,41.51877975463867
train/PNEUMONIA/person541_virus_1071.jpeg,train,1,PNEUMONIA,1344,856,124.60403442382812,57.16238021850586
train/PNEUMONIA/person542_bacteria_2276.jpeg,train,1,PNEUMONIA,771,447,124.50247192382812,30.207990646362305
train/PNEUMONIA/person542_virus_1072.jpeg,train,1,PNEUMONIA,1232,680,128.54029846191406,60.712947845458984
train/PNEUMONIA/person543_bacteria_2279.jpeg,train,1,PNEUMONIA,920,736,151.5874481201172,48.06266784667969
train/PNEUMONIA/person543_bacteria_2280.jpeg,train,1,PNEUMONIA,1056,616,123.27835083007812,54.05047607421875
train/PNEUMONIA/person543_bacteria_2281.jpeg,train,1,PNEUMONIA,1088,584,114.54119873046875,46.44828796386719
train/PNEUMONIA/person543_bacteria_2282.jpeg,train,1,PNEUMONIA,1024,696,86.0745620727539,40.964874267578125
train/PNEUMONIA/person543_bacteria_2283.jpeg,train,1,PNEUMONIA,768,424,94.3814697265625,42.10200500488281
train/PNEUMONIA/person543_bacteria_2284.jpeg,train,1,PNEUMONIA,1172,732,129.0195770263672,51.154903411865234
train/PNEUMONIA/person543_virus_1073.jpeg,train,1,PNEUMONIA,1608,1160,134.76820373535156,68.46541595458984
train/PNEUMONIA/person544_bacteria_2286.jpeg,train,1,PNEUMONIA,1488,984,125.958251953125,54.808372497558594
train/PNEUMONIA/person544_virus_1074.jpeg,train,1,PNEUMONIA,1664,1448,135.3437957763672,65.15050506591797
train/PNEUMONIA/person544_virus_1075.jpeg,train,1,PNEUMONIA,1752,1320,139.96170043945312,63.33020782470703
train/PNEUMONIA/person544_virus_1076.jpeg,train,1,PNEUMONIA,1608,1392,161.7412872314453,55.666385650634766
train/PNEUMONIA/person544_virus_1078.jpeg,train,1,PNEUMONIA,1864,1544,143.9840850830078,63.46535110473633
train/PNEUMONIA/person544_virus_1080.jpeg,train,1,PNEUMONIA,1712,1152,89.12663269042969,59.73278045654297
train/PNEUMONIA/person545_bacteria_2287.jpeg,train,1,PNEUMONIA,1056,736,121.9656753540039,50.126930236816406
train/PNEUMONIA/person545_bacteria_2288.jpeg,train,1,PNEUMONIA,1144,904,121.64303588867188,56.12594223022461
train/PNEUMONIA/person545_bacteria_2289.jpeg,train,1,PNEUMONIA,1008,704,148.15994262695312,46.6123046875
train/PNEUMONIA/person545_bacteria_2290.jpeg,train,1,PNEUMONIA,1206,940,112.69918060302734,53.69145584106445
train/PNEUMONIA/person545_virus_1081.jpeg,train,1,PNEUMONIA,930,655,131.56570434570312,53.878265380859375
train/PNEUMONIA/person547_bacteria_2292.jpeg,train,1,PNEUMONIA,726,436,138.67660522460938,30.141115188598633
train/PNEUMONIA/person547_bacteria_2294.jpeg,train,1,PNEUMONIA,808,597,153.623779296875,32.9538688659668
train/PNEUMONIA/person547_bacteria_2296.jpeg,train,1,PNEUMONIA,856,475,131.78955078125,43.88105010986328
train/PNEUMONIA/person547_virus_1086.jpeg,train,1,PNEUMONIA,1888,1424,136.16580200195312,67.27494812011719
train/PNEUMONIA/person548_bacteria_2297.jpeg,train,1,PNEUMONIA,992,704,119.14189147949219,47.369258880615234
train/PNEUMONIA/person548_bacteria_2298.jpeg,train,1,PNEUMONIA,1072,664,101.00328063964844,51.69881057739258
train/PNEUMONIA/person548_bacteria_2299.jpeg,train,1,PNEUMONIA,1080,608,106.57133483886719,45.570316314697266
train/PNEUMONIA/person548_bacteria_2300.jpeg,train,1,PNEUMONIA,1032,680,114.78142547607422,51.60017776489258
train/PNEUMONIA/person548_bacteria_2301.jpeg,train,1,PNEUMONIA,992,640,136.5168914794922,47.849151611328125
train/PNEUMONIA/person548_virus_1088.jpeg,train,1,PNEUMONIA,1016,600,117.82559204101562,63.465110778808594
train/PNEUMONIA/person549_bacteria_2303.jpeg,train,1,PNEUMONIA,1032,704,116.60458374023438,56.402469635009766
train/PNEUMONIA/person549_bacteria_2304.jpeg,train,1,PNEUMONIA,880,552,112.14393615722656,46.63704299926758
train/PNEUMONIA/person549_bacteria_2305.jpeg,train,1,PNEUMONIA,976,608,85.12919616699219,44.35832977294922
train/PNEUMONIA/person549_bacteria_2307.jpeg,train,1,PNEUMONIA,1010,685,100.01097869873047,58.53933334350586
train/PNEUMONIA/person54_bacteria_257.jpeg,train,1,PNEUMONIA,1184,624,122.27420806884766,46.189151763916016
train/PNEUMONIA/person54_bacteria_258.jpeg,train,1,PNEUMONIA,1600,1164,121.360595703125,65.55260467529297
train/PNEUMONIA/person550_bacteria_2308.jpeg,train,1,PNEUMONIA,1208,688,102.65345001220703,53.72452163696289
train/PNEUMONIA/person550_bacteria_2309.jpeg,train,1,PNEUMONIA,1410,979,92.72716522216797,64.47830963134766
train/PNEUMONIA/person550_virus_1090.jpeg,train,1,PNEUMONIA,1664,1176,144.7404022216797,65.30549621582031
train/PNEUMONIA/person551_bacteria_2311.jpeg,train,1,PNEUMONIA,1376,656,129.06854248046875,51.6382942199707
train/PNEUMONIA/person551_virus_1091.jpeg,train,1,PNEUMONIA,1344,792,134.46104431152344,68.77546691894531
train/PNEUMONIA/person552_bacteria_2313.jpeg,train,1,PNEUMONIA,972,557,151.2845458984375,36.34814453125
train/PNEUMONIA/person553_bacteria_2316.jpeg,train,1,PNEUMONIA,1088,776,131.67129516601562,48.504737854003906
train/PNEUMONIA/person553_bacteria_2317.jpeg,train,1,PNEUMONIA,1136,840,150.18927001953125,51.163970947265625
train/PNEUMONIA/person553_virus_1093.jpeg,train,1,PNEUMONIA,1272,928,141.1924591064453,68.35041046142578
train/PNEUMONIA/person554_bacteria_2320.jpeg,train,1,PNEUMONIA,1304,744,70.50008392333984,36.086421966552734
train/PNEUMONIA/person554_bacteria_2322.jpeg,train,1,PNEUMONIA,1336,744,139.31321716308594,51.22245788574219
train/PNEUMONIA/person554_bacteria_2323.jpeg,train,1,PNEUMONIA,1384,809,124.5360336303711,48.24203109741211
train/PNEUMONIA/person554_virus_1094.jpeg,train,1,PNEUMONIA,1280,1032,139.30325317382812,70.27668762207031
train/PNEUMONIA/person555_bacteria_2325.jpeg,train,1,PNEUMONIA,928,576,125.47575378417969,48.123722076416016
train/PNEUMONIA/person556_virus_1096.jpeg,train,1,PNEUMONIA,1208,824,146.10060119628906,58.34184646606445
train/PNEUMONIA/person557_bacteria_2327.jpeg,train,1,PNEUMONIA,885,592,109.77227020263672,31.943401336669922
train/PNEUMONIA/person557_virus_1097.jpeg,train,1,PNEUMONIA,1376,968,129.1460418701172,64.98087310791016
train/PNEUMONIA/person558_bacteria_2328.jpeg,train,1,PNEUMONIA,1280,905,114.082763671875,57.139488220214844
train/PNEUMONIA/person559_bacteria_2329.jpeg,train,1,PNEUMONIA,1422,1229,134.17543029785156,61.70000457763672
train/PNEUMONIA/person559_virus_1099.jpeg,train,1,PNEUMONIA,1352,936,138.18017578125,64.97071075439453
train/PNEUMONIA/person55_bacteria_260.jpeg,train,1,PNEUMONIA,1448,984,132.15699768066406,61.61343765258789
train/PNEUMONIA/person55_bacteria_261.jpeg,train,1,PNEUMONIA,1240,848,110.9759292602539,51.79007339477539
train/PNEUMONIA/person55_bacteria_262.jpeg,train,1,PNEUMONIA,1192,984,126.15436553955078,50.012855529785156
train/PNEUMONIA/person55_bacteria_263.jpeg,train,1,PNEUMONIA,1256,880,128.6473388671875,53.708641052246094
train/PNEUMONIA/person55_bacteria_264.jpeg,train,1,PNEUMONIA,1192,808,135.1581573486328,53.55369567871094
train/PNEUMONIA/person55_bacteria_265.jpeg,train,1,PNEUMONIA,1526,1052,118.61441802978516,55.02632141113281
train/PNEUMONIA/person55_bacteria_266.jpeg,train,1,PNEUMONIA,1666,1176,90.6980209350586,52.77693557739258
train/PNEUMONIA/person561_bacteria_2331.jpeg,train,1,PNEUMONIA,1072,812,110.28618621826172,66.00531768798828
train/PNEUMONIA/person562_bacteria_2332.jpeg,train,1,PNEUMONIA,1352,817,90.74992370605469,44.34099197387695
train/PNEUMONIA/person562_virus_1102.jpeg,train,1,PNEUMONIA,1152,792,117.02664184570312,56.292442321777344
train/PNEUMONIA/person563_bacteria_2333.jpeg,train,1,PNEUMONIA,871,488,128.30140686035156,42.11785888671875
train/PNEUMONIA/person563_bacteria_2335.jpeg,train,1,PNEUMONIA,1056,624,115.52684020996094,50.62859344482422
train/PNEUMONIA/person563_bacteria_2337.jpeg,train,1,PNEUMONIA,992,712,116.58855438232422,50.913665771484375
train/PNEUMONIA/person563_bacteria_2338.jpeg,train,1,PNEUMONIA,1144,656,87.4983139038086,49.64855194091797
train/PNEUMONIA/person563_bacteria_2339.jpeg,train,1,PNEUMONIA,1088,568,139.8896942138672,61.494110107421875
train/PNEUMONIA/person563_bacteria_2340.jpeg,train,1,PNEUMONIA,1064,696,112.76065826416016,54.013492584228516
train/PNEUMONIA/person563_virus_1103.jpeg,train,1,PNEUMONIA,864,528,124.77774047851562,51.64776611328125
train/PNEUMONIA/person564_bacteria_2342.jpeg,train,1,PNEUMONIA,992,792,80.30870056152344,40.047237396240234
train/PNEUMONIA/person564_bacteria_2343.jpeg,train,1,PNEUMONIA,936,696,112.81604766845703,49.85663604736328
train/PNEUMONIA/person564_bacteria_2345.jpeg,train,1,PNEUMONIA,944,624,149.96939086914062,45.37984085083008
train/PNEUMONIA/person564_bacteria_2347.jpeg,train,1,PNEUMONIA,888,616,159.73277282714844,48.02972412109375
train/PNEUMONIA/person564_virus_1104.jpeg,train,1,PNEUMONIA,1208,848,135.73831176757812,66.58280181884766
train/PNEUMONIA/person565_bacteria_2348.jpeg,train,1,PNEUMONIA,736,437,132.212890625,43.44100570678711
train/PNEUMONIA/person565_virus_1105.jpeg,train,1,PNEUMONIA,1272,816,118.0908432006836,69.23057556152344
train/PNEUMONIA/person566_bacteria_2351.jpeg,train,1,PNEUMONIA,1072,744,143.31259155273438,41.52265548706055
train/PNEUMONIA/person566_virus_1106.jpeg,train,1,PNEUMONIA,1312,696,108.80661010742188,71.25101470947266
train/PNEUMONIA/person567_bacteria_2352.jpeg,train,1,PNEUMONIA,984,712,123.62368774414062,54.45957946777344
train/PNEUMONIA/person567_bacteria_2353.jpeg,train,1,PNEUMONIA,1016,632,95.64971160888672,50.0747184753418
train/PNEUMONIA/person567_bacteria_2354.jpeg,train,1,PNEUMONIA,920,656,121.13308715820312,57.60746383666992
train/PNEUMONIA/person568_bacteria_2358.jpeg,train,1,PNEUMONIA,904,552,159.52511596679688,50.2037467956543
train/PNEUMONIA/person568_bacteria_2359.jpeg,train,1,PNEUMONIA,1064,576,110.28334045410156,48.89820098876953
train/PNEUMONIA/person569_bacteria_2360.jpeg,train,1,PNEUMONIA,952,488,105.382080078125,48.25748062133789
train/PNEUMONIA/person569_bacteria_2362.jpeg,train,1,PNEUMONIA,880,680,127.84741973876953,52.66531753540039
train/PNEUMONIA/person569_bacteria_2363.jpeg,train,1,PNEUMONIA,1024,624,77.16680908203125,46.47893524169922
train/PNEUMONIA/person569_bacteria_2364.jpeg,train,1,PNEUMONIA,880,536,118.52864837646484,55.0167121887207
train/PNEUMONIA/person569_virus_1110.jpeg,train,1,PNEUMONIA,1128,736,132.01089477539062,60.58321762084961
train/PNEUMONIA/person56_bacteria_267.jpeg,train,1,PNEUMONIA,1080,728,101.31914520263672,36.664756774902344
train/PNEUMONIA/person56_bacteria_268.jpeg,train,1,PNEUMONIA,1216,864,99.14240264892578,45.074195861816406
train/PNEUMONIA/person56_bacteria_269.jpeg,train,1,PNEUMONIA,1392,778,111.99237823486328,59.95909118652344
train/PNEUMONIA/person570_virus_1112.jpeg,train,1,PNEUMONIA,1056,680,89.61956024169922,58.27294158935547
train/PNEUMONIA/person571_virus_1114.jpeg,train,1,PNEUMONIA,703,457,120.4342269897461,32.137962341308594
train/PNEUMONIA/person572_bacteria_2368.jpeg,train,1,PNEUMONIA,1148,720,117.9525375366211,55.58204650878906
train/PNEUMONIA/person573_bacteria_2369.jpeg,train,1,PNEUMONIA,1168,832,104.17091369628906,47.47451400756836
train/PNEUMONIA/person573_virus_1116.jpeg,train,1,PNEUMONIA,1336,880,116.70426940917969,69.71244049072266
train/PNEUMONIA/person574_bacteria_2370.jpeg,train,1,PNEUMONIA,984,584,160.90545654296875,39.19164276123047
train/PNEUMONIA/person574_bacteria_2371.jpeg,train,1,PNEUMONIA,984,584,160.59156799316406,39.32193374633789
train/PNEUMONIA/person574_bacteria_2373.jpeg,train,1,PNEUMONIA,1016,712,95.57325744628906,44.31182098388672
train/PNEUMONIA/person574_virus_1118.jpeg,train,1,PNEUMONIA,1304,712,126.6001968383789,66.33438110351562
train/PNEUMONIA/person575_bacteria_2374.jpeg,train,1,PNEUMONIA,1244,755,100.59333038330078,56.422569274902344
train/PNEUMONIA/person575_virus_1119.jpeg,train,1,PNEUMONIA,1200,800,129.41152954101562,66.19567108154297
train/PNEUMONIA/person576_bacteria_2375.jpeg,train,1,PNEUMONIA,1256,1032,93.08985137939453,51.29292297363281
train/PNEUMONIA/person576_bacteria_2376.jpeg,train,1,PNEUMONIA,1184,1000,123.27771759033203,53.92538070678711
train/PNEUMONIA/person576_virus_1120.jpeg,train,1,PNEUMONIA,1160,712,111.26248931884766,59.32976150512695
train/PNEUMONIA/person577_bacteria_2378.jpeg,train,1,PNEUMONIA,1508,929,123.6653060913086,54.36867141723633
train/PNEUMONIA/person577_virus_1121.jpeg,train,1,PNEUMONIA,1344,600,66.24596405029297,43.03670883178711
train/PNEUMONIA/person578_bacteria_2379.jpeg,train,1,PNEUMONIA,1068,763,103.62165832519531,59.14680099487305
train/PNEUMONIA/person578_virus_1122.jpeg,train,1,PNEUMONIA,1440,896,102.28461456298828,67.12899017333984
train/PNEUMONIA/person579_bacteria_2381.jpeg,train,1,PNEUMONIA,824,568,103.28289031982422,46.7260627746582
train/PNEUMONIA/person579_bacteria_2382.jpeg,train,1,PNEUMONIA,944,496,94.732177734375,45.051326751708984
train/PNEUMONIA/person579_bacteria_2383.jpeg,train,1,PNEUMONIA,992,520,116.48246002197266,54.55717468261719
train/PNEUMONIA/person579_bacteria_2384.jpeg,train,1,PNEUMONIA,840,504,115.47293853759766,48.877655029296875
train/PNEUMONIA/person579_bacteria_2386.jpeg,train,1,PNEUMONIA,776,488,88.7630386352539,40.80770492553711
train/PNEUMONIA/person57_bacteria_270.jpeg,train,1,PNEUMONIA,1144,832,120.6466293334961,46.63957977294922
train/PNEUMONIA/person57_bacteria_271.jpeg,train,1,PNEUMONIA,1492,1118,113.5302734375,55.9337043762207
train/PNEUMONIA/person580_bacteria_2388.jpeg,train,1,PNEUMONIA,896,584,114.71807098388672,49.310569763183594
train/PNEUMONIA/person581_bacteria_2390.jpeg,train,1,PNEUMONIA,1008,648,114.83235168457031,52.29672622680664
train/PNEUMONIA/person581_bacteria_2392.jpeg,train,1,PNEUMONIA,936,576,120.6968002319336,52.34711837768555
train/PNEUMONIA/person581_bacteria_2400.jpeg,train,1,PNEUMONIA,895,517,147.0682830810547,33.58312225341797
train/PNEUMONIA/person581_virus_1125.jpeg,train,1,PNEUMONIA,1736,1216,146.85104370117188,55.45576095581055
train/PNEUMONIA/person582_bacteria_2404.jpeg,train,1,PNEUMONIA,1368,1120,121.81890106201172,51.901573181152344
train/PNEUMONIA/person582_bacteria_2405.jpeg,train,1,PNEUMONIA,1440,1112,116.06861114501953,53.14301681518555
train/PNEUMONIA/person583_bacteria_2406.jpeg,train,1,PNEUMONIA,1841,1447,118.43582916259766,73.7781982421875
train/PNEUMONIA/person583_bacteria_2408.jpeg,train,1,PNEUMONIA,1360,1080,154.37869262695312,51.11759567260742
train/PNEUMONIA/person583_bacteria_2409.jpeg,train,1,PNEUMONIA,1328,928,138.1441192626953,52.990020751953125
train/PNEUMONIA/person583_virus_1127.jpeg,train,1,PNEUMONIA,1280,712,121.3536148071289,62.40000534057617
train/PNEUMONIA/person584_virus_1128.jpeg,train,1,PNEUMONIA,1256,696,117.94644165039062,68.3268814086914
train/PNEUMONIA/person585_bacteria_2413.jpeg,train,1,PNEUMONIA,1264,808,124.8392105102539,59.73726272583008
train/PNEUMONIA/person585_bacteria_2414.jpeg,train,1,PNEUMONIA,1240,800,113.42571258544922,55.63340377807617
train/PNEUMONIA/person585_bacteria_2415.jpeg,train,1,PNEUMONIA,1096,768,152.0042266845703,52.59843826293945
train/PNEUMONIA/person585_bacteria_2416.jpeg,train,1,PNEUMONIA,1208,696,120.82976531982422,54.74787139892578
train/PNEUMONIA/person585_virus_1129.jpeg,train,1,PNEUMONIA,1456,1160,132.27301025390625,67.92333984375
train/PNEUMONIA/person586_bacteria_2417.jpeg,train,1,PNEUMONIA,765,594,128.0579833984375,44.379173278808594
train/PNEUMONIA/person586_bacteria_2418.jpeg,train,1,PNEUMONIA,928,616,89.49147033691406,48.42384338378906
train/PNEUMONIA/person586_bacteria_2420.jpeg,train,1,PNEUMONIA,824,552,131.01797485351562,46.54469680786133
train/PNEUMONIA/person586_virus_1130.jpeg,train,1,PNEUMONIA,1344,880,124.7932357788086,61.58500289916992
train/PNEUMONIA/person587_bacteria_2421.jpeg,train,1,PNEUMONIA,1056,755,108.09445190429688,59.093135833740234
train/PNEUMONIA/person588_bacteria_2422.jpeg,train,1,PNEUMONIA,1120,656,119.05986785888672,54.11127471923828
train/PNEUMONIA/person588_bacteria_2423.jpeg,train,1,PNEUMONIA,1056,840,90.02496337890625,41.06748580932617
train/PNEUMONIA/person588_virus_1134.jpeg,train,1,PNEUMONIA,1024,776,96.80327606201172,60.48815155029297
train/PNEUMONIA/person589_bacteria_2424.jpeg,train,1,PNEUMONIA,1096,672,87.83553314208984,44.37441635131836
train/PNEUMONIA/person589_bacteria_2425.jpeg,train,1,PNEUMONIA,736,480,135.4430694580078,50.18729019165039
train/PNEUMONIA/person58_bacteria_272.jpeg,train,1,PNEUMONIA,936,696,118.41814422607422,48.74420928955078
train/PNEUMONIA/person58_bacteria_273.jpeg,train,1,PNEUMONIA,840,600,137.86233520507812,41.653038024902344
train/PNEUMONIA/person58_bacteria_275.jpeg,train,1,PNEUMONIA,1214,731,114.15477752685547,57.80643081665039
train/PNEUMONIA/person58_bacteria_276.jpeg,train,1,PNEUMONIA,1248,766,107.06163024902344,60.2122917175293
train/PNEUMONIA/person58_bacteria_277.jpeg,train,1,PNEUMONIA,1222,782,92.24263000488281,55.20847702026367
train/PNEUMONIA/person58_bacteria_278.jpeg,train,1,PNEUMONIA,1202,704,116.83794403076172,62.70823287963867
train/PNEUMONIA/person590_bacteria_2428.jpeg,train,1,PNEUMONIA,1512,1075,101.08836364746094,47.50010681152344
train/PNEUMONIA/person590_virus_1138.jpeg,train,1,PNEUMONIA,1088,688,135.8964385986328,51.6865234375
train/PNEUMONIA/person591_bacteria_2429.jpeg,train,1,PNEUMONIA,1592,1183,132.9686737060547,61.92509841918945
train/PNEUMONIA/person591_virus_1139.jpeg,train,1,PNEUMONIA,1288,800,134.44522094726562,64.86042022705078
train/PNEUMONIA/person592_bacteria_2431.jpeg,train,1,PNEUMONIA,856,608,111.42037200927734,51.23225784301758
train/PNEUMONIA/person592_bacteria_2434.jpeg,train,1,PNEUMONIA,654,389,184.13963317871094,35.297813415527344
train/PNEUMONIA/person592_virus_1141.jpeg,train,1,PNEUMONIA,1056,768,145.1613311767578,64.50157928466797
train/PNEUMONIA/person593_bacteria_2435.jpeg,train,1,PNEUMONIA,1040,864,99.95703887939453,42.17591857910156
train/PNEUMONIA/person593_virus_1142.jpeg,train,1,PNEUMONIA,1456,904,131.7895050048828,70.9341812133789
train/PNEUMONIA/person594_bacteria_2436.jpeg,train,1,PNEUMONIA,1416,1008,152.10179138183594,47.63577651977539
train/PNEUMONIA/person594_virus_1145.jpeg,train,1,PNEUMONIA,1312,824,143.376708984375,55.77790451049805
train/PNEUMONIA/person595_bacteria_2438.jpeg,train,1,PNEUMONIA,1016,848,133.1926727294922,51.83711242675781
train/PNEUMONIA/person595_virus_1147.jpeg,train,1,PNEUMONIA,1536,1080,169.83547973632812,54.681190490722656
train/PNEUMONIA/person596_bacteria_2440.jpeg,train,1,PNEUMONIA,848,560,107.37620544433594,44.469852447509766
train/PNEUMONIA/person596_bacteria_2441.jpeg,train,1,PNEUMONIA,848,640,152.54779052734375,48.447349548339844
train/PNEUMONIA/person596_bacteria_2443.jpeg,train,1,PNEUMONIA,992,616,102.6842269897461,55.3192253112793
train/PNEUMONIA/person596_bacteria_2444.jpeg,train,1,PNEUMONIA,928,696,115.35758209228516,52.70480728149414
train/PNEUMONIA/person596_bacteria_2446.jpeg,train,1,PNEUMONIA,880,584,115.28581237792969,49.59644317626953
train/PNEUMONIA/person596_bacteria_2447.jpeg,train,1,PNEUMONIA,880,592,127.36296081542969,53.92529296875
train/PNEUMONIA/person596_bacteria_2449.jpeg,train,1,PNEUMONIA,848,584,110.57018280029297,49.78345489501953
train/PNEUMONIA/person596_virus_1149.jpeg,train,1,PNEUMONIA,1448,1056,159.36361694335938,65.28097534179688
train/PNEUMONIA/person597_bacteria_2450.jpeg,train,1,PNEUMONIA,1104,672,108.94871520996094,48.84891128540039
train/PNEUMONIA/person597_bacteria_2451.jpeg,train,1,PNEUMONIA,1064,760,116.1618423461914,51.08742141723633
train/PNEUMONIA/person597_virus_1150.jpeg,train,1,PNEUMONIA,1528,1112,135.78024291992188,74.80548858642578
train/PNEUMONIA/person598_bacteria_2453.jpeg,train,1,PNEUMONIA,664,360,106.37469482421875,40.90232849121094
train/PNEUMONIA/person598_bacteria_2454.jpeg,train,1,PNEUMONIA,728,464,100.04998779296875,43.93260192871094
train/PNEUMONIA/person598_virus_1153.jpeg,train,1,PNEUMONIA,840,603,136.74803161621094,45.39387130737305
train/PNEUMONIA/person598_virus_1154.jpeg,train,1,PNEUMONIA,1111,621,115.04808044433594,48.659446716308594
train/PNEUMONIA/person599_bacteria_2455.jpeg,train,1,PNEUMONIA,1310,1029,112.73645782470703,54.31715774536133
train/PNEUMONIA/person599_virus_1155.jpeg,train,1,PNEUMONIA,1160,832,135.93563842773438,61.974239349365234
train/PNEUMONIA/person59_bacteria_279.jpeg,train,1,PNEUMONIA,840,488,101.7481689453125,46.72087860107422
train/PNEUMONIA/person59_bacteria_280.jpeg,train,1,PNEUMONIA,784,496,93.9638442993164,40.061546325683594
train/PNEUMONIA/person59_bacteria_281.jpeg,train,1,PNEUMONIA,792,584,137.70245361328125,45.464935302734375
train/PNEUMONIA/person59_bacteria_282.jpeg,train,1,PNEUMONIA,840,488,104.72795867919922,48.63102722167969
train/PNEUMONIA/person59_bacteria_283.jpeg,train,1,PNEUMONIA,816,480,110.65895080566406,45.03231430053711
train/PNEUMONIA/person59_bacteria_284.jpeg,train,1,PNEUMONIA,1122,639,99.31795501708984,59.86385726928711
train/PNEUMONIA/person5_bacteria_16.jpeg,train,1,PNEUMONIA,1168,840,89.77191925048828,52.429725646972656
train/PNEUMONIA/person5_bacteria_17.jpeg,train,1,PNEUMONIA,1120,784,107.786376953125,57.72816848754883
train/PNEUMONIA/person5_bacteria_19.jpeg,train,1,PNEUMONIA,1160,776,129.03590393066406,63.38533401489258
train/PNEUMONIA/person600_bacteria_2456.jpeg,train,1,PNEUMONIA,1072,648,142.3633270263672,48.009765625
train/PNEUMONIA/person600_bacteria_2457.jpeg,train,1,PNEUMONIA,1000,680,115.02359771728516,51.99256134033203
train/PNEUMONIA/person601_bacteria_2459.jpeg,train,1,PNEUMONIA,1268,959,122.07939910888672,63.06867599487305
train/PNEUMONIA/person602_bacteria_2460.jpeg,train,1,PNEUMONIA,1288,851,101.69816589355469,58.69411087036133
train/PNEUMONIA/person603_bacteria_2461.jpeg,train,1,PNEUMONIA,1112,768,136.0927276611328,49.81687545776367
train/PNEUMONIA/person603_virus_1164.jpeg,train,1,PNEUMONIA,1160,736,132.40110778808594,60.61214065551758
train/PNEUMONIA/person604_bacteria_2462.jpeg,train,1,PNEUMONIA,952,568,138.76809692382812,42.83515167236328
train/PNEUMONIA/person605_bacteria_2464.jpeg,train,1,PNEUMONIA,888,560,95.97689056396484,39.978363037109375
train/PNEUMONIA/person605_bacteria_2465.jpeg,train,1,PNEUMONIA,1064,760,114.42973327636719,52.58308029174805
train/PNEUMONIA/person605_bacteria_2466.jpeg,train,1,PNEUMONIA,936,560,121.62799072265625,51.57657241821289
train/PNEUMONIA/person605_bacteria_2467.jpeg,train,1,PNEUMONIA,888,472,130.73158264160156,51.002864837646484
train/PNEUMONIA/person605_bacteria_2468.jpeg,train,1,PNEUMONIA,928,704,119.55176544189453,45.6214714050293
train/PNEUMONIA/person605_virus_1166.jpeg,train,1,PNEUMONIA,1336,1080,122.74369812011719,64.35306549072266
train/PNEUMONIA/person605_virus_1169.jpeg,train,1,PNEUMONIA,1504,992,82.10176849365234,54.46026611328125
train/PNEUMONIA/person606_bacteria_2469.jpeg,train,1,PNEUMONIA,1328,968,76.26192474365234,35.888458251953125
train/PNEUMONIA/person607_bacteria_2470.jpeg,train,1,PNEUMONIA,1446,1021,122.19651794433594,60.971927642822266
train/PNEUMONIA/person607_virus_1173.jpeg,train,1,PNEUMONIA,1512,1160,140.84217834472656,61.354366302490234
train/PNEUMONIA/person608_bacteria_2471.jpeg,train,1,PNEUMONIA,1024,728,97.99068450927734,39.21876525878906
train/PNEUMONIA/person608_bacteria_2472.jpeg,train,1,PNEUMONIA,1176,752,122.12748718261719,50.20062255859375
train/PNEUMONIA/person608_bacteria_2473.jpeg,train,1,PNEUMONIA,1192,672,98.99984741210938,43.97256088256836
train/PNEUMONIA/person608_virus_1175.jpeg,train,1,PNEUMONIA,1176,728,127.6588363647461,56.08318328857422
train/PNEUMONIA/person609_bacteria_2474.jpeg,train,1,PNEUMONIA,1704,1435,125.27619171142578,65.73157501220703
train/PNEUMONIA/person609_virus_1176.jpeg,train,1,PNEUMONIA,1024,656,115.7939224243164,69.14044952392578
train/PNEUMONIA/person60_bacteria_285.jpeg,train,1,PNEUMONIA,952,592,134.63092041015625,52.799617767333984
train/PNEUMONIA/person60_bacteria_286.jpeg,train,1,PNEUMONIA,920,528,141.78489685058594,51.38960647583008
train/PNEUMONIA/person60_bacteria_287.jpeg,train,1,PNEUMONIA,1302,867,98.82789611816406,54.72294235229492
train/PNEUMONIA/person610_bacteria_2475.jpeg,train,1,PNEUMONIA,1338,1044,79.83912658691406,59.1781120300293
train/PNEUMONIA/person610_virus_1177.jpeg,train,1,PNEUMONIA,1440,1104,139.2213134765625,67.75493621826172
train/PNEUMONIA/person611_bacteria_2476.jpeg,train,1,PNEUMONIA,1560,1200,144.64559936523438,55.075599670410156
train/PNEUMONIA/person612_bacteria_2477.jpeg,train,1,PNEUMONIA,693,356,114.56608581542969,46.57703399658203
train/PNEUMONIA/person612_bacteria_2478.jpeg,train,1,PNEUMONIA,1112,624,96.8125,53.201229095458984
train/PNEUMONIA/person612_virus_1179.jpeg,train,1,PNEUMONIA,1592,1328,145.6649627685547,55.74576187133789
train/PNEUMONIA/person613_virus_1181.jpeg,train,1,PNEUMONIA,1424,1168,135.10035705566406,71.696044921875
train/PNEUMONIA/person614_bacteria_2480.jpeg,train,1,PNEUMONIA,936,656,129.0701446533203,56.57606506347656
train/PNEUMONIA/person614_bacteria_2481.jpeg,train,1,PNEUMONIA,1080,648,107.7938232421875,51.612796783447266
train/PNEUMONIA/person614_bacteria_2483.jpeg,train,1,PNEUMONIA,920,576,136.56332397460938,57.6572151184082
train/PNEUMONIA/person614_virus_1183.jpeg,train,1,PNEUMONIA,1240,760,115.51625061035156,70.8631362915039
train/PNEUMONIA/person615_virus_1184.jpeg,train,1,PNEUMONIA,1752,1264,149.899658203125,66.5390396118164
train/PNEUMONIA/person616_bacteria_2487.jpeg,train,1,PNEUMONIA,1206,848,117.83295440673828,52.006126403808594
train/PNEUMONIA/person617_bacteria_2488.jpeg,train,1,PNEUMONIA,1422,952,114.61429595947266,47.40449142456055
train/PNEUMONIA/person617_virus_1187.jpeg,train,1,PNEUMONIA,1360,776,117.40544891357422,67.86422729492188
train/PNEUMONIA/person618_virus_1189.jpeg,train,1,PNEUMONIA,1152,664,128.41903686523438,67.29151153564453
train/PNEUMONIA/person619_bacteria_2491.jpeg,train,1,PNEUMONIA,1456,1104,105.7422866821289,52.01609420776367
train/PNEUMONIA/person619_virus_1190.jpeg,train,1,PNEUMONIA,1728,1008,129.66458129882812,66.85950469970703
train/PNEUMONIA/person61_bacteria_289.jpeg,train,1,PNEUMONIA,976,768,112.38102722167969,49.235313415527344
train/PNEUMONIA/person61_bacteria_290.jpeg,train,1,PNEUMONIA,968,672,115.90373992919922,48.13066482543945
train/PNEUMONIA/person61_bacteria_291.jpeg,train,1,PNEUMONIA,848,640,130.5233917236328,49.884117126464844
train/PNEUMONIA/person61_bacteria_292.jpeg,train,1,PNEUMONIA,968,744,98.91992950439453,51.43415069580078
train/PNEUMONIA/person61_bacteria_293.jpeg,train,1,PNEUMONIA,984,784,126.91339111328125,55.13331604003906
train/PNEUMONIA/person61_bacteria_294.jpeg,train,1,PNEUMONIA,1024,632,125.28963470458984,56.35512924194336
train/PNEUMONIA/person61_bacteria_295.jpeg,train,1,PNEUMONIA,1096,784,125.33259582519531,56.76404571533203
train/PNEUMONIA/person61_bacteria_296.jpeg,train,1,PNEUMONIA,1264,1071,95.83204650878906,68.93719482421875
train/PNEUMONIA/person61_bacteria_297.jpeg,train,1,PNEUMONIA,1252,990,103.01043701171875,66.89754486083984
train/PNEUMONIA/person620_virus_1191.jpeg,train,1,PNEUMONIA,1368,840,138.42669677734375,54.93326187133789
train/PNEUMONIA/person620_virus_1192.jpeg,train,1,PNEUMONIA,1416,864,138.14593505859375,59.04551696777344
train/PNEUMONIA/person621_virus_1194.jpeg,train,1,PNEUMONIA,791,615,140.3052215576172,42.20579147338867
train/PNEUMONIA/person622_bacteria_2494.jpeg,train,1,PNEUMONIA,1381,1044,102.87025451660156,66.38296508789062
train/PNEUMONIA/person622_virus_1196.jpeg,train,1,PNEUMONIA,1360,1048,149.28717041015625,63.20621871948242
train/PNEUMONIA/person623_bacteria_2495.jpeg,train,1,PNEUMONIA,1088,752,151.5429229736328,47.2783203125
train/PNEUMONIA/person623_virus_1197.jpeg,train,1,PNEUMONIA,1216,832,137.17608642578125,61.96359634399414
train/PNEUMONIA/person624_bacteria_2497.jpeg,train,1,PNEUMONIA,1442,898,125.34455871582031,53.48554992675781
train/PNEUMONIA/person624_virus_1198.jpeg,train,1,PNEUMONIA,1336,824,138.20431518554688,67.5921859741211
train/PNEUMONIA/person625_bacteria_2499.jpeg,train,1,PNEUMONIA,944,560,118.75349426269531,49.78365707397461
train/PNEUMONIA/person625_bacteria_2500.jpeg,train,1,PNEUMONIA,992,600,121.12246704101562,51.39339828491211
train/PNEUMONIA/person625_virus_1199.jpeg,train,1,PNEUMONIA,1408,1128,137.7303924560547,66.92086791992188
train/PNEUMONIA/person626_bacteria_2502.jpeg,train,1,PNEUMONIA,759,409,102.06636047363281,31.93586540222168
train/PNEUMONIA/person626_virus_1202.jpeg,train,1,PNEUMONIA,1416,1160,165.30438232421875,37.07128143310547
train/PNEUMONIA/person627_virus_1204.jpeg,train,1,PNEUMONIA,968,608,105.50715637207031,59.18418502807617
train/PNEUMONIA/person628_bacteria_2505.jpeg,train,1,PNEUMONIA,1650,1253,114.61770629882812,58.85014343261719
train/PNEUMONIA/person628_virus_1206.jpeg,train,1,PNEUMONIA,1400,968,136.40565490722656,65.40607452392578
train/PNEUMONIA/person629_bacteria_2506.jpeg,train,1,PNEUMONIA,1008,576,99.21927642822266,46.9589958190918
train/PNEUMONIA/person629_bacteria_2508.jpeg,train,1,PNEUMONIA,920,648,92.05083465576172,43.37637710571289
train/PNEUMONIA/person629_bacteria_2509.jpeg,train,1,PNEUMONIA,904,664,121.96727752685547,50.327362060546875
train/PNEUMONIA/person629_bacteria_2510.jpeg,train,1,PNEUMONIA,904,568,129.04818725585938,48.544857025146484
train/PNEUMONIA/person62_bacteria_298.jpeg,train,1,PNEUMONIA,1372,948,120.73892211914062,56.25349044799805
train/PNEUMONIA/person62_bacteria_299.jpeg,train,1,PNEUMONIA,1152,856,109.1082992553711,55.659366607666016
train/PNEUMONIA/person62_bacteria_301.jpeg,train,1,PNEUMONIA,1064,896,122.56880950927734,56.02769088745117
train/PNEUMONIA/person62_bacteria_302.jpeg,train,1,PNEUMONIA,1348,979,122.48577880859375,62.20191192626953
train/PNEUMONIA/person630_bacteria_2512.jpeg,train,1,PNEUMONIA,1110,886,115.81018829345703,61.314598083496094
train/PNEUMONIA/person630_bacteria_2513.jpeg,train,1,PNEUMONIA,920,760,79.52349090576172,35.9999885559082
train/PNEUMONIA/person630_bacteria_2514.jpeg,train,1,PNEUMONIA,936,768,129.5583953857422,52.82439422607422
train/PNEUMONIA/person630_bacteria_2515.jpeg,train,1,PNEUMONIA,920,808,122.79247283935547,53.69423294067383
train/PNEUMONIA/person630_bacteria_2516.jpeg,train,1,PNEUMONIA,968,624,148.5626678466797,48.743595123291016
train/PNEUMONIA/person630_virus_1209.jpeg,train,1,PNEUMONIA,823,655,139.82101440429688,48.29151153564453
train/PNEUMONIA/person632_bacteria_2520.jpeg,train,1,PNEUMONIA,936,568,109.52549743652344,45.13208770751953
train/PNEUMONIA/person632_bacteria_2521.jpeg,train,1,PNEUMONIA,1032,712,118.48714447021484,51.54654312133789
train/PNEUMONIA/person632_virus_1211.jpeg,train,1,PNEUMONIA,1624,1072,135.4805450439453,59.55595397949219
train/PNEUMONIA/person634_bacteria_2525.jpeg,train,1,PNEUMONIA,1240,832,165.03399658203125,46.33985137939453
train/PNEUMONIA/person635_bacteria_2526.jpeg,train,1,PNEUMONIA,1431,1058,111.41243743896484,70.86011505126953
train/PNEUMONIA/person636_bacteria_2527.jpeg,train,1,PNEUMONIA,689,366,154.36659240722656,20.911067962646484
train/PNEUMONIA/person637_bacteria_2528.jpeg,train,1,PNEUMONIA,920,472,116.51937866210938,44.45841598510742
train/PNEUMONIA/person637_virus_1218.jpeg,train,1,PNEUMONIA,1312,928,146.09219360351562,51.272003173828125
train/PNEUMONIA/person639_virus_1220.jpeg,train,1,PNEUMONIA,1064,552,93.53253936767578,42.43701171875
train/PNEUMONIA/person63_bacteria_306.jpeg,train,1,PNEUMONIA,1048,736,119.97195434570312,48.03961181640625
train/PNEUMONIA/person640_bacteria_2532.jpeg,train,1,PNEUMONIA,1733,1253,103.53224182128906,66.46907043457031
train/PNEUMONIA/person641_virus_1222.jpeg,train,1,PNEUMONIA,1088,536,95.93340301513672,60.66376495361328
train/PNEUMONIA/person642_virus_1223.jpeg,train,1,PNEUMONIA,1184,928,150.96282958984375,52.76128387451172
train/PNEUMONIA/person643_bacteria_2534.jpeg,train,1,PNEUMONIA,992,656,127.8614501953125,56.3976936340332
train/PNEUMONIA/person644_bacteria_2536.jpeg,train,1,PNEUMONIA,1040,528,82.27957153320312,42.75432205200195
train/PNEUMONIA/person644_virus_1225.jpeg,train,1,PNEUMONIA,1048,584,128.71017456054688,52.989192962646484
train/PNEUMONIA/person645_bacteria_2537.jpeg,train,1,PNEUMONIA,1082,658,118.13133239746094,57.673057556152344
train/PNEUMONIA/person645_virus_1226.jpeg,train,1,PNEUMONIA,1328,792,121.8280258178711,72.6235580444336
train/PNEUMONIA/person647_virus_1228.jpeg,train,1,PNEUMONIA,1416,1128,164.7371063232422,37.71110534667969
train/PNEUMONIA/person647_virus_1229.jpeg,train,1,PNEUMONIA,1704,1544,113.21296691894531,58.778358459472656
train/PNEUMONIA/person648_virus_1230.jpeg,train,1,PNEUMONIA,992,784,126.84949493408203,56.71635437011719
train/PNEUMONIA/person649_virus_1231.jpeg,train,1,PNEUMONIA,1192,864,149.5702362060547,52.8292121887207
train/PNEUMONIA/person64_bacteria_312.jpeg,train,1,PNEUMONIA,848,504,134.2177734375,39.91868591308594
train/PNEUMONIA/person64_bacteria_316.jpeg,train,1,PNEUMONIA,1287,653,145.64877319335938,39.94910430908203
train/PNEUMONIA/person64_bacteria_317.jpeg,train,1,PNEUMONIA,828,485,131.57054138183594,33.56635665893555
train/PNEUMONIA/person64_bacteria_318.jpeg,train,1,PNEUMONIA,846,468,143.80120849609375,30.636066436767578
train/PNEUMONIA/person64_bacteria_319.jpeg,train,1,PNEUMONIA,864,535,107.97251892089844,29.537878036499023
train/PNEUMONIA/person64_bacteria_320.jpeg,train,1,PNEUMONIA,990,614,140.65821838378906,34.24271011352539
train/PNEUMONIA/person650_bacteria_2542.jpeg,train,1,PNEUMONIA,936,624,94.15802001953125,41.7403564453125
train/PNEUMONIA/person650_virus_1232.jpeg,train,1,PNEUMONIA,1248,664,108.69074249267578,73.63379669189453
train/PNEUMONIA/person651_bacteria_2543.jpeg,train,1,PNEUMONIA,904,560,80.87527465820312,39.31058883666992
train/PNEUMONIA/person652_bacteria_2544.jpeg,train,1,PNEUMONIA,1392,901,104.54769897460938,64.87858581542969
train/PNEUMONIA/person652_virus_1234.jpeg,train,1,PNEUMONIA,1176,744,106.2511215209961,62.11724090576172
train/PNEUMONIA/person653_bacteria_2545.jpeg,train,1,PNEUMONIA,1136,784,114.11455535888672,52.62025451660156
train/PNEUMONIA/person653_virus_1235.jpeg,train,1,PNEUMONIA,1224,888,151.9166717529297,65.85547637939453
train/PNEUMONIA/person654_bacteria_2546.jpeg,train,1,PNEUMONIA,1160,824,99.162841796875,52.14360809326172
train/PNEUMONIA/person655_bacteria_2547.jpeg,train,1,PNEUMONIA,1008,704,70.26229858398438,34.889068603515625
train/PNEUMONIA/person656_bacteria_2548.jpeg,train,1,PNEUMONIA,1144,592,113.67505645751953,65.20178985595703
train/PNEUMONIA/person656_virus_1238.jpeg,train,1,PNEUMONIA,1568,1096,145.27035522460938,62.32855224609375
train/PNEUMONIA/person657_bacteria_2549.jpeg,train,1,PNEUMONIA,1226,655,113.7134780883789,69.19804382324219
train/PNEUMONIA/person657_virus_1240.jpeg,train,1,PNEUMONIA,1616,912,119.24073791503906,73.44003295898438
train/PNEUMONIA/person658_bacteria_2550.jpeg,train,1,PNEUMONIA,864,544,118.49927520751953,52.4618034362793
train/PNEUMONIA/person658_virus_1241.jpeg,train,1,PNEUMONIA,1392,912,122.79069519042969,67.92586517333984
train/PNEUMONIA/person659_bacteria_2551.jpeg,train,1,PNEUMONIA,992,608,135.83045959472656,56.268028259277344
train/PNEUMONIA/person659_virus_1243.jpeg,train,1,PNEUMONIA,1432,1160,131.5906219482422,63.890079498291016
train/PNEUMONIA/person65_bacteria_322.jpeg,train,1,PNEUMONIA,1189,720,143.26486206054688,28.107955932617188
train/PNEUMONIA/person660_bacteria_2552.jpeg,train,1,PNEUMONIA,1024,624,119.5951156616211,54.21928024291992
train/PNEUMONIA/person660_virus_1244.jpeg,train,1,PNEUMONIA,1232,848,127.6174087524414,67.5397720336914
train/PNEUMONIA/person661_bacteria_2553.jpeg,train,1,PNEUMONIA,864,480,128.37655639648438,42.3377571105957
train/PNEUMONIA/person661_virus_1245.jpeg,train,1,PNEUMONIA,1264,896,144.79718017578125,51.45695877075195
train/PNEUMONIA/person662_bacteria_2554.jpeg,train,1,PNEUMONIA,928,656,150.26516723632812,42.386531829833984
train/PNEUMONIA/person662_virus_1246.jpeg,train,1,PNEUMONIA,1552,1224,139.94569396972656,51.88581466674805
train/PNEUMONIA/person663_bacteria_2555.jpeg,train,1,PNEUMONIA,1164,809,118.6920394897461,66.64842987060547
train/PNEUMONIA/person663_virus_1247.jpeg,train,1,PNEUMONIA,1104,684,126.2801513671875,56.099639892578125
train/PNEUMONIA/person663_virus_1248.jpeg,train,1,PNEUMONIA,1216,872,109.12644958496094,59.21561050415039
train/PNEUMONIA/person664_virus_1249.jpeg,train,1,PNEUMONIA,1464,1296,142.45831298828125,65.11264038085938
train/PNEUMONIA/person665_bacteria_2557.jpeg,train,1,PNEUMONIA,1080,720,134.76486206054688,53.13896179199219
train/PNEUMONIA/person665_virus_1250.jpeg,train,1,PNEUMONIA,952,544,96.09104919433594,67.66854095458984
train/PNEUMONIA/person666_bacteria_2558.jpeg,train,1,PNEUMONIA,1320,792,130.30157470703125,47.75251388549805
train/PNEUMONIA/person666_virus_1251.jpeg,train,1,PNEUMONIA,936,684,143.22808837890625,48.82007598876953
train/PNEUMONIA/person667_virus_1252.jpeg,train,1,PNEUMONIA,1520,968,133.9869842529297,66.26775360107422
train/PNEUMONIA/person667_virus_1253.jpeg,train,1,PNEUMONIA,1528,1120,141.11175537109375,69.3261947631836
train/PNEUMONIA/person669_bacteria_2561.jpeg,train,1,PNEUMONIA,1016,576,119.69108581542969,46.25334930419922
train/PNEUMONIA/person669_bacteria_2562.jpeg,train,1,PNEUMONIA,976,552,127.21864318847656,51.648658752441406
train/PNEUMONIA/person669_virus_1255.jpeg,train,1,PNEUMONIA,929,435,144.76458740234375,65.98977661132812
train/PNEUMONIA/person66_bacteria_323.jpeg,train,1,PNEUMONIA,944,608,138.69488525390625,51.86283874511719
train/PNEUMONIA/person66_bacteria_324.jpeg,train,1,PNEUMONIA,1016,656,115.28589630126953,52.95122146606445
train/PNEUMONIA/person66_bacteria_325.jpeg,train,1,PNEUMONIA,904,560,105.3153305053711,42.05915069580078
train/PNEUMONIA/person66_bacteria_326.jpeg,train,1,PNEUMONIA,1176,728,107.8232421875,53.25733184814453
train/PNEUMONIA/person670_bacteria_2563.jpeg,train,1,PNEUMONIA,992,736,139.25962829589844,45.36934280395508
train/PNEUMONIA/person670_virus_1256.jpeg,train,1,PNEUMONIA,877,523,108.55338287353516,48.750526428222656
train/PNEUMONIA/person670_virus_1259.jpeg,train,1,PNEUMONIA,810,391,117.19652557373047,38.49810028076172
train/PNEUMONIA/person671_bacteria_2564.jpeg,train,1,PNEUMONIA,832,528,128.02944946289062,45.64352035522461
train/PNEUMONIA/person671_virus_1260.jpeg,train,1,PNEUMONIA,856,577,143.8832550048828,39.920406341552734
train/PNEUMONIA/person672_virus_1261.jpeg,train,1,PNEUMONIA,1408,872,129.04269409179688,69.97700500488281
train/PNEUMONIA/person673_bacteria_2566.jpeg,train,1,PNEUMONIA,848,552,109.31717681884766,46.35089111328125
train/PNEUMONIA/person674_bacteria_2568.jpeg,train,1,PNEUMONIA,1381,1044,98.90599060058594,67.99635314941406
train/PNEUMONIA/person675_bacteria_2569.jpeg,train,1,PNEUMONIA,705,373,133.25741577148438,43.312965393066406
train/PNEUMONIA/person677_bacteria_2571.jpeg,train,1,PNEUMONIA,944,696,116.8836441040039,43.90666198730469
train/PNEUMONIA/person677_virus_1268.jpeg,train,1,PNEUMONIA,1144,632,84.62937927246094,67.60475158691406
train/PNEUMONIA/person678_bacteria_2572.jpeg,train,1,PNEUMONIA,1790,1145,109.95219421386719,66.0395736694336
train/PNEUMONIA/person679_virus_1270.jpeg,train,1,PNEUMONIA,1496,1040,142.93316650390625,70.5779800415039
train/PNEUMONIA/person67_bacteria_328.jpeg,train,1,PNEUMONIA,848,488,104.57206726074219,46.85279083251953
train/PNEUMONIA/person67_bacteria_329.jpeg,train,1,PNEUMONIA,792,448,111.38703155517578,42.470497131347656
train/PNEUMONIA/person67_bacteria_330.jpeg,train,1,PNEUMONIA,832,440,107.71998596191406,48.52096939086914
train/PNEUMONIA/person67_bacteria_331.jpeg,train,1,PNEUMONIA,832,568,110.90412139892578,49.48505401611328
train/PNEUMONIA/person67_bacteria_332.jpeg,train,1,PNEUMONIA,728,392,105.8942642211914,37.490081787109375
train/PNEUMONIA/person67_bacteria_333.jpeg,train,1,PNEUMONIA,664,472,142.8983154296875,37.64236831665039
train/PNEUMONIA/person67_bacteria_334.jpeg,train,1,PNEUMONIA,948,542,118.3346176147461,57.289546966552734
train/PNEUMONIA/person680_bacteria_2575.jpeg,train,1,PNEUMONIA,789,469,151.3065643310547,47.6406364440918
train/PNEUMONIA/person681_bacteria_2576.jpeg,train,1,PNEUMONIA,1172,859,133.6261749267578,55.46689987182617
train/PNEUMONIA/person681_virus_1272.jpeg,train,1,PNEUMONIA,1072,800,109.31084442138672,54.09931945800781
train/PNEUMONIA/person683_bacteria_2578.jpeg,train,1,PNEUMONIA,1408,992,116.12967681884766,49.90248107910156
train/PNEUMONIA/person684_bacteria_2580.jpeg,train,1,PNEUMONIA,1128,704,130.76361083984375,59.34242630004883
train/PNEUMONIA/person684_virus_1275.jpeg,train,1,PNEUMONIA,1256,880,133.5314483642578,56.20491409301758
train/PNEUMONIA/person685_bacteria_2581.jpeg,train,1,PNEUMONIA,1112,688,141.2368621826172,44.82859420776367
train/PNEUMONIA/person687_bacteria_2583.jpeg,train,1,PNEUMONIA,948,763,107.27848052978516,56.513912200927734
train/PNEUMONIA/person688_bacteria_2584.jpeg,train,1,PNEUMONIA,872,528,141.31838989257812,49.07020568847656
train/PNEUMONIA/person688_virus_1281.jpeg,train,1,PNEUMONIA,1136,1024,128.99334716796875,54.011295318603516
train/PNEUMONIA/person688_virus_1282.jpeg,train,1,PNEUMONIA,1136,1024,128.99334716796875,54.011295318603516
train/PNEUMONIA/person689_bacteria_2585.jpeg,train,1,PNEUMONIA,992,736,134.4219207763672,47.513343811035156
train/PNEUMONIA/person689_bacteria_2586.jpeg,train,1,PNEUMONIA,1000,728,124.53209686279297,54.03068161010742
train/PNEUMONIA/person68_bacteria_335.jpeg,train,1,PNEUMONIA,1032,824,143.20855712890625,50.71839904785156
train/PNEUMONIA/person68_bacteria_336.jpeg,train,1,PNEUMONIA,1148,805,132.3131561279297,60.15370178222656
train/PNEUMONIA/person68_bacteria_337.jpeg,train,1,PNEUMONIA,1222,886,124.40892791748047,63.8906135559082
train/PNEUMONIA/person692_bacteria_2589.jpeg,train,1,PNEUMONIA,992,800,127.4234390258789,46.01886749267578
train/PNEUMONIA/person692_virus_1286.jpeg,train,1,PNEUMONIA,1240,912,85.11770629882812,52.25387954711914
train/PNEUMONIA/person696_bacteria_2594.jpeg,train,1,PNEUMONIA,823,459,124.19145965576172,40.84811782836914
train/PNEUMONIA/person698_virus_1294.jpeg,train,1,PNEUMONIA,1192,808,146.6273651123047,44.11151885986328
train/PNEUMONIA/person699_bacteria_2598.jpeg,train,1,PNEUMONIA,984,648,103.71463775634766,45.97594451904297
train/PNEUMONIA/person699_virus_1295.jpeg,train,1,PNEUMONIA,1016,632,107.54399871826172,47.409515380859375
train/PNEUMONIA/person69_bacteria_338.jpeg,train,1,PNEUMONIA,850,560,153.23924255371094,24.954395294189453
train/PNEUMONIA/person6_bacteria_22.jpeg,train,1,PNEUMONIA,928,752,108.69832611083984,51.824459075927734
train/PNEUMONIA/person700_bacteria_2599.jpeg,train,1,PNEUMONIA,1276,917,119.29655456542969,61.24834060668945
train/PNEUMONIA/person701_bacteria_2600.jpeg,train,1,PNEUMONIA,1658,1010,114.78675842285156,65.31136322021484
train/PNEUMONIA/person702_virus_1299.jpeg,train,1,PNEUMONIA,1836,1535,115.68842315673828,69.87516021728516
train/PNEUMONIA/person703_virus_1300.jpeg,train,1,PNEUMONIA,1766,1403,111.55856323242188,55.116371154785156
train/PNEUMONIA/person704_bacteria_2603.jpeg,train,1,PNEUMONIA,936,624,127.28865051269531,46.11207962036133
train/PNEUMONIA/person704_virus_1301.jpeg,train,1,PNEUMONIA,1136,728,117.4197769165039,53.37287902832031
train/PNEUMONIA/person705_virus_1302.jpeg,train,1,PNEUMONIA,1080,808,120.22847747802734,54.2987060546875
train/PNEUMONIA/person705_virus_1303.jpeg,train,1,PNEUMONIA,1016,816,135.62657165527344,52.71856689453125
train/PNEUMONIA/person707_bacteria_2606.jpeg,train,1,PNEUMONIA,992,712,107.77752685546875,57.076507568359375
train/PNEUMONIA/person707_virus_1305.jpeg,train,1,PNEUMONIA,1748,1202,101.62842559814453,66.29214477539062
train/PNEUMONIA/person709_bacteria_2608.jpeg,train,1,PNEUMONIA,889,569,141.19850158691406,31.281024932861328
train/PNEUMONIA/person70_bacteria_341.jpeg,train,1,PNEUMONIA,952,600,112.34701538085938,51.595420837402344
train/PNEUMONIA/person70_bacteria_342.jpeg,train,1,PNEUMONIA,1016,560,100.72530364990234,51.11751174926758
train/PNEUMONIA/person70_bacteria_344.jpeg,train,1,PNEUMONIA,896,488,101.42153930664062,46.31563949584961
train/PNEUMONIA/person70_bacteria_345.jpeg,train,1,PNEUMONIA,944,576,117.11441040039062,56.709205627441406
train/PNEUMONIA/person710_bacteria_2611.jpeg,train,1,PNEUMONIA,1214,739,72.29286193847656,39.12173080444336
train/PNEUMONIA/person710_virus_1308.jpeg,train,1,PNEUMONIA,928,552,116.14653015136719,45.44645690917969
train/PNEUMONIA/person711_bacteria_2612.jpeg,train,1,PNEUMONIA,1064,616,134.88233947753906,47.466129302978516
train/PNEUMONIA/person711_virus_1309.jpeg,train,1,PNEUMONIA,888,568,106.61026000976562,43.187129974365234
train/PNEUMONIA/person712_bacteria_2613.jpeg,train,1,PNEUMONIA,944,784,98.14437866210938,42.9375114440918
train/PNEUMONIA/person712_virus_1310.jpeg,train,1,PNEUMONIA,645,462,147.89328002929688,32.73353576660156
train/PNEUMONIA/person713_bacteria_2614.jpeg,train,1,PNEUMONIA,848,632,96.72089385986328,52.06363296508789
train/PNEUMONIA/person714_bacteria_2615.jpeg,train,1,PNEUMONIA,930,587,91.81474304199219,40.29425811767578
train/PNEUMONIA/person716_bacteria_2617.jpeg,train,1,PNEUMONIA,856,512,98.10708618164062,38.65770721435547
train/PNEUMONIA/person716_virus_1314.jpeg,train,1,PNEUMONIA,800,608,82.0790023803711,34.59061813354492
train/PNEUMONIA/person717_bacteria_2618.jpeg,train,1,PNEUMONIA,800,552,82.5776596069336,38.987056732177734
train/PNEUMONIA/person718_bacteria_2620.jpeg,train,1,PNEUMONIA,1974,1720,109.93644714355469,65.86477661132812
train/PNEUMONIA/person718_virus_1316.jpeg,train,1,PNEUMONIA,709,500,130.59368896484375,44.31670379638672
train/PNEUMONIA/person719_virus_1338.jpeg,train,1,PNEUMONIA,734,307,115.87858581542969,45.406795501708984
train/PNEUMONIA/person71_bacteria_347.jpeg,train,1,PNEUMONIA,1032,800,112.85498809814453,55.38677215576172
train/PNEUMONIA/person71_bacteria_348.jpeg,train,1,PNEUMONIA,824,656,100.27542877197266,41.822425842285156
train/PNEUMONIA/person71_bacteria_349.jpeg,train,1,PNEUMONIA,928,656,93.88729858398438,49.457801818847656
train/PNEUMONIA/person71_bacteria_350.jpeg,train,1,PNEUMONIA,952,664,77.36682891845703,40.42170333862305
train/PNEUMONIA/person71_bacteria_351.jpeg,train,1,PNEUMONIA,1056,925,97.40343475341797,57.76445007324219
train/PNEUMONIA/person720_virus_1339.jpeg,train,1,PNEUMONIA,1160,744,108.86077880859375,55.44414520263672
train/PNEUMONIA/person721_bacteria_2623.jpeg,train,1,PNEUMONIA,816,584,111.18156433105469,53.12295150756836
train/PNEUMONIA/person721_virus_1340.jpeg,train,1,PNEUMONIA,1056,701,83.74388885498047,40.37641525268555
train/PNEUMONIA/person722_virus_1341.jpeg,train,1,PNEUMONIA,1430,921,103.25191497802734,53.5529670715332
train/PNEUMONIA/person723_bacteria_2625.jpeg,train,1,PNEUMONIA,1008,664,106.0000228881836,49.2967529296875
train/PNEUMONIA/person723_virus_1342.jpeg,train,1,PNEUMONIA,1776,1210,95.16252136230469,57.902198791503906
train/PNEUMONIA/person724_virus_1343.jpeg,train,1,PNEUMONIA,904,672,91.84587097167969,39.842987060546875
train/PNEUMONIA/person724_virus_1344.jpeg,train,1,PNEUMONIA,1024,528,109.32527923583984,59.00596237182617
train/PNEUMONIA/person726_bacteria_2628.jpeg,train,1,PNEUMONIA,768,480,126.99124908447266,52.80359649658203
train/PNEUMONIA/person727_bacteria_2629.jpeg,train,1,PNEUMONIA,1180,1025,101.09210205078125,51.241455078125
train/PNEUMONIA/person727_virus_1347.jpeg,train,1,PNEUMONIA,1364,1242,111.41050720214844,57.81487274169922
train/PNEUMONIA/person72_bacteria_353.jpeg,train,1,PNEUMONIA,1256,960,133.18096923828125,52.55713653564453
train/PNEUMONIA/person72_bacteria_354.jpeg,train,1,PNEUMONIA,1500,1152,129.95504760742188,60.138999938964844
train/PNEUMONIA/person730_bacteria_2632.jpeg,train,1,PNEUMONIA,1176,760,92.22899627685547,40.543216705322266
train/PNEUMONIA/person730_virus_1351.jpeg,train,1,PNEUMONIA,1584,1184,87.97474670410156,48.71743392944336
train/PNEUMONIA/person731_bacteria_2633.jpeg,train,1,PNEUMONIA,1008,680,138.00399780273438,53.39143371582031
train/PNEUMONIA/person732_bacteria_2634.jpeg,train,1,PNEUMONIA,1360,1016,137.79446411132812,48.3121452331543
train/PNEUMONIA/person732_virus_1353.jpeg,train,1,PNEUMONIA,1098,651,114.72055053710938,61.0362548828125
train/PNEUMONIA/person733_bacteria_2635.jpeg,train,1,PNEUMONIA,1216,928,132.6540985107422,50.24116134643555
train/PNEUMONIA/person734_bacteria_2637.jpeg,train,1,PNEUMONIA,1400,898,119.80823516845703,54.94313430786133
train/PNEUMONIA/person734_virus_1355.jpeg,train,1,PNEUMONIA,985,585,135.5238037109375,50.75409698486328
train/PNEUMONIA/person735_bacteria_2638.jpeg,train,1,PNEUMONIA,1589,1044,99.81636047363281,75.76908111572266
train/PNEUMONIA/person735_virus_1356.jpeg,train,1,PNEUMONIA,1276,947,73.37847137451172,40.72698211669922
train/PNEUMONIA/person737_bacteria_2640.jpeg,train,1,PNEUMONIA,880,552,127.49411010742188,44.99375534057617
train/PNEUMONIA/person738_virus_1360.jpeg,train,1,PNEUMONIA,1662,1083,127.7515869140625,54.376487731933594
train/PNEUMONIA/person739_bacteria_2642.jpeg,train,1,PNEUMONIA,1040,752,131.0555877685547,57.889095306396484
train/PNEUMONIA/person73_bacteria_356.jpeg,train,1,PNEUMONIA,1024,696,144.54249572753906,39.60181427001953
train/PNEUMONIA/person73_bacteria_357.jpeg,train,1,PNEUMONIA,1048,752,111.02420043945312,47.0086784362793
train/PNEUMONIA/person73_bacteria_358.jpeg,train,1,PNEUMONIA,1032,856,149.3385467529297,47.04161071777344
train/PNEUMONIA/person73_bacteria_359.jpeg,train,1,PNEUMONIA,1272,896,133.32119750976562,57.13329315185547
train/PNEUMONIA/person73_bacteria_360.jpeg,train,1,PNEUMONIA,1298,971,135.43833923339844,56.401851654052734
train/PNEUMONIA/person740_bacteria_2643.jpeg,train,1,PNEUMONIA,838,498,119.1552963256836,46.81392288208008
train/PNEUMONIA/person740_virus_1362.jpeg,train,1,PNEUMONIA,1040,504,96.66780853271484,46.86281967163086
train/PNEUMONIA/person740_virus_1363.jpeg,train,1,PNEUMONIA,952,528,142.69093322753906,66.31604766845703
train/PNEUMONIA/person741_bacteria_2644.jpeg,train,1,PNEUMONIA,1320,840,110.98220825195312,51.709659576416016
train/PNEUMONIA/person741_virus_1364.jpeg,train,1,PNEUMONIA,984,552,113.39698028564453,52.35897445678711
train/PNEUMONIA/person742_virus_1365.jpeg,train,1,PNEUMONIA,928,432,115.99786376953125,47.198280334472656
train/PNEUMONIA/person743_bacteria_2646.jpeg,train,1,PNEUMONIA,984,760,92.81529235839844,40.1353759765625
train/PNEUMONIA/person743_virus_1366.jpeg,train,1,PNEUMONIA,920,736,137.6295166015625,48.01041030883789
train/PNEUMONIA/person744_virus_1367.jpeg,train,1,PNEUMONIA,1048,685,123.40634155273438,47.5955924987793
train/PNEUMONIA/person745_bacteria_2648.jpeg,train,1,PNEUMONIA,1322,890,129.50457763671875,57.41534423828125
train/PNEUMONIA/person745_virus_1368.jpeg,train,1,PNEUMONIA,942,674,107.93135070800781,44.8686408996582
train/PNEUMONIA/person746_bacteria_2649.jpeg,train,1,PNEUMONIA,1002,535,109.81136322021484,64.6627426147461
train/PNEUMONIA/person746_virus_1369.jpeg,train,1,PNEUMONIA,895,516,119.36331939697266,34.71919631958008
train/PNEUMONIA/person747_bacteria_2650.jpeg,train,1,PNEUMONIA,1000,792,95.9698486328125,44.433860778808594
train/PNEUMONIA/person747_virus_1370.jpeg,train,1,PNEUMONIA,856,568,116.9636459350586,51.70182800292969
train/PNEUMONIA/person747_virus_1372.jpeg,train,1,PNEUMONIA,944,632,114.10687255859375,54.44997024536133
train/PNEUMONIA/person748_virus_1373.jpeg,train,1,PNEUMONIA,992,608,101.53692626953125,52.732666015625
train/PNEUMONIA/person749_bacteria_2652.jpeg,train,1,PNEUMONIA,944,552,113.74288177490234,46.76364517211914
train/PNEUMONIA/person749_virus_1374.jpeg,train,1,PNEUMONIA,968,728,95.39511108398438,51.059364318847656
train/PNEUMONIA/person74_bacteria_361.jpeg,train,1,PNEUMONIA,1240,928,141.6841583251953,46.28056716918945
train/PNEUMONIA/person74_bacteria_362.jpeg,train,1,PNEUMONIA,1368,928,130.6669464111328,52.02470779418945
train/PNEUMONIA/person74_bacteria_363.jpeg,train,1,PNEUMONIA,1574,959,135.48812866210938,60.23204040527344
train/PNEUMONIA/person750_bacteria_2653.jpeg,train,1,PNEUMONIA,1008,656,110.47579193115234,48.40713119506836
train/PNEUMONIA/person751_bacteria_2654.jpeg,train,1,PNEUMONIA,995,604,120.98116302490234,40.478797912597656
train/PNEUMONIA/person752_virus_1377.jpeg,train,1,PNEUMONIA,894,610,138.38687133789062,63.7497444152832
train/PNEUMONIA/person753_bacteria_2656.jpeg,train,1,PNEUMONIA,1064,688,99.63600158691406,50.81022644042969
train/PNEUMONIA/person753_virus_1378.jpeg,train,1,PNEUMONIA,880,648,99.87176513671875,48.298797607421875
train/PNEUMONIA/person754_virus_1379.jpeg,train,1,PNEUMONIA,904,848,165.54661560058594,59.28412628173828
train/PNEUMONIA/person755_virus_1380.jpeg,train,1,PNEUMONIA,2160,2304,144.36318969726562,55.61446762084961
train/PNEUMONIA/person756_bacteria_2660.jpeg,train,1,PNEUMONIA,904,584,144.24920654296875,46.994754791259766
train/PNEUMONIA/person757_bacteria_2661.jpeg,train,1,PNEUMONIA,1000,688,122.6934814453125,51.21672058105469
train/PNEUMONIA/person757_virus_1385.jpeg,train,1,PNEUMONIA,937,533,132.0067596435547,39.10274124145508
train/PNEUMONIA/person759_bacteria_2663.jpeg,train,1,PNEUMONIA,1064,736,144.80892944335938,57.685306549072266
train/PNEUMONIA/person759_virus_1387.jpeg,train,1,PNEUMONIA,1064,624,103.25628662109375,56.16032791137695
train/PNEUMONIA/person75_bacteria_364.jpeg,train,1,PNEUMONIA,1000,808,117.16608428955078,53.33354568481445
train/PNEUMONIA/person75_bacteria_365.jpeg,train,1,PNEUMONIA,1080,728,91.08456420898438,49.027069091796875
train/PNEUMONIA/person75_bacteria_366.jpeg,train,1,PNEUMONIA,1016,760,114.09093475341797,51.61710739135742
train/PNEUMONIA/person75_bacteria_367.jpeg,train,1,PNEUMONIA,936,600,129.1513214111328,47.31379699707031
train/PNEUMONIA/person75_bacteria_368.jpeg,train,1,PNEUMONIA,1056,696,124.16564178466797,54.4063606262207
train/PNEUMONIA/person760_bacteria_2664.jpeg,train,1,PNEUMONIA,856,648,87.80392456054688,36.74843215942383
train/PNEUMONIA/person760_virus_1388.jpeg,train,1,PNEUMONIA,877,513,122.65949249267578,46.02541732788086
train/PNEUMONIA/person761_virus_1389.jpeg,train,1,PNEUMONIA,1016,616,129.4657440185547,57.90162658691406
train/PNEUMONIA/person762_virus_1390.jpeg,train,1,PNEUMONIA,1744,1312,114.78250885009766,49.36020278930664
train/PNEUMONIA/person763_bacteria_2667.jpeg,train,1,PNEUMONIA,968,672,91.9906997680664,42.61708068847656
train/PNEUMONIA/person763_virus_1391.jpeg,train,1,PNEUMONIA,840,548,152.7676544189453,35.915565490722656
train/PNEUMONIA/person764_bacteria_2668.jpeg,train,1,PNEUMONIA,1016,736,84.14746856689453,39.37834167480469
train/PNEUMONIA/person764_virus_1392.jpeg,train,1,PNEUMONIA,795,427,122.80136108398438,33.93733215332031
train/PNEUMONIA/person765_bacteria_2669.jpeg,train,1,PNEUMONIA,2050,1497,112.25025177001953,62.976104736328125
train/PNEUMONIA/person765_virus_1393.jpeg,train,1,PNEUMONIA,1352,817,66.17724609375,58.043975830078125
train/PNEUMONIA/person766_bacteria_2670.jpeg,train,1,PNEUMONIA,920,544,112.3254165649414,52.854759216308594
train/PNEUMONIA/person767_bacteria_2671.jpeg,train,1,PNEUMONIA,1008,592,123.74729919433594,47.41750717163086
train/PNEUMONIA/person768_bacteria_2672.jpeg,train,1,PNEUMONIA,912,520,141.64990234375,41.186119079589844
train/PNEUMONIA/person768_virus_1396.jpeg,train,1,PNEUMONIA,854,543,146.03109741210938,35.706363677978516
train/PNEUMONIA/person769_bacteria_2673.jpeg,train,1,PNEUMONIA,912,640,121.71024322509766,43.999656677246094
train/PNEUMONIA/person76_bacteria_370.jpeg,train,1,PNEUMONIA,1360,984,116.44041442871094,56.62335968017578
train/PNEUMONIA/person76_bacteria_371.jpeg,train,1,PNEUMONIA,1240,1048,122.59512329101562,54.601646423339844
train/PNEUMONIA/person76_bacteria_372.jpeg,train,1,PNEUMONIA,1458,1080,117.69712829589844,54.21543884277344
train/PNEUMONIA/person770_bacteria_2674.jpeg,train,1,PNEUMONIA,944,640,113.6458511352539,45.987770080566406
train/PNEUMONIA/person770_virus_1398.jpeg,train,1,PNEUMONIA,842,496,122.9466323852539,28.955522537231445
train/PNEUMONIA/person771_virus_1399.jpeg,train,1,PNEUMONIA,1240,552,95.73662567138672,44.33218765258789
train/PNEUMONIA/person772_virus_1401.jpeg,train,1,PNEUMONIA,1000,592,80.25446319580078,40.03496551513672
train/PNEUMONIA/person773_virus_1402.jpeg,train,1,PNEUMONIA,952,480,108.6946029663086,47.243011474609375
train/PNEUMONIA/person774_bacteria_2678.jpeg,train,1,PNEUMONIA,1088,712,105.85568237304688,54.762577056884766
train/PNEUMONIA/person774_virus_1403.jpeg,train,1,PNEUMONIA,840,584,117.69823455810547,49.667572021484375
train/PNEUMONIA/person775_bacteria_2679.jpeg,train,1,PNEUMONIA,1216,728,77.99653625488281,37.46992111206055
train/PNEUMONIA/person775_virus_1404.jpeg,train,1,PNEUMONIA,856,568,114.65790557861328,46.01353073120117
train/PNEUMONIA/person776_bacteria_2680.jpeg,train,1,PNEUMONIA,968,600,86.1181869506836,45.45881652832031
train/PNEUMONIA/person776_virus_1405.jpeg,train,1,PNEUMONIA,1776,1591,114.01826477050781,71.44467163085938
train/PNEUMONIA/person778_bacteria_2682.jpeg,train,1,PNEUMONIA,1224,656,98.14854431152344,50.38465118408203
train/PNEUMONIA/person778_virus_1408.jpeg,train,1,PNEUMONIA,896,512,87.94965362548828,43.3516960144043
train/PNEUMONIA/person779_bacteria_2683.jpeg,train,1,PNEUMONIA,1144,793,131.45840454101562,59.08613967895508
train/PNEUMONIA/person779_virus_1410.jpeg,train,1,PNEUMONIA,752,576,99.4468002319336,52.68092727661133
train/PNEUMONIA/person77_bacteria_374.jpeg,train,1,PNEUMONIA,1008,848,130.09059143066406,51.3311767578125
train/PNEUMONIA/person77_bacteria_375.jpeg,train,1,PNEUMONIA,1224,704,109.68840026855469,54.848209381103516
train/PNEUMONIA/person77_bacteria_377.jpeg,train,1,PNEUMONIA,1156,820,138.84280395507812,52.05640411376953
train/PNEUMONIA/person780_bacteria_2684.jpeg,train,1,PNEUMONIA,1453,1073,101.68208312988281,70.5205078125
train/PNEUMONIA/person780_virus_1411.jpeg,train,1,PNEUMONIA,816,512,117.3600845336914,43.5294189453125
train/PNEUMONIA/person782_bacteria_2686.jpeg,train,1,PNEUMONIA,1312,1144,84.3844223022461,48.46234130859375
train/PNEUMONIA/person783_bacteria_2687.jpeg,train,1,PNEUMONIA,1431,1044,71.88321685791016,56.24311447143555
train/PNEUMONIA/person785_bacteria_2689.jpeg,train,1,PNEUMONIA,1080,720,143.5374298095703,53.94987106323242
train/PNEUMONIA/person786_bacteria_2690.jpeg,train,1,PNEUMONIA,1000,816,141.5999298095703,45.30732345581055
train/PNEUMONIA/person787_bacteria_2691.jpeg,train,1,PNEUMONIA,1546,1094,106.71963500976562,73.81648254394531
train/PNEUMONIA/person789_bacteria_2694.jpeg,train,1,PNEUMONIA,1080,584,151.33026123046875,44.20302963256836
train/PNEUMONIA/person789_virus_1420.jpeg,train,1,PNEUMONIA,1224,736,159.97372436523438,43.78446960449219
train/PNEUMONIA/person790_virus_1421.jpeg,train,1,PNEUMONIA,1658,1145,114.05382537841797,56.286537170410156
train/PNEUMONIA/person791_virus_1422.jpeg,train,1,PNEUMONIA,1468,1010,120.61144256591797,64.43795013427734
train/PNEUMONIA/person793_virus_1424.jpeg,train,1,PNEUMONIA,1144,848,129.5291290283203,52.7210578918457
train/PNEUMONIA/person795_virus_1427.jpeg,train,1,PNEUMONIA,878,584,120.82078552246094,43.97960662841797
train/PNEUMONIA/person796_bacteria_2702.jpeg,train,1,PNEUMONIA,1008,576,118.05231475830078,46.82283020019531
train/PNEUMONIA/person796_virus_1428.jpeg,train,1,PNEUMONIA,1072,752,142.55467224121094,46.863616943359375
train/PNEUMONIA/person797_virus_1429.jpeg,train,1,PNEUMONIA,920,512,102.68451690673828,42.80116271972656
train/PNEUMONIA/person799_bacteria_2705.jpeg,train,1,PNEUMONIA,1248,944,76.17626190185547,37.54454040527344
train/PNEUMONIA/person799_virus_1431.jpeg,train,1,PNEUMONIA,2016,2184,124.50232696533203,48.462677001953125
train/PNEUMONIA/person7_bacteria_25.jpeg,train,1,PNEUMONIA,932,588,142.90565490722656,47.71299743652344
train/PNEUMONIA/person7_bacteria_28.jpeg,train,1,PNEUMONIA,1033,697,125.07220458984375,47.906639099121094
train/PNEUMONIA/person7_bacteria_29.jpeg,train,1,PNEUMONIA,1200,824,114.8304214477539,49.88692092895508
train/PNEUMONIA/person800_bacteria_2706.jpeg,train,1,PNEUMONIA,985,621,139.8733367919922,47.370391845703125
train/PNEUMONIA/person801_virus_1434.jpeg,train,1,PNEUMONIA,1384,1021,131.3386688232422,56.937744140625
train/PNEUMONIA/person802_bacteria_2708.jpeg,train,1,PNEUMONIA,1260,971,123.90315246582031,63.23801803588867
train/PNEUMONIA/person803_bacteria_2710.jpeg,train,1,PNEUMONIA,745,467,149.28419494628906,35.90132522583008
train/PNEUMONIA/person803_virus_1436.jpeg,train,1,PNEUMONIA,1296,847,109.83978271484375,63.8444709777832
train/PNEUMONIA/person805_bacteria_2712.jpeg,train,1,PNEUMONIA,1134,731,108.09922790527344,64.98373413085938
train/PNEUMONIA/person806_virus_1439.jpeg,train,1,PNEUMONIA,1416,1344,157.06341552734375,53.03056335449219
train/PNEUMONIA/person808_bacteria_2716.jpeg,train,1,PNEUMONIA,1132,821,111.3875961303711,64.50629425048828
train/PNEUMONIA/person808_virus_1442.jpeg,train,1,PNEUMONIA,1746,1523,115.81066131591797,72.12091827392578
train/PNEUMONIA/person809_bacteria_2717.jpeg,train,1,PNEUMONIA,1224,928,118.92056274414062,57.23249053955078
train/PNEUMONIA/person809_bacteria_2718.jpeg,train,1,PNEUMONIA,1008,688,133.4380340576172,52.34602737426758
train/PNEUMONIA/person80_virus_150.jpeg,train,1,PNEUMONIA,1248,880,121.5163803100586,60.04302978515625
train/PNEUMONIA/person810_bacteria_2719.jpeg,train,1,PNEUMONIA,872,608,94.94307708740234,36.61219787597656
train/PNEUMONIA/person810_virus_1445.jpeg,train,1,PNEUMONIA,2000,1688,105.07554626464844,49.827049255371094
train/PNEUMONIA/person810_virus_1446.jpeg,train,1,PNEUMONIA,1824,1632,148.7494354248047,49.69993591308594
train/PNEUMONIA/person811_virus_1447.jpeg,train,1,PNEUMONIA,1376,999,131.09861755371094,62.9356803894043
train/PNEUMONIA/person813_bacteria_2723.jpeg,train,1,PNEUMONIA,968,499,118.43541717529297,50.15462112426758
train/PNEUMONIA/person813_virus_1449.jpeg,train,1,PNEUMONIA,1911,1806,142.2365264892578,67.7140121459961
train/PNEUMONIA/person814_bacteria_2725.jpeg,train,1,PNEUMONIA,1176,664,125.64476013183594,52.550933837890625
train/PNEUMONIA/person815_bacteria_2726.jpeg,train,1,PNEUMONIA,1400,1052,112.67804718017578,71.91487121582031
train/PNEUMONIA/person816_bacteria_2727.jpeg,train,1,PNEUMONIA,1184,864,109.78799438476562,51.596282958984375
train/PNEUMONIA/person817_bacteria_2728.jpeg,train,1,PNEUMONIA,700,463,165.21153259277344,27.022197723388672
train/PNEUMONIA/person818_bacteria_2729.jpeg,train,1,PNEUMONIA,1072,816,101.32874298095703,47.13304901123047
train/PNEUMONIA/person819_virus_1455.jpeg,train,1,PNEUMONIA,1072,603,143.9658966064453,34.11444854736328
train/PNEUMONIA/person81_virus_152.jpeg,train,1,PNEUMONIA,1520,984,128.86135864257812,72.1606216430664
train/PNEUMONIA/person820_bacteria_2731.jpeg,train,1,PNEUMONIA,1128,752,101.26354217529297,49.00433349609375
train/PNEUMONIA/person820_virus_1456.jpeg,train,1,PNEUMONIA,1716,1175,114.15161895751953,53.566471099853516
train/PNEUMONIA/person823_virus_1459.jpeg,train,1,PNEUMONIA,920,472,113.05062103271484,36.887027740478516
train/PNEUMONIA/person825_bacteria_2736.jpeg,train,1,PNEUMONIA,888,488,141.91433715820312,51.94101333618164
train/PNEUMONIA/person826_bacteria_2737.jpeg,train,1,PNEUMONIA,1152,752,129.51812744140625,46.824710845947266
train/PNEUMONIA/person826_virus_1462.jpeg,train,1,PNEUMONIA,843,484,128.62948608398438,45.80110168457031
train/PNEUMONIA/person827_bacteria_2738.jpeg,train,1,PNEUMONIA,1008,632,106.9563217163086,50.81841278076172
train/PNEUMONIA/person829_bacteria_2740.jpeg,train,1,PNEUMONIA,1048,704,126.23854064941406,45.9621467590332
train/PNEUMONIA/person82_virus_154.jpeg,train,1,PNEUMONIA,1400,896,135.63140869140625,74.51789855957031
train/PNEUMONIA/person82_virus_155.jpeg,train,1,PNEUMONIA,1328,888,124.20574951171875,66.1675033569336
train/PNEUMONIA/person830_bacteria_2741.jpeg,train,1,PNEUMONIA,1040,664,124.31915283203125,46.07842254638672
train/PNEUMONIA/person830_virus_1466.jpeg,train,1,PNEUMONIA,1160,752,100.64034271240234,47.55767822265625
train/PNEUMONIA/person831_bacteria_2742.jpeg,train,1,PNEUMONIA,896,528,116.08301544189453,53.297176361083984
train/PNEUMONIA/person832_virus_1468.jpeg,train,1,PNEUMONIA,801,541,143.59442138671875,34.638187408447266
train/PNEUMONIA/person833_virus_1469.jpeg,train,1,PNEUMONIA,1716,1222,109.15721130371094,62.86769485473633
train/PNEUMONIA/person834_bacteria_2748.jpeg,train,1,PNEUMONIA,1000,560,131.47659301757812,58.97502517700195
train/PNEUMONIA/person835_bacteria_2750.jpeg,train,1,PNEUMONIA,928,392,119.63320922851562,60.202247619628906
train/PNEUMONIA/person835_virus_1472.jpeg,train,1,PNEUMONIA,1664,1136,115.13920593261719,54.452171325683594
train/PNEUMONIA/person836_bacteria_2752.jpeg,train,1,PNEUMONIA,1160,648,149.37557983398438,51.20732498168945
train/PNEUMONIA/person837_bacteria_2754.jpeg,train,1,PNEUMONIA,904,568,108.25048828125,44.1959228515625
train/PNEUMONIA/person838_virus_1476.jpeg,train,1,PNEUMONIA,1000,664,135.42332458496094,38.37373352050781
train/PNEUMONIA/person839_bacteria_2757.jpeg,train,1,PNEUMONIA,760,440,106.6348876953125,52.8051643371582
train/PNEUMONIA/person83_virus_156.jpeg,train,1,PNEUMONIA,1504,720,113.48527526855469,67.08898162841797
train/PNEUMONIA/person840_bacteria_2758.jpeg,train,1,PNEUMONIA,1080,552,116.15155792236328,48.93198776245117
train/PNEUMONIA/person840_bacteria_2759.jpeg,train,1,PNEUMONIA,992,544,142.53079223632812,64.49828338623047
train/PNEUMONIA/person841_bacteria_2760.jpeg,train,1,PNEUMONIA,1024,616,130.90480041503906,43.6922492980957
train/PNEUMONIA/person842_bacteria_2762.jpeg,train,1,PNEUMONIA,1104,752,97.31837463378906,49.39183044433594
train/PNEUMONIA/person842_virus_1483.jpeg,train,1,PNEUMONIA,1616,1288,137.78509521484375,56.46335983276367
train/PNEUMONIA/person843_bacteria_2763.jpeg,train,1,PNEUMONIA,936,688,122.94474029541016,55.069175720214844
train/PNEUMONIA/person843_virus_1485.jpeg,train,1,PNEUMONIA,1432,944,128.29066467285156,67.74361419677734
train/PNEUMONIA/person844_virus_1487.jpeg,train,1,PNEUMONIA,1192,789,111.202880859375,57.23142623901367
train/PNEUMONIA/person846_virus_1491.jpeg,train,1,PNEUMONIA,1998,1361,128.37698364257812,58.18082809448242
train/PNEUMONIA/person847_bacteria_2767.jpeg,train,1,PNEUMONIA,952,600,81.53369903564453,41.91135787963867
train/PNEUMONIA/person848_bacteria_2769.jpeg,train,1,PNEUMONIA,927,523,124.91059112548828,34.5687370300293
train/PNEUMONIA/person848_virus_1493.jpeg,train,1,PNEUMONIA,1376,800,143.8717041015625,72.71031951904297
train/PNEUMONIA/person849_bacteria_2770.jpeg,train,1,PNEUMONIA,952,544,108.67726135253906,51.318565368652344
train/PNEUMONIA/person84_virus_157.jpeg,train,1,PNEUMONIA,1264,704,115.8333740234375,57.35053634643555
train/PNEUMONIA/person850_bacteria_2771.jpeg,train,1,PNEUMONIA,1152,672,108.76795196533203,47.424217224121094
train/PNEUMONIA/person851_virus_1496.jpeg,train,1,PNEUMONIA,1432,1000,131.56405639648438,60.46035385131836
train/PNEUMONIA/person852_virus_1497.jpeg,train,1,PNEUMONIA,1168,1000,146.74758911132812,63.95624923706055
train/PNEUMONIA/person853_bacteria_2774.jpeg,train,1,PNEUMONIA,944,568,124.88091278076172,50.92657470703125
train/PNEUMONIA/person853_bacteria_2775.jpeg,train,1,PNEUMONIA,920,520,122.78166961669922,53.183799743652344
train/PNEUMONIA/person854_bacteria_2776.jpeg,train,1,PNEUMONIA,824,584,114.83969116210938,41.36085510253906
train/PNEUMONIA/person855_bacteria_2777.jpeg,train,1,PNEUMONIA,904,672,159.5291748046875,62.07475662231445
train/PNEUMONIA/person858_bacteria_2780.jpeg,train,1,PNEUMONIA,1072,744,104.44070434570312,46.15263366699219
train/PNEUMONIA/person859_virus_1504.jpeg,train,1,PNEUMONIA,1288,944,133.61827087402344,70.70787811279297
train/PNEUMONIA/person860_virus_1505.jpeg,train,1,PNEUMONIA,1000,664,113.66131591796875,72.3637924194336
train/PNEUMONIA/person861_virus_1506.jpeg,train,1,PNEUMONIA,1096,536,104.42012786865234,70.19538879394531
train/PNEUMONIA/person862_bacteria_2784.jpeg,train,1,PNEUMONIA,992,832,126.37871551513672,51.53762435913086
train/PNEUMONIA/person862_virus_1507.jpeg,train,1,PNEUMONIA,1336,1056,146.89125061035156,72.80087280273438
train/PNEUMONIA/person863_bacteria_2785.jpeg,train,1,PNEUMONIA,1000,664,130.6539306640625,57.74503707885742
train/PNEUMONIA/person863_virus_1508.jpeg,train,1,PNEUMONIA,1456,1072,144.00140380859375,74.38285827636719
train/PNEUMONIA/person864_virus_1509.jpeg,train,1,PNEUMONIA,1272,936,138.0113983154297,72.01530456542969
train/PNEUMONIA/person866_bacteria_2788.jpeg,train,1,PNEUMONIA,904,536,139.7301788330078,46.436641693115234
train/PNEUMONIA/person866_virus_1511.jpeg,train,1,PNEUMONIA,1608,1096,144.0652313232422,56.29209899902344
train/PNEUMONIA/person867_bacteria_2789.jpeg,train,1,PNEUMONIA,1104,832,102.40036010742188,44.41834259033203
train/PNEUMONIA/person867_virus_1512.jpeg,train,1,PNEUMONIA,1672,1184,148.06480407714844,69.95262145996094
train/PNEUMONIA/person868_virus_1513.jpeg,train,1,PNEUMONIA,984,656,111.18944549560547,58.49050521850586
train/PNEUMONIA/person868_virus_1514.jpeg,train,1,PNEUMONIA,992,616,107.41197204589844,54.801910400390625
train/PNEUMONIA/person870_virus_1516.jpeg,train,1,PNEUMONIA,1448,856,121.44835662841797,76.76110076904297
train/PNEUMONIA/person871_bacteria_2793.jpeg,train,1,PNEUMONIA,1156,747,117.44721221923828,61.93313980102539
train/PNEUMONIA/person872_bacteria_2795.jpeg,train,1,PNEUMONIA,1008,696,132.32164001464844,47.676204681396484
train/PNEUMONIA/person873_bacteria_2796.jpeg,train,1,PNEUMONIA,912,552,143.54193115234375,54.87510299682617
train/PNEUMONIA/person874_bacteria_2797.jpeg,train,1,PNEUMONIA,1016,744,185.1050262451172,40.28119659423828
train/PNEUMONIA/person876_bacteria_2799.jpeg,train,1,PNEUMONIA,1096,672,113.97805786132812,46.19788360595703
train/PNEUMONIA/person877_bacteria_2800.jpeg,train,1,PNEUMONIA,1056,664,115.17031860351562,45.749263763427734
train/PNEUMONIA/person877_virus_1525.jpeg,train,1,PNEUMONIA,1216,672,111.00682830810547,68.89295196533203
train/PNEUMONIA/person878_bacteria_2801.jpeg,train,1,PNEUMONIA,1692,1295,114.2864990234375,53.68830871582031
train/PNEUMONIA/person878_virus_1526.jpeg,train,1,PNEUMONIA,1216,744,97.75606536865234,71.21451568603516
train/PNEUMONIA/person87_virus_160.jpeg,train,1,PNEUMONIA,1636,1130,116.1755599975586,57.82680892944336
train/PNEUMONIA/person880_bacteria_2804.jpeg,train,1,PNEUMONIA,1024,664,117.65032196044922,49.771522521972656
train/PNEUMONIA/person880_virus_1529.jpeg,train,1,PNEUMONIA,1416,912,108.17372131347656,54.75763702392578
train/PNEUMONIA/person881_bacteria_2805.jpeg,train,1,PNEUMONIA,1048,544,101.37633514404297,51.09462356567383
train/PNEUMONIA/person881_virus_1531.jpeg,train,1,PNEUMONIA,1168,760,116.65079498291016,70.26895904541016
train/PNEUMONIA/person882_bacteria_2806.jpeg,train,1,PNEUMONIA,1000,568,125.75687408447266,47.58372116088867
train/PNEUMONIA/person883_bacteria_2807.jpeg,train,1,PNEUMONIA,1008,584,132.699462890625,48.242069244384766
train/PNEUMONIA/person883_virus_1533.jpeg,train,1,PNEUMONIA,1104,592,67.77745056152344,51.59062576293945
train/PNEUMONIA/person884_bacteria_2808.jpeg,train,1,PNEUMONIA,1306,762,122.47146606445312,62.57206344604492
train/PNEUMONIA/person884_virus_1534.jpeg,train,1,PNEUMONIA,1256,824,124.76776123046875,72.18490600585938
train/PNEUMONIA/person886_bacteria_2810.jpeg,train,1,PNEUMONIA,1372,817,111.54810333251953,48.44916534423828
train/PNEUMONIA/person886_virus_1536.jpeg,train,1,PNEUMONIA,1656,1368,155.12525939941406,50.13087463378906
train/PNEUMONIA/person888_bacteria_2812.jpeg,train,1,PNEUMONIA,527,219,121.26224517822266,42.98334884643555
train/PNEUMONIA/person888_virus_1538.jpeg,train,1,PNEUMONIA,1392,832,114.96696472167969,75.48792266845703
train/PNEUMONIA/person889_bacteria_2813.jpeg,train,1,PNEUMONIA,856,536,149.93528747558594,47.73527908325195
train/PNEUMONIA/person88_virus_161.jpeg,train,1,PNEUMONIA,1328,976,132.66571044921875,49.23128890991211
train/PNEUMONIA/person88_virus_163.jpeg,train,1,PNEUMONIA,1472,1176,104.90798950195312,56.324554443359375
train/PNEUMONIA/person88_virus_164.jpeg,train,1,PNEUMONIA,1432,1176,64.77172088623047,26.7320499420166
train/PNEUMONIA/person88_virus_165.jpeg,train,1,PNEUMONIA,1520,1176,137.23065185546875,56.02714920043945
train/PNEUMONIA/person88_virus_166.jpeg,train,1,PNEUMONIA,1512,1008,112.46052551269531,52.55659866333008
train/PNEUMONIA/person88_virus_167.jpeg,train,1,PNEUMONIA,1344,1216,77.19010162353516,36.70580291748047
train/PNEUMONIA/person890_bacteria_2814.jpeg,train,1,PNEUMONIA,1016,608,100.49923706054688,47.8447151184082
train/PNEUMONIA/person890_virus_1540.jpeg,train,1,PNEUMONIA,1768,1072,123.57965850830078,72.45732879638672
train/PNEUMONIA/person891_virus_1541.jpeg,train,1,PNEUMONIA,1048,632,99.49329376220703,59.83717727661133
train/PNEUMONIA/person892_bacteria_2817.jpeg,train,1,PNEUMONIA,1080,784,133.45664978027344,50.65956497192383
train/PNEUMONIA/person893_bacteria_2818.jpeg,train,1,PNEUMONIA,1000,560,144.29371643066406,53.02195739746094
train/PNEUMONIA/person894_bacteria_2819.jpeg,train,1,PNEUMONIA,747,464,128.81394958496094,41.13942337036133
train/PNEUMONIA/person894_virus_1546.jpeg,train,1,PNEUMONIA,1368,928,135.63345336914062,74.66073608398438
train/PNEUMONIA/person895_bacteria_2820.jpeg,train,1,PNEUMONIA,1000,744,137.26739501953125,55.78447341918945
train/PNEUMONIA/person895_virus_1547.jpeg,train,1,PNEUMONIA,1608,1104,135.5719757080078,67.62358856201172
train/PNEUMONIA/person896_bacteria_2821.jpeg,train,1,PNEUMONIA,952,696,148.99609375,46.218624114990234
train/PNEUMONIA/person897_bacteria_2822.jpeg,train,1,PNEUMONIA,1008,704,125.70588684082031,45.459896087646484
train/PNEUMONIA/person898_bacteria_2823.jpeg,train,1,PNEUMONIA,912,520,139.1568603515625,58.41333770751953
train/PNEUMONIA/person898_virus_1552.jpeg,train,1,PNEUMONIA,1384,944,111.68286895751953,62.70207214355469
train/PNEUMONIA/person899_virus_1553.jpeg,train,1,PNEUMONIA,1456,912,100.81745147705078,66.96941375732422
train/PNEUMONIA/person89_virus_168.jpeg,train,1,PNEUMONIA,1508,1133,123.79490661621094,56.01377868652344
train/PNEUMONIA/person8_bacteria_37.jpeg,train,1,PNEUMONIA,1790,1326,131.3249969482422,58.97343063354492
train/PNEUMONIA/person900_virus_1554.jpeg,train,1,PNEUMONIA,1208,720,105.18466186523438,54.55038070678711
train/PNEUMONIA/person901_virus_1555.jpeg,train,1,PNEUMONIA,1272,792,125.90462493896484,67.65422821044922
train/PNEUMONIA/person902_bacteria_2827.jpeg,train,1,PNEUMONIA,1160,800,156.41326904296875,59.16617202758789
train/PNEUMONIA/person903_bacteria_2828.jpeg,train,1,PNEUMONIA,1208,920,103.6299057006836,50.06594467163086
train/PNEUMONIA/person904_bacteria_2829.jpeg,train,1,PNEUMONIA,508,218,123.81365203857422,40.60009002685547
train/PNEUMONIA/person905_bacteria_2830.jpeg,train,1,PNEUMONIA,721,349,128.76504516601562,34.95774841308594
train/PNEUMONIA/person905_virus_1561.jpeg,train,1,PNEUMONIA,1056,552,111.0239486694336,55.27549362182617
train/PNEUMONIA/person906_bacteria_2831.jpeg,train,1,PNEUMONIA,1064,712,135.66592407226562,49.711517333984375
train/PNEUMONIA/person906_virus_1562.jpeg,train,1,PNEUMONIA,723,507,155.089599609375,37.55348587036133
train/PNEUMONIA/person907_virus_1563.jpeg,train,1,PNEUMONIA,1208,704,123.70852661132812,67.31024169921875
train/PNEUMONIA/person908_virus_1564.jpeg,train,1,PNEUMONIA,1408,960,141.18467712402344,69.15377044677734
train/PNEUMONIA/person909_bacteria_2834.jpeg,train,1,PNEUMONIA,832,520,145.4432830810547,47.52562713623047
train/PNEUMONIA/person909_virus_1565.jpeg,train,1,PNEUMONIA,765,375,141.00729370117188,46.523921966552734
train/PNEUMONIA/person90_virus_169.jpeg,train,1,PNEUMONIA,1240,1072,104.76153564453125,51.30297088623047
train/PNEUMONIA/person90_virus_170.jpeg,train,1,PNEUMONIA,1224,768,100.20195007324219,50.038455963134766
train/PNEUMONIA/person911_bacteria_2836.jpeg,train,1,PNEUMONIA,1024,816,126.93028259277344,50.94874954223633
train/PNEUMONIA/person911_virus_1567.jpeg,train,1,PNEUMONIA,1168,776,123.77297973632812,70.01531982421875
train/PNEUMONIA/person912_bacteria_2837.jpeg,train,1,PNEUMONIA,1056,784,148.14662170410156,50.12260055541992
train/PNEUMONIA/person913_bacteria_2838.jpeg,train,1,PNEUMONIA,743,453,106.5291748046875,40.83392333984375
train/PNEUMONIA/person913_virus_1570.jpeg,train,1,PNEUMONIA,1112,672,132.5029296875,71.92423248291016
train/PNEUMONIA/person914_bacteria_2839.jpeg,train,1,PNEUMONIA,1176,696,140.0741424560547,53.732547760009766
train/PNEUMONIA/person914_virus_1571.jpeg,train,1,PNEUMONIA,1440,800,106.423095703125,63.210777282714844
train/PNEUMONIA/person915_virus_1572.jpeg,train,1,PNEUMONIA,1608,1056,136.79736328125,72.73441314697266
train/PNEUMONIA/person916_bacteria_2841.jpeg,train,1,PNEUMONIA,1368,768,158.4650115966797,50.14201736450195
train/PNEUMONIA/person917_bacteria_2842.jpeg,train,1,PNEUMONIA,1272,664,101.6451644897461,46.8739128112793
train/PNEUMONIA/person918_bacteria_2843.jpeg,train,1,PNEUMONIA,1008,640,143.54627990722656,46.797489166259766
train/PNEUMONIA/person919_bacteria_2844.jpeg,train,1,PNEUMONIA,1342,1110,121.4603271484375,65.7849349975586
train/PNEUMONIA/person919_virus_1576.jpeg,train,1,PNEUMONIA,1408,720,122.00533294677734,73.21326446533203
train/PNEUMONIA/person920_bacteria_2845.jpeg,train,1,PNEUMONIA,1260,843,122.58351135253906,61.35854721069336
train/PNEUMONIA/person921_bacteria_2846.jpeg,train,1,PNEUMONIA,1080,672,159.08412170410156,44.242252349853516
train/PNEUMONIA/person923_bacteria_2848.jpeg,train,1,PNEUMONIA,580,294,137.89801025390625,43.569091796875
train/PNEUMONIA/person924_bacteria_2849.jpeg,train,1,PNEUMONIA,920,752,101.51163482666016,39.55738830566406
train/PNEUMONIA/person925_bacteria_2850.jpeg,train,1,PNEUMONIA,1096,896,102.15283966064453,50.64455032348633
train/PNEUMONIA/person925_virus_1582.jpeg,train,1,PNEUMONIA,1264,792,95.8124771118164,63.76008224487305
train/PNEUMONIA/person926_virus_1583.jpeg,train,1,PNEUMONIA,1312,872,147.15760803222656,57.37007141113281
train/PNEUMONIA/person927_bacteria_2852.jpeg,train,1,PNEUMONIA,976,584,127.35457611083984,43.8087043762207
train/PNEUMONIA/person927_virus_1584.jpeg,train,1,PNEUMONIA,1256,904,138.50941467285156,65.5987548828125
train/PNEUMONIA/person928_virus_1586.jpeg,train,1,PNEUMONIA,896,664,134.19993591308594,51.32098388671875
train/PNEUMONIA/person929_virus_1588.jpeg,train,1,PNEUMONIA,1944,1576,145.50645446777344,43.98115539550781
train/PNEUMONIA/person929_virus_1589.jpeg,train,1,PNEUMONIA,1828,1640,167.07257080078125,41.37969207763672
train/PNEUMONIA/person92_virus_174.jpeg,train,1,PNEUMONIA,1040,528,156.22467041015625,38.67733383178711
train/PNEUMONIA/person930_bacteria_2855.jpeg,train,1,PNEUMONIA,944,648,135.60195922851562,47.612701416015625
train/PNEUMONIA/person931_virus_1592.jpeg,train,1,PNEUMONIA,1264,888,125.91197967529297,59.447349548339844
train/PNEUMONIA/person932_virus_1593.jpeg,train,1,PNEUMONIA,1024,648,103.85816955566406,55.487709045410156
train/PNEUMONIA/person933_bacteria_2858.jpeg,train,1,PNEUMONIA,1152,816,113.8095932006836,52.90652084350586
train/PNEUMONIA/person933_virus_1594.jpeg,train,1,PNEUMONIA,1408,1168,149.12364196777344,60.116119384765625
train/PNEUMONIA/person934_bacteria_2859.jpeg,train,1,PNEUMONIA,1152,704,151.81932067871094,46.36997604370117
train/PNEUMONIA/person934_virus_1595.jpeg,train,1,PNEUMONIA,821,490,130.45989990234375,54.620426177978516
train/PNEUMONIA/person936_bacteria_2861.jpeg,train,1,PNEUMONIA,1256,872,144.6712188720703,46.10129928588867
train/PNEUMONIA/person936_virus_1598.jpeg,train,1,PNEUMONIA,1128,768,145.72047424316406,68.69047546386719
train/PNEUMONIA/person937_bacteria_2862.jpeg,train,1,PNEUMONIA,1072,672,92.11359405517578,45.70291519165039
train/PNEUMONIA/person937_virus_1599.jpeg,train,1,PNEUMONIA,1208,856,92.44117736816406,56.52838897705078
train/PNEUMONIA/person938_bacteria_2863.jpeg,train,1,PNEUMONIA,920,672,157.92051696777344,39.186161041259766
train/PNEUMONIA/person938_virus_1600.jpeg,train,1,PNEUMONIA,716,444,70.54608917236328,35.97146987915039
train/PNEUMONIA/person939_bacteria_2864.jpeg,train,1,PNEUMONIA,944,704,111.04458618164062,49.59196853637695
train/PNEUMONIA/person93_virus_175.jpeg,train,1,PNEUMONIA,1120,592,127.7823486328125,43.29086685180664
train/PNEUMONIA/person940_bacteria_2865.jpeg,train,1,PNEUMONIA,896,656,114.60366821289062,46.17650604248047
train/PNEUMONIA/person940_virus_1602.jpeg,train,1,PNEUMONIA,1504,992,105.37096405029297,58.07688522338867
train/PNEUMONIA/person940_virus_1604.jpeg,train,1,PNEUMONIA,778,631,139.357421875,43.12520217895508
train/PNEUMONIA/person940_virus_1607.jpeg,train,1,PNEUMONIA,1384,1072,169.54306030273438,37.94078826904297
train/PNEUMONIA/person940_virus_1609.jpeg,train,1,PNEUMONIA,923,604,113.73295593261719,49.72316360473633
train/PNEUMONIA/person941_virus_1610.jpeg,train,1,PNEUMONIA,1688,1120,129.0151824951172,70.7036361694336
train/PNEUMONIA/person942_bacteria_2867.jpeg,train,1,PNEUMONIA,679,304,108.7630844116211,40.44850158691406
train/PNEUMONIA/person942_virus_1611.jpeg,train,1,PNEUMONIA,1592,1120,162.33523559570312,63.54147720336914
train/PNEUMONIA/person943_bacteria_2868.jpeg,train,1,PNEUMONIA,1446,1087,105.42306518554688,69.88383483886719
train/PNEUMONIA/person944_bacteria_2869.jpeg,train,1,PNEUMONIA,992,760,133.16714477539062,44.043739318847656
train/PNEUMONIA/person945_bacteria_2870.jpeg,train,1,PNEUMONIA,968,656,147.58554077148438,49.15346908569336
train/PNEUMONIA/person945_virus_1616.jpeg,train,1,PNEUMONIA,1312,752,121.35297393798828,68.55017852783203
train/PNEUMONIA/person946_bacteria_2871.jpeg,train,1,PNEUMONIA,1284,762,113.64620208740234,59.51648712158203
train/PNEUMONIA/person947_bacteria_2872.jpeg,train,1,PNEUMONIA,968,560,111.97402954101562,42.024078369140625
train/PNEUMONIA/person949_bacteria_2874.jpeg,train,1,PNEUMONIA,960,616,94.20823669433594,39.86691665649414
train/PNEUMONIA/person949_virus_1620.jpeg,train,1,PNEUMONIA,1640,1160,132.28306579589844,51.95875930786133
train/PNEUMONIA/person94_virus_176.jpeg,train,1,PNEUMONIA,1472,1091,108.99994659423828,56.80356216430664
train/PNEUMONIA/person950_virus_1621.jpeg,train,1,PNEUMONIA,1048,616,118.89912414550781,69.5080795288086
train/PNEUMONIA/person951_bacteria_2876.jpeg,train,1,PNEUMONIA,904,544,161.6262969970703,44.5051383972168
train/PNEUMONIA/person951_virus_1622.jpeg,train,1,PNEUMONIA,1248,856,126.46884155273438,67.3763198852539
train/PNEUMONIA/person952_bacteria_2877.jpeg,train,1,PNEUMONIA,1080,632,114.31452941894531,53.05427551269531
train/PNEUMONIA/person952_virus_1623.jpeg,train,1,PNEUMONIA,984,456,98.96343231201172,63.40216064453125
train/PNEUMONIA/person953_bacteria_2878.jpeg,train,1,PNEUMONIA,1104,744,133.57115173339844,52.32579803466797
train/PNEUMONIA/person954_bacteria_2879.jpeg,train,1,PNEUMONIA,1056,920,118.22666931152344,46.80607223510742
train/PNEUMONIA/person955_bacteria_2880.jpeg,train,1,PNEUMONIA,1024,744,126.60769653320312,50.40040969848633
train/PNEUMONIA/person955_virus_1627.jpeg,train,1,PNEUMONIA,1080,688,93.16862487792969,63.68527603149414
train/PNEUMONIA/person956_bacteria_2881.jpeg,train,1,PNEUMONIA,848,624,107.84890747070312,46.142372131347656
train/PNEUMONIA/person957_bacteria_2882.jpeg,train,1,PNEUMONIA,904,792,111.61737823486328,50.920204162597656
train/PNEUMONIA/person957_virus_1629.jpeg,train,1,PNEUMONIA,1152,728,117.71455383300781,45.09572219848633
train/PNEUMONIA/person958_virus_1630.jpeg,train,1,PNEUMONIA,1528,1080,133.64703369140625,59.21687698364258
train/PNEUMONIA/person959_bacteria_2884.jpeg,train,1,PNEUMONIA,1488,1288,127.09330749511719,69.724609375
train/PNEUMONIA/person95_virus_177.jpeg,train,1,PNEUMONIA,1562,998,112.45398712158203,60.58197021484375
train/PNEUMONIA/person960_bacteria_2885.jpeg,train,1,PNEUMONIA,992,592,114.55522155761719,47.230533599853516
train/PNEUMONIA/person960_virus_1633.jpeg,train,1,PNEUMONIA,1376,1048,133.90042114257812,58.34293746948242
train/PNEUMONIA/person961_bacteria_2886.jpeg,train,1,PNEUMONIA,992,752,130.93014526367188,44.90858459472656
train/PNEUMONIA/person962_virus_1635.jpeg,train,1,PNEUMONIA,1456,928,111.68023681640625,74.24700164794922
train/PNEUMONIA/person963_bacteria_2888.jpeg,train,1,PNEUMONIA,1384,1376,125.58690643310547,55.482845306396484
train/PNEUMONIA/person963_virus_1636.jpeg,train,1,PNEUMONIA,756,544,157.5432586669922,30.801361083984375
train/PNEUMONIA/person964_bacteria_2889.jpeg,train,1,PNEUMONIA,711,353,139.80612182617188,33.37849807739258
train/PNEUMONIA/person964_virus_1637.jpeg,train,1,PNEUMONIA,1152,536,94.73241424560547,65.40153503417969
train/PNEUMONIA/person965_bacteria_2890.jpeg,train,1,PNEUMONIA,968,832,144.94729614257812,54.28099060058594
train/PNEUMONIA/person965_virus_1638.jpeg,train,1,PNEUMONIA,870,591,165.17283630371094,40.73433303833008
train/PNEUMONIA/person966_bacteria_2891.jpeg,train,1,PNEUMONIA,843,507,115.99505615234375,37.116722106933594
train/PNEUMONIA/person966_virus_1639.jpeg,train,1,PNEUMONIA,1016,760,118.6937484741211,57.675384521484375
train/PNEUMONIA/person967_bacteria_2892.jpeg,train,1,PNEUMONIA,1006,855,120.6669921875,53.464256286621094
train/PNEUMONIA/person967_virus_1640.jpeg,train,1,PNEUMONIA,1288,712,110.0737533569336,65.92857360839844
train/PNEUMONIA/person968_bacteria_2893.jpeg,train,1,PNEUMONIA,1210,817,131.98593139648438,51.72570037841797
train/PNEUMONIA/person968_virus_1642.jpeg,train,1,PNEUMONIA,1264,840,150.9135284423828,43.09657287597656
train/PNEUMONIA/person969_virus_1643.jpeg,train,1,PNEUMONIA,1080,768,179.00686645507812,34.92695999145508
train/PNEUMONIA/person96_virus_178.jpeg,train,1,PNEUMONIA,1480,1144,146.21461486816406,51.29448699951172
train/PNEUMONIA/person96_virus_179.jpeg,train,1,PNEUMONIA,1624,1304,146.2145233154297,50.15850830078125
train/PNEUMONIA/person970_bacteria_2895.jpeg,train,1,PNEUMONIA,1006,674,113.6206283569336,53.74724197387695
train/PNEUMONIA/person970_virus_1644.jpeg,train,1,PNEUMONIA,1160,768,113.41458892822266,53.9847297668457
train/PNEUMONIA/person972_bacteria_2897.jpeg,train,1,PNEUMONIA,1805,1044,94.63133239746094,69.73306274414062
train/PNEUMONIA/person972_virus_1646.jpeg,train,1,PNEUMONIA,1632,1008,137.9584197998047,66.89663696289062
train/PNEUMONIA/person973_virus_1647.jpeg,train,1,PNEUMONIA,1224,872,146.947021484375,55.15530776977539
train/PNEUMONIA/person974_bacteria_2899.jpeg,train,1,PNEUMONIA,1456,1232,117.83555603027344,52.151329040527344
train/PNEUMONIA/person974_virus_1649.jpeg,train,1,PNEUMONIA,968,536,84.01171875,52.31844711303711
train/PNEUMONIA/person975_virus_1650.jpeg,train,1,PNEUMONIA,1384,1088,84.52999877929688,52.67877197265625
train/PNEUMONIA/person976_bacteria_2901.jpeg,train,1,PNEUMONIA,1320,896,111.42184448242188,65.50437927246094
train/PNEUMONIA/person976_virus_1651.jpeg,train,1,PNEUMONIA,960,576,124.88761901855469,58.20332336425781
train/PNEUMONIA/person977_bacteria_2902.jpeg,train,1,PNEUMONIA,1418,1059,111.5306396484375,75.3869857788086
train/PNEUMONIA/person977_virus_1652.jpeg,train,1,PNEUMONIA,768,552,134.40924072265625,30.273223876953125
train/PNEUMONIA/person978_bacteria_2904.jpeg,train,1,PNEUMONIA,1488,1312,149.42665100097656,72.58824920654297
train/PNEUMONIA/person978_virus_1653.jpeg,train,1,PNEUMONIA,1040,688,96.30315399169922,67.23810577392578
train/PNEUMONIA/person979_bacteria_2905.jpeg,train,1,PNEUMONIA,1604,1044,98.80621337890625,72.85274505615234
train/PNEUMONIA/person979_virus_1654.jpeg,train,1,PNEUMONIA,1312,888,146.4132537841797,49.60720443725586
train/PNEUMONIA/person97_virus_180.jpeg,train,1,PNEUMONIA,1184,880,85.27452087402344,46.19731140136719
train/PNEUMONIA/person97_virus_181.jpeg,train,1,PNEUMONIA,1056,808,142.5008087158203,53.06999588012695
train/PNEUMONIA/person980_bacteria_2906.jpeg,train,1,PNEUMONIA,1214,937,111.6534423828125,52.97898483276367
train/PNEUMONIA/person981_bacteria_2907.jpeg,train,1,PNEUMONIA,1384,1312,162.27809143066406,52.836734771728516
train/PNEUMONIA/person981_bacteria_2908.jpeg,train,1,PNEUMONIA,1328,1192,154.57931518554688,64.71832275390625
train/PNEUMONIA/person982_bacteria_2909.jpeg,train,1,PNEUMONIA,1288,768,146.46786499023438,53.99273681640625
train/PNEUMONIA/person982_virus_1658.jpeg,train,1,PNEUMONIA,1584,1352,143.7715606689453,67.12262725830078
train/PNEUMONIA/person983_bacteria_2910.jpeg,train,1,PNEUMONIA,1138,677,94.24531555175781,51.551631927490234
train/PNEUMONIA/person984_bacteria_2911.jpeg,train,1,PNEUMONIA,1264,1248,130.1952362060547,53.40462875366211
train/PNEUMONIA/person985_bacteria_2912.jpeg,train,1,PNEUMONIA,1080,736,127.55157470703125,48.886478424072266
train/PNEUMONIA/person987_bacteria_2914.jpeg,train,1,PNEUMONIA,1000,752,140.7421417236328,41.391014099121094
train/PNEUMONIA/person988_bacteria_2915.jpeg,train,1,PNEUMONIA,1136,713,82.52952575683594,49.2973747253418
train/PNEUMONIA/person988_virus_1666.jpeg,train,1,PNEUMONIA,1288,840,136.7274932861328,66.6752700805664
train/PNEUMONIA/person989_virus_1667.jpeg,train,1,PNEUMONIA,1480,840,114.84622192382812,61.16419982910156
train/PNEUMONIA/person98_virus_182.jpeg,train,1,PNEUMONIA,1536,984,107.3670654296875,53.26832962036133
train/PNEUMONIA/person990_bacteria_2917.jpeg,train,1,PNEUMONIA,1314,940,138.03787231445312,59.0242805480957
train/PNEUMONIA/person991_virus_1669.jpeg,train,1,PNEUMONIA,1312,800,125.48600006103516,62.999916076660156
train/PNEUMONIA/person992_bacteria_2919.jpeg,train,1,PNEUMONIA,1128,752,121.02677154541016,46.72529983520508
train/PNEUMONIA/person992_bacteria_2920.jpeg,train,1,PNEUMONIA,795,491,150.02027893066406,39.17188262939453
train/PNEUMONIA/person992_virus_1670.jpeg,train,1,PNEUMONIA,1160,560,78.53046417236328,66.91903686523438
train/PNEUMONIA/person993_bacteria_2921.jpeg,train,1,PNEUMONIA,1184,792,121.20519256591797,55.316612243652344
train/PNEUMONIA/person993_virus_1671.jpeg,train,1,PNEUMONIA,1184,688,119.21940612792969,61.01753616333008
train/PNEUMONIA/person994_bacteria_2922.jpeg,train,1,PNEUMONIA,1304,1408,116.81843566894531,59.39269256591797
train/PNEUMONIA/person994_virus_1672.jpeg,train,1,PNEUMONIA,697,449,154.50987243652344,37.942893981933594
train/PNEUMONIA/person995_bacteria_2923.jpeg,train,1,PNEUMONIA,1032,744,102.32782745361328,46.10106658935547
train/PNEUMONIA/person995_virus_1676.jpeg,train,1,PNEUMONIA,1072,720,115.23995971679688,59.2918701171875
train/PNEUMONIA/person996_bacteria_2924.jpeg,train,1,PNEUMONIA,1294,1018,119.41090393066406,54.78169631958008
train/PNEUMONIA/person996_virus_1677.jpeg,train,1,PNEUMONIA,708,292,103.15251922607422,43.96417999267578
train/PNEUMONIA/person997_bacteria_2926.jpeg,train,1,PNEUMONIA,1072,736,136.56427001953125,58.981868743896484
train/PNEUMONIA/person997_virus_1678.jpeg,train,1,PNEUMONIA,984,512,98.82084655761719,65.3092041015625
train/PNEUMONIA/person998_bacteria_2927.jpeg,train,1,PNEUMONIA,1432,1152,140.7466278076172,67.5056381225586
train/PNEUMONIA/person998_bacteria_2928.jpeg,train,1,PNEUMONIA,1232,1096,157.49813842773438,47.02482223510742
train/PNEUMONIA/person99_virus_183.jpeg,train,1,PNEUMONIA,1414,882,115.9190673828125,61.88045120239258
train/PNEUMONIA/person9_bacteria_38.jpeg,train,1,PNEUMONIA,1256,696,132.4101104736328,53.751346588134766
train/PNEUMONIA/person9_bacteria_39.jpeg,train,1,PNEUMONIA,1152,856,127.7754898071289,49.652366638183594
train/PNEUMONIA/person9_bacteria_40.jpeg,train,1,PNEUMONIA,1248,728,144.6943817138672,51.309814453125
train/PNEUMONIA/person9_bacteria_41.jpeg,train,1,PNEUMONIA,1176,784,114.95842742919922,47.9260139465332
val/NORMAL/NORMAL2-IM-1427-0001.jpeg,train,0,NORMAL,1776,1416,143.6278533935547,68.99931335449219
val/NORMAL/NORMAL2-IM-1430-0001.jpeg,train,0,NORMAL,1272,1040,140.12606811523438,65.83196258544922
val/NORMAL/NORMAL2-IM-1431-0001.jpeg,train,0,NORMAL,1736,1416,151.96295166015625,68.48790740966797
val/NORMAL/NORMAL2-IM-1436-0001.jpeg,train,0,NORMAL,1288,928,102.58181762695312,65.974365234375
val/NORMAL/NORMAL2-IM-1437-0001.jpeg,train,0,NORMAL,1240,1104,130.45993041992188,64.43916320800781
val/NORMAL/NORMAL2-IM-1438-0001.jpeg,train,0,NORMAL,1328,1104,139.75331115722656,69.02845764160156
val/NORMAL/NORMAL2-IM-1440-0001.jpeg,train,0,NORMAL,1632,1225,93.05062103271484,59.078426361083984
val/NORMAL/NORMAL2-IM-1442-0001.jpeg,train,0,NORMAL,1564,1302,88.60770416259766,53.911155700683594
val/PNEUMONIA/person1946_bacteria_4874.jpeg,train,1,PNEUMONIA,968,592,114.56304931640625,54.39429473876953
val/PNEUMONIA/person1947_bacteria_4876.jpeg,train,1,PNEUMONIA,1152,664,136.45082092285156,59.75079345703125
val/PNEUMONIA/person1949_bacteria_4880.jpeg,train,1,PNEUMONIA,1416,944,127.54080200195312,58.426063537597656
val/PNEUMONIA/person1950_bacteria_4881.jpeg,train,1,PNEUMONIA,1256,864,141.42848205566406,58.20566177368164
val/PNEUMONIA/person1951_bacteria_4882.jpeg,train,1,PNEUMONIA,1016,656,140.8153076171875,54.427337646484375
val/PNEUMONIA/person1952_bacteria_4883.jpeg,train,1,PNEUMONIA,1192,952,143.09617614746094,55.08342742919922
val/PNEUMONIA/person1954_bacteria_4886.jpeg,train,1,PNEUMONIA,1664,1128,106.44190979003906,76.5080795288086
train/NORMAL/IM-0117-0001.jpeg,val,0,NORMAL,1422,1152,100.65013122558594,59.708595275878906
train/NORMAL/IM-0141-0001.jpeg,val,0,NORMAL,1740,1453,118.1439437866211,62.912330627441406
train/NORMAL/IM-0143-0001.jpeg,val,0,NORMAL,2138,1928,126.52100372314453,69.36295318603516
train/NORMAL/IM-0154-0001.jpeg,val,0,NORMAL,1844,1438,110.06128692626953,65.54615020751953
train/NORMAL/IM-0156-0001.jpeg,val,0,NORMAL,1488,1209,112.35875701904297,52.08174514770508
train/NORMAL/IM-0182-0001.jpeg,val,0,NORMAL,1372,1005,135.8594970703125,67.25945281982422
train/NORMAL/IM-0193-0001.jpeg,val,0,NORMAL,2010,1747,111.98990631103516,61.50225067138672
train/NORMAL/IM-0226-0001.jpeg,val,0,NORMAL,1770,1387,83.77639770507812,66.20691680908203
train/NORMAL/IM-0255-0001.jpeg,val,0,NORMAL,1512,1171,106.07823944091797,66.15614318847656
train/NORMAL/IM-0262-0001.jpeg,val,0,NORMAL,1690,1538,135.0589141845703,56.62022399902344
train/NORMAL/IM-0268-0001.jpeg,val,0,NORMAL,1620,1356,142.74386596679688,59.87513732910156
train/NORMAL/IM-0272-0001.jpeg,val,0,NORMAL,1582,1155,130.3024139404297,55.90230178833008
train/NORMAL/IM-0289-0001.jpeg,val,0,NORMAL,2280,2066,115.98542785644531,62.838443756103516
train/NORMAL/IM-0299-0001.jpeg,val,0,NORMAL,1800,1503,132.49472045898438,57.801151275634766
train/NORMAL/IM-0300-0001.jpeg,val,0,NORMAL,2020,1565,100.79862976074219,69.28272247314453
train/NORMAL/IM-0308-0001.jpeg,val,0,NORMAL,1654,1368,126.68231201171875,60.98924255371094
train/NORMAL/IM-0313-0001.jpeg,val,0,NORMAL,1696,1298,108.08391571044922,55.30574417114258
train/NORMAL/IM-0324-0001.jpeg,val,0,NORMAL,1198,931,117.48853302001953,57.01524353027344
train/NORMAL/IM-0327-0001.jpeg,val,0,NORMAL,1808,1507,127.41854858398438,55.824581146240234
train/NORMAL/IM-0347-0001.jpeg,val,0,NORMAL,1638,1168,103.35739135742188,59.180423736572266
train/NORMAL/IM-0353-0001.jpeg,val,0,NORMAL,1620,1151,111.283935546875,60.756900787353516
train/NORMAL/IM-0377-0001.jpeg,val,0,NORMAL,1438,1106,135.28245544433594,59.32541275024414
train/NORMAL/IM-0379-0001.jpeg,val,0,NORMAL,1724,1395,115.093017578125,60.09602355957031
train/NORMAL/IM-0382-0001.jpeg,val,0,NORMAL,1472,1225,106.09483337402344,59.3451042175293
train/NORMAL/IM-0391-0001.jpeg,val,0,NORMAL,2222,1669,120.40003967285156,70.68742370605469
train/NORMAL/IM-0394-0001.jpeg,val,0,NORMAL,1666,1333,113.514404296875,61.42191696166992
train/NORMAL/IM-0395-0001.jpeg,val,0,NORMAL,1488,1275,125.42943572998047,57.20508575439453
train/NORMAL/IM-0399-0001.jpeg,val,0,NORMAL,1164,1086,124.37035369873047,52.439029693603516
train/NORMAL/IM-0403-0001.jpeg,val,0,NORMAL,1774,1612,135.99147033691406,61.48772430419922
train/NORMAL/IM-0404-0001.jpeg,val,0,NORMAL,1694,1182,121.52890014648438,53.80317306518555
train/NORMAL/IM-0419-0001.jpeg,val,0,NORMAL,2118,1522,137.9254913330078,62.02506637573242
train/NORMAL/IM-0423-0001.jpeg,val,0,NORMAL,1480,1337,126.12905883789062,59.0609130859375
train/NORMAL/IM-0433-0001.jpeg,val,0,NORMAL,1916,1677,108.28111267089844,69.32952880859375
train/NORMAL/IM-0440-0001.jpeg,val,0,NORMAL,1690,1464,120.38794708251953,63.09547424316406
train/NORMAL/IM-0446-0001.jpeg,val,0,NORMAL,1816,1661,126.0835189819336,61.28005599975586
train/NORMAL/IM-0452-0001.jpeg,val,0,NORMAL,1848,1588,115.13519287109375,65.82936096191406
train/NORMAL/IM-0469-0001.jpeg,val,0,NORMAL,1948,1576,130.22645568847656,62.15281295776367
train/NORMAL/IM-0477-0001.jpeg,val,0,NORMAL,1666,1537,125.81523132324219,62.83152770996094
train/NORMAL/IM-0480-0001.jpeg,val,0,NORMAL,2218,2183,99.21456146240234,60.462398529052734
train/NORMAL/IM-0489-0001.jpeg,val,0,NORMAL,1310,1148,144.6739501953125,57.46217346191406
train/NORMAL/IM-0492-0001.jpeg,val,0,NORMAL,1636,1468,137.3876953125,61.18716812133789
train/NORMAL/IM-0494-0001.jpeg,val,0,NORMAL,1692,1302,143.57901000976562,58.35179138183594
train/NORMAL/IM-0507-0001.jpeg,val,0,NORMAL,1752,1384,112.65885925292969,63.76643371582031
train/NORMAL/IM-0509-0001-0001.jpeg,val,0,NORMAL,1434,1125,129.0699005126953,66.23666381835938
train/NORMAL/IM-0517-0001.jpeg,val,0,NORMAL,2844,2067,120.712890625,64.09317779541016
train/NORMAL/IM-0523-0001-0001.jpeg,val,0,NORMAL,1342,1059,125.5063247680664,58.085208892822266
train/NORMAL/IM-0525-0001-0002.jpeg,val,0,NORMAL,1410,970,115.5759506225586,64.8164291381836
train/NORMAL/IM-0549-0001.jpeg,val,0,NORMAL,1272,1017,115.42395782470703,56.95024108886719
train/NORMAL/IM-0551-0001-0001.jpeg,val,0,NORMAL,1678,1156,116.6174545288086,64.78693389892578
train/NORMAL/IM-0553-0001-0002.jpeg,val,0,NORMAL,1796,1287,136.59458923339844,61.89799118041992
train/NORMAL/IM-0553-0001-0003.jpeg,val,0,NORMAL,2202,2129,120.69676208496094,65.59007263183594
train/NORMAL/IM-0554-0001.jpeg,val,0,NORMAL,1296,1082,105.02021789550781,56.95965576171875
train/NORMAL/IM-0556-0001.jpeg,val,0,NORMAL,1566,1225,120.28845977783203,59.76827621459961
train/NORMAL/IM-0557-0001.jpeg,val,0,NORMAL,2442,2226,125.86157989501953,52.168739318847656
train/NORMAL/IM-0563-0001.jpeg,val,0,NORMAL,1302,970,129.28224182128906,59.14108657836914
train/NORMAL/IM-0566-0001.jpeg,val,0,NORMAL,2358,1673,137.13926696777344,68.25677490234375
train/NORMAL/IM-0568-0001.jpeg,val,0,NORMAL,2144,2129,117.79280090332031,61.28080368041992
train/NORMAL/IM-0569-0001.jpeg,val,0,NORMAL,1786,1437,126.45598602294922,62.27021026611328
train/NORMAL/IM-0575-0001.jpeg,val,0,NORMAL,1296,1036,119.1465072631836,59.78482437133789
train/NORMAL/IM-0591-0001.jpeg,val,0,NORMAL,1626,1280,130.51510620117188,55.984378814697266
train/NORMAL/IM-0615-0001.jpeg,val,0,NORMAL,1640,1322,106.87153625488281,70.56297302246094
train/NORMAL/IM-0623-0001.jpeg,val,0,NORMAL,1724,1422,122.03507995605469,67.4615707397461
train/NORMAL/IM-0626-0001-0001.jpeg,val,0,NORMAL,1754,1178,114.5914077758789,59.47998809814453
train/NORMAL/IM-0629-0001-0001.jpeg,val,0,NORMAL,2344,1855,117.04981994628906,69.62528991699219
train/NORMAL/IM-0629-0001.jpeg,val,0,NORMAL,1252,1044,131.53086853027344,58.48418045043945
train/NORMAL/IM-0635-0001.jpeg,val,0,NORMAL,1296,1052,131.1785430908203,61.18852233886719
train/NORMAL/IM-0644-0001-0002.jpeg,val,0,NORMAL,1476,1133,116.16625213623047,57.7107048034668
train/NORMAL/IM-0647-0001.jpeg,val,0,NORMAL,1214,994,102.32038879394531,51.05701446533203
train/NORMAL/IM-0650-0001-0002.jpeg,val,0,NORMAL,1798,1356,111.23518371582031,63.58499526977539
train/NORMAL/IM-0657-0001.jpeg,val,0,NORMAL,1608,1364,126.85163116455078,60.628787994384766
train/NORMAL/IM-0661-0001.jpeg,val,0,NORMAL,1754,1638,114.5075454711914,58.53035354614258
train/NORMAL/IM-0663-0001.jpeg,val,0,NORMAL,1246,931,119.06745910644531,58.00651168823242
train/NORMAL/IM-0671-0001.jpeg,val,0,NORMAL,1608,1152,116.948486328125,62.40327072143555
train/NORMAL/IM-0675-0001.jpeg,val,0,NORMAL,1218,1032,122.20557403564453,58.12885284423828
train/NORMAL/IM-0692-0001.jpeg,val,0,NORMAL,2512,2012,128.4489288330078,63.99962615966797
train/NORMAL/IM-0703-0001.jpeg,val,0,NORMAL,1426,1052,116.17503356933594,58.20347595214844
train/NORMAL/IM-0710-0001.jpeg,val,0,NORMAL,1910,1661,112.76164245605469,58.60586166381836
train/NORMAL/IM-0716-0001.jpeg,val,0,NORMAL,1426,1182,109.0083999633789,59.06687927246094
train/NORMAL/IM-0717-0001.jpeg,val,0,NORMAL,1442,1109,113.02496337890625,58.28261184692383
train/NORMAL/IM-0718-0001.jpeg,val,0,NORMAL,1634,1341,104.35386657714844,67.3603286743164
train/NORMAL/IM-0719-0001.jpeg,val,0,NORMAL,1550,1452,130.61094665527344,56.158058166503906
train/NORMAL/IM-0736-0001.jpeg,val,0,NORMAL,1430,1005,123.79975891113281,65.56038665771484
train/NORMAL/IM-0755-0001.jpeg,val,0,NORMAL,1346,1040,119.43284606933594,51.93975067138672
train/NORMAL/NORMAL2-IM-0386-0001.jpeg,val,0,NORMAL,1636,1321,134.6468048095703,59.20338821411133
train/NORMAL/NORMAL2-IM-0395-0001-0001.jpeg,val,0,NORMAL,1520,1070,118.63843536376953,70.04206848144531
train/NORMAL/NORMAL2-IM-0397-0001.jpeg,val,0,NORMAL,2036,1908,120.14978790283203,66.24382019042969
train/NORMAL/NORMAL2-IM-0416-0001-0001.jpeg,val,0,NORMAL,1584,1426,136.5380859375,52.539894104003906
train/NORMAL/NORMAL2-IM-0419-0001.jpeg,val,0,NORMAL,1454,1071,92.8436279296875,62.612762451171875
train/NORMAL/NORMAL2-IM-0435-0001.jpeg,val,0,NORMAL,2185,1942,151.97506713867188,74.11672973632812
train/NORMAL/NORMAL2-IM-0437-0001.jpeg,val,0,NORMAL,1434,1074,109.7171859741211,59.706024169921875
train/NORMAL/NORMAL2-IM-0441-0001.jpeg,val,0,NORMAL,2288,2363,140.31076049804688,68.7928237915039
train/NORMAL/NORMAL2-IM-0443-0001.jpeg,val,0,NORMAL,1688,1542,125.78504180908203,59.0734748840332
train/NORMAL/NORMAL2-IM-0445-0001.jpeg,val,0,NORMAL,1782,1310,137.72743225097656,58.8484001159668
train/NORMAL/NORMAL2-IM-0447-0001.jpeg,val,0,NORMAL,1654,1441,123.550537109375,63.04085922241211
train/NORMAL/NORMAL2-IM-0460-0001.jpeg,val,0,NORMAL,1186,940,123.06655883789062,50.56214141845703
train/NORMAL/NORMAL2-IM-0465-0001.jpeg,val,0,NORMAL,1418,1221,121.14112091064453,50.87562942504883
train/NORMAL/NORMAL2-IM-0490-0001.jpeg,val,0,NORMAL,1620,1340,105.15696716308594,63.9013557434082
train/NORMAL/NORMAL2-IM-0493-0001.jpeg,val,0,NORMAL,1882,1692,133.67068481445312,62.042945861816406
train/NORMAL/NORMAL2-IM-0499-0001.jpeg,val,0,NORMAL,1414,1106,102.20818328857422,61.64284896850586
train/NORMAL/NORMAL2-IM-0515-0001.jpeg,val,0,NORMAL,1638,1020,125.33101654052734,69.13123321533203
train/NORMAL/NORMAL2-IM-0516-0001.jpeg,val,0,NORMAL,2120,2283,125.02690887451172,61.549964904785156
train/NORMAL/NORMAL2-IM-0520-0001.jpeg,val,0,NORMAL,1554,1402,120.39620208740234,64.68750762939453
train/NORMAL/NORMAL2-IM-0529-0001.jpeg,val,0,NORMAL,1388,1029,127.81598663330078,58.072967529296875
train/NORMAL/NORMAL2-IM-0541-0001.jpeg,val,0,NORMAL,2014,1746,112.84779357910156,63.397193908691406
train/NORMAL/NORMAL2-IM-0552-0001.jpeg,val,0,NORMAL,1638,1264,128.7164306640625,58.26860809326172
train/NORMAL/NORMAL2-IM-0555-0001-0002.jpeg,val,0,NORMAL,2414,2132,110.61263275146484,60.66292190551758
train/NORMAL/NORMAL2-IM-0572-0001.jpeg,val,0,NORMAL,1750,1526,136.84385681152344,58.695621490478516
train/NORMAL/NORMAL2-IM-0578-0001.jpeg,val,0,NORMAL,1894,1688,122.04024505615234,67.02940368652344
train/NORMAL/NORMAL2-IM-0579-0001.jpeg,val,0,NORMAL,1916,1488,125.69740295410156,65.89937591552734
train/NORMAL/NORMAL2-IM-0583-0001.jpeg,val,0,NORMAL,1712,1534,126.7901611328125,57.84737777709961
train/NORMAL/NORMAL2-IM-0600-0001.jpeg,val,0,NORMAL,1474,1527,123.69722747802734,70.21588134765625
train/NORMAL/NORMAL2-IM-0603-0001.jpeg,val,0,NORMAL,2234,1843,116.95869445800781,53.61188888549805
train/NORMAL/NORMAL2-IM-0611-0001.jpeg,val,0,NORMAL,1336,864,132.96414184570312,59.010738372802734
train/NORMAL/NORMAL2-IM-0621-0001.jpeg,val,0,NORMAL,1979,1978,137.965576171875,75.333251953125
train/NORMAL/NORMAL2-IM-0622-0001.jpeg,val,0,NORMAL,2114,1812,126.58448028564453,63.790836334228516
train/NORMAL/NORMAL2-IM-0627-0001.jpeg,val,0,NORMAL,2400,2121,114.60826873779297,66.10852813720703
train/NORMAL/NORMAL2-IM-0645-0001.jpeg,val,0,NORMAL,1510,1175,123.06780242919922,57.0496826171875
train/NORMAL/NORMAL2-IM-0649-0001.jpeg,val,0,NORMAL,1518,1194,113.52348327636719,49.58989715576172
train/NORMAL/NORMAL2-IM-0650-0001.jpeg,val,0,NORMAL,1528,1327,148.64151000976562,65.02275848388672
train/NORMAL/NORMAL2-IM-0660-0001.jpeg,val,0,NORMAL,1264,950,122.71810150146484,55.89276885986328
train/NORMAL/NORMAL2-IM-0661-0001.jpeg,val,0,NORMAL,2144,2028,124.7207260131836,65.5758285522461
train/NORMAL/NORMAL2-IM-0672-0001.jpeg,val,0,NORMAL,1576,1383,129.1278839111328,57.65336990356445
train/NORMAL/NORMAL2-IM-0696-0001.jpeg,val,0,NORMAL,1802,1422,124.3913803100586,63.42166519165039
train/NORMAL/NORMAL2-IM-0702-0001.jpeg,val,0,NORMAL,2514,2264,124.6545181274414,61.16069793701172
train/NORMAL/NORMAL2-IM-0723-0001.jpeg,val,0,NORMAL,1168,960,124.83404541015625,57.541053771972656
train/NORMAL/NORMAL2-IM-0774-0001.jpeg,val,0,NORMAL,2510,2543,152.0225830078125,68.77166748046875
train/NORMAL/NORMAL2-IM-0776-0001.jpeg,val,0,NORMAL,1744,1769,106.97638702392578,62.82829284667969
train/NORMAL/NORMAL2-IM-0790-0001.jpeg,val,0,NORMAL,1624,1280,140.57415771484375,62.785377502441406
train/NORMAL/NORMAL2-IM-0797-0001.jpeg,val,0,NORMAL,1612,1515,119.91795349121094,60.14900207519531
train/NORMAL/NORMAL2-IM-0808-0001.jpeg,val,0,NORMAL,1932,1908,91.39807891845703,55.960453033447266
train/NORMAL/NORMAL2-IM-0809-0001.jpeg,val,0,NORMAL,1322,978,133.8270721435547,57.148311614990234
train/NORMAL/NORMAL2-IM-0818-0001-0002.jpeg,val,0,NORMAL,1679,1914,126.90858459472656,69.33808898925781
train/NORMAL/NORMAL2-IM-0822-0001.jpeg,val,0,NORMAL,1904,1461,107.59270477294922,67.20294189453125
train/NORMAL/NORMAL2-IM-0831-0001.jpeg,val,0,NORMAL,2032,2016,123.84835052490234,50.85636901855469
train/NORMAL/NORMAL2-IM-0836-0001.jpeg,val,0,NORMAL,1666,1507,120.79985046386719,64.94786834716797
train/NORMAL/NORMAL2-IM-0869-0001.jpeg,val,0,NORMAL,1534,1063,105.03861999511719,72.80043029785156
train/NORMAL/NORMAL2-IM-0870-0001.jpeg,val,0,NORMAL,1480,1228,113.66535186767578,60.51384353637695
train/NORMAL/NORMAL2-IM-0897-0001.jpeg,val,0,NORMAL,1676,1400,155.09951782226562,59.95258331298828
train/NORMAL/NORMAL2-IM-0900-0001.jpeg,val,0,NORMAL,1554,1271,137.73487854003906,65.54639434814453
train/NORMAL/NORMAL2-IM-0903-0001.jpeg,val,0,NORMAL,1496,1155,121.47381591796875,66.78205871582031
train/NORMAL/NORMAL2-IM-0905-0001.jpeg,val,0,NORMAL,1546,1307,131.082763671875,60.434844970703125
train/NORMAL/NORMAL2-IM-0908-0001.jpeg,val,0,NORMAL,1402,1105,127.2964096069336,63.37783432006836
train/NORMAL/NORMAL2-IM-0923-0001.jpeg,val,0,NORMAL,1820,1619,109.477783203125,61.07421112060547
train/NORMAL/NORMAL2-IM-0926-0001.jpeg,val,0,NORMAL,1586,1217,107.23081970214844,67.2463607788086
train/NORMAL/NORMAL2-IM-0933-0001.jpeg,val,0,NORMAL,1372,1164,112.80680084228516,61.104393005371094
train/NORMAL/NORMAL2-IM-0950-0001.jpeg,val,0,NORMAL,1802,1437,94.09455108642578,67.78710174560547
train/NORMAL/NORMAL2-IM-0971-0001-0002.jpeg,val,0,NORMAL,1554,1353,103.59304809570312,59.19278335571289
train/NORMAL/NORMAL2-IM-0977-0001.jpeg,val,0,NORMAL,1388,1094,94.00895690917969,56.358177185058594
train/NORMAL/NORMAL2-IM-0978-0001.jpeg,val,0,NORMAL,1678,1129,114.27100372314453,62.598968505859375
train/NORMAL/NORMAL2-IM-0981-0001.jpeg,val,0,NORMAL,1418,1137,115.21192932128906,62.95439910888672
train/NORMAL/NORMAL2-IM-0983-0001-0001.jpeg,val,0,NORMAL,1882,1812,124.17399597167969,68.17526245117188
train/NORMAL/NORMAL2-IM-0987-0001.jpeg,val,0,NORMAL,1572,1322,131.3331298828125,56.05167007446289
train/NORMAL/NORMAL2-IM-0992-0001.jpeg,val,0,NORMAL,1408,1090,129.94927978515625,55.32731628417969
train/NORMAL/NORMAL2-IM-1002-0001.jpeg,val,0,NORMAL,1364,1090,93.43805694580078,65.00883483886719
train/NORMAL/NORMAL2-IM-1011-0001.jpeg,val,0,NORMAL,1762,1391,116.58558654785156,54.810184478759766
train/NORMAL/NORMAL2-IM-1020-0001-0001.jpeg,val,0,NORMAL,1886,1357,105.2122573852539,70.61298370361328
train/NORMAL/NORMAL2-IM-1024-0001.jpeg,val,0,NORMAL,1974,2175,112.80838012695312,63.6193962097168
train/NORMAL/NORMAL2-IM-1027-0001.jpeg,val,0,NORMAL,1372,1074,109.18612670898438,61.67807388305664
train/NORMAL/NORMAL2-IM-1037-0001.jpeg,val,0,NORMAL,1920,1854,127.99588775634766,66.89765930175781
train/NORMAL/NORMAL2-IM-1045-0001.jpeg,val,0,NORMAL,1426,1067,127.5748291015625,54.98242950439453
train/NORMAL/NORMAL2-IM-1050-0001.jpeg,val,0,NORMAL,2564,2519,154.67811584472656,66.2947006225586
train/NORMAL/NORMAL2-IM-1056-0001.jpeg,val,0,NORMAL,1422,1067,115.71319580078125,56.736568450927734
train/NORMAL/NORMAL2-IM-1062-0001.jpeg,val,0,NORMAL,1805,1421,143.42367553710938,72.3197021484375
train/NORMAL/NORMAL2-IM-1090-0001.jpeg,val,0,NORMAL,1740,1541,128.93368530273438,64.17401123046875
train/NORMAL/NORMAL2-IM-1098-0001.jpeg,val,0,NORMAL,1732,1267,123.0816650390625,61.67247009277344
train/NORMAL/NORMAL2-IM-1103-0001-0001.jpeg,val,0,NORMAL,1418,1360,118.13562774658203,55.01200485229492
train/NORMAL/NORMAL2-IM-1117-0001.jpeg,val,0,NORMAL,1466,1265,151.5323486328125,53.20018768310547
train/NORMAL/NORMAL2-IM-1122-0001.jpeg,val,0,NORMAL,1624,1410,122.05403137207031,59.815731048583984
train/NORMAL/NORMAL2-IM-1125-0001.jpeg,val,0,NORMAL,1828,1704,124.56655883789062,57.11229705810547
train/NORMAL/NORMAL2-IM-1126-0001.jpeg,val,0,NORMAL,1580,1410,141.45022583007812,55.1781005859375
train/NORMAL/NORMAL2-IM-1131-0001.jpeg,val,0,NORMAL,1716,1353,117.68705749511719,65.76199340820312
train/NORMAL/NORMAL2-IM-1145-0001.jpeg,val,0,NORMAL,1376,967,126.99476623535156,53.64067077636719
train/NORMAL/NORMAL2-IM-1151-0001.jpeg,val,0,NORMAL,1640,1469,105.02733612060547,63.896968841552734
train/NORMAL/NORMAL2-IM-1152-0001-0001.jpeg,val,0,NORMAL,1636,1433,132.8987579345703,58.25217056274414
train/NORMAL/NORMAL2-IM-1152-0001-0002.jpeg,val,0,NORMAL,1562,1133,114.70455932617188,63.11525344848633
train/NORMAL/NORMAL2-IM-1157-0001.jpeg,val,0,NORMAL,1306,994,124.25987243652344,44.07265853881836
train/NORMAL/NORMAL2-IM-1179-0001.jpeg,val,0,NORMAL,1742,1372,136.53770446777344,57.916542053222656
train/NORMAL/NORMAL2-IM-1182-0001.jpeg,val,0,NORMAL,1716,1225,127.47506713867188,63.51763153076172
train/NORMAL/NORMAL2-IM-1183-0001.jpeg,val,0,NORMAL,1836,1592,127.38832092285156,59.914127349853516
train/NORMAL/NORMAL2-IM-1189-0001.jpeg,val,0,NORMAL,1306,1047,119.06514739990234,59.18507766723633
train/NORMAL/NORMAL2-IM-1196-0001.jpeg,val,0,NORMAL,1898,1804,129.61529541015625,65.05903625488281
train/NORMAL/NORMAL2-IM-1227-0001.jpeg,val,0,NORMAL,1172,986,116.63368225097656,55.29771041870117
train/NORMAL/NORMAL2-IM-1231-0001.jpeg,val,0,NORMAL,1414,1167,132.42733764648438,54.320003509521484
train/NORMAL/NORMAL2-IM-1234-0001.jpeg,val,0,NORMAL,2114,1681,119.54227447509766,64.09969329833984
train/NORMAL/NORMAL2-IM-1245-0001.jpeg,val,0,NORMAL,1422,1402,120.1469955444336,65.43429565429688
train/NORMAL/NORMAL2-IM-1257-0001.jpeg,val,0,NORMAL,2916,2583,147.3468780517578,77.2186279296875
train/NORMAL/NORMAL2-IM-1260-0001.jpeg,val,0,NORMAL,1854,1495,111.48888397216797,68.8567123413086
train/NORMAL/NORMAL2-IM-1267-0001.jpeg,val,0,NORMAL,1920,1708,135.98004150390625,61.74945831298828
train/NORMAL/NORMAL2-IM-1269-0001.jpeg,val,0,NORMAL,1464,1164,144.39576721191406,53.847843170166016
train/NORMAL/NORMAL2-IM-1287-0001.jpeg,val,0,NORMAL,2450,2325,125.10002136230469,67.53889465332031
train/NORMAL/NORMAL2-IM-1288-0001.jpeg,val,0,NORMAL,1836,1592,128.19630432128906,67.01908111572266
train/NORMAL/NORMAL2-IM-1290-0001.jpeg,val,0,NORMAL,1412,1198,127.91663360595703,65.46298217773438
train/NORMAL/NORMAL2-IM-1292-0001.jpeg,val,0,NORMAL,1542,1341,125.50423431396484,63.960968017578125
train/NORMAL/NORMAL2-IM-1303-0001.jpeg,val,0,NORMAL,1322,1128,119.82402038574219,60.520626068115234
train/NORMAL/NORMAL2-IM-1311-0001.jpeg,val,0,NORMAL,1422,1156,124.53520202636719,53.68678283691406
train/NORMAL/NORMAL2-IM-1319-0001.jpeg,val,0,NORMAL,1588,1453,145.9585723876953,54.623268127441406
train/NORMAL/NORMAL2-IM-1322-0001.jpeg,val,0,NORMAL,1700,1178,137.6940155029297,55.187686920166016
train/NORMAL/NORMAL2-IM-1344-0001.jpeg,val,0,NORMAL,1700,1379,134.26174926757812,49.19601058959961
train/NORMAL/NORMAL2-IM-1345-0001-0001.jpeg,val,0,NORMAL,1318,1067,105.7953109741211,60.877933502197266
train/NORMAL/NORMAL2-IM-1365-0001.jpeg,val,0,NORMAL,1392,1048,135.8998565673828,54.79000473022461
train/NORMAL/NORMAL2-IM-1385-0001.jpeg,val,0,NORMAL,1288,1080,111.78101348876953,59.436824798583984
train/NORMAL/NORMAL2-IM-1423-0001.jpeg,val,0,NORMAL,1400,1216,102.3590087890625,52.52912902832031
train/PNEUMONIA/person1000_virus_1681.jpeg,val,1,PNEUMONIA,1072,768,127.3637924194336,57.28236770629883
train/PNEUMONIA/person1001_bacteria_2932.jpeg,val,1,PNEUMONIA,1244,863,111.97885131835938,55.94074630737305
train/PNEUMONIA/person1006_bacteria_2937.jpeg,val,1,PNEUMONIA,1553,1044,98.42105865478516,72.0002212524414
train/PNEUMONIA/person1008_bacteria_2939.jpeg,val,1,PNEUMONIA,1240,792,140.41445922851562,52.9644775390625
train/PNEUMONIA/person1009_virus_1694.jpeg,val,1,PNEUMONIA,1520,936,122.54717254638672,68.54238891601562
train/PNEUMONIA/person1012_bacteria_2943.jpeg,val,1,PNEUMONIA,992,680,125.95539855957031,51.11777114868164
train/PNEUMONIA/person1014_bacteria_2945.jpeg,val,1,PNEUMONIA,1366,1044,109.2566146850586,69.59842681884766
train/PNEUMONIA/person1018_virus_1706.jpeg,val,1,PNEUMONIA,1280,784,125.06660461425781,71.31333923339844
train/PNEUMONIA/person1020_bacteria_2951.jpeg,val,1,PNEUMONIA,1136,712,131.68435668945312,53.92561340332031
train/PNEUMONIA/person1021_virus_1711.jpeg,val,1,PNEUMONIA,1184,752,142.7452850341797,59.979312896728516
train/PNEUMONIA/person1022_bacteria_2953.jpeg,val,1,PNEUMONIA,1080,984,147.90098571777344,56.00695037841797
train/PNEUMONIA/person1022_virus_1712.jpeg,val,1,PNEUMONIA,1584,1328,129.36651611328125,56.598995208740234
train/PNEUMONIA/person1023_bacteria_2954.jpeg,val,1,PNEUMONIA,1538,1299,102.08748626708984,60.959449768066406
train/PNEUMONIA/person1028_bacteria_2960.jpeg,val,1,PNEUMONIA,912,480,143.81320190429688,50.47935104370117
train/PNEUMONIA/person1031_virus_1723.jpeg,val,1,PNEUMONIA,1504,1296,148.7916259765625,64.06298065185547
train/PNEUMONIA/person1043_bacteria_2977.jpeg,val,1,PNEUMONIA,1336,896,125.4575424194336,59.97952651977539
train/PNEUMONIA/person104_virus_191.jpeg,val,1,PNEUMONIA,1644,1138,96.31717681884766,60.733619689941406
train/PNEUMONIA/person1053_bacteria_2987.jpeg,val,1,PNEUMONIA,1016,696,128.06893920898438,56.45637512207031
train/PNEUMONIA/person105_virus_193.jpeg,val,1,PNEUMONIA,1101,823,144.87637329101562,56.04750061035156
train/PNEUMONIA/person1063_bacteria_2997.jpeg,val,1,PNEUMONIA,1232,976,127.5356216430664,53.22766876220703
train/PNEUMONIA/person1066_virus_1769.jpeg,val,1,PNEUMONIA,1392,904,123.56804656982422,62.265140533447266
train/PNEUMONIA/person1069_virus_1772.jpeg,val,1,PNEUMONIA,1408,792,130.02105712890625,73.5370101928711
train/PNEUMONIA/person1076_bacteria_3016.jpeg,val,1,PNEUMONIA,1292,867,114.97535705566406,61.545047760009766
train/PNEUMONIA/person1079_virus_1789.jpeg,val,1,PNEUMONIA,1568,1152,120.5350112915039,57.559104919433594
train/PNEUMONIA/person1082_bacteria_3022.jpeg,val,1,PNEUMONIA,1280,984,114.49530029296875,48.97999572753906
train/PNEUMONIA/person1083_virus_1795.jpeg,val,1,PNEUMONIA,1152,696,133.35279846191406,60.463130950927734
train/PNEUMONIA/person108_virus_200.jpeg,val,1,PNEUMONIA,2048,1448,103.61032104492188,37.406761169433594
train/PNEUMONIA/person1092_virus_1811.jpeg,val,1,PNEUMONIA,1352,960,140.25885009765625,66.26934814453125
train/PNEUMONIA/person1096_bacteria_3037.jpeg,val,1,PNEUMONIA,1088,672,118.76934814453125,52.81785202026367
train/PNEUMONIA/person1102_bacteria_3043.jpeg,val,1,PNEUMONIA,976,616,120.02246856689453,46.103660583496094
train/PNEUMONIA/person1107_virus_1831.jpeg,val,1,PNEUMONIA,1024,744,131.08094787597656,58.32892608642578
train/PNEUMONIA/person1115_bacteria_3056.jpeg,val,1,PNEUMONIA,1312,888,99.61981964111328,50.515647888183594
train/PNEUMONIA/person111_virus_210.jpeg,val,1,PNEUMONIA,1568,1504,104.93722534179688,58.99126052856445
train/PNEUMONIA/person1120_virus_1845.jpeg,val,1,PNEUMONIA,1104,536,115.38627624511719,73.00379180908203
train/PNEUMONIA/person1127_bacteria_3068.jpeg,val,1,PNEUMONIA,861,543,107.0790786743164,37.08647155761719
train/PNEUMONIA/person1138_bacteria_3080.jpeg,val,1,PNEUMONIA,1280,792,98.06180572509766,47.66556930541992
train/PNEUMONIA/person1139_bacteria_3081.jpeg,val,1,PNEUMONIA,904,600,127.57725524902344,49.071311950683594
train/PNEUMONIA/person1140_bacteria_3083.jpeg,val,1,PNEUMONIA,1152,784,147.134765625,48.76814270019531
train/PNEUMONIA/person1140_virus_1885.jpeg,val,1,PNEUMONIA,1330,844,108.6835708618164,54.38977813720703
train/PNEUMONIA/person1147_virus_1917.jpeg,val,1,PNEUMONIA,1624,1944,126.2027587890625,59.1823844909668
train/PNEUMONIA/person114_virus_217.jpeg,val,1,PNEUMONIA,1456,896,126.68347930908203,71.14457702636719
train/PNEUMONIA/person1151_virus_1928.jpeg,val,1,PNEUMONIA,1604,1462,115.31375122070312,65.55786895751953
train/PNEUMONIA/person1154_virus_1933.jpeg,val,1,PNEUMONIA,1574,1164,121.03712463378906,62.83650207519531
train/PNEUMONIA/person1157_virus_1937.jpeg,val,1,PNEUMONIA,1152,720,125.749755859375,55.98982238769531
train/PNEUMONIA/person1159_virus_1944.jpeg,val,1,PNEUMONIA,1360,920,140.4873809814453,56.348567962646484
train/PNEUMONIA/person1159_virus_1946.jpeg,val,1,PNEUMONIA,620,359,149.388916015625,48.617313385009766
train/PNEUMONIA/person1164_virus_1955.jpeg,val,1,PNEUMONIA,1392,1016,110.88880920410156,50.805015563964844
train/PNEUMONIA/person1165_bacteria_3111.jpeg,val,1,PNEUMONIA,1478,928,97.4259262084961,46.28266906738281
train/PNEUMONIA/person1165_virus_1959.jpeg,val,1,PNEUMONIA,923,586,123.99563598632812,35.59294891357422
train/PNEUMONIA/person1168_virus_1966.jpeg,val,1,PNEUMONIA,960,664,117.13333892822266,41.51755905151367
train/PNEUMONIA/person1169_virus_1968.jpeg,val,1,PNEUMONIA,1192,856,117.98196411132812,51.043060302734375
train/PNEUMONIA/person1177_bacteria_3125.jpeg,val,1,PNEUMONIA,1032,744,114.50247955322266,47.6590461730957
train/PNEUMONIA/person1177_virus_2001.jpeg,val,1,PNEUMONIA,862,528,144.33160400390625,32.91807174682617
train/PNEUMONIA/person1178_bacteria_3126.jpeg,val,1,PNEUMONIA,1152,720,155.6844940185547,41.06013107299805
train/PNEUMONIA/person1180_virus_2010.jpeg,val,1,PNEUMONIA,1024,712,74.98841094970703,40.77009201049805
train/PNEUMONIA/person1181_virus_2016.jpeg,val,1,PNEUMONIA,1664,1096,131.083740234375,53.990028381347656
train/PNEUMONIA/person1184_bacteria_3132.jpeg,val,1,PNEUMONIA,1016,608,131.23922729492188,44.58417510986328
train/PNEUMONIA/person1186_bacteria_3134.jpeg,val,1,PNEUMONIA,1666,1276,105.39046478271484,61.92626953125
train/PNEUMONIA/person1186_bacteria_3135.jpeg,val,1,PNEUMONIA,1168,808,152.74447631835938,49.517181396484375
train/PNEUMONIA/person1194_bacteria_3143.jpeg,val,1,PNEUMONIA,1008,584,112.1447525024414,45.565025329589844
train/PNEUMONIA/person1196_bacteria_3146.jpeg,val,1,PNEUMONIA,1832,1224,126.05692291259766,54.533470153808594
train/PNEUMONIA/person1202_virus_2045.jpeg,val,1,PNEUMONIA,1408,968,163.1402130126953,37.57639694213867
train/PNEUMONIA/person1203_bacteria_3155.jpeg,val,1,PNEUMONIA,713,353,105.41481018066406,46.4486198425293
train/PNEUMONIA/person1206_virus_2051.jpeg,val,1,PNEUMONIA,1160,1024,127.09710693359375,53.46828842163086
train/PNEUMONIA/person120_virus_226.jpeg,val,1,PNEUMONIA,1680,1336,146.85728454589844,67.34890747070312
train/PNEUMONIA/person1211_virus_2056.jpeg,val,1,PNEUMONIA,1525,1073,116.1220474243164,72.95611572265625
train/PNEUMONIA/person1212_bacteria_3164.jpeg,val,1,PNEUMONIA,1000,624,127.6999282836914,49.69575119018555
train/PNEUMONIA/person1217_bacteria_3169.jpeg,val,1,PNEUMONIA,880,576,142.3403778076172,44.2664680480957
train/PNEUMONIA/person1226_virus_2077.jpeg,val,1,PNEUMONIA,1152,672,135.25755310058594,77.30038452148438
train/PNEUMONIA/person1227_virus_2078.jpeg,val,1,PNEUMONIA,1640,1304,138.42977905273438,66.09729766845703
train/PNEUMONIA/person122_virus_229.jpeg,val,1,PNEUMONIA,1080,752,125.16416931152344,58.52309036254883
train/PNEUMONIA/person1236_bacteria_3192.jpeg,val,1,PNEUMONIA,888,584,120.7594223022461,47.42713165283203
train/PNEUMONIA/person1237_virus_2097.jpeg,val,1,PNEUMONIA,1224,584,126.48686218261719,65.18434143066406
train/PNEUMONIA/person1240_bacteria_3196.jpeg,val,1,PNEUMONIA,869,553,125.39950561523438,34.31216049194336
train/PNEUMONIA/person1242_virus_2109.jpeg,val,1,PNEUMONIA,1120,592,99.7246322631836,65.16627502441406
train/PNEUMONIA/person124_virus_236.jpeg,val,1,PNEUMONIA,1448,1112,79.23049926757812,55.017276763916016
train/PNEUMONIA/person124_virus_239.jpeg,val,1,PNEUMONIA,1328,1224,120.9982681274414,64.11724090576172
train/PNEUMONIA/person124_virus_249.jpeg,val,1,PNEUMONIA,1224,952,113.26275634765625,49.68938064575195
train/PNEUMONIA/person1252_bacteria_3209.jpeg,val,1,PNEUMONIA,1008,528,125.57532501220703,52.75336456298828
train/PNEUMONIA/person1254_virus_2130.jpeg,val,1,PNEUMONIA,1072,656,133.31607055664062,63.05272674560547
train/PNEUMONIA/person1266_bacteria_3225.jpeg,val,1,PNEUMONIA,816,368,99.49945068359375,50.633689880371094
train/PNEUMONIA/person1266_virus_2158.jpeg,val,1,PNEUMONIA,1176,856,112.4161605834961,62.05043411254883
train/PNEUMONIA/person1268_bacteria_3228.jpeg,val,1,PNEUMONIA,1256,864,145.47715759277344,59.72356033325195
train/PNEUMONIA/person1268_virus_2161.jpeg,val,1,PNEUMONIA,1208,984,138.31629943847656,69.21398162841797
train/PNEUMONIA/person1271_bacteria_3231.jpeg,val,1,PNEUMONIA,1422,971,132.1925506591797,63.9556770324707
train/PNEUMONIA/person1282_bacteria_3245.jpeg,val,1,PNEUMONIA,1008,808,119.54740905761719,45.884456634521484
train/PNEUMONIA/person1284_bacteria_3247.jpeg,val,1,PNEUMONIA,1434,986,93.12195587158203,68.45863342285156
train/PNEUMONIA/person1286_virus_2209.jpeg,val,1,PNEUMONIA,1048,776,141.8219757080078,63.14038848876953
train/PNEUMONIA/person1288_virus_2211.jpeg,val,1,PNEUMONIA,1304,880,122.02188873291016,83.51656341552734
train/PNEUMONIA/person1295_bacteria_3258.jpeg,val,1,PNEUMONIA,1168,648,139.9797821044922,48.25135803222656
train/PNEUMONIA/person1296_virus_2224.jpeg,val,1,PNEUMONIA,1592,1056,107.07485961914062,79.91179656982422
train/PNEUMONIA/person1300_bacteria_3264.jpeg,val,1,PNEUMONIA,1512,1488,151.05276489257812,47.65520095825195
train/PNEUMONIA/person1303_bacteria_3267.jpeg,val,1,PNEUMONIA,671,393,147.56227111816406,23.32964324951172
train/PNEUMONIA/person1304_bacteria_3269.jpeg,val,1,PNEUMONIA,1544,1008,133.27059936523438,62.830440521240234
train/PNEUMONIA/person1306_bacteria_3274.jpeg,val,1,PNEUMONIA,1064,760,144.54054260253906,63.071720123291016
train/PNEUMONIA/person1306_bacteria_3276.jpeg,val,1,PNEUMONIA,1120,568,117.7607192993164,57.68292236328125
train/PNEUMONIA/person1306_bacteria_3277.jpeg,val,1,PNEUMONIA,1136,528,150.01467895507812,63.32224655151367
train/PNEUMONIA/person1306_virus_2249.jpeg,val,1,PNEUMONIA,1160,664,136.86526489257812,76.56962585449219
train/PNEUMONIA/person130_virus_263.jpeg,val,1,PNEUMONIA,1568,1144,142.53810119628906,54.464847564697266
train/PNEUMONIA/person1311_bacteria_3312.jpeg,val,1,PNEUMONIA,490,189,139.41868591308594,53.730064392089844
train/PNEUMONIA/person1314_virus_2269.jpeg,val,1,PNEUMONIA,1216,768,128.48829650878906,61.51484298706055
train/PNEUMONIA/person1317_virus_2273.jpeg,val,1,PNEUMONIA,1200,784,133.48043823242188,67.35724639892578
train/PNEUMONIA/person1323_virus_2282.jpeg,val,1,PNEUMONIA,1056,592,124.05291748046875,69.61943817138672
train/PNEUMONIA/person1329_bacteria_3377.jpeg,val,1,PNEUMONIA,1064,592,89.97024536132812,42.868167877197266
train/PNEUMONIA/person1336_virus_2306.jpeg,val,1,PNEUMONIA,1152,776,147.25210571289062,77.63358306884766
train/PNEUMONIA/person1338_bacteria_3394.jpeg,val,1,PNEUMONIA,1448,1080,168.1632080078125,66.86946868896484
train/PNEUMONIA/person133_virus_267.jpeg,val,1,PNEUMONIA,1552,1000,133.7647705078125,68.56907653808594
train/PNEUMONIA/person1340_virus_2311.jpeg,val,1,PNEUMONIA,1032,744,112.15169525146484,64.41944885253906
train/PNEUMONIA/person1341_bacteria_3406.jpeg,val,1,PNEUMONIA,1088,544,129.75094604492188,80.76336669921875
train/PNEUMONIA/person1342_virus_2315.jpeg,val,1,PNEUMONIA,1448,880,120.97452545166016,71.27535247802734
train/PNEUMONIA/person1343_bacteria_3414.jpeg,val,1,PNEUMONIA,1384,864,150.0673828125,61.9906120300293
train/PNEUMONIA/person1343_bacteria_3415.jpeg,val,1,PNEUMONIA,1376,1120,156.02316284179688,59.00946807861328
train/PNEUMONIA/person1343_virus_2316.jpeg,val,1,PNEUMONIA,1184,840,139.23336791992188,63.87618637084961
train/PNEUMONIA/person1343_virus_2317.jpeg,val,1,PNEUMONIA,1280,872,130.58287048339844,68.9698257446289
train/PNEUMONIA/person1344_virus_2320.jpeg,val,1,PNEUMONIA,984,656,121.75379943847656,78.03502655029297
train/PNEUMONIA/person1345_bacteria_3424.jpeg,val,1,PNEUMONIA,1320,856,136.77572631835938,56.371788024902344
train/PNEUMONIA/person1349_bacteria_3434.jpeg,val,1,PNEUMONIA,1512,872,140.6752471923828,64.33650970458984
train/PNEUMONIA/person1349_bacteria_3437.jpeg,val,1,PNEUMONIA,1480,1208,145.5126190185547,64.43344116210938
train/PNEUMONIA/person1349_bacteria_3439.jpeg,val,1,PNEUMONIA,1504,992,128.3472442626953,63.66331481933594
train/PNEUMONIA/person1352_bacteria_3444.jpeg,val,1,PNEUMONIA,1384,960,142.4450225830078,63.51390075683594
train/PNEUMONIA/person1352_bacteria_3445.jpeg,val,1,PNEUMONIA,1320,1008,132.16806030273438,70.57054138183594
train/PNEUMONIA/person1358_bacteria_3463.jpeg,val,1,PNEUMONIA,1472,976,125.85564422607422,53.080116271972656
train/PNEUMONIA/person1358_virus_2339.jpeg,val,1,PNEUMONIA,1760,1360,145.10215759277344,69.88958740234375
train/PNEUMONIA/person1361_bacteria_3476.jpeg,val,1,PNEUMONIA,1240,920,153.0307159423828,59.49169921875
train/PNEUMONIA/person1362_virus_2345.jpeg,val,1,PNEUMONIA,1360,1296,156.37416076660156,70.87120056152344
train/PNEUMONIA/person1365_bacteria_3489.jpeg,val,1,PNEUMONIA,1000,568,119.83966827392578,70.93035888671875
train/PNEUMONIA/person1369_virus_2356.jpeg,val,1,PNEUMONIA,1003,413,137.11790466308594,61.48733139038086
train/PNEUMONIA/person1372_bacteria_3501.jpeg,val,1,PNEUMONIA,1800,1512,142.89820861816406,57.063720703125
train/PNEUMONIA/person1372_bacteria_3502.jpeg,val,1,PNEUMONIA,1800,1512,142.89820861816406,57.063720703125
train/PNEUMONIA/person1374_bacteria_3506.jpeg,val,1,PNEUMONIA,1552,840,162.4346466064453,57.89390182495117
train/PNEUMONIA/person1379_bacteria_3514.jpeg,val,1,PNEUMONIA,1216,720,150.18556213378906,62.730384826660156
train/PNEUMONIA/person137_virus_281.jpeg,val,1,PNEUMONIA,1320,1000,94.94418334960938,54.70644760131836
train/PNEUMONIA/person1381_bacteria_3517.jpeg,val,1,PNEUMONIA,1984,1576,154.7218017578125,57.619285583496094
train/PNEUMONIA/person138_virus_282.jpeg,val,1,PNEUMONIA,928,496,128.86856079101562,60.1191520690918
train/PNEUMONIA/person1390_bacteria_3535.jpeg,val,1,PNEUMONIA,1056,584,101.88892364501953,69.93572235107422
train/PNEUMONIA/person1394_virus_2397.jpeg,val,1,PNEUMONIA,1440,896,104.8517837524414,72.1032485961914
train/PNEUMONIA/person13_bacteria_49.jpeg,val,1,PNEUMONIA,1666,1392,137.76820373535156,54.481075286865234
train/PNEUMONIA/person13_bacteria_50.jpeg,val,1,PNEUMONIA,1762,1535,139.8394775390625,60.2653694152832
train/PNEUMONIA/person1400_bacteria_3550.jpeg,val,1,PNEUMONIA,1272,784,144.75804138183594,62.6414680480957
train/PNEUMONIA/person1409_bacteria_3583.jpeg,val,1,PNEUMONIA,1712,1272,124.66471099853516,66.1820068359375
train/PNEUMONIA/person1413_bacteria_3615.jpeg,val,1,PNEUMONIA,1400,704,221.53627014160156,20.176530838012695
train/PNEUMONIA/person1414_bacteria_3627.jpeg,val,1,PNEUMONIA,1232,704,167.8278045654297,59.96316146850586
train/PNEUMONIA/person1418_bacteria_3643.jpeg,val,1,PNEUMONIA,1296,1040,135.33306884765625,69.87930297851562
train/PNEUMONIA/person1418_virus_2429.jpeg,val,1,PNEUMONIA,1496,976,156.45555114746094,57.58466339111328
train/PNEUMONIA/person1419_bacteria_3645.jpeg,val,1,PNEUMONIA,1096,592,71.40310668945312,47.84727478027344
train/PNEUMONIA/person1423_bacteria_3650.jpeg,val,1,PNEUMONIA,1232,776,138.8397674560547,66.48384857177734
train/PNEUMONIA/person1424_virus_2437.jpeg,val,1,PNEUMONIA,1152,664,126.98851013183594,65.72650146484375
train/PNEUMONIA/person1427_virus_2441.jpeg,val,1,PNEUMONIA,1712,1136,142.83154296875,71.70497131347656
train/PNEUMONIA/person1430_bacteria_3693.jpeg,val,1,PNEUMONIA,984,520,111.5156478881836,70.49858856201172
train/PNEUMONIA/person1432_bacteria_3699.jpeg,val,1,PNEUMONIA,976,632,117.21444702148438,58.014747619628906
train/PNEUMONIA/person1433_virus_2447.jpeg,val,1,PNEUMONIA,1280,856,83.87953186035156,68.25408172607422
train/PNEUMONIA/person1438_bacteria_3715.jpeg,val,1,PNEUMONIA,944,632,118.43091583251953,70.41413116455078
train/PNEUMONIA/person1445_bacteria_3734.jpeg,val,1,PNEUMONIA,1552,1544,133.7770233154297,52.06721115112305
train/PNEUMONIA/person1445_bacteria_3735.jpeg,val,1,PNEUMONIA,1576,1544,164.47152709960938,39.24395751953125
train/PNEUMONIA/person1446_bacteria_3737.jpeg,val,1,PNEUMONIA,1224,768,104.49644470214844,72.3005599975586
train/PNEUMONIA/person1446_bacteria_3739.jpeg,val,1,PNEUMONIA,1248,712,124.22592163085938,66.45760345458984
train/PNEUMONIA/person1447_bacteria_3741.jpeg,val,1,PNEUMONIA,1552,1104,151.60984802246094,56.732295989990234
train/PNEUMONIA/person1451_virus_2479.jpeg,val,1,PNEUMONIA,880,560,118.49853515625,53.305641174316406
train/PNEUMONIA/person1453_bacteria_3770.jpeg,val,1,PNEUMONIA,1208,1120,126.19888305664062,65.33783721923828
train/PNEUMONIA/person1453_virus_2485.jpeg,val,1,PNEUMONIA,904,544,122.91758728027344,53.92222213745117
train/PNEUMONIA/person1454_bacteria_3779.jpeg,val,1,PNEUMONIA,1440,1008,120.89163208007812,61.47935104370117
train/PNEUMONIA/person1454_bacteria_3781.jpeg,val,1,PNEUMONIA,1408,856,127.30729675292969,58.50629806518555
train/PNEUMONIA/person1455_virus_2487.jpeg,val,1,PNEUMONIA,896,536,121.93133544921875,49.01108932495117
train/PNEUMONIA/person1458_virus_2501.jpeg,val,1,PNEUMONIA,1160,960,116.10982513427734,52.091468811035156
train/PNEUMONIA/person1458_virus_2503.jpeg,val,1,PNEUMONIA,1192,800,114.06924438476562,45.4015007019043
train/PNEUMONIA/person1459_bacteria_3796.jpeg,val,1,PNEUMONIA,1248,816,153.8977813720703,60.39689636230469
train/PNEUMONIA/person1459_bacteria_3797.jpeg,val,1,PNEUMONIA,1336,824,139.97401428222656,60.71514129638672
train/PNEUMONIA/person1462_virus_2512.jpeg,val,1,PNEUMONIA,1816,1550,98.06902313232422,60.67832946777344
train/PNEUMONIA/person1463_bacteria_3808.jpeg,val,1,PNEUMONIA,1432,736,114.8885269165039,61.45421600341797
train/PNEUMONIA/person1463_virus_2516.jpeg,val,1,PNEUMONIA,1168,744,128.4758758544922,53.6170654296875
train/PNEUMONIA/person1465_virus_2530.jpeg,val,1,PNEUMONIA,1008,560,111.53473663330078,57.187652587890625
train/PNEUMONIA/person1465_virus_2531.jpeg,val,1,PNEUMONIA,1000,760,114.7635726928711,47.500694274902344
train/PNEUMONIA/person1466_virus_2542.jpeg,val,1,PNEUMONIA,1112,704,107.07313537597656,60.23860549926758
train/PNEUMONIA/person1472_bacteria_3833.jpeg,val,1,PNEUMONIA,1456,1104,126.75678253173828,68.52786254882812
train/PNEUMONIA/person1474_bacteria_3837.jpeg,val,1,PNEUMONIA,872,552,114.51907348632812,60.73577880859375
train/PNEUMONIA/person1475_virus_2558.jpeg,val,1,PNEUMONIA,1358,870,125.82119750976562,54.016387939453125
train/PNEUMONIA/person1481_bacteria_3866.jpeg,val,1,PNEUMONIA,1600,1176,110.68595886230469,64.69557189941406
train/PNEUMONIA/person1482_virus_2572.jpeg,val,1,PNEUMONIA,1056,664,126.95409393310547,43.57455825805664
train/PNEUMONIA/person1482_virus_2573.jpeg,val,1,PNEUMONIA,1024,728,111.73548889160156,40.924774169921875
train/PNEUMONIA/person1484_bacteria_3878.jpeg,val,1,PNEUMONIA,1152,760,122.40807342529297,53.087337493896484
train/PNEUMONIA/person1486_virus_2580.jpeg,val,1,PNEUMONIA,1064,512,119.63330841064453,49.58467483520508
train/PNEUMONIA/person1488_virus_2589.jpeg,val,1,PNEUMONIA,1520,904,137.0532989501953,50.38546371459961
train/PNEUMONIA/person1496_virus_2605.jpeg,val,1,PNEUMONIA,1192,688,112.29606628417969,48.216331481933594
train/PNEUMONIA/person1496_virus_2606.jpeg,val,1,PNEUMONIA,888,704,135.8311767578125,35.134483337402344
train/PNEUMONIA/person1497_virus_2607.jpeg,val,1,PNEUMONIA,1454,794,110.94050598144531,57.35740280151367
train/PNEUMONIA/person1499_virus_2609.jpeg,val,1,PNEUMONIA,1016,640,148.7550048828125,46.40631103515625
train/PNEUMONIA/person1502_bacteria_3928.jpeg,val,1,PNEUMONIA,1176,776,80.7817611694336,55.539302825927734
train/PNEUMONIA/person1507_bacteria_3935.jpeg,val,1,PNEUMONIA,1776,1352,115.03870391845703,60.37040710449219
train/PNEUMONIA/person1507_bacteria_3943.jpeg,val,1,PNEUMONIA,1592,1200,119.3206787109375,55.53660583496094
train/PNEUMONIA/person1507_bacteria_3945.jpeg,val,1,PNEUMONIA,1664,1088,130.30154418945312,55.717533111572266
train/PNEUMONIA/person1507_bacteria_3946.jpeg,val,1,PNEUMONIA,1416,1176,141.96209716796875,43.65585708618164
train/PNEUMONIA/person1512_bacteria_3958.jpeg,val,1,PNEUMONIA,1312,648,117.24578857421875,59.277767181396484
train/PNEUMONIA/person1518_virus_2645.jpeg,val,1,PNEUMONIA,1464,1056,137.29734802246094,72.06884765625
train/PNEUMONIA/person1520_bacteria_3971.jpeg,val,1,PNEUMONIA,1008,776,96.7518081665039,68.15509033203125
train/PNEUMONIA/person1520_virus_2647.jpeg,val,1,PNEUMONIA,1536,1208,119.41635131835938,76.03325653076172
train/PNEUMONIA/person1535_bacteria_4015.jpeg,val,1,PNEUMONIA,920,552,121.37576293945312,55.94293975830078
train/PNEUMONIA/person1542_bacteria_4029.jpeg,val,1,PNEUMONIA,1144,760,123.53465270996094,58.06037139892578
train/PNEUMONIA/person1546_bacteria_4045.jpeg,val,1,PNEUMONIA,1288,776,118.18156433105469,67.40617370605469
train/PNEUMONIA/person1546_virus_2687.jpeg,val,1,PNEUMONIA,976,504,125.76751708984375,65.49991607666016
train/PNEUMONIA/person1549_virus_2690.jpeg,val,1,PNEUMONIA,1320,1032,180.86187744140625,62.07899475097656
train/PNEUMONIA/person1558_bacteria_4066.jpeg,val,1,PNEUMONIA,1408,1184,136.57069396972656,61.504669189453125
train/PNEUMONIA/person1559_bacteria_4067.jpeg,val,1,PNEUMONIA,856,528,134.62557983398438,56.853485107421875
train/PNEUMONIA/person1562_bacteria_4081.jpeg,val,1,PNEUMONIA,1656,1216,97.64933013916016,59.21177291870117
train/PNEUMONIA/person1566_bacteria_4099.jpeg,val,1,PNEUMONIA,888,440,118.73174285888672,54.30607223510742
train/PNEUMONIA/person1576_bacteria_4127.jpeg,val,1,PNEUMONIA,1296,944,125.36406707763672,51.702693939208984
train/PNEUMONIA/person1576_bacteria_4129.jpeg,val,1,PNEUMONIA,1384,1088,113.220947265625,57.571598052978516
train/PNEUMONIA/person1579_bacteria_4133.jpeg,val,1,PNEUMONIA,936,632,120.41293334960938,53.93971252441406
train/PNEUMONIA/person1582_bacteria_4137.jpeg,val,1,PNEUMONIA,1248,1064,91.62348175048828,56.2813720703125
train/PNEUMONIA/person1582_bacteria_4143.jpeg,val,1,PNEUMONIA,1352,864,90.59850311279297,57.221290588378906
train/PNEUMONIA/person1584_bacteria_4148.jpeg,val,1,PNEUMONIA,1064,656,122.75238800048828,67.33181762695312
train/PNEUMONIA/person1585_bacteria_4155.jpeg,val,1,PNEUMONIA,1128,752,110.42203521728516,49.39509201049805
train/PNEUMONIA/person1588_virus_2762.jpeg,val,1,PNEUMONIA,1376,832,117.42021179199219,66.06085968017578
train/PNEUMONIA/person1590_virus_2764.jpeg,val,1,PNEUMONIA,1280,856,136.43934631347656,67.03826141357422
train/PNEUMONIA/person1597_bacteria_4187.jpeg,val,1,PNEUMONIA,1768,1488,155.29507446289062,51.17717742919922
train/PNEUMONIA/person1597_bacteria_4189.jpeg,val,1,PNEUMONIA,1824,1776,142.5582733154297,58.88733673095703
train/PNEUMONIA/person1597_bacteria_4192.jpeg,val,1,PNEUMONIA,1632,1144,153.34548950195312,39.341400146484375
train/PNEUMONIA/person1597_bacteria_4193.jpeg,val,1,PNEUMONIA,1736,1368,164.7367401123047,44.221717834472656
train/PNEUMONIA/person1598_bacteria_4197.jpeg,val,1,PNEUMONIA,1264,920,107.3095474243164,53.0938720703125
train/PNEUMONIA/person1599_bacteria_4200.jpeg,val,1,PNEUMONIA,1624,864,103.68144226074219,74.88565063476562
train/PNEUMONIA/person1599_bacteria_4201.jpeg,val,1,PNEUMONIA,1520,1152,116.63343811035156,56.053558349609375
train/PNEUMONIA/person1608_bacteria_4235.jpeg,val,1,PNEUMONIA,1168,640,119.6651611328125,61.134586334228516
train/PNEUMONIA/person1616_bacteria_4251.jpeg,val,1,PNEUMONIA,1008,696,118.58666229248047,56.7658576965332
train/PNEUMONIA/person1617_bacteria_4254.jpeg,val,1,PNEUMONIA,816,456,116.73368835449219,51.37556838989258
train/PNEUMONIA/person1618_bacteria_4258.jpeg,val,1,PNEUMONIA,1248,760,131.34930419921875,52.334190368652344
train/PNEUMONIA/person1619_bacteria_4268.jpeg,val,1,PNEUMONIA,1512,1272,137.1886749267578,64.1403579711914
train/PNEUMONIA/person1628_bacteria_4293.jpeg,val,1,PNEUMONIA,1144,896,123.94664764404297,48.905296325683594
train/PNEUMONIA/person1628_bacteria_4295.jpeg,val,1,PNEUMONIA,1240,744,124.84683990478516,46.077816009521484
train/PNEUMONIA/person1628_bacteria_4298.jpeg,val,1,PNEUMONIA,1304,968,102.69368743896484,55.40557861328125
train/PNEUMONIA/person162_virus_320.jpeg,val,1,PNEUMONIA,1720,1128,144.43124389648438,87.38639068603516
train/PNEUMONIA/person1634_bacteria_4331.jpeg,val,1,PNEUMONIA,1720,1112,137.0201873779297,57.00815963745117
train/PNEUMONIA/person1639_bacteria_4347.jpeg,val,1,PNEUMONIA,809,476,130.4661865234375,50.09423828125
train/PNEUMONIA/person1643_bacteria_4354.jpeg,val,1,PNEUMONIA,1088,664,107.78939056396484,63.34624099731445
train/PNEUMONIA/person1646_bacteria_4368.jpeg,val,1,PNEUMONIA,976,712,127.69186401367188,73.15213012695312
train/PNEUMONIA/person1652_bacteria_4383.jpeg,val,1,PNEUMONIA,1232,624,100.57987213134766,71.49551391601562
train/PNEUMONIA/person1670_bacteria_4428.jpeg,val,1,PNEUMONIA,1352,816,118.79390716552734,57.62823486328125
train/PNEUMONIA/person1673_bacteria_4434.jpeg,val,1,PNEUMONIA,896,624,80.84748840332031,42.787940979003906
train/PNEUMONIA/person1677_bacteria_4443.jpeg,val,1,PNEUMONIA,499,261,118.04654693603516,49.78491973876953
train/PNEUMONIA/person1689_bacteria_4472.jpeg,val,1,PNEUMONIA,1024,632,115.60027313232422,74.17931365966797
train/PNEUMONIA/person1691_bacteria_4479.jpeg,val,1,PNEUMONIA,1336,816,139.96788024902344,70.96454620361328
train/PNEUMONIA/person16_bacteria_55.jpeg,val,1,PNEUMONIA,1488,936,131.14593505859375,70.14556884765625
train/PNEUMONIA/person1702_bacteria_4506.jpeg,val,1,PNEUMONIA,438,179,121.97736358642578,40.13024139404297
train/PNEUMONIA/person1709_bacteria_4523.jpeg,val,1,PNEUMONIA,441,255,138.7173614501953,45.68196487426758
train/PNEUMONIA/person1710_bacteria_4526.jpeg,val,1,PNEUMONIA,450,230,154.56251525878906,40.309288024902344
train/PNEUMONIA/person1726_bacteria_4552.jpeg,val,1,PNEUMONIA,1136,792,126.79193115234375,57.27577590942383
train/PNEUMONIA/person1745_bacteria_4584.jpeg,val,1,PNEUMONIA,1792,1280,154.06419372558594,52.121177673339844
train/PNEUMONIA/person1758_bacteria_4600.jpeg,val,1,PNEUMONIA,1728,1392,142.44833374023438,56.7449951171875
train/PNEUMONIA/person1790_bacteria_4638.jpeg,val,1,PNEUMONIA,1016,624,126.6114501953125,50.73561096191406
train/PNEUMONIA/person1816_bacteria_4673.jpeg,val,1,PNEUMONIA,1272,592,159.74147033691406,47.87907028198242
train/PNEUMONIA/person1850_bacteria_4721.jpeg,val,1,PNEUMONIA,880,520,156.05587768554688,42.8182258605957
train/PNEUMONIA/person1855_bacteria_4727.jpeg,val,1,PNEUMONIA,1048,664,117.41485595703125,69.28772735595703
train/PNEUMONIA/person1857_bacteria_4729.jpeg,val,1,PNEUMONIA,1040,544,116.76561737060547,65.8228759765625
train/PNEUMONIA/person1869_bacteria_4745.jpeg,val,1,PNEUMONIA,1184,808,118.3804702758789,67.57123565673828
train/PNEUMONIA/person1872_bacteria_4750.jpeg,val,1,PNEUMONIA,1704,1616,149.86288452148438,40.964820861816406
train/PNEUMONIA/person1872_bacteria_4751.jpeg,val,1,PNEUMONIA,1848,1392,152.9396209716797,43.05645751953125
train/PNEUMONIA/person1875_bacteria_4756.jpeg,val,1,PNEUMONIA,1632,1208,138.5531005859375,53.066200256347656
train/PNEUMONIA/person1881_bacteria_4767.jpeg,val,1,PNEUMONIA,1224,776,127.26631927490234,63.797088623046875
train/PNEUMONIA/person1896_bacteria_4788.jpeg,val,1,PNEUMONIA,1184,808,151.7973175048828,53.516868591308594
train/PNEUMONIA/person18_bacteria_57.jpeg,val,1,PNEUMONIA,1504,1033,124.89700317382812,73.71537780761719
train/PNEUMONIA/person1921_bacteria_4828.jpeg,val,1,PNEUMONIA,1120,776,126.52139282226562,57.388427734375
train/PNEUMONIA/person1924_bacteria_4832.jpeg,val,1,PNEUMONIA,1160,920,119.08008575439453,56.38801956176758
train/PNEUMONIA/person1926_bacteria_4835.jpeg,val,1,PNEUMONIA,1096,784,115.04438018798828,62.52788543701172
train/PNEUMONIA/person1935_bacteria_4849.jpeg,val,1,PNEUMONIA,1504,1152,123.84687805175781,62.044185638427734
train/PNEUMONIA/person19_bacteria_63.jpeg,val,1,PNEUMONIA,1064,627,122.90974426269531,62.71198654174805
train/PNEUMONIA/person20_bacteria_69.jpeg,val,1,PNEUMONIA,1118,740,111.95266723632812,69.50086975097656
train/PNEUMONIA/person23_bacteria_102.jpeg,val,1,PNEUMONIA,1152,688,130.86135864257812,58.92703628540039
train/PNEUMONIA/person255_bacteria_1161.jpeg,val,1,PNEUMONIA,952,632,134.48927307128906,42.43714141845703
train/PNEUMONIA/person255_bacteria_1165.jpeg,val,1,PNEUMONIA,1096,560,132.2932891845703,53.69995880126953
train/PNEUMONIA/person257_bacteria_1193.jpeg,val,1,PNEUMONIA,896,560,134.0563201904297,46.99591827392578
train/PNEUMONIA/person257_bacteria_1199.jpeg,val,1,PNEUMONIA,992,760,136.76602172851562,61.56297302246094
train/PNEUMONIA/person258_bacteria_1208.jpeg,val,1,PNEUMONIA,1056,856,113.53643035888672,50.14013671875
train/PNEUMONIA/person258_bacteria_1212.jpeg,val,1,PNEUMONIA,1216,872,107.22409057617188,57.439090728759766
train/PNEUMONIA/person259_bacteria_1217.jpeg,val,1,PNEUMONIA,936,496,85.7593002319336,38.14887619018555
train/PNEUMONIA/person259_bacteria_1219.jpeg,val,1,PNEUMONIA,864,672,115.77373504638672,48.72592544555664
train/PNEUMONIA/person259_bacteria_1220.jpeg,val,1,PNEUMONIA,760,488,130.61801147460938,39.705570220947266
train/PNEUMONIA/person25_bacteria_113.jpeg,val,1,PNEUMONIA,1024,712,146.33755493164062,51.777809143066406
train/PNEUMONIA/person25_bacteria_116.jpeg,val,1,PNEUMONIA,1224,1000,127.85470581054688,58.21531295776367
train/PNEUMONIA/person264_bacteria_1232.jpeg,val,1,PNEUMONIA,1240,784,122.8781967163086,57.438228607177734
train/PNEUMONIA/person266_bacteria_1244.jpeg,val,1,PNEUMONIA,992,672,121.14181518554688,48.22386169433594
train/PNEUMONIA/person26_bacteria_122.jpeg,val,1,PNEUMONIA,1200,552,134.73912048339844,58.402992248535156
train/PNEUMONIA/person26_bacteria_128.jpeg,val,1,PNEUMONIA,960,648,139.12767028808594,52.724159240722656
train/PNEUMONIA/person26_bacteria_131.jpeg,val,1,PNEUMONIA,1024,568,135.00833129882812,56.386966705322266
train/PNEUMONIA/person26_bacteria_132.jpeg,val,1,PNEUMONIA,1072,632,88.34539031982422,44.03429412841797
train/PNEUMONIA/person272_virus_559.jpeg,val,1,PNEUMONIA,1704,1256,96.90877532958984,40.28432083129883
train/PNEUMONIA/person277_bacteria_1303.jpeg,val,1,PNEUMONIA,1008,648,139.67063903808594,49.73281478881836
train/PNEUMONIA/person278_bacteria_1313.jpeg,val,1,PNEUMONIA,1096,624,127.44618225097656,57.163021087646484
train/PNEUMONIA/person278_virus_575.jpeg,val,1,PNEUMONIA,1384,1016,140.9737091064453,57.13479232788086
train/PNEUMONIA/person280_bacteria_1318.jpeg,val,1,PNEUMONIA,1256,840,113.15206909179688,60.75431442260742
train/PNEUMONIA/person281_bacteria_1324.jpeg,val,1,PNEUMONIA,928,664,100.19365692138672,46.41532897949219
train/PNEUMONIA/person281_bacteria_1329.jpeg,val,1,PNEUMONIA,976,600,125.53099060058594,55.44365310668945
train/PNEUMONIA/person292_virus_599.jpeg,val,1,PNEUMONIA,1520,1192,128.7990264892578,47.83608627319336
train/PNEUMONIA/person294_bacteria_1388.jpeg,val,1,PNEUMONIA,1234,778,106.94664001464844,59.307010650634766
train/PNEUMONIA/person296_bacteria_1391.jpeg,val,1,PNEUMONIA,1136,704,91.87970733642578,46.00559997558594
train/PNEUMONIA/person297_bacteria_1400.jpeg,val,1,PNEUMONIA,1104,736,100.1056900024414,58.6456298828125
train/PNEUMONIA/person298_bacteria_1409.jpeg,val,1,PNEUMONIA,1232,904,124.83304595947266,50.62221145629883
train/PNEUMONIA/person298_bacteria_1411.jpeg,val,1,PNEUMONIA,1064,696,133.18875122070312,45.7790641784668
train/PNEUMONIA/person299_bacteria_1416.jpeg,val,1,PNEUMONIA,976,832,106.90081024169922,53.58856201171875
train/PNEUMONIA/person301_virus_622.jpeg,val,1,PNEUMONIA,2070,1550,122.7066421508789,68.54820251464844
train/PNEUMONIA/person302_virus_623.jpeg,val,1,PNEUMONIA,2006,1647,109.06880950927734,63.585018157958984
train/PNEUMONIA/person303_bacteria_1431.jpeg,val,1,PNEUMONIA,1562,1106,122.68749237060547,49.3684196472168
train/PNEUMONIA/person307_bacteria_1442.jpeg,val,1,PNEUMONIA,1142,689,126.0240707397461,53.9637451171875
train/PNEUMONIA/person308_bacteria_1443.jpeg,val,1,PNEUMONIA,920,672,139.64845275878906,39.392921447753906
train/PNEUMONIA/person309_virus_632.jpeg,val,1,PNEUMONIA,1128,736,145.97454833984375,59.50900650024414
train/PNEUMONIA/person310_bacteria_1451.jpeg,val,1,PNEUMONIA,1588,1010,131.98858642578125,71.64622497558594
train/PNEUMONIA/person311_bacteria_1452.jpeg,val,1,PNEUMONIA,1416,920,105.9319839477539,51.48094177246094
train/PNEUMONIA/person314_bacteria_1461.jpeg,val,1,PNEUMONIA,1202,986,116.09471893310547,58.292869567871094
train/PNEUMONIA/person317_virus_643.jpeg,val,1,PNEUMONIA,1064,640,128.97821044921875,55.09620666503906
train/PNEUMONIA/person319_bacteria_1476.jpeg,val,1,PNEUMONIA,1104,600,69.80430603027344,30.75225830078125
train/PNEUMONIA/person319_bacteria_1477.jpeg,val,1,PNEUMONIA,936,640,139.70584106445312,46.75
train/PNEUMONIA/person319_bacteria_1478.jpeg,val,1,PNEUMONIA,952,640,120.89566802978516,50.32018280029297
train/PNEUMONIA/person319_virus_645.jpeg,val,1,PNEUMONIA,1136,776,130.25082397460938,67.52352905273438
train/PNEUMONIA/person319_virus_646.jpeg,val,1,PNEUMONIA,1256,960,129.8194122314453,71.9180908203125
train/PNEUMONIA/person31_bacteria_162.jpeg,val,1,PNEUMONIA,944,480,109.99021911621094,51.97346878051758
train/PNEUMONIA/person321_bacteria_1484.jpeg,val,1,PNEUMONIA,1104,728,158.5802459716797,43.670040130615234
train/PNEUMONIA/person321_bacteria_1486.jpeg,val,1,PNEUMONIA,1200,856,104.95317077636719,48.56439971923828
train/PNEUMONIA/person321_bacteria_1488.jpeg,val,1,PNEUMONIA,1216,728,105.73917388916016,53.02482223510742
train/PNEUMONIA/person321_virus_648.jpeg,val,1,PNEUMONIA,1560,1096,145.69082641601562,63.58250427246094
train/PNEUMONIA/person325_bacteria_1498.jpeg,val,1,PNEUMONIA,1008,680,116.73507690429688,53.8318977355957
train/PNEUMONIA/person325_virus_661.jpeg,val,1,PNEUMONIA,446,132,104.0524673461914,42.191734313964844
train/PNEUMONIA/person325_virus_664.jpeg,val,1,PNEUMONIA,438,190,134.61317443847656,43.28123474121094
train/PNEUMONIA/person328_bacteria_1510.jpeg,val,1,PNEUMONIA,1360,1261,117.64945983886719,58.104530334472656
train/PNEUMONIA/person328_bacteria_1512.jpeg,val,1,PNEUMONIA,1184,984,143.34912109375,58.40324020385742
train/PNEUMONIA/person328_bacteria_1513.jpeg,val,1,PNEUMONIA,1080,840,155.91001892089844,43.439064025878906
train/PNEUMONIA/person328_bacteria_1515.jpeg,val,1,PNEUMONIA,1289,1253,158.7147674560547,60.02661895751953
train/PNEUMONIA/person331_bacteria_1526.jpeg,val,1,PNEUMONIA,1096,720,121.85444641113281,54.02217483520508
train/PNEUMONIA/person331_bacteria_1528.jpeg,val,1,PNEUMONIA,1016,640,131.86244201660156,50.472171783447266
train/PNEUMONIA/person332_bacteria_1535.jpeg,val,1,PNEUMONIA,904,576,123.1211166381836,53.031951904296875
train/PNEUMONIA/person332_virus_685.jpeg,val,1,PNEUMONIA,896,504,129.76077270507812,65.47267150878906
train/PNEUMONIA/person333_bacteria_1540.jpeg,val,1,PNEUMONIA,1504,1180,125.34480285644531,63.039039611816406
train/PNEUMONIA/person334_bacteria_1541.jpeg,val,1,PNEUMONIA,920,528,93.7473373413086,44.576622009277344
train/PNEUMONIA/person336_bacteria_1548.jpeg,val,1,PNEUMONIA,952,720,125.3333740234375,56.27899932861328
train/PNEUMONIA/person339_bacteria_1573.jpeg,val,1,PNEUMONIA,1024,632,95.14968872070312,51.79451370239258
train/PNEUMONIA/person33_bacteria_169.jpeg,val,1,PNEUMONIA,1202,743,107.73487091064453,54.586219787597656
train/PNEUMONIA/person347_bacteria_1597.jpeg,val,1,PNEUMONIA,1360,968,133.6908416748047,46.90838623046875
train/PNEUMONIA/person347_bacteria_1599.jpeg,val,1,PNEUMONIA,967,683,145.0172576904297,38.33100891113281
train/PNEUMONIA/person349_virus_724.jpeg,val,1,PNEUMONIA,1432,816,132.06536865234375,64.04474639892578
train/PNEUMONIA/person351_bacteria_1617.jpeg,val,1,PNEUMONIA,1218,1041,88.03695678710938,62.82052993774414
train/PNEUMONIA/person351_bacteria_1623.jpeg,val,1,PNEUMONIA,896,680,151.48731994628906,51.902339935302734
train/PNEUMONIA/person353_bacteria_1628.jpeg,val,1,PNEUMONIA,984,688,104.49131774902344,53.95903396606445
train/PNEUMONIA/person353_virus_728.jpeg,val,1,PNEUMONIA,1496,1040,102.26277160644531,66.33393096923828
train/PNEUMONIA/person359_virus_738.jpeg,val,1,PNEUMONIA,1448,1112,132.04153442382812,64.59729766845703
train/PNEUMONIA/person35_bacteria_178.jpeg,val,1,PNEUMONIA,2036,1627,125.96778869628906,64.19915771484375
train/PNEUMONIA/person361_virus_740.jpeg,val,1,PNEUMONIA,1632,888,99.19837951660156,68.65631866455078
train/PNEUMONIA/person364_bacteria_1660.jpeg,val,1,PNEUMONIA,1160,744,93.25541687011719,40.27351379394531
train/PNEUMONIA/person370_bacteria_1692.jpeg,val,1,PNEUMONIA,1064,760,134.03616333007812,58.212608337402344
train/PNEUMONIA/person377_bacteria_1717.jpeg,val,1,PNEUMONIA,1496,1049,147.60867309570312,59.56295394897461
train/PNEUMONIA/person377_bacteria_1718.jpeg,val,1,PNEUMONIA,1416,888,119.82532501220703,55.846343994140625
train/PNEUMONIA/person379_bacteria_1722.jpeg,val,1,PNEUMONIA,1152,792,123.5426254272461,50.23460388183594
train/PNEUMONIA/person37_bacteria_186.jpeg,val,1,PNEUMONIA,1128,744,89.94934844970703,40.82843780517578
train/PNEUMONIA/person381_bacteria_1730.jpeg,val,1,PNEUMONIA,976,656,132.04934692382812,46.89072036743164
train/PNEUMONIA/person382_bacteria_1742.jpeg,val,1,PNEUMONIA,1360,1191,88.01178741455078,47.835662841796875
train/PNEUMONIA/person382_bacteria_1746.jpeg,val,1,PNEUMONIA,1176,760,93.544677734375,45.12607955932617
train/PNEUMONIA/person383_bacteria_1748.jpeg,val,1,PNEUMONIA,1320,984,90.10636901855469,52.002838134765625
train/PNEUMONIA/person383_bacteria_1754.jpeg,val,1,PNEUMONIA,1392,984,88.83358764648438,56.8226203918457
train/PNEUMONIA/person384_bacteria_1755.jpeg,val,1,PNEUMONIA,1530,1029,130.41973876953125,57.54827117919922
train/PNEUMONIA/person386_virus_771.jpeg,val,1,PNEUMONIA,1440,976,129.26937866210938,68.41859436035156
train/PNEUMONIA/person387_bacteria_1769.jpeg,val,1,PNEUMONIA,928,544,104.67549133300781,46.59441375732422
train/PNEUMONIA/person387_bacteria_1770.jpeg,val,1,PNEUMONIA,904,416,99.26790618896484,47.31975173950195
train/PNEUMONIA/person387_bacteria_1772.jpeg,val,1,PNEUMONIA,824,472,132.16802978515625,50.0953369140625
train/PNEUMONIA/person397_bacteria_1797.jpeg,val,1,PNEUMONIA,976,720,108.24917602539062,50.150535583496094
train/PNEUMONIA/person405_bacteria_1817.jpeg,val,1,PNEUMONIA,1416,1037,113.66072845458984,60.99106979370117
train/PNEUMONIA/person40_bacteria_202.jpeg,val,1,PNEUMONIA,1216,960,144.07131958007812,52.37822723388672
train/PNEUMONIA/person40_bacteria_205.jpeg,val,1,PNEUMONIA,1400,1032,114.54357147216797,54.68880844116211
train/PNEUMONIA/person411_bacteria_1826.jpeg,val,1,PNEUMONIA,1800,1261,116.35269165039062,57.53986740112305
train/PNEUMONIA/person415_virus_847.jpeg,val,1,PNEUMONIA,1408,968,75.36640167236328,37.30269241333008
train/PNEUMONIA/person417_bacteria_1842.jpeg,val,1,PNEUMONIA,1424,1184,142.32656860351562,50.91671371459961
train/PNEUMONIA/person417_virus_850.jpeg,val,1,PNEUMONIA,1352,948,84.08155059814453,51.09457778930664
train/PNEUMONIA/person419_virus_857.jpeg,val,1,PNEUMONIA,1912,1928,109.4115219116211,47.49557113647461
train/PNEUMONIA/person419_virus_859.jpeg,val,1,PNEUMONIA,2080,2032,131.4523162841797,49.12262725830078
train/PNEUMONIA/person421_bacteria_1852.jpeg,val,1,PNEUMONIA,1074,708,131.112548828125,54.97114944458008
train/PNEUMONIA/person422_virus_868.jpeg,val,1,PNEUMONIA,507,244,139.8725128173828,45.28577423095703
train/PNEUMONIA/person423_bacteria_1856.jpeg,val,1,PNEUMONIA,1072,696,103.12557983398438,52.488101959228516
train/PNEUMONIA/person426_bacteria_1861.jpeg,val,1,PNEUMONIA,1392,1240,139.45162963867188,65.64673614501953
train/PNEUMONIA/person426_bacteria_1863.jpeg,val,1,PNEUMONIA,1248,976,129.6269989013672,54.82001876831055
train/PNEUMONIA/person427_virus_875.jpeg,val,1,PNEUMONIA,1298,763,114.45286560058594,53.25857162475586
train/PNEUMONIA/person428_virus_876.jpeg,val,1,PNEUMONIA,1352,890,142.41262817382812,54.77065658569336
train/PNEUMONIA/person430_bacteria_1871.jpeg,val,1,PNEUMONIA,1198,990,131.7548065185547,48.25485610961914
train/PNEUMONIA/person432_virus_881.jpeg,val,1,PNEUMONIA,1260,948,125.46414184570312,57.32212448120117
train/PNEUMONIA/person433_bacteria_1875.jpeg,val,1,PNEUMONIA,1032,576,95.0663070678711,45.76603698730469
train/PNEUMONIA/person434_bacteria_1877.jpeg,val,1,PNEUMONIA,904,704,108.11721801757812,45.841068267822266
train/PNEUMONIA/person434_virus_883.jpeg,val,1,PNEUMONIA,1456,1288,121.02833557128906,50.78822326660156
train/PNEUMONIA/person437_bacteria_1888.jpeg,val,1,PNEUMONIA,1144,808,79.56812286376953,42.89464569091797
train/PNEUMONIA/person438_bacteria_1891.jpeg,val,1,PNEUMONIA,928,520,80.53380584716797,41.47977828979492
train/PNEUMONIA/person441_bacteria_1902.jpeg,val,1,PNEUMONIA,888,664,96.44512939453125,43.24675750732422
train/PNEUMONIA/person441_bacteria_1910.jpeg,val,1,PNEUMONIA,864,640,109.652099609375,49.6092414855957
train/PNEUMONIA/person441_bacteria_1914.jpeg,val,1,PNEUMONIA,936,616,95.19164276123047,47.694068908691406
train/PNEUMONIA/person441_virus_897.jpeg,val,1,PNEUMONIA,738,543,124.86971282958984,34.89734649658203
train/PNEUMONIA/person445_virus_918.jpeg,val,1,PNEUMONIA,1640,936,113.76931762695312,50.394065856933594
train/PNEUMONIA/person447_bacteria_1932.jpeg,val,1,PNEUMONIA,1562,1284,125.82422637939453,59.258941650390625
train/PNEUMONIA/person447_virus_921.jpeg,val,1,PNEUMONIA,1230,840,106.06448364257812,66.18709564208984
train/PNEUMONIA/person448_bacteria_1937.jpeg,val,1,PNEUMONIA,1208,896,67.1787109375,28.816308975219727
train/PNEUMONIA/person448_virus_922.jpeg,val,1,PNEUMONIA,1284,832,146.21176147460938,51.41263961791992
train/PNEUMONIA/person458_bacteria_1955.jpeg,val,1,PNEUMONIA,888,504,102.7591323852539,54.97886276245117
train/PNEUMONIA/person45_bacteria_220.jpeg,val,1,PNEUMONIA,712,464,115.51258087158203,44.562591552734375
train/PNEUMONIA/person460_virus_948.jpeg,val,1,PNEUMONIA,1376,968,99.0132827758789,44.72767639160156
train/PNEUMONIA/person462_bacteria_1963.jpeg,val,1,PNEUMONIA,960,544,113.12232208251953,48.71342086791992
train/PNEUMONIA/person466_bacteria_1983.jpeg,val,1,PNEUMONIA,742,473,147.48316955566406,31.5411319732666
train/PNEUMONIA/person469_bacteria_1992.jpeg,val,1,PNEUMONIA,1272,808,147.41893005371094,49.54170227050781
train/PNEUMONIA/person472_bacteria_2010.jpeg,val,1,PNEUMONIA,777,531,115.37738800048828,34.60607147216797
train/PNEUMONIA/person475_bacteria_2021.jpeg,val,1,PNEUMONIA,1016,800,151.6114044189453,43.129695892333984
train/PNEUMONIA/person476_virus_973.jpeg,val,1,PNEUMONIA,1664,1000,119.22103118896484,75.30036926269531
train/PNEUMONIA/person478_bacteria_2035.jpeg,val,1,PNEUMONIA,1318,936,123.01349639892578,66.45834350585938
train/PNEUMONIA/person480_virus_982.jpeg,val,1,PNEUMONIA,801,493,157.38816833496094,37.05557632446289
train/PNEUMONIA/person481_virus_983.jpeg,val,1,PNEUMONIA,1256,1016,137.24473571777344,74.6299819946289
train/PNEUMONIA/person482_bacteria_2043.jpeg,val,1,PNEUMONIA,1176,813,106.35588836669922,64.43994140625
train/PNEUMONIA/person483_virus_985.jpeg,val,1,PNEUMONIA,1024,632,123.02803802490234,67.10570526123047
train/PNEUMONIA/person48_bacteria_230.jpeg,val,1,PNEUMONIA,944,776,140.05661010742188,50.8768310546875
train/PNEUMONIA/person492_bacteria_2083.jpeg,val,1,PNEUMONIA,1000,744,119.53947448730469,46.281192779541016
train/PNEUMONIA/person4_bacteria_14.jpeg,val,1,PNEUMONIA,1032,592,140.6372528076172,54.06537628173828
train/PNEUMONIA/person501_bacteria_2114.jpeg,val,1,PNEUMONIA,1248,880,93.79503631591797,57.179588317871094
train/PNEUMONIA/person501_bacteria_2115.jpeg,val,1,PNEUMONIA,1072,736,110.37939453125,51.49448013305664
train/PNEUMONIA/person504_bacteria_2127.jpeg,val,1,PNEUMONIA,998,740,96.87174224853516,50.76372146606445
train/PNEUMONIA/person504_bacteria_2129.jpeg,val,1,PNEUMONIA,928,640,98.23857116699219,46.58778762817383
train/PNEUMONIA/person504_bacteria_2130.jpeg,val,1,PNEUMONIA,1008,600,124.105224609375,51.350303649902344
train/PNEUMONIA/person507_bacteria_2139.jpeg,val,1,PNEUMONIA,888,608,114.11038970947266,57.75562286376953
train/PNEUMONIA/person508_virus_1020.jpeg,val,1,PNEUMONIA,850,534,136.82110595703125,50.56502914428711
train/PNEUMONIA/person512_bacteria_2155.jpeg,val,1,PNEUMONIA,1276,801,117.38719177246094,70.67462921142578
train/PNEUMONIA/person512_virus_1029.jpeg,val,1,PNEUMONIA,1224,632,127.87550354003906,64.80294799804688
train/PNEUMONIA/person515_bacteria_2185.jpeg,val,1,PNEUMONIA,848,704,82.03815460205078,38.175025939941406
train/PNEUMONIA/person516_bacteria_2192.jpeg,val,1,PNEUMONIA,667,322,125.18589782714844,33.62891387939453
train/PNEUMONIA/person517_virus_1035.jpeg,val,1,PNEUMONIA,1320,768,126.87405395507812,59.26203918457031
train/PNEUMONIA/person51_bacteria_242.jpeg,val,1,PNEUMONIA,1096,976,132.86520385742188,51.99717712402344
train/PNEUMONIA/person51_bacteria_247.jpeg,val,1,PNEUMONIA,1322,1018,125.29297637939453,61.64999008178711
train/PNEUMONIA/person522_bacteria_2211.jpeg,val,1,PNEUMONIA,1360,1024,134.63510131835938,56.83964157104492
train/PNEUMONIA/person528_bacteria_2227.jpeg,val,1,PNEUMONIA,841,521,139.4180450439453,34.68394088745117
train/PNEUMONIA/person52_bacteria_251.jpeg,val,1,PNEUMONIA,1494,1044,120.79241943359375,65.9531021118164
train/PNEUMONIA/person533_virus_1055.jpeg,val,1,PNEUMONIA,1200,752,99.06379699707031,72.86046600341797
train/PNEUMONIA/person534_bacteria_2254.jpeg,val,1,PNEUMONIA,1152,688,76.50640106201172,42.41577911376953
train/PNEUMONIA/person535_virus_1062.jpeg,val,1,PNEUMONIA,1368,912,120.59379577636719,73.90489196777344
train/PNEUMONIA/person537_bacteria_2265.jpeg,val,1,PNEUMONIA,1128,776,133.8472137451172,55.610076904296875
train/PNEUMONIA/person537_bacteria_2266.jpeg,val,1,PNEUMONIA,1200,872,79.94520568847656,41.565330505371094
train/PNEUMONIA/person544_virus_1079.jpeg,val,1,PNEUMONIA,1696,1248,137.3045196533203,57.672332763671875
train/PNEUMONIA/person546_virus_1085.jpeg,val,1,PNEUMONIA,1336,936,112.42555236816406,58.238975524902344
train/PNEUMONIA/person548_bacteria_2302.jpeg,val,1,PNEUMONIA,1264,856,111.00945281982422,53.614810943603516
train/PNEUMONIA/person549_bacteria_2306.jpeg,val,1,PNEUMONIA,896,552,88.65623474121094,42.0615119934082
train/PNEUMONIA/person549_virus_1089.jpeg,val,1,PNEUMONIA,1504,880,129.5184326171875,78.52238464355469
train/PNEUMONIA/person551_bacteria_2310.jpeg,val,1,PNEUMONIA,1176,824,96.2527847290039,40.84519577026367
train/PNEUMONIA/person552_bacteria_2315.jpeg,val,1,PNEUMONIA,1232,768,111.25340270996094,59.09748077392578
train/PNEUMONIA/person552_virus_1092.jpeg,val,1,PNEUMONIA,1448,880,124.45829772949219,69.4691162109375
train/PNEUMONIA/person554_bacteria_2321.jpeg,val,1,PNEUMONIA,1240,728,145.942138671875,43.360694885253906
train/PNEUMONIA/person556_bacteria_2326.jpeg,val,1,PNEUMONIA,1210,886,118.4197006225586,50.688480377197266
train/PNEUMONIA/person558_virus_1098.jpeg,val,1,PNEUMONIA,1352,1072,140.96913146972656,59.54731750488281
train/PNEUMONIA/person560_bacteria_2330.jpeg,val,1,PNEUMONIA,1024,712,131.97781372070312,58.605037689208984
train/PNEUMONIA/person563_bacteria_2334.jpeg,val,1,PNEUMONIA,1152,664,105.14655303955078,53.55219268798828
train/PNEUMONIA/person563_bacteria_2336.jpeg,val,1,PNEUMONIA,976,672,99.28675842285156,44.96595764160156
train/PNEUMONIA/person564_bacteria_2344.jpeg,val,1,PNEUMONIA,960,744,92.3088607788086,46.300865173339844
train/PNEUMONIA/person564_bacteria_2346.jpeg,val,1,PNEUMONIA,976,744,118.40773010253906,57.58519744873047
train/PNEUMONIA/person567_virus_1107.jpeg,val,1,PNEUMONIA,1744,1104,119.91749572753906,74.43441009521484
train/PNEUMONIA/person570_bacteria_2365.jpeg,val,1,PNEUMONIA,1334,785,131.8878936767578,45.638301849365234
train/PNEUMONIA/person571_bacteria_2367.jpeg,val,1,PNEUMONIA,1296,920,108.15433502197266,50.22509002685547
train/PNEUMONIA/person574_bacteria_2372.jpeg,val,1,PNEUMONIA,1024,704,112.03302764892578,49.922210693359375
train/PNEUMONIA/person579_virus_1123.jpeg,val,1,PNEUMONIA,1168,840,142.38150024414062,60.11595153808594
train/PNEUMONIA/person580_bacteria_2387.jpeg,val,1,PNEUMONIA,880,656,142.93174743652344,51.345008850097656
train/PNEUMONIA/person580_bacteria_2389.jpeg,val,1,PNEUMONIA,816,584,103.35858154296875,43.985408782958984
train/PNEUMONIA/person581_bacteria_2393.jpeg,val,1,PNEUMONIA,896,576,123.55195617675781,45.983272552490234
train/PNEUMONIA/person581_bacteria_2394.jpeg,val,1,PNEUMONIA,1008,776,104.25879669189453,51.49420166015625
train/PNEUMONIA/person581_bacteria_2395.jpeg,val,1,PNEUMONIA,976,672,114.36512756347656,52.81168746948242
train/PNEUMONIA/person582_bacteria_2403.jpeg,val,1,PNEUMONIA,1408,1296,158.55105590820312,45.82305145263672
train/PNEUMONIA/person585_bacteria_2411.jpeg,val,1,PNEUMONIA,1144,864,99.60022735595703,49.26744079589844
train/PNEUMONIA/person585_bacteria_2412.jpeg,val,1,PNEUMONIA,1160,768,122.17758178710938,51.58163833618164
train/PNEUMONIA/person588_virus_1135.jpeg,val,1,PNEUMONIA,1064,904,106.33426666259766,66.57799530029297
train/PNEUMONIA/person58_bacteria_274.jpeg,val,1,PNEUMONIA,832,416,106.49595642089844,37.86176681518555
train/PNEUMONIA/person596_bacteria_2445.jpeg,val,1,PNEUMONIA,920,632,127.95246124267578,54.7470817565918
train/PNEUMONIA/person598_virus_1151.jpeg,val,1,PNEUMONIA,1021,701,116.04531860351562,46.41163635253906
train/PNEUMONIA/person5_bacteria_15.jpeg,val,1,PNEUMONIA,1276,1110,121.70336151123047,63.788394927978516
train/PNEUMONIA/person600_bacteria_2458.jpeg,val,1,PNEUMONIA,1016,728,82.7618408203125,39.53782653808594
train/PNEUMONIA/person600_virus_1156.jpeg,val,1,PNEUMONIA,796,548,164.85711669921875,31.923839569091797
train/PNEUMONIA/person604_bacteria_2463.jpeg,val,1,PNEUMONIA,1192,832,123.91022491455078,60.15279769897461
train/PNEUMONIA/person604_virus_1165.jpeg,val,1,PNEUMONIA,1312,800,127.67933654785156,67.86608123779297
train/PNEUMONIA/person613_bacteria_2479.jpeg,val,1,PNEUMONIA,1467,1123,96.65966033935547,61.612632751464844
train/PNEUMONIA/person616_virus_1186.jpeg,val,1,PNEUMONIA,1464,800,101.10475158691406,76.51721954345703
train/PNEUMONIA/person618_bacteria_2489.jpeg,val,1,PNEUMONIA,1430,1087,116.50689697265625,61.82465362548828
train/PNEUMONIA/person619_bacteria_2490.jpeg,val,1,PNEUMONIA,1686,1334,125.1474838256836,62.617862701416016
train/PNEUMONIA/person61_bacteria_288.jpeg,val,1,PNEUMONIA,1180,863,104.3517074584961,65.54647827148438
train/PNEUMONIA/person620_bacteria_2492.jpeg,val,1,PNEUMONIA,1778,1295,116.79353332519531,58.45723342895508
train/PNEUMONIA/person621_virus_1195.jpeg,val,1,PNEUMONIA,1328,736,127.6055908203125,56.58664321899414
train/PNEUMONIA/person623_bacteria_2496.jpeg,val,1,PNEUMONIA,1000,624,141.45362854003906,46.099578857421875
train/PNEUMONIA/person629_bacteria_2507.jpeg,val,1,PNEUMONIA,1040,560,107.69368743896484,50.7950325012207
train/PNEUMONIA/person629_virus_1207.jpeg,val,1,PNEUMONIA,1280,768,127.30133056640625,72.6449203491211
train/PNEUMONIA/person62_bacteria_300.jpeg,val,1,PNEUMONIA,1064,936,135.69061279296875,53.18869400024414
train/PNEUMONIA/person62_bacteria_303.jpeg,val,1,PNEUMONIA,1422,1032,103.40299224853516,56.5731201171875
train/PNEUMONIA/person633_bacteria_2522.jpeg,val,1,PNEUMONIA,1180,809,103.84886932373047,55.98942184448242
train/PNEUMONIA/person633_virus_1213.jpeg,val,1,PNEUMONIA,1288,656,131.77455139160156,59.89518737792969
train/PNEUMONIA/person636_virus_1217.jpeg,val,1,PNEUMONIA,1144,928,123.18893432617188,66.12643432617188
train/PNEUMONIA/person637_bacteria_2529.jpeg,val,1,PNEUMONIA,920,496,118.65594482421875,50.2014274597168
train/PNEUMONIA/person640_virus_1221.jpeg,val,1,PNEUMONIA,1360,768,125.52641296386719,66.60528564453125
train/PNEUMONIA/person641_bacteria_2533.jpeg,val,1,PNEUMONIA,1848,1576,103.31071472167969,64.74127960205078
train/PNEUMONIA/person646_bacteria_2538.jpeg,val,1,PNEUMONIA,1068,778,122.46861267089844,53.02924346923828
train/PNEUMONIA/person646_virus_1227.jpeg,val,1,PNEUMONIA,1048,552,121.21265411376953,79.10246276855469
train/PNEUMONIA/person647_bacteria_2539.jpeg,val,1,PNEUMONIA,912,704,129.61431884765625,48.61626434326172
train/PNEUMONIA/person648_bacteria_2540.jpeg,val,1,PNEUMONIA,896,656,94.5346450805664,45.54837417602539
train/PNEUMONIA/person649_bacteria_2541.jpeg,val,1,PNEUMONIA,936,760,88.74276733398438,40.42283248901367
train/PNEUMONIA/person64_bacteria_310.jpeg,val,1,PNEUMONIA,856,464,99.92117309570312,42.81640625
train/PNEUMONIA/person672_bacteria_2565.jpeg,val,1,PNEUMONIA,1064,632,115.48180389404297,48.370849609375
train/PNEUMONIA/person673_virus_1263.jpeg,val,1,PNEUMONIA,1624,1128,133.90505981445312,54.94579315185547
train/PNEUMONIA/person682_virus_1273.jpeg,val,1,PNEUMONIA,1384,792,107.40335083007812,58.1259765625
train/PNEUMONIA/person690_bacteria_2587.jpeg,val,1,PNEUMONIA,800,640,142.28219604492188,41.908531188964844
train/PNEUMONIA/person691_bacteria_2588.jpeg,val,1,PNEUMONIA,920,552,136.5455322265625,45.06704330444336
train/PNEUMONIA/person693_bacteria_2590.jpeg,val,1,PNEUMONIA,1008,640,127.73788452148438,49.81551742553711
train/PNEUMONIA/person701_virus_1297.jpeg,val,1,PNEUMONIA,1504,1091,111.02672576904297,68.42164611816406
train/PNEUMONIA/person702_bacteria_2601.jpeg,val,1,PNEUMONIA,992,600,113.34748077392578,46.764190673828125
train/PNEUMONIA/person703_bacteria_2602.jpeg,val,1,PNEUMONIA,824,608,124.70393371582031,50.39850616455078
train/PNEUMONIA/person706_virus_1304.jpeg,val,1,PNEUMONIA,1474,1044,104.53495025634766,59.82742691040039
train/PNEUMONIA/person70_bacteria_343.jpeg,val,1,PNEUMONIA,1016,560,146.4141387939453,46.646183013916016
train/PNEUMONIA/person70_bacteria_346.jpeg,val,1,PNEUMONIA,1070,736,116.10990905761719,56.07963562011719
train/PNEUMONIA/person719_bacteria_2621.jpeg,val,1,PNEUMONIA,912,712,141.46714782714844,50.023338317871094
train/PNEUMONIA/person720_bacteria_2622.jpeg,val,1,PNEUMONIA,760,512,151.309326171875,46.726375579833984
train/PNEUMONIA/person724_bacteria_2626.jpeg,val,1,PNEUMONIA,848,584,121.98145294189453,45.054771423339844
train/PNEUMONIA/person725_bacteria_2627.jpeg,val,1,PNEUMONIA,1224,880,124.93391418457031,51.680625915527344
train/PNEUMONIA/person728_bacteria_2630.jpeg,val,1,PNEUMONIA,1000,528,103.29072570800781,53.67713165283203
train/PNEUMONIA/person72_bacteria_352.jpeg,val,1,PNEUMONIA,1320,1056,110.58623504638672,54.32725143432617
train/PNEUMONIA/person731_virus_1352.jpeg,val,1,PNEUMONIA,1985,1533,133.0924072265625,75.19305419921875
train/PNEUMONIA/person736_bacteria_2639.jpeg,val,1,PNEUMONIA,800,512,131.35198974609375,48.977699279785156
train/PNEUMONIA/person736_virus_1358.jpeg,val,1,PNEUMONIA,982,573,107.22301483154297,45.95564651489258
train/PNEUMONIA/person738_bacteria_2641.jpeg,val,1,PNEUMONIA,976,704,115.88488006591797,49.43388748168945
train/PNEUMONIA/person739_virus_1361.jpeg,val,1,PNEUMONIA,883,559,128.34657287597656,49.562255859375
train/PNEUMONIA/person73_bacteria_355.jpeg,val,1,PNEUMONIA,1152,944,133.524169921875,54.1378173828125
train/PNEUMONIA/person744_bacteria_2647.jpeg,val,1,PNEUMONIA,1040,724,114.14510345458984,58.252262115478516
train/PNEUMONIA/person755_bacteria_2659.jpeg,val,1,PNEUMONIA,992,712,148.41278076171875,49.639915466308594
train/PNEUMONIA/person755_virus_1382.jpeg,val,1,PNEUMONIA,2096,1864,163.22061157226562,56.341800689697266
train/PNEUMONIA/person758_bacteria_2662.jpeg,val,1,PNEUMONIA,1040,560,114.37538146972656,55.289005279541016
train/PNEUMONIA/person75_bacteria_369.jpeg,val,1,PNEUMONIA,1106,731,117.0629653930664,49.41355895996094
train/PNEUMONIA/person761_bacteria_2665.jpeg,val,1,PNEUMONIA,936,624,120.23483276367188,49.15289306640625
train/PNEUMONIA/person771_bacteria_2675.jpeg,val,1,PNEUMONIA,992,552,124.84920501708984,50.10673141479492
train/PNEUMONIA/person779_virus_1409.jpeg,val,1,PNEUMONIA,861,626,115.03852844238281,48.86774444580078
train/PNEUMONIA/person77_bacteria_376.jpeg,val,1,PNEUMONIA,1024,872,150.82083129882812,51.57505416870117
train/PNEUMONIA/person781_virus_1412.jpeg,val,1,PNEUMONIA,2258,2109,106.04660034179688,57.869361877441406
train/PNEUMONIA/person783_virus_1414.jpeg,val,1,PNEUMONIA,912,536,104.8700180053711,45.15886688232422
train/PNEUMONIA/person788_virus_1419.jpeg,val,1,PNEUMONIA,1940,1469,127.9954833984375,56.15656661987305
train/PNEUMONIA/person794_bacteria_2700.jpeg,val,1,PNEUMONIA,1244,959,106.8947525024414,53.050350189208984
train/PNEUMONIA/person798_virus_1430.jpeg,val,1,PNEUMONIA,1294,902,108.77157592773438,52.105369567871094
train/PNEUMONIA/person7_bacteria_24.jpeg,val,1,PNEUMONIA,1224,896,112.4481430053711,51.35991287231445
train/PNEUMONIA/person804_bacteria_2711.jpeg,val,1,PNEUMONIA,1064,504,108.68549346923828,54.36662673950195
train/PNEUMONIA/person806_virus_1440.jpeg,val,1,PNEUMONIA,1216,1152,168.1112823486328,46.544891357421875
train/PNEUMONIA/person807_virus_1441.jpeg,val,1,PNEUMONIA,1672,1352,150.95237731933594,45.65559005737305
train/PNEUMONIA/person811_bacteria_2721.jpeg,val,1,PNEUMONIA,1558,933,86.86373138427734,60.224876403808594
train/PNEUMONIA/person813_bacteria_2724.jpeg,val,1,PNEUMONIA,1080,600,140.1830596923828,65.9455337524414
train/PNEUMONIA/person819_bacteria_2730.jpeg,val,1,PNEUMONIA,864,528,145.75558471679688,42.09523010253906
train/PNEUMONIA/person81_virus_153.jpeg,val,1,PNEUMONIA,1472,1048,125.17012023925781,68.07766723632812
train/PNEUMONIA/person832_bacteria_2743.jpeg,val,1,PNEUMONIA,904,624,129.83792114257812,47.807289123535156
train/PNEUMONIA/person834_bacteria_2747.jpeg,val,1,PNEUMONIA,1000,560,131.47659301757812,58.97502517700195
train/PNEUMONIA/person835_bacteria_2749.jpeg,val,1,PNEUMONIA,896,480,122.95265197753906,56.52728271484375
train/PNEUMONIA/person836_virus_1473.jpeg,val,1,PNEUMONIA,1752,1192,157.2047119140625,61.317081451416016
train/PNEUMONIA/person837_bacteria_2753.jpeg,val,1,PNEUMONIA,1152,784,98.88227081298828,49.4929084777832
train/PNEUMONIA/person837_virus_1475.jpeg,val,1,PNEUMONIA,1656,1320,153.6386260986328,49.7886848449707
train/PNEUMONIA/person841_bacteria_2761.jpeg,val,1,PNEUMONIA,1008,768,132.49867248535156,54.483516693115234
train/PNEUMONIA/person841_virus_1481.jpeg,val,1,PNEUMONIA,1284,878,97.90225219726562,44.37827682495117
train/PNEUMONIA/person845_virus_1489.jpeg,val,1,PNEUMONIA,1448,1072,124.52071380615234,44.38066101074219
train/PNEUMONIA/person846_bacteria_2766.jpeg,val,1,PNEUMONIA,880,472,147.70745849609375,57.24932098388672
train/PNEUMONIA/person847_virus_1492.jpeg,val,1,PNEUMONIA,1808,1432,111.51666259765625,50.20573043823242
train/PNEUMONIA/person849_virus_1494.jpeg,val,1,PNEUMONIA,1376,792,128.1669464111328,78.09894561767578
train/PNEUMONIA/person853_virus_1498.jpeg,val,1,PNEUMONIA,1208,776,125.56805419921875,61.572208404541016
train/PNEUMONIA/person855_virus_1500.jpeg,val,1,PNEUMONIA,1432,944,141.26210021972656,60.329078674316406
train/PNEUMONIA/person86_virus_159.jpeg,val,1,PNEUMONIA,1758,1249,109.82999420166016,66.71633911132812
train/PNEUMONIA/person870_bacteria_2792.jpeg,val,1,PNEUMONIA,1032,640,127.51536560058594,48.38690185546875
train/PNEUMONIA/person871_virus_1517.jpeg,val,1,PNEUMONIA,1528,840,122.24176025390625,73.60902404785156
train/PNEUMONIA/person875_bacteria_2798.jpeg,val,1,PNEUMONIA,928,584,111.1881103515625,52.432456970214844
train/PNEUMONIA/person885_bacteria_2809.jpeg,val,1,PNEUMONIA,1256,720,134.1847381591797,57.0511474609375
train/PNEUMONIA/person887_bacteria_2811.jpeg,val,1,PNEUMONIA,942,571,125.25862121582031,46.456241607666016
train/PNEUMONIA/person896_virus_1548.jpeg,val,1,PNEUMONIA,1000,624,106.88119506835938,68.08432006835938
train/PNEUMONIA/person907_bacteria_2832.jpeg,val,1,PNEUMONIA,824,528,144.39303588867188,51.34849166870117
train/PNEUMONIA/person918_virus_1575.jpeg,val,1,PNEUMONIA,830,496,159.16835021972656,31.930322647094727
train/PNEUMONIA/person920_virus_1577.jpeg,val,1,PNEUMONIA,886,570,127.5453109741211,56.25862503051758
train/PNEUMONIA/person921_virus_1578.jpeg,val,1,PNEUMONIA,732,458,153.12979125976562,32.72843551635742
train/PNEUMONIA/person922_bacteria_2847.jpeg,val,1,PNEUMONIA,1048,752,103.63960266113281,49.15162658691406
train/PNEUMONIA/person924_virus_1581.jpeg,val,1,PNEUMONIA,1896,1056,130.31344604492188,85.5665054321289
train/PNEUMONIA/person929_bacteria_2854.jpeg,val,1,PNEUMONIA,1028,685,120.9896240234375,54.33820724487305
train/PNEUMONIA/person931_bacteria_2856.jpeg,val,1,PNEUMONIA,984,712,124.47405242919922,44.95697784423828
train/PNEUMONIA/person935_virus_1597.jpeg,val,1,PNEUMONIA,1288,728,120.15576171875,57.99390411376953
train/PNEUMONIA/person940_virus_1605.jpeg,val,1,PNEUMONIA,1504,1064,129.63526916503906,57.707149505615234
train/PNEUMONIA/person947_virus_1618.jpeg,val,1,PNEUMONIA,1808,1280,137.39073181152344,57.16281509399414
train/PNEUMONIA/person954_virus_1626.jpeg,val,1,PNEUMONIA,1076,630,117.39032745361328,39.41007614135742
train/PNEUMONIA/person956_virus_1628.jpeg,val,1,PNEUMONIA,1320,816,135.46359252929688,66.07823944091797
train/PNEUMONIA/person958_bacteria_2883.jpeg,val,1,PNEUMONIA,960,688,143.50375366210938,56.83012390136719
train/PNEUMONIA/person961_virus_1634.jpeg,val,1,PNEUMONIA,1576,792,97.85416412353516,58.84352493286133
train/PNEUMONIA/person962_bacteria_2887.jpeg,val,1,PNEUMONIA,1056,752,120.98481750488281,50.03608322143555
train/PNEUMONIA/person969_bacteria_2894.jpeg,val,1,PNEUMONIA,1202,643,98.21424102783203,59.46303176879883
train/PNEUMONIA/person971_bacteria_2896.jpeg,val,1,PNEUMONIA,1496,1304,136.8910675048828,62.707496643066406
train/PNEUMONIA/person980_virus_1655.jpeg,val,1,PNEUMONIA,754,411,114.51507568359375,47.05352783203125
train/PNEUMONIA/person981_virus_1657.jpeg,val,1,PNEUMONIA,984,552,99.72267150878906,50.826385498046875
train/PNEUMONIA/person983_virus_1660.jpeg,val,1,PNEUMONIA,1464,872,118.39679718017578,67.71638488769531
train/PNEUMONIA/person986_bacteria_2913.jpeg,val,1,PNEUMONIA,1152,1032,136.52284240722656,66.10611724853516
train/PNEUMONIA/person991_bacteria_2918.jpeg,val,1,PNEUMONIA,1072,888,108.93635559082031,53.36629104614258
val/PNEUMONIA/person1946_bacteria_4875.jpeg,val,1,PNEUMONIA,1072,712,98.54551696777344,54.84474182128906
